Easy001	1	1000013	71777	172	35,0,10,21,20,36,15,
Easy002	1	1000039	59849	2305	30,50,20,47,
Easy003	1	1002957	43495	780	45,51,10,35,46,5,5,22,1,41,32,46,56,
Easy004	1	1000024	62900	488	45,55,20,10,5,30,45,5,45,
Easy005	1	1000052	43342	48	20,45,46,35,7,30,40,25,
Easy006	1	1000226	35272	1602	0,0,41,80,80,63,85,85,6,76,55,75,
Easy007	1	1000228	40222	2410	1,41,21,71,51,35,50,67,50,45,76,
Easy008	1	1000724	37678	2378	75,5,51,80,35,75,40,15,21,40,20,10,
Easy009	1	1001010	36000	2581	75,66,47,60,10,0,86,27,31,50,
Easy010	1	1001510	35253	590	1,30,63,75,27,30,41,
Easy011	1	1000394	35422	5990	10,21,0,40,0,70,50,51,75,6,67,
Easy012	1	1000561	35485	2370	1,60,15,20,70,70,21,70,40,10,5,80,70,55,
Easy013	1	1001358	33171	864	30,30,25,10,40,67,5,30,55,76,75,6,30,
Easy014	1	1000515	42916	7093	40,10,51,1,71,82,65,75,
Easy015	1	1000173	50742	291	31,50,51,2,16,36,23,40,40,10,10,31,
Easy016	1	1000346	40583	729	75,15,55,25,33,10,65,40,5,20,
Easy017	1	1001320	39746	132	1,15,75,80,90,15,20,21,10,95,85,70,10,6,31,
Easy018	1	1000532	34910	16466	30,1,50,20,50,22,5,32,11,40,40,75,67,76,
Easy019	1	1000352	48815	784	60,41,40,0,15,52,65,20,75,15,15,40,
Easy020	1	1000215	46571	964	0,85,15,70,90,91,50,51,60,95,20,40,61,35,35,96,
Easy021	1	1000745	85760	5768	10,61,20,43,26,30,65,56,65,65,
Easy022	1	1000305	35418	2376	0,15,20,15,60,70,61,60,85,21,71,31,15,5,40,40,
Easy023	1	1000462	37003	2096	1,25,65,30,25,31,6,75,65,40,80,50,65,
Easy024	1	1000035	33446	8955	40,65,5,71,82,66,35,25,
Easy025	1	1000796	39519	2298	0,70,40,50,31,10,10,65,30,75,
Easy026	1	1000169	35575	1597	27,65,30,40,17,57,30,70,70,6,66,
Easy027	1	1000286	45413	5144	65,75,25,75,0,15,33,50,40,10,20,
Easy028	1	1000754	42216	2196	40,30,0,0,65,50,30,40,25,41,66,35,
Easy029	1	1000814	35959	4189	30,15,6,71,20,30,66,41,65,
Easy030	1	1000124	35386	26610	70,1,50,50,40,70,62,45,60,85,55,35,86,
Easy031	1	1000104	33658	6192	30,10,6,70,20,70,65,81,41,51,66,
Easy032	1	1000840	33128	3521	0,65,80,50,51,75,85,10,21,30,
Easy033	1	1000316	42457	56	85,25,25,85,30,55,30,5,61,90,46,56,6,36,80,21,
Easy034	1	1000152	43294	2208	0,25,52,75,30,26,61,5,15,60,30,5,5,50,
Easy035	1	1000737	33845	2610	40,75,60,5,10,33,55,15,25,67,
Easy036	1	1000188	55832	993	65,30,65,50,46,45,65,20,70,10,21,60,57,
Easy037	1	1000188	44422	2376	6,70,5,80,95,15,15,27,80,30,50,10,90,60,40,77,
Easy038	1	1001972	33110	22238	81,10,51,20,5,31,41,76,61,75,
Easy039	1	1000045	38718	14874	25,0,30,40,40,80,53,45,35,25,77,
Easy040	1	1000583	46471	11250	10,20,45,65,45,5,51,70,66,
Easy041	1	1000309	42624	1492	40,60,77,30,0,0,15,20,21,10,30,
Easy042	1	1000103	33893	2996	40,70,0,60,33,75,65,56,6,10,
Easy043	1	1000123	67919	1680	45,25,0,70,91,50,50,86,35,50,96,
Easy044	1	1000190	40313	552	66,5,6,11,72,20,40,57,
Easy045	1	1001102	32936	4294	75,10,20,10,20,0,80,62,75,30,85,
Easy046	1	1000319	39001	442	75,10,0,21,86,30,40,50,60,76,20,
Easy047	1	1000474	44747	1246	72,66,45,0,25,30,70,15,32,10,20,
Easy048	1	1000888	34754	4854	21,11,66,30,50,77,21,40,65,
Easy049	1	1000149	38051	4372	25,50,0,15,33,40,20,10,50,
Easy050	1	1001054	35015	767	41,1,16,0,20,46,21,31,31,11,20,41,51,
Easy051	1	1002088	34492	1440	1,15,75,50,15,80,60,21,40,20,30,30,11,7,76,
Easy052	1	1000248	40247	3299	35,46,35,35,75,96,25,45,87,50,50,
Easy053	1	1000405	32468	1355	40,5,61,20,80,60,72,57,10,
Easy054	1	1000042	47044	338	20,41,40,75,57,6,15,61,20,5,40,
Easy055	1	1000270	38127	5849	50,75,85,25,40,30,0,17,31,75,5,20,50,
Easy056	1	1000064	43770	1300	25,30,80,50,50,72,65,56,86,85,65,5,35,35,20,70,
Easy057	1	1000944	35241	6765	40,10,70,70,20,40,35,36,50,66,10,41,65,76,
Easy058	1	1000110	39882	6126	0,25,26,5,16,72,30,50,45,60,85,30,
Easy059	1	1000559	38195	11574	0,16,55,25,30,100,15,5,55,25,40,40,60,40,31,20,60,20,5,71,
Easy060	1	1000281	51334	412	76,30,75,51,1,15,0,55,23,40,50,10,
Easy061	1	1000208	37859	4558	75,10,20,31,40,40,52,76,67,45,
Easy062	1	1000311	34887	5680	70,5,10,70,60,70,50,31,25,30,55,55,47,
Easy063	1	1000655	34031	549	0,0,31,40,60,40,51,51,45,35,60,15,61,45,35,15,26,
Easy064	1	1000188	49220	884	0,51,65,76,66,0,15,20,30,21,51,10,
Easy065	1	1000564	70936	966	25,67,31,6,5,41,70,50,25,
Easy066	1	1000323	41464	828	0,25,71,0,35,35,40,41,30,60,77,40,
Easy067	1	1000178	42581	2699	55,85,21,55,70,60,10,40,30,86,55,10,
Easy068	1	1000128	34387	3302	0,25,60,15,70,15,60,32,85,15,70,60,40,5,20,60,70,40,20,
Easy069	1	1000437	47393	1245	81,10,70,35,70,26,41,50,40,20,60,30,87,
Easy070	1	1000183	38173	5995	70,5,15,61,35,45,71,57,5,25,
Easy071	1	1001017	32960	1539	50,0,16,71,70,21,40,61,35,85,15,
Easy072	1	1000317	38671	8644	5,16,70,60,42,60,70,30,31,25,75,75,57,
Easy073	1	1000168	48668	300	66,55,55,77,1,15,25,33,20,10,5,40,86,
Easy074	1	1000450	45226	4256	40,30,12,30,20,6,40,70,66,
Easy075	1	1000573	35815	902	32,1,16,75,66,15,20,5,40,5,80,50,65,
Easy076	1	1000469	36873	4752	5,16,50,71,45,60,32,65,70,45,45,25,65,
Easy077	1	1000258	38069	19219	20,5,15,15,90,41,50,51,60,85,5,70,85,30,85,
Easy078	1	1000827	36938	1911	25,10,0,42,36,50,70,67,
Easy079	1	1000253	70429	1280	15,20,67,31,5,6,35,60,10,
Easy080	1	1000591	36350	12826	40,15,55,80,65,5,20,71,35,81,66,
Easy081	1	1000107	52011	1850	1,45,71,91,83,65,55,75,96,55,
Easy082	1	1000089	58764	4132	71,20,65,30,45,15,70,22,10,70,
Easy083	1	1000324	33306	8688	40,80,0,40,70,41,80,30,52,25,80,65,75,65,75,
Easy084	1	1000720	48059	343	76,75,45,2,15,25,32,30,20,10,51,
Easy085	1	1000384	35143	2332	45,35,61,60,30,70,91,55,45,86,10,90,85,20,
Easy086	1	1002428	34495	5008	15,80,30,65,5,71,55,80,66,25,
Easy087	1	1001360	35055	14395	20,0,10,65,30,40,70,51,50,75,5,5,66,
Easy088	1	1000271	35587	4599	51,1,66,20,15,21,5,75,30,80,5,40,65,
Easy089	1	1001192	32942	2291	0,15,22,70,10,40,60,61,45,75,60,55,75,5,30,75,
Easy090	1	1001504	35367	8369	60,96,1,35,25,0,92,52,97,35,5,5,70,35,5,80,105,
Easy091	1	1000178	65086	1822	16,20,30,30,1,50,70,52,65,75,
Easy092	1	1000501	52753	2076	0,45,30,45,75,65,65,76,0,15,22,30,10,
Easy093	1	1000101	49587	510	66,76,20,20,1,80,50,35,50,65,51,85,
Easy094	1	1002117	41006	6576	55,75,1,40,20,10,30,60,56,21,
Easy095	1	1000311	42131	122	35,56,11,55,40,40,5,6,46,50,20,30,30,
Easy096	1	1000157	34195	7952	0,16,71,21,70,60,42,40,65,65,35,15,56,
Easy097	1	1000430	32592	885	30,40,75,60,30,31,40,65,50,76,66,5,5,10,20,
Easy098	1	1000239	35225	5575	0,17,70,60,61,71,35,21,40,5,6,50,85,
Easy099	1	1001038	37584	4878	85,70,86,1,0,81,50,63,45,85,85,55,
Easy100	1	1000294	45966	705	60,60,85,60,31,1,17,70,6,35,20,70,60,40,40,
Easy101	1	1000592	35661	3590	66,50,65,0,1,61,70,70,43,75,75,35,66,
Easy102	1	1000594	43325	640	16,40,61,0,0,25,30,50,15,0,65,32,20,60,
Easy103	1	1001296	62180	1239	30,60,41,40,65,75,35,75,35,7,15,50,20,40,
Easy104	1	1004900	33894	2146	40,50,75,87,76,0,0,51,60,50,35,
Easy105	1	1000350	45059	7939	0,0,40,41,61,50,50,73,55,30,26,65,
Easy106	1	1001255	32751	12265	80,32,40,50,75,86,65,5,75,25,
Easy107	1	1000265	53164	684	75,0,20,67,0,15,21,20,10,6,30,40,40,
Easy108	1	1000201	35741	1483	80,65,90,40,0,30,65,40,25,41,35,95,95,
Easy109	1	1000670	40663	2608	0,20,20,80,31,61,80,70,70,45,55,71,85,65,85,
Easy110	1	1000184	64579	1429	0,0,35,50,90,50,45,25,90,63,95,45,35,95,5,55,
Easy111	1	1000575	53081	681	50,95,60,76,85,40,0,0,15,0,45,23,40,5,10,5,5,50,
Easy112	1	1000060	36981	2136	0,0,40,40,70,50,26,50,25,85,36,40,
Easy113	1	1000149	39259	2521	76,21,11,30,50,40,60,87,75,30,40,
Easy114	1	1001329	38787	6762	0,0,30,50,50,61,61,55,55,36,41,6,15,15,5,26,
Easy115	1	1001452	44395	310	75,85,55,25,55,105,97,0,30,15,31,30,20,40,10,
Easy116	1	1000087	33274	6355	10,55,1,21,60,40,20,80,5,77,
Easy117	1	1000478	48127	4987	1,25,50,25,31,75,62,81,60,25,50,46,
Easy118	1	1000097	38379	1924	95,30,20,60,45,10,60,70,70,80,45,81,75,50,95,95,
Easy119	1	1000275	37097	4644	45,45,0,76,0,27,30,30,86,51,
Easy120	1	1002410	48884	9059	10,70,30,30,45,53,35,45,60,76,85,85,75,
Easy121	1	1000744	40171	296	41,75,30,65,1,26,25,6,15,51,30,41,
Easy122	1	1001291	53797	372	25,85,30,40,5,96,50,5,50,60,70,25,50,90,25,60,70,46,
Easy123	1	1000152	39327	7817	50,0,61,0,85,50,72,65,45,86,70,55,
Easy124	1	1001092	55598	811	65,30,56,75,76,1,20,15,22,10,30,41,
Easy125	1	1000102	34306	3643	1,15,21,20,40,10,50,30,75,90,5,5,80,60,75,75,
Easy126	1	1000184	60489	3514	0,45,55,46,67,0,16,70,30,70,20,15,
Easy127	1	1000922	33935	1746	10,31,51,81,80,70,63,55,75,45,75,
Easy128	1	1000148	57030	1250	105,75,115,85,97,1,115,35,25,25,25,5,42,60,50,30,
Easy129	1	1000239	38694	15200	0,65,75,0,31,41,51,50,65,50,35,65,76,45,
Easy130	1	1000667	32553	13892	60,0,61,30,55,70,55,87,16,15,5,21,31,60,
Easy131	1	1000207	82716	3780	75,76,60,20,0,0,50,50,60,50,35,7,45,
Easy132	1	1000663	38048	1736	35,0,35,51,81,80,75,45,35,45,67,25,51,5,45,75,
Easy133	1	1002574	33893	9354	45,50,20,95,0,62,70,82,105,70,60,30,96,
Easy134	1	1000210	32572	3268	90,85,50,0,85,16,21,41,60,30,70,85,20,11,5,30,
Easy135	1	1000125	51911	386	51,25,35,25,40,65,85,5,17,0,45,22,30,40,
Easy136	1	1000031	55694	2694	65,50,20,66,30,70,15,30,30,60,40,55,55,55,
Easy137	1	1001349	33230	638	85,51,75,30,11,21,41,60,85,85,75,
Easy138	1	1002861	33023	6762	0,0,70,15,21,91,45,90,50,51,95,95,20,86,85,10,30,95,
Easy139	1	1000201	60995	3993	5,35,70,35,5,55,21,55,16,80,41,
Easy140	1	1001508	36380	4832	60,0,25,60,85,26,5,15,70,70,41,70,30,6,61,
Easy141	1	1000107	38358	1596	80,25,80,15,30,5,50,30,50,62,45,26,55,
Easy142	1	1001206	48274	1670	65,45,66,0,16,22,31,75,11,6,76,
Easy143	1	1000344	49341	2589	41,1,15,50,21,71,30,85,71,15,15,
Easy144	1	1000217	32326	2838	0,65,31,75,50,26,40,81,75,50,75,66,30,
Easy145	1	1001265	34361	11556	10,0,80,20,31,50,62,60,45,85,75,
Easy146	1	1000533	40010	1614	10,40,61,81,92,85,0,0,26,25,6,30,50,71,
Easy147	1	1001305	39054	4629	65,75,11,5,31,80,25,
Easy148	1	1001230	32351	2554	51,45,15,67,22,71,70,50,11,50,85,
Easy149	1	1000864	35694	1089	70,50,50,85,0,15,61,30,60,50,75,15,15,5,50,20,
Easy150	1	1001043	34038	18430	86,37,46,50,25,0,25,60,90,50,70,72,95,85,
Easy151	1	1000852	58195	456	5,60,76,75,66,0,56,87,1,15,25,33,10,20,40,
Easy152	1	1001097	38067	1875	26,10,0,41,55,72,56,37,65,66,40,40,6,25,
Easy153	1	1000247	33185	7918	40,76,60,75,2,71,80,80,53,76,86,35,
Easy154	1	1000103	32788	2841	55,30,56,2,50,70,43,66,55,65,5,75,
Easy155	1	1000406	36950	1519	10,51,62,95,71,81,20,35,80,96,40,75,35,
Easy156	1	1001201	34316	9323	71,35,40,95,0,25,26,80,40,5,80,15,40,80,50,70,31,50,70,
Easy157	1	1000285	39287	1368	20,46,16,87,65,50,70,65,20,65,
Easy158	1	1002925	39417	9304	76,31,30,80,60,70,62,45,85,85,76,5,55,
Easy159	1	1001009	33387	12726	5,10,71,60,20,81,32,42,57,67,
Easy160	1	1000748	36497	2074	20,85,1,51,45,50,6,45,25,25,15,30,60,70,90,86,
Easy161	1	1000387	32760	7022	5,30,40,21,30,40,50,60,5,85,15,50,85,60,85,
Easy162	1	1000648	38209	25583	40,0,40,61,70,25,40,35,0,51,72,55,65,5,25,
Easy163	1	1000314	37631	8990	40,0,90,72,95,6,85,5,15,50,20,30,50,
Easy164	1	1000763	32514	1992	10,70,30,40,5,21,65,81,51,66,
Easy165	1	1002602	33761	8094	0,0,31,80,80,43,85,52,76,50,85,35,25,
Easy166	1	1002013	32906	5019	25,30,0,41,80,53,45,92,85,76,85,25,
Easy167	1	1000167	59059	628	65,75,95,95,75,86,85,1,15,25,32,30,50,10,40,5,20,
Easy168	1	1002037	38775	1764	65,35,75,16,16,71,26,85,36,86,40,25,
Easy169	1	1000176	36108	3406	75,65,20,46,56,10,55,0,20,31,75,20,75,20,66,
Easy170	1	1000336	49912	575	85,86,55,67,2,15,25,30,32,20,40,10,
Easy171	1	1000593	33031	35297	80,70,11,20,40,81,52,70,30,65,66,31,77,
Easy172	1	1000398	32694	1989	60,60,85,95,75,15,20,22,55,85,10,5,85,31,61,
Easy173	1	1000241	40406	4242	25,0,50,81,0,50,61,15,60,60,80,56,40,41,26,36,87,
Easy174	1	1000731	55261	1456	26,6,70,16,71,31,5,40,50,65,
Easy175	1	1000541	35907	3489	0,26,25,61,70,5,70,16,70,30,60,40,50,85,30,
Easy176	1	1000214	34775	45790	0,80,0,25,25,75,31,60,80,53,45,60,85,60,25,85,75,7,75,
Easy177	1	1001401	33585	8790	0,85,40,50,60,70,37,26,90,71,70,86,50,95,
Easy178	1	1000493	32136	1327	30,60,40,85,85,61,10,55,77,21,5,5,60,30,
Easy179	1	1000845	35307	20538	40,40,25,40,60,1,60,51,72,70,65,35,25,55,
Easy180	1	1000470	33008	10539	45,15,0,90,70,70,20,85,45,70,15,30,95,30,30,51,21,11,
Easy181	1	1000309	32928	10603	0,60,30,30,42,30,70,56,15,20,71,55,66,30,
Easy182	1	1000482	40276	734	30,76,65,75,1,16,31,30,21,41,20,50,10,20,10,5,6,50,
Easy183	1	1001710	37537	3599	30,80,61,60,0,86,15,55,72,20,60,16,5,30,
Easy184	1	1001682	47686	824	16,40,61,0,15,95,1,65,25,31,50,31,60,20,
Easy185	1	1000547	45536	722	95,95,30,41,0,60,85,0,95,0,45,15,21,21,10,40,51,
Easy186	1	1000575	35613	1416	27,0,15,41,36,50,75,40,5,81,75,
Easy187	1	1000460	57526	1147	30,55,61,0,70,1,60,51,70,83,55,75,45,
Easy188	1	1000500	37828	7613	0,65,80,41,25,55,55,70,80,10,32,40,85,65,85,5,65,
Easy189	1	1001549	33887	2574	72,80,20,42,40,66,25,85,35,86,6,10,
Easy190	1	1000654	32900	1243	71,60,85,20,5,32,41,50,15,80,76,50,75,
Easy191	1	1000908	32885	2611	90,60,1,70,15,22,40,100,10,5,5,50,86,30,5,85,
Easy192	1	1001949	32579	7626	65,40,66,75,2,60,80,53,65,75,85,
Easy193	1	1001551	32316	22358	90,70,0,10,43,61,50,30,85,50,5,86,25,
Easy194	1	1001115	37197	1030	6,15,60,60,76,15,27,30,40,50,10,80,70,67,
Easy195	1	1000416	42338	11270	50,5,72,30,40,20,50,65,
Easy196	1	1000406	38313	9128	0,32,65,65,25,5,42,21,50,71,65,15,
Easy197	1	1001720	35529	1701	10,75,85,31,40,50,60,85,85,20,40,75,
Easy198	1	1000071	35613	22718	0,30,30,26,40,0,53,20,5,30,80,80,61,15,77,
Easy199	1	1000472	49303	2212	85,95,85,95,76,27,1,70,15,70,15,30,41,31,11,
Easy200	1	1000437	46087	1374	67,1,75,15,22,31,20,75,10,
Easy201	1	1000910	39105	2158	0,41,80,35,80,25,0,35,51,70,51,30,40,6,87,
Easy202	1	1000454	33207	456	15,57,20,30,60,22,40,30,65,76,50,75,66,50,10,
Easy203	1	1000224	39673	5221	30,70,52,75,50,20,35,85,60,10,35,
Easy204	1	1001746	32127	3668	60,70,60,55,11,55,86,5,21,96,5,30,30,60,60,
Easy205	1	1000279	49727	320	56,76,6,82,10,30,42,35,20,67,
Easy206	1	1001777	52703	2062	56,70,15,30,70,1,31,20,40,65,30,66,
Easy207	1	1000063	32758	1844	10,5,10,80,5,91,30,51,80,61,30,41,25,77,
Easy208	1	1000544	47106	3280	95,0,85,65,85,65,25,26,81,0,15,15,31,40,30,10,10,6,40,
Easy209	1	1003227	41821	6886	10,30,20,45,1,70,71,53,75,76,67,
Easy210	1	1000384	44634	2502	80,45,95,1,61,70,55,0,91,71,70,65,96,
Easy211	1	1000808	38367	765	40,70,25,40,70,61,56,35,70,15,55,65,45,22,70,40,20,10,
Easy212	1	1000698	38568	4546	0,0,70,30,10,10,70,70,30,65,31,75,41,53,65,76,5,20,65,45,
Easy213	1	1001038	34358	2712	80,35,25,51,61,71,81,35,70,105,35,65,96,
Easy214	1	1000148	49225	7884	85,26,67,0,15,16,70,70,40,30,
Easy215	1	1000623	33978	10135	45,10,86,0,51,61,76,36,50,90,75,
Easy216	1	1000402	36835	862	45,45,1,52,71,90,0,41,82,90,90,80,65,90,65,45,45,76,
Easy217	1	1001645	38424	2519	10,30,60,72,45,60,81,105,91,45,20,90,50,105,85,105,
Easy218	1	1000074	53480	3572	0,65,76,75,0,15,22,30,10,40,
Easy219	1	1000044	51471	8845	65,55,0,45,77,0,15,80,46,80,20,16,6,30,
Easy220	1	1000629	36137	5116	1,50,10,35,41,50,51,61,70,45,71,70,65,45,35,26,
Easy221	1	1000746	35415	1866	25,85,31,40,95,85,101,40,41,50,75,105,95,81,36,20,106,95,
Easy222	1	1001308	39551	1352	40,30,65,65,85,1,40,50,77,25,41,
Easy223	1	1000477	35219	5075	80,20,40,76,66,30,52,85,16,75,65,20,5,15,
Easy224	1	1001651	34461	537	40,55,80,60,105,105,2,60,101,73,66,50,46,105,105,
Easy225	1	1004147	32318	6057	5,10,70,70,80,31,80,41,67,56,55,20,20,
Easy226	1	1001639	35241	781	80,80,75,75,65,65,25,30,55,25,55,16,31,42,20,40,30,11,5,20,81,
Easy227	1	1000205	45866	794	50,81,75,46,105,96,25,95,80,0,15,31,80,31,50,10,20,
Easy228	1	1001064	34054	1510	1,70,71,40,23,65,66,31,42,57,35,77,
Easy229	1	1000735	35004	4930	75,81,75,10,40,31,10,21,50,60,97,75,
Easy230	1	1000159	47201	912	65,5,65,71,25,25,16,5,31,40,30,10,20,75,50,76,
Easy231	1	1000489	37532	690	0,100,16,95,85,95,21,31,60,40,100,40,51,15,70,85,85,
Easy232	1	1001453	32087	6106	41,50,0,80,30,15,76,62,20,16,30,
Easy233	1	1000474	41458	3967	75,17,15,55,25,60,71,25,37,97,40,25,
Easy234	1	1001017	35043	5207	60,75,20,50,62,55,15,35,41,15,86,75,15,75,20,85,
Easy235	1	1000343	40467	1022	35,61,25,41,50,50,70,72,65,36,55,
Easy236	1	1001280	39081	14951	0,0,45,53,41,90,63,36,87,45,
Easy237	1	1002110	37899	30620	70,5,25,17,20,0,30,80,0,50,62,95,55,6,95,
Easy238	1	1000756	42047	3148	75,35,60,10,75,75,0,61,55,60,25,40,81,55,36,
Easy239	1	1000810	40754	10880	80,0,25,10,75,31,25,40,80,60,55,60,75,30,
Easy240	1	1001237	37035	1388	0,25,45,81,15,30,25,51,61,45,25,61,85,85,55,
Easy241	1	1001406	37467	1343	50,50,30,60,25,10,97,77,82,10,
Easy242	1	1000479	46686	2821	85,40,95,0,25,95,26,80,80,0,16,32,51,10,10,
Easy243	1	1000891	43220	6426	35,10,6,70,35,25,25,80,42,50,20,60,30,77,
Easy244	1	1001049	35343	4937	20,1,10,65,10,72,20,20,31,43,65,65,20,76,56,75,55,35,
Easy245	1	1000221	33287	38630	1,81,62,15,22,10,80,51,42,30,77,50,5,86,85,
Easy246	1	1002377	39491	781	0,26,106,16,30,30,40,40,50,50,61,70,25,96,80,95,
Easy247	1	1000751	38335	847	85,36,45,46,77,50,25,35,60,90,91,85,50,
Easy248	1	1000934	32742	3621	1,15,21,30,20,40,60,75,90,80,50,75,75,10,
Easy249	1	1001551	31988	2654	85,42,40,10,35,65,20,50,75,85,85,76,10,
Easy250	1	1000075	48886	8313	66,75,25,0,40,65,0,40,51,41,35,6,80,75,75,
Easy251	1	1001840	43437	1219	1,15,20,105,55,80,21,15,30,31,10,10,40,6,40,
Easy252	1	1001271	34438	2104	75,0,75,25,0,31,85,41,90,50,40,80,36,5,5,75,
Easy253	1	1001390	42429	2757	41,35,50,50,35,76,95,82,11,40,50,60,96,50,75,40,
Easy254	1	1000265	46448	547	35,75,26,40,5,65,17,0,45,20,21,30,40,50,
Easy255	1	1000528	40951	3008	40,25,15,40,60,60,70,71,66,50,26,50,36,
Easy256	1	1002032	38426	10078	45,76,95,45,1,36,26,53,21,61,31,
Easy257	1	1002143	41047	6195	85,25,25,16,30,30,0,50,76,40,90,62,75,86,95,
Easy258	1	1000231	31644	2647	5,10,70,42,62,71,80,35,80,56,55,40,
Easy259	1	1001049	34583	9344	11,0,0,30,72,32,76,40,20,53,65,66,75,
Easy260	1	1000872	58798	446	75,85,2,50,50,45,60,76,81,45,61,55,60,86,
Easy261	1	1002345	32487	4708	70,35,25,5,40,81,40,40,51,20,30,60,75,60,5,15,75,75,
Easy262	1	1003158	32945	9383	85,0,60,90,60,15,75,50,85,75,21,21,30,10,5,75,
Easy263	1	1001355	31952	7342	90,50,25,60,0,15,33,10,20,86,6,41,
Easy264	1	1000843	37590	1519	95,10,81,95,56,76,27,30,40,71,100,90,60,87,
Easy265	1	1002979	32433	4602	80,60,15,20,42,70,81,66,30,57,
Easy266	1	1000197	40545	10655	0,65,10,40,0,20,30,75,40,50,50,51,76,35,45,
Easy267	1	1001715	50862	2634	25,90,70,40,71,80,55,95,95,55,95,61,82,65,65,91,90,76,
Easy268	1	1000899	39247	2219	40,85,70,32,40,30,50,60,86,76,75,5,20,10,
Easy269	1	1000416	33989	20161	10,5,50,60,20,75,42,80,70,67,6,30,
Easy270	1	1000903	42850	3737	40,75,65,65,16,20,20,30,0,90,75,52,85,75,95,
Easy271	1	1000218	52948	6848	5,5,16,21,20,0,72,30,30,42,67,35,
Easy272	1	1001823	144104	1069	86,17,35,35,25,25,50,50,0,41,0,90,72,95,85,
Easy273	1	1000867	59429	2158	55,65,65,55,55,65,1,40,30,32,76,40,5,5,25,75,
Easy274	1	1000535	34181	1168	36,56,60,70,100,90,25,60,70,81,35,80,95,80,75,5,101,95,
Easy275	1	1000652	51354	1496	51,40,77,36,5,17,20,0,30,71,30,55,45,30,
Easy276	1	1000649	31642	5307	70,50,0,71,33,40,61,20,40,5,15,85,85,
Easy277	1	1002684	34868	12321	1,41,20,50,60,20,91,85,50,35,51,45,96,5,6,85,
Easy278	1	1000268	39616	3326	85,20,30,60,105,86,20,30,60,70,0,95,52,5,71,65,45,6,96,
Easy279	1	1002422	32561	10673	65,5,70,52,10,70,85,40,41,80,90,77,35,5,66,
Easy280	1	1001621	39306	1698	45,35,26,56,60,6,17,0,65,22,60,30,6,40,
Easy281	1	1003890	32620	4350	75,80,15,30,50,92,30,50,63,55,86,45,75,75,
Easy282	1	1000712	40062	4964	66,65,0,15,22,10,5,40,5,50,80,76,
Easy283	1	1001042	36797	11553	35,45,25,0,25,80,65,50,45,91,50,51,95,85,35,85,95,
Easy284	1	1000988	36385	4417	35,75,96,65,65,82,35,61,90,90,55,106,25,55,25,105,5,60,60,5,35,
Easy285	1	1000253	31968	6048	80,70,71,51,41,35,35,67,10,50,10,6,41,50,
Easy286	1	1000420	47162	432	26,35,40,65,65,55,1,42,6,61,70,25,70,35,
Easy287	1	1001516	59773	737	86,105,75,15,105,97,16,0,0,25,35,43,50,30,60,20,
Easy288	1	1000267	36222	987	1,35,16,71,80,70,80,35,40,42,30,60,86,85,15,
Easy289	1	1001551	31897	10946	90,100,40,40,0,50,40,95,15,85,23,60,95,10,5,30,85,95,
Easy290	1	1002209	32756	2435	10,20,60,40,50,86,35,10,20,35,76,6,40,
Easy291	1	1001930	39175	25342	40,0,55,17,5,82,71,40,70,60,40,95,21,
Easy292	1	1001132	33944	38751	95,40,15,62,45,55,85,55,70,21,20,96,10,85,60,85,
Easy293	1	1001633	33115	1013	50,10,60,1,25,35,41,41,30,6,80,65,70,50,80,66,
Easy294	1	1000246	38284	1669	41,50,36,25,80,50,61,80,73,86,65,35,
Easy295	1	1003592	32521	6186	80,5,35,25,40,10,50,40,40,20,30,50,85,60,70,86,
Easy296	1	1000740	34512	2029	65,35,40,40,40,85,30,50,86,25,31,75,45,66,30,45,10,5,20,81,75,75,
Easy297	1	1000717	34322	753	76,65,1,32,6,60,70,40,57,25,
Easy298	1	1001789	36084	2448	10,90,10,20,5,20,5,81,50,60,41,35,50,90,60,76,
Easy299	1	1004391	32301	1533	30,60,85,51,20,45,95,15,21,20,30,50,85,10,5,75,50,85,
Easy300	1	1001158	38312	11836	55,85,55,1,35,91,70,85,25,15,85,40,35,0,50,72,35,95,55,95,
Easy301	1	1003664	31763	4404	0,60,20,20,75,10,76,20,41,55,41,80,72,65,65,10,5,81,65,
Easy302	1	1001588	41177	3284	81,1,60,25,61,70,46,0,87,53,82,70,70,66,
Easy303	1	1000072	41165	2635	60,40,10,26,95,30,95,95,75,80,40,30,60,76,
Easy304	1	1000640	44181	18246	85,50,95,20,77,1,51,42,50,60,86,6,60,35,
Easy305	1	1000253	46032	4309	20,30,90,41,71,70,65,45,95,95,95,20,83,45,35,5,65,35,70,
Easy306	1	1000689	32092	12634	0,20,70,90,30,51,62,32,41,5,86,10,
Easy307	1	1002180	41270	6707	25,80,31,41,60,75,55,61,55,45,85,75,45,86,55,35,35,20,60,
Easy308	1	1002764	32807	7568	10,70,50,65,40,30,10,65,81,0,42,51,75,80,75,65,25,
Easy309	1	1000297	37673	2212	26,0,15,60,30,50,60,73,25,65,55,5,45,
Easy310	1	1000633	46601	1932	10,5,35,80,90,35,5,26,50,40,40,40,20,60,30,95,70,96,
Easy311	1	1000828	35646	8504	20,75,85,20,40,60,15,31,51,90,90,62,75,55,45,6,85,85,75,
Easy312	1	1000719	32827	4554	1,90,15,15,30,30,30,50,22,11,6,60,70,86,41,
Easy313	1	1000880	54905	14818	65,86,0,27,5,5,15,71,30,40,
Easy314	1	1000571	37519	5304	25,5,15,15,80,40,70,41,81,40,25,31,57,30,65,86,65,65,85,
Easy315	1	1001865	74164	12063	50,85,76,20,86,60,1,50,45,60,35,51,
Easy316	1	1000228	39731	3410	61,40,50,70,36,25,40,50,72,87,65,55,5,35,
Easy317	1	1000204	32767	2104	60,60,55,95,75,80,76,25,31,30,20,5,15,81,20,61,
Easy318	1	1000407	37409	1389	86,85,0,77,0,15,21,90,30,20,45,52,20,10,60,40,95,96,50,
Easy319	1	1000185	40462	1464	55,80,45,10,80,90,61,71,90,90,85,90,55,75,
Easy320	1	1001521	33558	50011	20,1,10,90,60,90,50,90,31,30,86,75,30,41,52,85,61,45,5,97,76,
Easy321	1	1002383	32356	1429	10,82,10,5,90,106,30,5,31,61,71,41,50,50,25,100,97,
Easy322	1	1000670	47750	19593	90,0,20,51,45,80,45,60,70,71,65,40,40,56,5,87,
Easy323	1	1001152	36109	1302	55,35,75,25,40,6,15,16,1,45,22,40,30,
Easy324	1	1000850	39022	988	51,60,60,20,86,45,30,45,16,30,20,61,31,51,21,11,
Easy325	1	1000310	47852	1284	65,75,75,86,50,65,21,1,90,50,35,50,75,50,95,
Easy326	1	1000747	35604	10360	26,0,0,91,41,85,61,52,86,95,75,41,60,95,36,
Easy327	1	1001568	31967	1784	90,60,46,80,15,50,50,70,50,40,60,97,50,87,5,22,10,5,30,
Easy328	1	1000421	32188	6970	85,10,95,21,0,60,40,30,40,71,52,45,95,50,35,86,7,95,
Easy329	1	1001020	31980	4170	70,6,95,11,81,65,20,10,41,50,30,20,90,30,65,65,50,77,
Easy330	1	1000605	33937	240	40,70,55,25,66,65,25,31,6,40,70,56,
Easy331	1	1000502	34178	4367	10,30,50,80,50,105,10,80,90,30,41,71,106,92,75,85,65,
Easy332	1	1000699	37549	22484	45,90,105,0,25,1,102,60,60,71,83,75,60,55,107,
Easy333	1	1001503	38126	34999	85,30,0,0,50,50,60,60,72,70,65,55,45,86,
Easy334	1	1001730	46505	1078	25,15,5,65,70,80,50,71,40,50,26,35,35,
Easy335	1	1000826	32013	2617	30,65,5,70,95,10,80,22,41,51,90,75,76,66,
Easy336	1	1000255	39273	10200	20,30,10,75,1,60,80,52,75,20,85,
Easy337	1	1004676	31908	11896	40,95,61,85,55,0,20,85,95,15,22,31,61,95,10,
Easy338	1	1001066	34671	2603	70,95,25,0,85,102,52,35,62,46,106,80,105,20,35,
Easy339	1	1000339	51366	3279	25,85,25,76,31,0,0,90,62,85,95,5,85,45,
Easy340	1	1000531	60256	1070	1,15,75,25,31,75,75,80,80,41,40,15,35,25,40,85,85,
Easy341	1	1000393	48413	2958	40,85,77,0,67,0,33,40,41,51,25,6,86,
Easy342	1	1000622	33627	1231	60,77,0,25,30,31,20,55,0,71,20,41,65,56,40,25,
Easy343	1	1000776	62451	1516	26,0,65,0,35,66,71,40,25,41,40,35,76,
Easy344	1	1002065	34811	10558	85,15,5,70,85,40,5,91,30,15,40,30,51,40,80,75,61,76,20,
Easy345	1	1000953	46466	1215	6,15,20,80,90,46,36,52,30,40,60,5,70,97,
Easy346	1	1001340	54046	1455	36,95,5,62,55,55,95,77,2,65,15,21,20,20,60,10,40,
Easy347	1	1000656	40775	8222	0,55,77,0,15,25,33,10,41,85,85,5,20,
Easy348	1	1001674	43869	1122	95,71,45,96,105,0,1,101,50,61,60,55,60,106,7,45,
Easy349	1	1001286	33299	5447	16,70,30,100,1,40,50,60,60,25,85,26,16,86,40,40,
Easy350	1	1001691	33174	2382	5,15,20,70,85,31,41,50,50,61,85,50,45,85,
Easy351	1	1001407	35572	14086	95,45,15,86,100,100,20,20,51,62,70,35,96,55,
Easy352	1	1001193	56152	3297	80,46,65,65,55,65,45,1,17,70,30,70,5,20,
Easy353	1	1001734	46517	1150	55,65,85,25,2,31,40,65,55,75,65,20,41,55,35,20,20,
Easy354	1	1001883	36769	5927	75,65,46,96,1,65,25,26,86,85,30,6,50,
Easy355	1	1000182	34993	26620	80,20,0,61,15,15,31,80,53,45,75,15,60,75,5,85,85,
Easy356	1	1001154	46602	1215	6,15,80,90,20,90,46,36,52,60,70,30,40,96,95,
Easy357	1	1000370	33882	3188	5,70,61,70,85,41,90,40,80,77,21,5,35,
Easy358	1	1000407	32765	2814	81,15,41,75,65,40,66,21,31,80,57,76,
Easy359	1	1000217	36719	6129	30,20,55,100,0,10,45,101,60,0,95,80,62,70,96,
Easy360	1	1003993	32492	12240	5,85,20,30,100,15,30,40,40,70,50,50,86,50,45,60,70,96,
Easy361	1	1005426	41883	19678	15,20,1,51,61,72,45,70,55,65,86,
Easy362	1	1002815	32772	7897	65,15,0,21,31,50,81,41,50,50,75,50,66,75,41,86,35,
Easy363	1	1000694	35685	5215	0,60,85,60,25,30,90,50,71,71,55,86,46,65,
Easy364	1	1000378	52392	962	116,70,105,96,115,0,0,15,25,30,31,40,20,51,30,40,10,
Easy365	1	1001427	36019	12328	30,60,60,45,87,20,77,5,10,30,
Easy366	1	1002037	50282	2372	75,35,65,1,40,50,25,66,75,85,0,31,51,45,30,75,
Easy367	1	1001381	33227	4931	15,70,16,40,20,20,81,0,41,52,75,30,80,66,75,40,
Easy368	1	1000357	33016	4419	40,20,16,20,61,0,75,15,31,51,85,15,76,86,30,
Easy369	1	1001127	34068	2346	36,50,95,26,40,70,60,100,50,70,83,75,35,5,100,65,96,
Easy370	1	1001554	40913	7296	86,35,95,60,0,105,85,61,0,70,95,51,60,70,95,50,45,
Easy371	1	1000694	42887	8352	10,5,80,35,50,35,26,42,5,60,20,30,70,87,
Easy372	1	1000824	50486	1914	6,5,40,40,10,90,20,90,55,36,60,61,30,50,70,96,80,95,
Easy373	1	1001365	38774	20381	0,61,50,91,10,30,72,90,36,40,85,20,86,61,
Easy374	1	1002670	51120	604	65,65,25,37,1,71,55,70,81,45,46,86,75,50,20,76,
Easy375	1	1000250	33548	1318	20,0,45,17,5,80,71,26,81,70,31,6,50,60,95,
Easy376	1	1002084	37183	2352	61,45,85,50,85,85,60,60,75,10,30,50,76,5,20,
Easy377	1	1000191	33619	10555	80,10,30,20,80,30,40,50,62,77,40,52,85,45,85,
Easy378	1	1003727	34035	5219	21,15,91,31,85,90,100,15,56,40,60,15,30,15,20,106,105,
Easy379	1	1001012	41207	3665	10,0,51,20,45,90,45,60,72,65,41,96,55,55,5,95,
Easy380	1	1002028	39306	28345	0,30,0,15,80,15,41,80,62,76,86,60,15,55,
Easy381	1	1000433	33521	17209	56,46,2,35,50,25,81,51,5,60,35,61,76,35,85,85,
Easy382	1	1001664	33121	1755	40,95,65,1,21,65,80,80,30,76,15,50,21,6,75,
Easy383	1	1000185	37006	9400	0,40,65,95,86,40,50,0,25,30,51,45,75,65,31,75,6,65,5,75,
Easy384	1	1002128	39338	21791	91,51,45,70,15,46,95,21,95,60,20,30,50,70,95,10,
Easy385	1	1004095	32318	845	1,61,60,30,77,25,32,21,55,42,71,40,65,25,70,5,66,5,56,
Easy386	1	1000651	34300	9818	10,40,25,60,75,90,30,57,87,96,20,20,30,5,10,30,
Easy387	1	1003066	31924	5570	0,72,30,0,60,61,31,23,75,42,10,30,56,40,55,67,76,
Easy388	1	1002062	41389	2092	10,76,35,50,27,35,87,41,5,60,92,75,6,35,
Easy389	1	1002284	39509	2347	75,50,0,50,65,85,66,0,15,75,21,20,51,10,5,30,6,75,
Easy390	1	1002070	32296	2140	40,0,30,75,51,60,75,85,85,25,91,85,25,31,5,75,
Easy391	1	1001249	35189	3264	90,1,35,40,85,36,75,35,60,96,95,27,40,5,50,
Easy392	1	1001679	40815	3870	87,45,35,50,5,17,0,0,25,25,55,31,30,40,60,25,50,
Easy393	1	1000397	33548	5474	10,30,61,0,50,10,30,80,80,40,42,85,25,85,5,76,35,
Easy394	1	1004041	42401	5074	60,30,10,0,82,45,55,62,87,77,20,
Easy395	1	1000659	35290	6746	30,50,95,85,0,26,40,50,40,61,72,70,55,65,96,86,
Easy396	1	1002328	62062	944	20,30,50,85,75,65,65,85,85,1,15,22,41,30,10,
Easy397	1	1004522	39289	8567	35,5,80,50,50,15,15,70,50,50,35,81,41,40,87,66,20,65,
Easy398	1	1000601	48644	9671	5,5,70,85,15,30,15,27,10,31,10,0,82,0,41,52,45,77,
Easy399	1	1000931	39716	9781	75,50,61,25,30,75,75,40,50,51,45,70,70,67,
Easy400	1	1000770	32696	6595	15,85,15,30,15,0,26,41,60,0,60,91,71,86,15,25,40,61,
Easy401	1	1002275	33636	8403	0,40,90,15,72,20,15,50,62,60,86,55,15,5,35,
Easy402	1	1001711	38210	2736	35,26,40,50,6,15,16,0,55,0,45,22,50,30,20,40,
Easy403	1	1002481	32490	18032	30,80,30,15,40,40,40,35,85,22,40,95,75,10,53,95,86,
Easy404	1	1000826	45658	2066	77,40,95,55,0,0,27,5,80,30,5,15,80,40,
Easy405	1	1002896	31907	7576	21,52,46,75,60,85,95,85,11,95,95,50,85,20,
Easy406	1	1000541	40221	3468	0,25,70,81,55,35,62,36,50,85,75,85,20,85,
Easy407	1	1000807	52948	1276	76,30,95,66,55,95,85,85,0,85,1,35,15,23,40,10,30,
Easy408	1	1002284	32567	24201	0,11,0,80,96,33,90,5,21,91,41,71,40,50,40,50,5,87,
Easy409	1	1000643	34345	5692	80,25,80,51,60,50,97,87,1,0,81,60,73,86,45,65,
Easy410	1	1001296	36114	21033	70,35,2,30,80,65,80,43,50,66,51,85,35,85,
Easy411	1	1002670	35964	2579	90,25,15,90,31,60,50,0,60,50,72,45,70,55,65,26,
Easy412	1	1000859	33535	6460	5,15,20,80,50,81,20,50,61,70,60,35,70,55,96,
Easy413	1	1000270	45104	2415	76,0,50,65,75,0,40,15,21,21,30,10,40,
Easy414	1	1000558	37169	2988	40,20,0,71,101,50,82,100,80,75,30,5,56,6,60,97,
Easy415	1	1001173	39723	33652	40,30,60,76,85,75,25,1,40,50,85,85,41,
Easy416	1	1004744	32252	6975	85,70,30,46,5,55,60,61,60,40,50,10,95,81,20,96,
Easy417	1	1000525	39257	7249	0,15,35,25,82,40,60,40,60,73,56,65,65,36,97,15,15,
Easy418	1	1001559	78004	7256	85,96,70,35,85,85,0,0,62,6,55,70,45,
Easy419	1	1005231	48198	1943	50,40,35,26,50,5,16,15,0,55,20,20,30,20,50,
Easy420	1	1002126	50045	1179	15,40,65,106,15,15,97,1,25,0,45,30,32,40,50,20,
Easy421	1	1000881	33490	1976	60,75,35,26,60,40,5,17,0,45,60,20,30,21,55,75,40,60,75,
Easy422	1	1002071	34002	19400	55,60,60,105,60,15,70,30,90,50,70,50,83,75,90,55,45,5,5,106,
Easy423	1	1003365	32871	6831	91,15,80,35,25,50,75,5,60,42,20,30,50,86,60,85,
Easy424	1	1000128	39692	12468	5,15,50,65,82,25,31,40,15,50,15,75,
Easy425	1	1002023	33871	9776	46,36,26,90,50,80,61,72,70,96,5,45,35,65,
Easy426	1	1002349	32487	6960	0,92,21,36,40,65,50,85,76,0,42,75,51,5,31,97,
Easy427	1	1004120	32268	6646	0,41,15,61,55,15,86,96,20,22,95,61,11,31,
Easy428	1	1003405	35023	12763	25,15,30,60,95,0,50,80,80,81,55,55,66,71,5,46,26,
Easy429	1	1004874	34316	6808	75,65,25,0,40,95,85,0,31,40,30,51,65,5,50,65,45,76,
Easy430	1	1002779	32657	4385	40,35,26,111,60,0,40,50,50,61,60,55,116,20,55,80,106,5,20,30,115,
Easy431	1	1002364	34432	12627	31,10,40,10,71,90,40,60,60,83,105,55,75,65,105,105,
Easy432	1	1000225	60806	831	41,96,55,55,77,1,15,67,20,0,30,45,21,20,40,5,10,
Easy433	1	1003332	33153	2968	25,80,10,51,70,40,60,96,50,35,25,86,35,
Easy434	1	1002374	32537	5676	20,90,80,5,10,46,5,36,50,51,60,31,40,70,60,80,70,40,95,20,96,
Easy435	1	1000272	50736	4459	95,75,45,0,75,75,0,55,26,80,25,6,15,80,30,
Easy436	1	1000233	34334	24496	65,30,26,31,1,0,75,81,50,40,20,41,40,51,86,25,7,76,
Easy437	1	1001410	35653	5535	81,90,15,45,35,50,5,50,50,60,70,20,30,40,96,95,
Easy438	1	1002992	32126	69259	90,1,51,60,61,71,100,80,81,115,25,45,50,75,5,115,100,115,
Easy439	1	1002262	40367	3388	65,25,65,25,35,85,51,40,6,15,16,1,56,32,50,20,20,50,
Easy440	1	1000625	47220	14476	86,40,60,70,70,55,70,65,46,85,1,16,90,30,15,6,90,20,
Easy441	1	1002058	48172	1315	36,25,86,45,85,51,61,71,45,35,71,65,
Easy442	1	1002832	34119	3877	15,80,90,20,62,95,55,85,20,85,20,105,85,5,10,30,60,
Easy443	1	1004891	31847	7583	0,16,110,106,20,31,22,30,50,41,70,30,11,60,50,96,105,
Easy444	1	1002101	32457	4598	1,82,21,65,20,20,85,31,40,52,77,42,66,85,35,85,
Easy445	1	1001933	36434	372	0,15,60,31,60,51,75,60,16,21,7,10,70,55,
Easy446	1	1001785	31909	6155	60,91,80,10,32,50,30,42,97,5,75,87,20,
Easy447	1	1001391	31905	6642	15,60,5,91,40,50,85,20,40,35,50,60,71,86,20,
Easy448	1	1002966	52051	1057	52,0,75,45,85,67,0,20,15,21,20,10,5,30,50,
Easy449	1	1002151	37626	9036	35,1,85,40,0,30,62,45,45,50,96,105,31,50,50,40,80,6,95,
Easy450	1	1002145	34565	53028	50,30,1,85,91,40,50,63,77,85,55,85,45,
Easy451	1	1000663	54086	1005	30,60,95,95,95,80,40,77,1,15,22,30,10,
Easy452	1	1001782	33945	104856	16,20,105,30,0,95,40,50,70,30,106,0,61,81,72,55,65,96,
Easy453	1	1001338	47976	20496	65,56,65,87,0,25,75,65,25,25,90,6,40,15,90,30,
Easy454	1	1000400	45400	34684	70,85,106,40,56,1,15,25,30,31,20,70,60,16,
Easy455	1	1000545	37688	3539	95,66,25,72,25,70,61,25,90,105,56,45,60,60,
Easy456	1	1006346	34853	22947	30,55,15,80,40,67,0,30,40,77,25,31,40,86,
Easy457	1	1001568	47043	3085	20,75,65,0,51,95,76,0,15,40,22,10,51,6,30,
Easy458	1	1000648	35868	288	75,15,30,65,25,66,30,41,50,51,15,45,15,7,35,60,20,
Easy459	1	1001525	33312	30765	30,20,80,0,40,90,50,90,90,76,40,52,45,86,65,65,
Easy460	1	1001609	35275	14443	85,46,0,1,90,40,35,90,25,51,41,50,5,62,36,95,75,95,76,
Easy461	1	1002152	31723	58462	10,0,62,90,60,70,41,105,30,81,50,70,5,20,106,
Easy462	1	1000618	42203	593	15,46,15,20,50,111,50,105,16,1,110,71,80,105,90,35,71,6,105,
Easy463	1	1002127	34870	6289	85,0,16,26,30,25,0,45,45,51,95,15,60,15,100,70,50,5,85,
Easy464	1	1008730	31893	23401	0,30,100,60,41,80,50,10,50,81,41,70,25,70,96,
Easy465	1	1000872	33170	9895	55,10,80,61,75,5,80,41,31,55,30,70,80,40,67,5,55,25,
Easy466	1	1000961	37137	10715	1,11,21,81,30,80,31,41,53,66,77,45,30,65,87,
Easy467	1	1003134	41650	13474	56,1,10,70,60,80,80,111,40,92,75,106,35,81,
Easy468	1	1002379	47856	1776	45,30,75,85,50,45,85,67,1,15,22,75,30,75,10,
Easy469	1	1000313	33552	7790	85,30,50,25,30,70,40,50,0,60,86,40,60,70,61,96,45,55,
Easy470	1	1000447	31708	8736	30,55,60,60,15,70,87,90,5,91,22,11,30,5,105,30,
Easy471	1	1003343	35650	6097	5,65,35,26,35,71,52,35,85,91,41,40,66,90,80,77,
Easy472	1	1000825	32987	3367	30,41,5,15,20,40,50,71,80,30,50,62,97,55,
Easy473	1	1001733	68608	8542	55,55,85,85,76,85,75,1,30,15,22,10,41,
Easy474	1	1001368	36153	11310	10,20,20,0,75,50,60,76,40,20,40,50,41,70,5,5,32,10,81,70,67,
Easy475	1	1001076	32856	12228	35,45,10,51,20,70,1,90,72,61,5,5,80,106,105,
Easy476	1	1004224	33590	3874	30,45,75,67,0,32,5,61,81,80,15,55,25,76,
Easy477	1	1001503	33100	18769	10,0,20,31,90,20,51,70,60,90,61,45,72,60,87,55,95,95,
Easy478	1	1003382	50865	2778	25,65,35,25,40,5,16,15,0,45,50,21,20,40,5,30,
Easy479	1	1000178	48768	2828	66,57,10,5,5,70,25,71,80,80,30,40,65,
Easy480	1	1001618	45889	5092	100,100,0,50,45,50,65,46,86,85,0,15,15,92,50,30,20,15,
Easy481	1	1000462	37174	5870	65,10,21,0,20,51,66,40,42,6,70,60,32,60,55,70,56,
Easy482	1	1001752	42839	1333	85,65,85,85,30,20,77,1,51,16,22,30,30,40,30,10,10,5,40,
Easy483	1	1001785	33113	9828	5,5,41,65,85,15,40,20,40,75,1,91,50,51,96,6,76,
Easy484	1	1003287	32738	2533	10,0,60,10,21,31,50,81,42,52,76,75,40,86,35,
Easy485	1	1000372	35225	468	60,60,55,20,15,77,15,15,20,7,25,60,70,60,
Easy486	1	1001729	41936	19653	40,95,25,15,0,100,100,80,30,70,0,70,80,95,81,55,75,5,95,106,
Easy487	1	1000238	36200	32282	60,20,90,0,50,70,0,60,45,72,65,85,55,90,86,
Easy488	1	1001608	36936	3816	0,36,25,100,25,65,55,55,70,70,100,81,92,90,35,106,85,7,65,
Easy489	1	1002233	31925	3284	15,76,45,85,35,53,95,30,40,71,96,86,20,5,16,
Easy490	1	1004502	34436	2069	50,70,71,65,35,85,35,15,105,20,40,106,95,21,10,96,70,5,40,
Easy491	1	1000742	60811	1681	40,65,66,30,77,1,15,22,40,10,
Easy492	1	1001881	33662	1471	81,60,1,22,75,10,10,60,10,5,96,30,40,5,50,76,
Easy493	1	1001406	40580	9958	45,75,35,60,25,60,45,6,16,50,15,1,65,21,20,60,30,
Easy494	1	1001865	34123	4253	80,51,15,40,95,50,85,76,75,5,22,10,50,30,
Easy495	1	1004273	39372	5837	75,45,35,26,61,5,17,0,65,21,20,40,60,30,7,95,
Easy496	1	1001470	36920	35737	60,30,70,102,10,20,0,40,71,82,70,45,7,45,50,97,
Easy497	1	1003087	33491	11044	40,20,35,15,90,51,40,50,61,71,105,70,81,65,5,106,
Easy498	1	1000434	35070	1744	21,50,50,46,85,60,85,6,15,70,70,50,20,50,
Easy499	1	1000245	53155	1977	35,50,25,40,6,85,16,15,1,50,45,20,21,30,40,
Easy500	1	1001261	45025	936	86,70,10,90,25,90,35,6,25,42,20,30,50,60,97,
Easy501	1	1002895	40816	3305	85,35,76,45,26,5,51,5,17,0,55,22,30,50,40,
Easy502	1	1000265	32002	4874	10,70,90,85,5,21,42,80,31,90,50,75,60,50,60,76,
Easy503	1	1000540	33035	4727	45,35,26,45,50,35,80,50,61,70,71,70,35,65,97,45,85,85,
Easy504	1	1002240	36900	2951	76,40,26,17,67,30,80,52,25,75,85,
Easy505	1	1000597	37345	6472	75,1,51,30,60,75,75,21,20,71,65,40,30,55,55,20,6,16,40,66,
Easy506	1	1006135	33939	13816	80,75,50,45,10,76,6,32,0,0,71,42,76,86,
Easy507	1	1004955	31836	7929	0,61,55,96,85,30,16,22,32,61,85,20,11,95,41,
Easy508	1	1001593	45018	2388	25,60,15,80,25,5,15,5,31,40,50,76,5,30,10,20,87,
Easy509	1	1001880	54946	6353	45,50,65,77,0,25,85,50,50,25,50,5,35,71,91,90,35,45,25,
Easy510	1	1003141	35687	1696	71,81,55,0,66,26,25,45,6,16,31,91,71,5,81,
Easy511	1	1003252	33517	1484	35,70,50,95,40,26,40,5,50,71,60,70,80,36,5,80,96,
Easy512	1	1001219	52416	6920	66,30,55,75,55,65,75,75,85,1,32,41,86,6,25,
Easy513	1	1005595	42865	12414	36,86,5,51,95,76,96,50,2,15,55,21,21,50,5,10,40,
Easy514	1	1000159	36404	2756	35,45,100,25,85,26,50,5,30,5,90,90,61,70,100,46,70,86,
Easy515	1	1004617	70097	4118	75,86,30,40,66,55,55,85,76,1,16,90,20,15,6,90,30,
Easy516	1	1000341	34205	1530	26,15,40,50,31,0,15,71,50,61,86,26,85,50,50,15,
Easy517	1	1000889	34941	5394	70,60,10,20,70,85,35,1,85,50,51,81,60,75,76,50,
Easy518	1	1002195	33955	7673	70,50,5,50,35,65,26,91,70,85,42,50,80,90,75,66,76,36,
Easy519	1	1001600	36743	1922	61,85,72,85,85,55,5,30,15,15,70,15,55,0,26,32,41,60,40,21,6,60,
Easy520	1	1002086	40264	1786	76,50,40,105,60,105,95,75,1,27,80,6,15,80,40,30,
Easy521	1	1003938	36254	3706	20,5,16,31,91,41,30,60,0,60,70,71,65,5,65,51,85,86,
Easy522	1	1002446	32878	400	30,41,65,80,25,75,25,75,30,6,75,51,80,66,
Easy523	1	1001817	54393	2468	65,35,26,40,5,17,0,50,45,21,20,40,30,
Easy524	1	1000125	44910	3744	70,80,5,35,15,35,5,26,40,50,60,15,41,20,30,87,
Easy525	1	1001749	45544	1427	45,86,35,85,50,5,15,15,15,1,55,25,30,40,32,50,20,
Easy526	1	1001465	33955	53983	50,71,0,15,85,35,20,15,0,50,95,63,15,55,35,96,
Easy527	1	1000138	40483	505	55,10,10,5,70,70,80,25,6,16,50,60,31,
Easy528	1	1001210	45470	1432	51,85,36,5,45,17,0,20,32,80,55,6,70,70,80,45,
Easy529	1	1000331	33829	2146	70,90,10,21,6,41,85,51,60,70,60,86,35,
Easy530	1	1006791	32357	3214	0,70,20,41,40,30,50,25,86,25,32,20,5,82,66,65,77,
Easy531	1	1002365	40826	4280	75,55,55,87,0,76,0,16,22,32,40,10,95,95,40,95,10,
Easy532	1	1001194	34849	1720	65,75,5,51,26,31,5,41,81,76,66,
Easy533	1	1002651	32843	4730	95,0,80,70,35,0,45,55,63,5,5,70,90,50,101,87,
Easy534	1	1001573	37752	6914	51,70,0,81,10,40,30,80,42,35,22,87,66,5,65,
Easy535	1	1000909	37758	1220	65,10,5,40,25,30,70,25,6,15,60,30,
Easy536	1	1002876	33604	3823	95,85,35,26,40,25,30,5,5,50,61,71,85,85,96,
Easy537	1	1000535	48617	20767	36,70,1,41,70,70,60,80,96,95,25,70,50,
Easy538	1	1002578	39011	9839	71,86,60,35,85,40,50,61,60,55,81,75,20,76,
Easy539	1	1001163	48743	6080	20,56,85,86,0,0,15,65,55,16,90,5,5,25,90,30,40,
Easy540	1	1000286	31608	13772	40,5,91,40,30,72,51,10,41,20,60,85,60,85,
Easy541	1	1006232	34772	18956	100,95,100,5,50,15,80,30,50,62,70,55,5,70,45,96,
Easy542	1	1006380	36212	45001	35,26,50,40,5,65,105,17,0,45,22,40,30,
Easy543	1	1002310	33204	3838	36,50,15,15,41,92,1,25,85,25,61,71,16,25,86,35,35,60,60,
Easy544	1	1001943	37972	1528	40,40,70,50,25,30,61,85,25,7,20,80,65,
Easy545	1	1002318	46586	2905	10,95,85,20,56,10,60,95,35,95,40,40,7,45,45,90,31,
Easy546	1	1001021	34107	3883	20,60,80,95,35,6,17,40,70,0,70,41,30,50,87,25,40,
Easy547	1	1003282	37762	7875	30,75,0,106,105,1,15,15,20,65,40,51,36,22,42,30,11,30,
Easy548	1	1004198	52578	7660	47,70,85,85,5,70,67,96,75,95,1,15,20,20,30,20,10,
Easy549	1	1000597	39795	4704	75,60,75,105,96,1,26,25,6,15,81,30,40,
Easy550	1	1000030	36024	1228	70,55,45,60,25,15,70,16,56,30,7,35,50,20,
Easy551	1	1000377	34570	14847	105,16,20,41,71,20,31,61,82,75,90,80,65,105,90,55,105,
Easy552	1	1004450	37047	3894	85,50,65,25,85,0,75,45,52,90,90,26,5,81,90,36,45,
Easy553	1	1000511	37417	13479	45,45,50,35,26,61,35,0,81,71,93,75,35,85,6,45,
Easy554	1	1002092	34808	6282	55,75,35,85,26,40,85,5,17,85,0,45,22,40,75,30,75,
Easy555	1	1003003	32220	17440	0,15,20,20,90,70,20,85,91,85,85,20,0,32,80,60,80,10,40,77,95,96,30,
Easy556	1	1005106	32736	9615	75,90,60,45,45,52,41,15,70,15,80,15,70,106,80,35,5,35,105,41,
Easy557	1	1004700	36474	11935	10,60,20,0,31,21,77,40,51,51,80,30,70,80,6,41,70,67,
Easy558	1	1004721	31988	37599	21,0,61,0,52,80,70,70,60,31,105,80,11,60,106,97,50,
Easy559	1	1001689	32995	34054	50,75,81,65,95,105,75,36,0,105,26,41,105,41,81,21,5,51,
Easy560	1	1009614	34472	3640	1,61,10,100,40,50,10,70,70,97,86,100,36,61,85,41,
Easy561	1	1000975	37564	11581	60,1,10,70,50,86,36,85,42,50,60,80,80,76,15,40,5,75,
Easy562	1	1001263	37311	723	30,0,15,71,40,20,70,61,85,30,16,7,10,80,65,
Easy563	1	1000797	35803	13484	60,100,45,10,70,82,75,30,55,45,80,107,97,
Easy564	1	1001473	32769	13398	30,15,50,20,15,85,30,15,1,40,95,61,101,15,41,61,71,5,5,96,86,
Easy565	1	1002366	37072	1680	20,105,30,1,50,15,70,20,17,65,6,55,55,36,91,41,
Easy566	1	1000218	37931	15497	65,35,26,45,50,45,6,15,16,0,55,22,50,30,85,85,
Easy567	1	1003157	33830	3196	10,70,90,90,105,5,40,41,80,25,100,50,60,30,50,60,97,
Easy568	1	1001304	36294	15987	30,20,0,51,40,40,95,61,73,65,95,55,6,85,86,95,
Easy569	1	1001006	37461	2422	60,40,25,51,30,75,25,7,20,70,55,
Easy570	1	1002998	35911	29631	65,0,75,41,95,66,0,30,52,30,85,86,25,45,30,5,76,
Easy571	1	1004262	90199	6860	85,16,76,45,21,85,31,1,90,60,60,75,61,95,
Easy572	1	1002543	42591	1864	55,96,35,0,60,85,25,85,102,60,35,25,85,35,35,40,65,105,106,
Easy573	1	1000257	35533	1815	51,60,26,0,71,81,95,46,70,15,25,70,95,
Easy574	1	1005715	37023	16192	60,85,95,25,15,25,15,30,1,101,60,50,72,70,85,65,55,5,85,96,
Easy575	1	1005388	39129	1491	20,51,81,30,6,45,45,60,50,70,70,90,70,65,40,87,
Easy576	1	1004312	34367	2300	85,55,55,85,75,55,1,31,30,6,70,80,40,40,25,67,
Easy577	1	1000938	39408	17789	91,55,81,60,75,75,46,5,62,0,55,40,72,85,45,95,5,5,95,
Easy578	1	1002719	51399	2745	20,51,75,65,45,50,95,50,87,1,15,22,10,31,
Easy579	1	1004005	84160	15263	25,30,40,16,40,55,30,1,90,71,70,95,6,85,
Easy580	1	1003917	53289	4512	55,10,35,60,45,1,0,40,60,71,70,66,50,86,95,41,5,85,
Easy581	1	1001715	33790	4973	70,87,15,40,21,15,1,42,15,81,5,50,30,60,77,
Easy582	1	1001527	40444	7862	50,100,35,26,100,40,66,65,105,70,80,21,106,50,30,
Easy583	1	1000862	34958	898	51,10,1,21,71,70,20,40,66,65,30,42,35,61,57,60,77,
Easy584	1	1004315	42232	19067	45,95,35,55,26,61,55,6,17,0,65,21,40,30,20,60,
Easy585	1	1002892	31917	625	35,50,25,80,50,92,70,47,97,85,20,70,30,85,85,
Easy586	1	1003143	34043	24048	30,76,40,66,95,75,85,1,40,50,26,96,32,5,40,50,40,86,
Easy587	1	1001685	36127	1549	15,65,20,40,35,5,71,35,6,25,60,10,
Easy588	1	1001082	42422	4168	50,21,71,5,40,66,35,5,50,50,50,0,30,61,60,75,35,45,6,75,
Easy589	1	1002665	32917	43348	20,40,11,20,0,0,91,30,90,42,51,72,70,85,63,86,55,97,
Easy590	1	1002254	32544	12431	70,15,35,90,15,20,0,21,11,81,97,20,52,50,70,5,91,87,
Easy591	1	1004831	42138	13058	35,10,90,35,25,85,25,40,60,85,6,41,50,20,70,30,5,97,
Easy592	1	1002892	34151	56664	51,35,75,60,100,35,5,95,40,17,0,30,40,70,30,96,20,30,
Easy593	1	1003207	35840	24152	77,0,20,85,50,15,20,1,70,40,90,62,85,60,95,75,
Easy594	1	1001486	36027	3260	0,60,80,20,10,30,20,0,81,77,41,52,50,45,45,72,67,87,6,30,
Easy595	1	1002074	35181	13708	35,106,25,42,51,71,100,80,81,76,60,90,35,80,35,106,
Easy596	1	1005334	42545	2435	85,25,51,25,85,75,15,60,76,85,31,41,60,61,55,45,25,
Easy597	1	1003345	39496	2315	105,60,25,30,70,105,55,30,90,85,105,90,60,61,95,80,20,46,95,95,
Easy598	1	1003061	34940	5272	35,81,95,45,95,20,60,1,70,62,5,91,87,
Easy599	1	1002544	32530	12983	15,30,25,0,50,50,81,60,60,97,16,15,50,20,7,45,45,
Easy600	1	1003645	36022	11538	15,0,15,60,35,70,0,21,86,42,50,80,80,40,60,77,
Easy601	1	1003612	53341	1965	91,85,67,0,55,25,86,26,6,15,71,40,30,
Easy602	1	1000863	33362	6414	80,70,96,55,0,15,22,10,5,70,50,90,86,40,
Easy603	1	1000365	39835	6751	0,25,85,31,75,40,50,75,86,0,91,40,25,40,40,96,5,35,75,
Easy604	1	1001033	37419	2913	75,50,10,5,40,80,26,6,30,15,70,30,
Easy605	1	1001487	41788	9845	75,80,80,5,18,0,20,30,80,72,52,50,65,75,76,87,66,40,
Easy606	1	1007580	34753	7163	40,65,70,107,36,41,40,85,30,25,30,96,60,25,95,31,
Easy607	1	1000449	32660	3266	50,65,30,86,10,65,50,0,32,40,40,5,60,80,76,25,
Easy608	1	1003254	49759	4362	21,80,41,71,80,66,5,35,5,51,51,0,30,61,85,75,60,35,
Easy609	1	1003191	40324	5027	40,40,65,51,15,25,15,65,6,32,60,56,71,55,
Easy610	1	1000375	34169	645	41,70,40,30,85,30,67,6,25,5,60,80,75,
Easy611	1	1001297	36624	6300	40,36,51,51,30,95,25,40,30,61,72,95,65,70,80,95,35,
Easy612	1	1000805	36252	3175	70,56,12,51,21,76,60,60,75,30,40,40,41,35,72,20,57,67,
Easy613	1	1000450	32391	13599	91,45,21,80,50,45,17,50,50,86,15,20,30,75,50,45,97,60,85,
Easy614	1	1002480	37039	24497	90,55,40,6,90,26,90,65,17,25,31,1,52,71,5,87,
Easy615	1	1006518	33415	1464	71,80,70,35,5,90,90,20,35,60,101,55,45,35,10,35,100,97,
Easy616	1	1001192	33686	1645	60,70,80,35,0,0,41,62,95,50,51,45,5,5,45,30,87,
Easy617	1	1003548	35099	5015	70,30,20,45,10,80,96,1,61,70,61,91,87,
Easy618	1	1005638	32640	25066	10,10,21,0,41,102,51,51,61,83,72,96,70,107,65,6,95,30,
Easy619	1	1002101	44981	1348	55,65,25,45,85,1,70,71,25,6,60,91,55,25,
Easy620	1	1001565	32572	5396	91,100,30,55,55,60,80,30,80,5,15,80,90,20,60,72,66,51,5,107,
Easy621	1	1002124	41186	9300	15,95,30,85,85,50,30,70,20,0,0,60,100,72,105,96,
Easy622	1	1004125	42574	9573	70,30,50,65,45,6,16,15,0,0,86,40,60,20,20,41,55,5,85,
Easy623	1	1003206	41133	2010	65,0,75,65,56,75,85,75,0,30,40,85,25,31,6,70,50,60,85,
Easy624	1	1001908	34474	2160	11,0,70,21,30,0,70,87,40,41,80,80,60,77,25,40,
Easy625	1	1004519	37439	4324	25,15,35,40,0,35,80,65,80,70,25,70,91,100,100,101,35,95,85,
Medium001	1	1002014	38295	6019	45,0,87,100,70,71,100,0,65,15,55,92,100,20,46,15,45,105,30,15,5,105,105,
Medium002	1	1007561	32630	2732	100,100,5,65,35,25,15,45,81,80,100,90,76,56,55,95,85,75,10,20,30,
Medium003	1	1003870	36067	13451	46,85,25,65,35,25,5,50,100,72,105,5,86,17,0,55,21,30,20,50,
Medium004	1	1003151	39847	4215	65,65,26,40,96,35,35,50,75,50,5,18,0,95,55,70,55,32,51,21,
Medium005	1	1011387	39058	11885	80,35,100,5,17,0,30,80,100,52,105,86,95,60,45,85,61,20,105,31,95,
Medium006	1	1006477	34227	21151	35,90,55,61,60,50,106,80,71,105,46,50,51,35,41,102,66,97,35,25,41,7,75,
Medium007	1	1003036	34410	3732	95,0,15,25,31,80,31,95,10,60,20,6,50,100,51,90,87,5,41,
Medium008	1	1002672	37842	4264	55,0,40,16,25,15,30,0,0,25,90,90,50,61,25,60,95,46,51,5,77,95,
Medium009	1	1001306	32652	670	0,107,55,60,45,86,85,0,15,21,20,30,10,7,15,70,80,25,80,80,40,50,100,95,95,95,
Medium010	1	1019266	32415	373	70,80,0,105,90,35,0,51,15,70,60,50,30,95,95,86,50,5,95,6,55,80,10,
Medium011	1	1008687	33166	1060	40,0,0,15,81,91,40,36,60,50,73,65,55,31,95,46,86,10,6,96,
Medium012	1	1005056	36894	12186	100,85,56,5,66,5,45,71,70,60,60,15,50,20,70,0,0,50,81,80,105,55,6,105,
Medium013	1	1001933	33791	1782	11,0,80,21,70,45,95,80,96,50,0,51,70,91,85,25,50,6,30,86,
Medium014	1	1004239	32430	1163	0,25,90,31,80,91,30,56,46,20,5,71,70,40,40,50,95,50,100,96,87,
Medium015	1	1001550	33945	887	36,0,0,81,50,45,25,95,75,0,65,32,51,5,70,90,86,6,35,60,20,
Medium016	1	1002448	37030	5341	86,75,75,6,15,26,25,15,0,25,15,0,15,31,70,71,82,50,51,86,67,50,40,77,85,
Medium017	1	1009405	32372	3273	0,75,30,105,65,26,16,90,30,40,41,35,95,11,21,60,100,35,85,70,86,
Medium018	1	1000416	35112	16944	70,96,95,65,57,35,35,0,0,61,91,10,61,6,30,81,50,45,77,
Medium019	1	1001791	45076	1347	35,45,90,60,81,26,75,50,80,5,15,105,65,95,80,16,0,55,21,20,50,30,40,
Medium020	1	1007765	41190	5742	95,45,70,36,50,5,16,15,70,5,26,25,0,0,75,55,33,70,50,60,5,40,
Medium021	1	1005406	35624	776	35,40,85,85,75,75,60,35,16,97,20,50,60,60,75,20,5,100,5,60,85,55,5,25,25,90,11,
Medium022	1	1005108	36523	1420	90,76,5,40,56,40,40,0,70,66,95,65,1,15,45,22,10,20,40,5,30,5,60,90,75,
Medium023	1	1003014	41693	2880	100,100,51,5,90,100,85,5,90,70,36,5,57,1,15,22,10,40,
Medium024	1	1002653	39567	28343	50,73,85,100,60,35,5,5,62,0,30,82,101,35,35,20,40,5,97,
Medium025	1	1005057	34888	23394	95,65,35,95,26,50,100,81,80,46,5,105,5,17,0,55,22,50,30,5,95,
Medium026	1	1002485	35711	4567	10,25,30,45,55,100,46,96,35,20,21,30,60,30,45,50,86,95,1,51,40,70,105,15,106,50,
Medium027	1	1008265	34671	3390	20,0,15,75,20,0,90,50,62,60,95,35,5,25,70,85,10,85,
Medium028	1	1004969	34085	5691	0,91,107,60,55,85,30,45,25,90,77,0,10,85,46,51,60,51,100,5,100,70,100,41,35,95,60,85,96,35,
Medium029	1	1004684	33564	8549	26,80,102,30,60,30,61,45,52,77,35,45,35,45,87,105,21,60,50,106,
Medium030	1	1003127	35807	2066	10,10,65,71,40,40,36,57,5,23,0,50,50,31,76,45,30,56,7,66,
Medium031	1	1000630	33932	4454	95,95,81,0,75,27,100,30,55,62,75,45,6,16,100,30,81,
Medium032	1	1006973	34692	42464	30,11,30,0,61,10,80,60,105,5,55,46,71,70,41,95,50,101,95,
Medium033	1	1005242	34991	1812	40,85,35,55,25,15,97,40,5,62,70,60,0,47,5,91,65,30,90,20,10,
Medium034	1	1002796	34256	945	65,55,71,105,70,50,60,95,105,45,105,95,5,15,16,0,20,92,15,52,95,80,30,96,76,
Medium035	1	1010208	40271	8302	41,60,20,50,75,95,35,95,80,6,62,1,95,30,72,55,35,
Medium036	1	1003896	41326	10893	76,5,15,82,17,55,47,5,27,0,0,70,25,31,71,51,65,51,65,75,75,75,86,5,85,65,
Medium037	1	1004862	41871	10334	76,0,80,65,25,17,20,5,30,72,80,40,51,66,
Medium038	1	1001557	43674	14152	75,45,60,35,95,50,85,5,85,5,27,17,1,55,32,40,50,
Medium039	1	1011071	34542	4860	60,0,25,30,30,80,105,45,45,105,50,75,95,0,50,60,50,101,87,36,20,50,
Medium040	1	1001606	37260	3881	50,0,100,60,40,86,70,85,85,105,65,55,96,95,0,15,21,20,10,40,
Medium041	1	1003220	32371	1517	90,60,5,71,55,90,35,25,15,70,80,46,5,45,85,75,10,20,30,
Medium042	1	1000695	35823	832	75,15,50,90,66,15,45,15,25,65,30,6,75,80,90,75,5,35,60,20,
Medium043	1	1007379	34523	29465	35,60,90,100,85,55,70,5,17,0,100,51,20,80,45,45,96,50,5,60,
Medium044	1	1001883	33810	6622	15,55,25,87,61,30,40,60,73,95,96,45,5,45,52,16,66,26,
Medium045	1	1002074	33921	2344	85,55,25,35,25,40,5,17,0,45,22,40,5,11,90,60,70,30,85,
Medium046	1	1009128	38826	6386	85,15,0,20,55,60,60,0,40,73,45,5,106,105,26,90,45,60,51,35,50,65,35,65,
Medium047	1	1012954	35313	14892	60,11,20,0,91,45,90,37,75,50,40,65,75,75,0,10,41,86,51,40,31,20,97,
Medium048	1	1001911	37103	2380	20,60,60,81,56,35,75,5,42,0,30,75,51,50,65,86,35,
Medium049	1	1000895	37368	9948	75,15,80,20,41,35,75,50,75,40,25,50,60,60,96,10,61,40,87,10,50,10,20,50,20,
Medium050	1	1002399	33942	4821	95,45,75,45,55,60,35,60,6,26,15,25,16,1,66,32,52,60,41,60,
Medium051	1	1006458	33760	2477	80,105,80,0,60,76,105,45,27,6,15,90,80,31,55,15,90,80,60,60,
Medium052	1	1003926	38069	3954	76,50,85,35,40,90,105,75,0,25,26,5,70,100,95,5,17,0,45,30,31,40,50,6,86,
Medium053	1	1002591	38163	621	40,76,80,0,0,40,50,80,35,25,15,40,40,6,70,70,52,75,75,0,0,46,10,45,6,20,
Medium054	1	1005525	39285	21639	30,20,45,2,40,91,62,60,45,45,5,25,70,90,50,51,87,95,95,95,
Medium055	1	1006572	34469	5858	20,80,80,91,20,55,16,5,65,90,5,15,41,36,35,46,0,35,75,80,0,13,60,30,5,50,97,
Medium056	1	1008000	34173	5703	96,81,35,0,55,25,71,66,45,26,5,5,16,101,70,70,81,
Medium057	1	1002682	34246	1121	55,55,40,65,35,25,25,71,40,85,5,17,55,0,45,22,40,5,10,30,80,76,
Medium058	1	1002746	35935	1223	15,75,81,45,66,25,65,30,5,52,80,70,16,6,35,60,20,
Medium059	1	1001502	36436	1951	0,55,25,85,35,15,41,0,100,60,72,96,105,5,45,10,80,20,
Medium060	1	1003705	33835	2736	55,60,60,25,30,90,105,105,25,25,45,65,5,52,60,20,101,85,95,100,86,
Medium061	1	1006805	34934	3016	90,60,45,60,70,85,85,85,55,5,17,0,30,90,20,52,5,10,82,76,65,
Medium062	1	1000604	34993	2304	80,16,30,90,70,0,106,46,0,105,60,61,101,70,95,80,15,96,60,
Medium063	1	1006045	48481	2200	40,40,80,90,90,105,75,0,51,75,50,95,85,105,85,85,1,45,15,23,40,50,10,30,
Medium064	1	1001120	32030	986	81,55,35,90,25,5,61,80,15,90,60,70,47,75,65,10,20,30,
Medium065	1	1003933	40911	14139	76,86,35,25,45,35,45,56,25,61,6,16,15,0,66,51,22,40,30,40,50,61,30,
Medium066	1	1006347	33944	5287	70,45,35,71,50,65,86,5,16,5,15,26,25,1,70,55,30,31,50,40,
Medium067	1	1002354	33575	1200	0,45,76,90,105,90,55,75,0,15,80,65,30,81,90,47,15,15,5,70,100,20,97,
Medium068	1	1000608	39766	5196	21,70,95,30,0,95,30,40,65,85,0,40,40,91,75,25,50,50,76,40,
Medium069	1	1003612	33539	13600	85,61,105,20,70,70,56,105,45,95,30,95,95,0,16,21,70,32,10,20,70,61,10,105,
Medium070	1	1003710	32945	7081	80,10,70,0,97,20,45,65,66,0,21,31,20,6,90,60,85,86,40,50,90,77,
Medium071	1	1009856	33829	34076	90,10,60,100,70,46,50,51,41,81,76,106,65,50,75,45,105,96,20,95,30,5,80,10,80,
Medium072	1	1002781	32928	526	30,85,91,0,105,0,25,26,25,100,45,96,35,6,45,16,80,81,100,100,60,55,70,95,55,
Medium073	1	1008026	42265	16354	56,60,70,5,45,81,95,35,26,60,5,17,0,65,21,40,20,30,60,
Medium074	1	1002865	34790	6570	35,100,40,60,0,55,95,26,60,60,40,71,60,50,80,50,35,80,35,80,80,96,75,55,
Medium075	1	1003800	37490	7943	0,25,25,16,95,30,30,0,75,51,101,61,85,76,15,25,86,95,95,50,50,
Medium076	1	1006539	41032	13900	90,55,45,80,90,65,35,5,35,45,17,80,15,75,40,0,75,31,80,60,96,20,30,30,
Medium077	1	1005564	32190	4639	5,15,16,40,105,0,60,86,55,15,61,102,95,23,70,40,60,86,96,6,30,
Medium078	1	1005866	33781	2400	65,55,95,87,0,35,26,40,55,70,55,63,100,95,40,5,5,70,95,100,50,36,
Medium079	1	1004375	34609	8399	10,95,45,0,80,50,35,51,77,0,35,80,35,42,30,86,60,40,20,5,90,90,85,
Medium080	1	1003287	37476	1479	45,15,21,75,45,81,95,96,30,0,60,61,92,85,26,85,10,60,40,70,70,6,85,
Medium081	1	1000691	49246	3595	50,40,15,97,16,60,76,0,85,86,0,25,0,45,32,50,30,40,20,
Medium082	1	1001599	33433	9112	5,90,55,35,25,45,15,91,100,85,60,70,71,85,65,105,95,10,20,30,
Medium083	1	1001625	32374	3066	0,25,15,33,20,10,5,105,80,5,105,40,41,60,100,60,70,51,86,70,96,85,
Medium084	1	1003877	36980	16592	35,0,25,15,92,41,61,82,73,66,105,36,56,105,105,15,15,
Medium085	1	1002816	37366	13067	80,15,56,25,15,35,60,37,65,70,25,106,15,105,41,5,70,71,0,15,80,47,5,76,102,21,
Medium086	1	1011038	35620	6805	75,0,41,61,25,15,86,36,50,76,40,90,6,85,5,45,70,10,
Medium087	1	1004959	34441	1394	80,0,65,65,36,25,105,95,0,72,80,70,6,55,5,76,90,31,
Medium088	1	1004078	42608	8499	80,100,35,25,2,45,30,51,62,55,55,40,107,95,85,31,
Medium089	1	1002713	40884	1967	55,45,60,80,95,6,15,16,25,26,0,65,0,35,41,41,60,30,5,50,
Medium090	1	1006099	41723	5301	105,97,20,10,0,0,0,51,25,45,90,90,26,5,5,50,5,21,100,45,35,35,60,61,30,40,70,80,107,
Medium091	1	1001433	43093	1255	51,10,90,101,45,45,35,35,60,6,70,80,25,25,61,30,30,41,56,5,105,106,
Medium092	1	1002251	38037	2522	30,45,65,0,16,20,0,0,91,75,40,52,15,66,95,36,76,40,40,95,
Medium093	1	1002426	47125	8990	50,40,90,40,90,21,50,85,101,85,36,6,66,71,71,60,0,31,82,35,105,95,
Medium094	1	1007732	35299	8093	72,65,85,45,25,45,10,31,90,107,50,0,50,50,101,100,95,35,75,50,35,20,41,5,60,81,60,96,60,45,75,
Medium095	1	1008335	37000	20748	61,55,30,55,105,40,70,95,96,5,42,0,91,52,96,65,80,5,106,5,35,
Medium096	1	1005019	33776	3355	71,96,35,81,95,65,40,5,17,65,0,26,35,52,42,31,71,50,21,6,81,
Medium097	1	1007922	36656	19763	65,101,95,25,70,71,40,80,5,15,105,16,0,45,22,80,95,40,5,55,95,70,
Medium098	1	1006098	33169	2763	70,60,60,86,56,26,35,5,43,30,0,21,52,80,75,65,80,65,25,
Medium099	1	1003402	35218	736	51,0,0,26,30,40,60,16,60,81,75,25,5,5,56,32,42,51,1,21,70,85,20,
Medium100	1	1002080	52453	3355	95,95,65,35,26,15,45,15,45,51,0,0,100,81,80,105,6,95,55,10,20,5,30,
Medium101	1	1004950	36580	1373	25,82,75,46,15,97,30,106,105,5,53,60,0,35,36,90,5,55,91,80,10,20,
Medium102	1	1010128	36776	5007	75,25,15,87,50,30,5,45,52,0,35,80,80,20,35,45,60,35,6,10,
Medium103	1	1000887	34830	2269	35,45,90,61,80,80,90,75,76,85,55,6,16,15,85,1,66,25,55,33,25,42,61,90,40,21,90,
Medium104	1	1004376	33048	5400	0,16,20,21,11,31,70,105,55,46,85,60,85,90,85,90,0,20,45,50,52,100,100,40,97,
Medium105	1	1003416	38363	10165	66,70,36,45,50,50,105,6,27,70,17,1,56,42,50,50,31,
Medium106	1	1002100	37949	7756	5,25,45,80,27,90,101,45,36,52,30,60,70,30,20,71,65,40,107,
Medium107	1	1002780	36968	1484	75,11,45,21,51,45,65,76,5,32,0,71,40,41,75,75,55,
Medium108	1	1009492	33430	7141	0,60,10,80,70,95,96,20,0,30,21,90,51,30,90,76,85,66,86,20,5,75,
Medium109	1	1000233	33964	24469	25,30,50,90,85,45,50,60,70,60,51,35,70,105,105,20,96,21,30,12,86,60,70,30,60,70,95,
Medium110	1	1004957	47100	1686	85,40,25,75,30,5,53,0,60,85,85,35,36,6,15,71,40,20,
Medium111	1	1007373	34480	6845	101,75,66,46,1,25,30,50,90,66,71,70,80,61,95,55,36,80,95,55,20,70,5,95,
Medium112	1	1001243	45154	16540	100,40,100,95,65,5,50,15,65,75,17,70,20,0,63,30,90,105,
Medium113	1	1003293	50901	1365	40,100,35,25,35,25,5,90,10,6,25,100,55,30,30,45,45,62,40,50,70,106,80,105,
Medium114	1	1002299	33879	3018	80,65,71,80,56,66,26,35,5,43,0,30,20,20,52,25,5,86,76,
Medium115	1	1004743	38103	2402	45,50,60,35,75,25,85,25,50,60,5,17,0,55,20,20,20,50,60,30,5,40,
Medium116	1	1005410	32981	2629	0,25,95,71,30,85,55,67,0,15,32,10,5,61,50,80,20,40,76,
Medium117	1	1002996	38118	2622	30,21,51,71,10,45,45,66,10,5,65,5,32,0,61,41,76,40,55,66,
Medium118	1	1000804	51965	4569	85,5,31,16,50,40,85,15,0,85,30,30,61,91,60,20,81,60,45,6,56,45,
Medium119	1	1016107	35492	17224	85,65,85,45,35,50,5,5,27,0,16,95,15,0,55,32,95,40,50,
Medium120	1	1012863	31817	10712	40,0,90,85,11,75,10,85,20,22,80,80,30,40,97,60,100,101,30,10,61,92,40,60,85,86,
Medium121	1	1001466	33749	718	25,50,60,5,15,90,85,91,40,100,70,25,26,105,45,95,80,30,
Medium122	1	1002047	35743	1664	45,52,40,60,60,70,35,15,87,20,40,72,65,45,7,25,80,10,
Medium123	1	1004994	33041	942	51,75,85,45,65,20,105,95,76,51,0,15,20,21,30,10,5,71,100,90,86,
Medium124	1	1004654	34488	2041	60,70,20,95,45,85,85,20,30,15,85,30,50,5,50,60,70,96,6,35,80,10,
Medium125	1	1009593	34665	9903	65,65,36,96,46,26,50,95,50,5,17,75,0,56,42,20,21,31,50,50,
Medium126	1	1001877	36416	1426	11,71,41,35,35,57,67,6,22,1,60,50,50,60,30,32,76,45,56,66,
Medium127	1	1006989	35374	8924	61,70,70,55,70,55,45,55,5,65,5,16,15,1,25,61,32,50,70,86,60,20,7,85,
Medium128	1	1006316	33186	17641	80,60,30,53,35,5,15,35,60,20,80,43,30,86,91,75,90,76,85,
Medium129	1	1008986	34252	1456	45,65,0,80,95,66,0,80,15,72,55,80,45,46,16,5,85,60,90,86,5,20,30,
Medium130	1	1004092	34784	1660	71,55,61,45,45,56,25,6,32,0,51,40,0,20,75,41,40,75,25,66,56,
Medium131	1	1005149	35176	3639	86,0,75,25,60,96,27,90,5,15,82,91,30,46,45,95,85,10,60,30,50,
Medium132	1	1007098	37170	2298	70,30,90,65,45,0,15,85,21,70,91,86,50,0,51,80,80,95,75,80,26,95,50,10,5,40,61,95,5,76,
Medium133	1	1000949	36260	3924	80,41,55,5,60,25,15,97,15,30,26,2,21,91,45,90,51,50,15,20,45,70,87,15,50,70,45,
Medium134	1	1002448	42483	3886	25,55,35,25,76,41,5,16,15,0,45,60,20,90,20,20,40,30,75,
Medium135	1	1002996	33464	1571	35,65,50,26,40,65,5,17,0,45,20,20,20,40,30,6,5,80,90,65,
Medium136	1	1000956	32735	1030	35,26,40,5,50,17,0,45,21,20,30,40,7,70,80,66,
Medium137	1	1003189	47431	2480	40,35,60,80,26,40,5,82,55,75,95,17,0,45,21,30,20,40,
Medium138	1	1003890	35354	859	25,15,5,75,82,40,90,50,26,60,25,95,45,85,70,30,
Medium139	1	1003131	36851	5494	16,30,0,40,80,80,40,97,50,60,70,71,65,90,90,86,16,40,85,
Medium140	1	1006389	32673	1863	35,26,41,60,5,16,15,0,45,21,20,30,50,40,7,60,90,76,75,
Medium141	1	1006065	32668	3480	50,60,15,25,76,85,75,31,85,5,42,50,0,37,71,5,45,70,10,85,20,
Medium142	1	1009038	38281	875	95,15,55,25,87,30,45,5,62,60,40,0,50,15,50,71,70,55,15,6,5,35,80,20,
Medium143	1	1002665	38671	1634	85,1,90,51,15,22,45,90,10,5,80,45,60,50,70,71,65,40,95,96,
Medium144	1	1006465	31760	10175	70,70,0,10,80,97,20,0,20,20,91,15,90,85,31,75,42,75,20,85,61,85,35,15,
Medium145	1	1003202	36586	5081	75,75,86,66,85,95,0,40,50,15,95,25,41,5,50,35,80,60,70,95,
Medium146	1	1001336	32052	309	35,40,95,85,0,26,70,50,40,60,50,40,60,95,25,5,70,15,70,31,5,5,20,90,65,
Medium147	1	1003337	35494	813	80,35,95,35,65,45,65,95,45,95,50,70,25,50,70,80,81,35,76,7,56,90,41,
Medium148	1	1005554	32825	336	40,55,60,97,86,2,60,81,73,86,65,7,80,92,65,50,46,
Medium149	1	1002556	36916	36870	60,30,75,50,50,46,76,5,95,22,0,95,71,42,55,76,36,
Medium150	1	1003097	38685	2794	92,75,15,55,86,46,35,0,25,17,20,5,42,81,0,50,50,62,36,55,6,76,
Medium151	1	1007987	34842	5776	65,35,5,75,25,15,81,80,90,45,46,95,85,10,20,30,50,
Medium152	1	1002777	35924	14776	60,75,60,55,35,35,60,0,15,22,60,20,80,97,43,10,92,30,30,51,50,71,35,86,85,
Medium153	1	1006180	39344	9262	75,36,45,61,95,6,16,15,27,1,65,65,42,30,30,50,61,
Medium154	1	1003298	35424	24595	80,65,10,55,55,55,36,1,60,60,90,70,45,61,70,50,6,30,90,85,86,
Medium155	1	1007445	37527	11788	0,86,17,95,45,52,36,5,62,25,31,40,91,85,
Medium156	1	1003663	36104	4242	30,30,0,60,95,85,95,25,60,55,61,55,86,5,35,36,1,16,65,95,65,21,21,41,11,61,
Medium157	1	1000763	41460	20184	75,45,35,95,26,60,57,6,86,17,0,65,20,20,20,60,30,40,
Medium158	1	1002595	33579	16433	75,10,11,40,35,25,80,70,26,30,95,55,67,10,0,31,41,95,20,20,30,76,87,75,
Medium159	1	1005213	35280	5909	90,65,36,15,15,20,20,90,70,20,90,10,70,87,50,20,0,51,82,30,10,76,61,97,75,50,
Medium160	1	1007828	37749	7944	60,75,36,15,15,23,10,95,81,0,62,96,53,91,85,10,90,30,71,86,
Medium161	1	1001681	36933	1532	40,76,20,0,15,66,20,1,70,90,53,95,75,6,85,25,60,10,
Medium162	1	1008362	37749	3585	71,80,60,60,95,35,95,80,95,60,60,46,6,55,55,17,0,0,70,65,25,30,31,60,80,30,20,6,80,70,
Medium163	1	1002636	33114	3930	85,50,75,76,40,21,60,5,41,40,0,50,26,25,5,45,72,85,15,31,85,
Medium164	1	1004934	37855	4290	70,81,95,50,70,96,65,6,65,17,27,1,35,35,52,70,80,30,42,30,80,70,
Medium165	1	1004362	39830	10150	86,45,35,45,55,70,70,5,17,5,27,0,0,60,76,30,51,40,30,50,40,30,70,70,
Medium166	1	1002897	36370	1666	30,70,55,15,25,15,87,41,61,71,70,15,65,6,5,45,80,20,
Medium167	1	1000088	41517	16660	57,85,75,45,35,26,60,6,95,15,85,16,0,65,21,20,40,30,60,
Medium168	1	1003912	45902	4782	20,41,80,80,51,20,75,91,60,75,35,6,62,0,30,70,70,85,95,70,35,
Medium169	1	1004654	36630	1390	15,85,35,25,86,77,50,40,5,52,0,60,46,45,70,5,55,71,30,10,20,
Medium170	1	1007956	33900	4259	30,0,70,95,80,15,45,20,20,80,96,50,0,51,70,91,85,25,25,50,86,10,
Medium171	1	1004261	41266	4824	55,35,25,41,6,75,17,1,45,21,60,20,40,30,5,90,5,75,
Medium172	1	1003584	43491	5813	70,95,47,85,75,35,25,25,50,6,75,17,0,55,20,20,20,60,50,5,30,
Medium173	1	1003840	36988	11333	40,35,25,55,60,15,70,97,40,5,62,0,45,91,30,16,50,20,70,46,
Medium174	1	1007912	33460	842	15,35,26,35,15,85,86,77,40,40,5,51,51,60,0,47,80,30,5,70,56,81,10,71,30,10,21,
Medium175	1	1015669	36518	4224	55,35,5,17,60,0,70,30,42,26,75,82,56,75,66,25,65,31,
Medium176	1	1017367	34491	27615	55,10,20,96,5,20,5,40,40,35,75,11,40,1,85,90,90,52,86,96,
Medium177	1	1005652	36102	5398	80,81,35,63,55,40,55,25,30,5,42,0,20,52,85,85,26,30,77,85,
Medium178	1	1003832	32765	9266	10,1,21,30,70,91,90,86,85,41,63,53,46,82,30,77,97,
Medium179	1	1000992	37956	1974	65,25,70,80,40,25,70,95,25,5,80,15,80,30,6,20,90,75,
Medium180	1	1005433	40130	1536	35,51,60,81,71,60,97,45,5,15,16,0,41,20,90,40,5,90,10,85,90,65,5,75,
Medium181	1	1008051	33373	2516	75,81,95,0,65,46,25,0,30,15,32,50,10,5,40,60,90,86,20,
Medium182	1	1002463	33772	1126	0,90,15,22,65,81,10,55,55,46,5,72,40,40,50,50,86,30,90,85,
Medium183	1	1007326	42083	1165	50,80,40,35,71,65,95,26,50,5,15,16,0,55,22,30,50,5,10,90,60,75,
Medium184	1	1006654	36875	5009	31,61,91,56,85,75,25,86,5,5,42,0,20,0,50,81,51,95,50,65,85,85,25,95,
Medium185	1	1000199	38687	7342	0,80,65,11,10,60,70,87,41,53,45,45,82,65,30,77,5,66,
Medium186	1	1003049	42231	1242	61,41,75,95,51,96,35,75,5,16,15,0,20,32,5,91,55,10,90,65,45,
Medium187	1	1002581	33115	933	50,30,50,80,70,80,71,97,45,5,45,65,16,16,0,25,31,70,60,40,30,20,7,40,90,85,
Medium188	1	1000882	35010	2120	75,30,30,0,81,96,65,65,75,75,1,35,15,23,10,30,6,71,90,85,85,41,
Medium189	1	1002805	37579	23298	30,90,60,70,45,20,0,60,80,60,60,97,50,70,71,55,91,87,
Medium190	1	1004940	46584	12214	81,56,35,25,95,40,95,6,17,1,45,22,40,6,65,30,
Medium191	1	1000958	37233	6009	90,90,0,65,46,85,15,20,20,70,90,85,85,51,30,50,82,95,75,25,25,10,41,61,76,96,50,60,45,
Medium192	1	1004255	41105	2714	40,75,85,40,0,25,55,61,75,55,61,5,45,75,46,1,86,65,15,22,20,30,60,10,
Medium193	1	1003416	33222	3913	85,92,70,86,20,10,55,46,67,0,0,20,21,6,62,81,40,75,40,30,51,76,5,97,
Medium194	1	1001777	33648	1199	0,15,80,55,62,25,80,30,40,15,30,80,70,40,30,21,70,95,15,6,5,10,90,75,
Medium195	1	1003510	47686	891	0,51,65,15,71,81,35,50,35,25,26,31,55,85,75,85,75,10,6,92,31,40,20,61,55,85,
Medium196	1	1005338	33225	1151	75,81,30,10,50,90,20,45,45,75,75,5,30,31,0,71,41,65,25,40,75,96,75,
Medium197	1	1006218	33759	540	30,95,80,60,95,95,55,0,45,77,0,20,15,20,20,30,20,10,7,15,25,70,71,40,50,90,85,
Medium198	1	1003536	33093	26665	5,32,0,90,75,10,11,20,70,80,97,41,53,45,5,45,20,92,85,86,77,
Medium199	1	1002777	33454	551	51,20,31,61,75,85,85,75,20,51,96,95,75,6,5,45,70,16,21,70,80,65,
Medium200	1	1008007	33591	7307	0,80,95,55,67,0,15,20,21,10,30,75,5,75,60,90,75,85,
Medium201	1	1007231	34818	6414	60,91,61,71,56,45,55,96,5,5,17,1,25,32,70,30,20,5,70,60,
Medium202	1	1003576	32443	2660	45,45,1,20,80,35,95,75,81,0,41,52,35,35,65,85,26,40,65,65,5,85,70,90,85,
Medium203	1	1000672	42113	982	40,30,30,1,15,21,40,51,61,77,16,5,5,36,20,35,1,10,20,70,11,6,30,70,66,55,
Medium204	1	1007242	40864	1753	80,76,95,47,0,0,90,25,86,17,20,5,71,70,5,91,50,60,85,
Medium205	1	1003823	36892	17312	1,11,30,21,80,96,41,40,91,85,25,30,90,51,60,70,61,85,40,70,85,5,55,
Medium206	1	1008975	33014	3583	75,80,65,95,55,75,75,1,25,15,30,32,10,40,5,20,71,5,50,5,90,86,
Medium207	1	1006680	34352	11865	65,35,25,40,80,5,96,5,16,15,0,0,45,22,40,5,50,30,
Medium208	1	1003640	34227	2520	71,46,55,81,95,96,66,35,5,70,70,5,16,15,0,76,0,25,33,50,25,52,81,41,71,21,
Medium209	1	1007539	33639	2204	15,5,20,5,30,40,61,55,56,66,45,37,10,40,61,60,90,80,77,
Medium210	1	1007079	36530	4764	25,80,35,5,16,15,60,25,70,0,30,41,25,40,55,75,65,56,66,31,81,5,75,
Medium211	1	1005788	32934	2931	70,65,65,35,85,35,5,45,52,40,30,80,50,0,30,20,60,80,60,60,76,35,
Medium212	1	1004118	37511	825	55,15,95,46,25,85,86,30,6,61,61,1,41,51,70,71,16,55,7,35,80,20,
Medium213	1	1004615	32786	695	35,20,70,45,60,70,50,10,35,70,46,5,22,0,41,31,30,45,45,66,
Medium214	1	1004656	39179	10022	30,60,90,76,20,45,6,52,0,80,40,71,96,65,70,45,
Medium215	1	1008029	34032	1239	70,70,95,65,36,0,25,17,20,5,30,60,31,0,27,80,10,5,35,71,35,81,40,51,10,40,
Medium216	1	1004672	34178	2035	85,40,75,75,35,15,75,20,60,90,50,61,60,85,95,85,7,25,70,10,
Medium217	1	1009279	32117	3571	0,70,25,61,70,10,87,30,31,80,16,80,80,20,51,75,66,76,30,
Medium218	1	1005473	34340	2247	30,71,25,45,50,66,6,32,0,0,60,20,60,41,76,40,40,66,25,
Medium219	1	1011914	32384	524	26,30,61,51,75,76,46,16,31,20,30,10,10,5,20,40,50,50,6,40,70,66,
Medium220	1	1000987	33229	2909	60,60,55,70,35,25,5,15,82,90,45,60,46,95,85,10,20,30,
Medium221	1	1012947	37993	31613	75,45,35,65,50,65,6,26,17,25,1,85,55,32,40,50,
Medium222	1	1006260	44983	14096	95,46,50,80,60,70,61,80,20,55,40,70,96,55,30,5,15,20,30,71,6,50,90,86,
Medium223	1	1003884	32406	600	40,30,82,65,70,70,97,56,25,25,41,70,60,40,85,21,35,70,50,7,50,90,86,
Medium224	1	1001203	33561	525	35,0,50,50,90,91,85,76,46,26,65,75,50,50,35,85,6,5,55,60,55,70,20,20,
Medium225	1	1004940	32896	2063	5,90,71,90,55,35,90,25,15,70,80,47,85,75,65,10,20,30,
Medium226	1	1007705	34442	12640	91,30,42,30,27,75,35,55,55,75,6,17,0,30,62,40,20,30,96,30,
Medium227	1	1004849	32986	2257	85,30,70,65,30,25,25,6,46,53,40,1,40,20,20,62,80,80,25,75,5,75,
Medium228	1	1002805	36400	802	67,15,72,20,30,50,51,45,35,26,25,75,30,75,55,75,11,7,15,15,70,60,51,
Medium229	1	1007717	37232	9959	15,61,20,0,31,75,82,75,75,40,51,50,45,72,85,85,36,5,67,85,
Medium230	1	1011199	37491	4320	50,50,95,30,50,41,60,60,70,60,45,35,70,96,35,5,15,20,16,0,32,40,40,91,55,75,5,65,10,90,65,55,
Medium231	1	1003887	36832	10434	55,85,35,25,40,60,5,71,95,17,0,45,22,30,71,40,
Medium232	1	1005556	51139	6242	35,90,60,35,16,25,60,40,90,56,75,85,85,5,42,0,81,51,96,20,65,50,11,85,85,
Medium233	1	1001176	36537	3624	50,26,70,15,95,45,30,50,86,51,40,25,16,90,30,1,41,56,60,90,40,85,
Medium234	1	1003051	35233	1513	80,1,42,15,61,85,50,25,70,85,85,30,52,35,80,80,75,66,80,76,10,46,
Medium235	1	1007920	32354	849	25,0,16,70,31,51,61,95,15,5,30,40,20,70,70,20,40,6,10,90,65,
Medium236	1	1001866	36347	5017	50,76,65,75,0,15,21,90,90,40,20,86,10,5,85,70,60,55,41,30,97,
Medium237	1	1003706	35044	1056	10,96,50,70,30,61,95,46,52,41,25,91,25,66,35,35,75,86,40,40,7,46,70,80,31,
Medium238	1	1003854	37139	2484	55,35,71,55,67,6,20,43,0,0,30,60,60,52,76,50,66,35,
Medium239	1	1012533	32664	15889	81,65,10,11,60,85,50,20,70,0,86,42,80,90,50,75,81,65,16,91,50,76,66,40,36,
Medium240	1	1006837	38163	13452	50,60,80,40,35,60,72,65,80,96,46,5,17,0,20,41,60,91,50,40,85,76,
Medium241	1	1003571	33329	2158	51,65,45,95,86,0,75,15,23,50,10,5,30,80,80,90,75,50,75,
Medium242	1	1004997	47300	6945	86,76,45,50,50,35,25,26,30,55,10,30,5,5,55,40,70,41,50,60,80,97,
Medium243	1	1005528	32217	2358	60,70,56,85,26,5,35,43,0,30,20,20,82,52,25,5,66,75,
Medium244	1	1001276	43139	2308	16,21,1,40,70,95,35,40,40,40,85,31,91,60,86,15,31,
Medium245	1	1007927	33569	3935	70,65,86,65,26,45,35,50,5,50,51,0,40,21,80,62,80,25,76,
Medium246	1	1000943	52758	2266	41,91,85,26,30,56,70,30,5,5,70,71,62,0,51,60,20,0,20,81,95,80,25,
Medium247	1	1007104	37867	707	60,0,20,0,15,35,71,95,81,96,50,40,60,61,55,91,86,76,10,85,
Medium248	1	1005032	42650	13094	65,96,80,95,47,56,0,0,35,25,0,51,92,61,50,72,87,65,36,
Medium249	1	1006613	35304	3929	0,60,60,75,35,35,15,95,60,23,60,80,96,53,90,91,30,10,85,71,86,
Medium250	1	1006500	32645	934	70,0,60,40,71,50,50,85,25,35,70,90,25,40,6,35,60,90,85,35,85,
Medium251	1	1003103	31995	5266	25,65,45,45,0,0,81,35,25,95,35,75,0,42,50,5,70,90,50,66,35,50,86,
Medium252	1	1002367	40166	5307	61,70,55,30,16,86,20,55,45,55,0,21,81,75,66,20,30,5,75,75,
Medium253	1	1001847	57722	1245	15,25,70,25,15,87,70,31,5,65,15,5,50,43,1,50,10,60,62,75,55,15,25,
Medium254	1	1007483	33988	1341	72,55,10,35,61,27,5,25,40,65,30,51,66,5,50,40,41,35,0,62,20,21,77,66,65,
Medium255	1	1002495	33770	397	40,30,60,85,56,0,26,70,40,70,60,96,25,5,15,70,30,5,5,20,90,65,
Medium256	1	1004250	33007	3887	0,65,81,52,95,66,0,15,75,20,76,21,10,5,60,60,90,85,85,5,30,
Medium257	1	1002288	34741	4668	25,10,45,25,35,36,76,90,66,81,35,75,1,40,40,40,30,95,15,50,96,40,
Medium258	1	1008260	34120	1989	26,35,40,80,55,40,5,95,17,0,46,31,21,30,41,5,10,90,50,60,70,86,
Medium259	1	1005918	41184	2072	35,35,0,65,25,17,20,5,31,30,0,40,40,50,66,51,45,6,75,76,
Medium260	1	1007791	33411	3583	80,20,65,50,40,65,35,5,52,92,0,30,62,35,45,85,85,5,77,
Medium261	1	1003567	32932	732	85,75,15,25,67,30,30,40,40,52,45,5,76,16,6,35,60,20,
Medium262	1	1003277	37727	8276	61,55,75,26,80,95,61,95,95,43,6,90,33,91,85,0,21,70,52,25,5,70,86,
Medium263	1	1013234	34790	787	65,55,56,10,1,20,20,80,0,15,52,80,80,76,60,75,40,30,42,35,72,65,86,65,85,57,26,10,6,65,
Medium264	1	1006384	34513	989	40,40,91,65,40,26,30,55,55,86,0,15,16,5,75,80,50,50,15,35,20,20,95,75,81,20,20,10,40,95,30,61,95,
Medium265	1	1007607	36910	5744	90,45,5,91,15,16,0,61,40,80,51,50,75,85,75,21,67,85,41,
Medium266	1	1007978	32644	400	76,66,50,36,15,15,87,20,40,20,52,75,45,65,7,25,25,80,11,
Medium267	1	1003368	44931	1192	91,75,85,35,5,45,25,25,50,66,5,16,15,0,55,21,40,20,30,50,
Medium268	1	1005488	36248	4796	50,0,60,90,73,95,85,35,26,50,6,15,16,0,55,22,50,40,30,
Medium269	1	1001455	32407	2057	70,70,81,55,55,46,5,60,30,15,70,20,5,90,61,41,51,87,
Medium270	1	1004972	33737	3128	70,85,65,36,46,6,53,41,20,1,31,80,80,62,76,35,
Medium271	1	1006037	33158	1080	70,60,30,25,81,96,50,10,60,40,61,55,5,41,90,90,87,
Medium272	1	1003021	37453	4559	36,75,55,80,97,65,5,15,20,16,0,40,62,5,10,92,86,5,35,
Medium273	1	1005641	34820	1012	40,76,1,41,80,65,80,35,25,15,57,40,15,65,5,71,80,15,65,6,45,50,20,
Medium274	1	1004341	35517	2757	60,60,70,0,55,82,35,26,36,87,6,41,41,0,0,82,32,21,85,52,65,50,85,85,77,25,
Medium275	1	1004836	33714	4376	60,71,25,25,70,25,30,45,65,51,65,65,6,30,15,31,0,0,62,20,42,21,67,76,75,
Medium276	1	1004627	35080	1187	75,65,65,55,45,86,1,30,90,25,15,90,65,31,6,80,75,40,50,75,5,35,60,10,
Medium277	1	1001611	34432	15897	26,80,45,15,52,95,61,70,96,30,25,40,40,71,70,45,16,65,
Medium278	1	1004346	36585	3566	25,30,51,71,95,80,45,15,95,50,30,61,82,65,75,7,35,90,10,
Medium279	1	1005734	35146	21035	60,75,45,95,35,60,95,5,5,27,17,1,65,30,40,30,30,60,5,50,
Medium280	1	1001125	44612	3341	55,0,25,60,35,81,92,75,25,80,66,65,40,86,5,5,16,15,0,45,20,21,40,30,
Medium281	1	1004949	33271	5198	70,55,35,92,65,25,40,85,6,17,1,45,22,30,40,
Medium282	1	1011166	32990	1878	20,16,85,85,30,91,75,15,85,41,50,7,50,60,47,1,80,80,10,70,95,35,95,80,11,
Medium283	1	1007660	34582	6726	40,50,92,85,6,25,16,26,30,40,15,2,30,81,60,20,77,61,86,36,20,20,
Medium284	1	1007304	34098	19240	0,50,90,75,12,10,80,70,96,30,95,41,20,40,90,40,90,51,30,5,90,85,62,85,85,77,
Medium285	1	1005944	31762	4411	0,10,80,97,80,45,70,35,66,65,80,50,35,10,0,25,35,43,90,5,60,91,50,31,50,86,76,85,75,
Medium286	1	1002191	32815	1414	0,35,25,40,70,71,50,85,50,25,40,60,70,6,90,60,85,85,90,36,
Medium287	1	1004341	43238	1992	50,36,1,50,60,60,45,25,15,76,51,6,30,60,31,1,56,70,20,60,55,6,35,70,10,
Medium288	1	1006363	35409	3130	20,11,41,35,70,35,50,66,6,22,0,60,60,31,45,30,76,65,65,
Medium289	1	1001716	38264	12601	20,85,66,65,1,30,50,15,22,10,70,50,85,40,90,6,41,80,77,
Medium290	1	1003209	35229	1233	60,10,0,35,0,72,27,30,25,77,5,40,42,0,71,0,50,30,50,70,51,20,36,5,21,75,75,65,75,5,66,
Medium291	1	1005616	33260	1718	0,81,25,31,70,55,30,80,55,45,45,20,60,5,61,41,51,87,90,76,75,
Medium292	1	1006411	37739	29003	96,60,95,45,35,76,75,0,35,20,80,35,0,42,91,30,85,50,85,25,40,85,
Medium293	1	1002671	35163	4090	30,25,45,15,75,65,57,15,0,32,5,71,82,15,26,66,
Medium294	1	1003756	34549	1855	65,10,40,80,71,10,40,55,36,66,5,22,0,61,32,85,45,66,55,5,85,
Medium295	1	1005028	32572	1754	5,61,55,35,70,25,15,71,80,60,90,90,46,45,85,75,10,5,20,30,
Medium296	1	1001447	54736	2103	71,65,35,25,16,15,20,6,52,1,30,62,75,35,45,
Medium297	1	1001849	43540	6092	85,50,75,75,85,40,52,95,60,45,80,60,70,95,95,80,60,45,5,15,20,5,30,60,5,40,90,75,75,
Medium298	1	1011210	37808	2030	30,82,52,42,85,85,62,85,35,95,96,35,5,17,0,30,30,20,91,30,5,80,10,10,80,90,80,46,55,5,66,55,
Medium299	1	1007204	33706	9065	91,60,80,90,25,15,70,45,51,51,26,95,87,40,30,40,62,45,15,95,95,6,15,
Medium300	1	1008650	34018	964	75,60,35,15,85,75,75,21,5,50,5,43,1,50,90,62,55,85,5,90,5,85,5,25,70,10,
Medium301	1	1014483	34717	10114	70,25,10,81,95,10,40,50,50,96,36,42,85,31,25,91,55,65,90,85,76,75,31,5,25,85,
Medium302	1	1001550	32535	1726	35,25,60,45,25,50,5,17,0,55,21,20,50,30,40,7,60,90,76,
Medium303	1	1005963	44458	3824	50,75,67,36,70,1,41,71,25,60,85,70,5,25,55,5,30,91,55,25,
Medium304	1	1003072	38043	5528	80,75,57,0,35,15,21,20,60,60,75,40,10,5,5,41,70,65,80,66,
Medium305	1	1006782	40911	808	55,16,45,95,36,25,35,40,50,87,40,60,5,60,61,0,50,72,55,15,7,45,80,20,
Medium306	1	1005891	33354	1767	65,35,25,40,5,5,17,1,45,21,20,40,30,7,80,90,50,66,
Medium307	1	1010769	32695	6320	0,51,25,70,0,16,31,85,40,30,15,5,20,6,10,90,80,76,
Medium308	1	1003550	33592	2116	26,35,40,80,40,50,50,71,95,40,25,30,5,15,80,80,30,6,20,90,75,
Medium309	1	1008247	37390	9447	25,35,5,16,15,60,81,25,52,40,75,0,30,40,40,85,85,67,31,75,25,
Medium310	1	1001209	35019	2088	45,95,75,45,5,17,35,50,0,20,40,40,40,5,90,5,81,75,75,90,66,
Medium311	1	1014845	33813	2919	61,35,85,26,40,5,17,0,45,22,40,5,10,80,66,5,30,
Medium312	1	1002733	32916	4044	0,0,85,15,22,60,20,71,10,86,41,50,41,6,90,30,30,80,75,30,90,75,80,67,5,75,
Medium313	1	1005880	38457	4953	61,70,50,35,70,97,45,5,15,16,0,40,40,20,40,5,10,92,65,55,5,75,
Medium314	1	1002956	34264	6382	20,71,35,41,66,5,55,11,5,21,20,1,61,30,31,66,75,75,56,
Medium315	1	1004037	35647	2236	35,0,60,40,50,85,25,25,40,71,70,70,6,90,60,86,90,50,36,
Medium316	1	1003145	33895	3113	95,26,0,31,40,50,80,25,41,96,37,5,45,20,21,40,75,30,92,85,76,
Medium317	1	1006313	33474	1143	60,45,20,10,30,72,10,56,55,6,22,1,30,51,43,35,66,56,
Medium318	1	1006730	32011	4256	60,70,80,95,56,25,25,35,5,41,40,30,20,90,90,40,90,0,20,85,50,51,25,5,66,76,
Medium319	1	1008474	33731	5064	0,80,40,80,95,20,65,77,0,15,20,20,20,30,40,10,5,71,90,85,85,
Medium320	1	1004313	42537	1936	60,25,75,60,45,15,85,76,30,5,5,45,86,53,1,35,70,60,35,20,60,35,5,5,55,70,10,
Medium321	1	1004113	33019	4791	25,1,80,66,25,35,40,41,30,20,40,0,20,80,53,25,76,61,85,85,
Medium322	1	1006565	33214	534	20,60,71,70,40,51,85,86,35,35,40,41,75,15,31,82,15,55,55,26,75,75,65,66,30,15,30,7,35,35,60,20,20,
Medium323	1	1028443	34719	753	80,40,70,56,90,55,90,90,36,76,7,31,15,20,30,0,0,71,52,85,76,6,85,
Medium324	1	1003535	35936	1770	0,40,35,50,85,86,25,70,10,72,40,60,80,6,60,35,91,35,60,80,56,
Medium325	1	1001408	33108	2181	0,61,15,22,70,45,80,45,36,50,10,5,51,31,41,90,75,85,76,86,
Medium326	1	1002199	39420	777	36,61,80,25,80,25,45,75,51,95,5,17,0,56,40,41,22,51,5,30,30,10,5,90,70,85,
Medium327	1	1000956	35129	4804	81,10,5,45,35,53,30,75,0,60,41,75,75,61,85,60,85,25,45,
Medium328	1	1009343	32922	6848	81,70,46,25,30,5,50,32,65,0,20,42,65,85,51,75,25,5,85,75,65,
Medium329	1	1003910	49410	4212	76,66,35,41,26,5,6,15,16,21,46,31,30,40,60,70,50,95,96,
Medium330	1	1005613	35893	3959	0,60,0,70,71,27,76,75,6,33,0,0,70,70,70,21,41,50,15,50,51,20,67,77,45,
Medium331	1	1009001	36159	1528	15,97,45,50,75,50,85,75,15,75,20,6,30,30,51,30,60,40,0,0,91,40,62,85,45,6,15,85,
Medium332	1	1000339	35393	2990	30,0,51,80,25,65,15,75,66,51,36,6,40,40,80,91,75,75,5,55,60,10,
Medium333	1	1012249	32888	13764	76,15,60,75,90,80,36,42,30,60,50,30,50,95,96,40,87,70,10,71,20,20,31,51,
Medium334	1	1007562	38166	1348	35,25,60,55,75,60,55,86,5,15,43,0,80,80,52,86,6,65,45,10,5,70,20,
Medium335	1	1003499	42367	11437	35,25,40,75,40,60,6,15,16,1,45,20,50,90,21,30,76,40,
Medium336	1	1006997	42664	2907	5,15,20,30,30,71,85,15,85,15,0,40,41,80,15,80,75,35,40,80,6,50,61,75,75,
Medium337	1	1000842	34905	2974	30,70,0,15,80,45,21,80,96,95,0,60,61,90,90,86,25,60,25,70,10,85,
Medium338	1	1012856	33865	6965	25,0,92,85,37,0,15,60,80,96,60,21,20,20,40,10,5,75,60,95,
Medium339	1	1003994	40056	1516	81,25,70,15,70,45,45,66,55,5,30,30,31,0,61,42,66,76,5,86,
Medium340	1	1009516	32689	5091	80,60,20,80,70,55,55,35,5,40,41,80,0,30,51,75,66,50,35,75,
Medium341	1	1005336	45162	5928	20,40,50,70,90,40,20,90,70,66,35,6,50,51,0,30,62,35,75,96,
Medium342	1	1008053	33927	4416	80,80,70,45,30,51,45,66,5,25,5,31,30,0,20,0,61,41,41,86,65,25,76,65,
Medium343	1	1009705	35237	3534	95,40,50,60,80,61,55,80,45,96,45,5,17,20,0,40,40,40,50,50,5,75,90,90,10,90,85,66,76,5,5,85,
Medium344	1	1003772	37418	1350	40,61,70,35,15,85,21,5,42,0,51,72,55,5,65,6,25,80,10,
Medium345	1	1004136	33108	5482	25,90,90,55,85,30,40,10,61,86,10,5,5,41,40,0,0,81,50,50,95,50,86,6,95,
Medium346	1	1005405	44886	1332	95,20,81,61,45,95,60,95,75,50,20,30,60,50,75,75,6,15,20,20,5,70,71,90,87,
Medium347	1	1004616	33762	1528	65,11,30,0,0,80,95,95,95,81,50,45,66,0,35,51,15,85,75,25,16,85,30,5,75,62,50,40,25,90,91,85,5,75,25,
Medium348	1	1002132	37592	11837	80,80,95,36,75,35,90,75,1,25,15,86,16,20,5,5,72,90,40,51,65,85,66,
Medium349	1	1007347	34788	2770	30,85,5,40,10,20,56,60,86,5,41,40,0,80,80,51,35,50,86,25,
Medium350	1	1001492	32417	1740	70,61,70,85,60,85,46,56,55,5,17,0,25,40,32,60,20,7,40,80,76,
Medium351	1	1002243	34216	3798	30,65,11,70,10,60,36,20,40,90,53,45,85,31,65,75,66,75,5,75,
Medium352	1	1003631	37944	13754	55,35,25,60,71,40,5,16,95,15,70,0,45,22,40,5,30,70,
Medium353	1	1007686	33812	1771	80,80,75,35,65,95,26,40,40,5,55,17,0,45,20,65,20,20,65,40,5,30,10,90,86,
Medium354	1	1009774	35589	929	20,65,40,30,30,40,51,75,87,75,75,66,5,20,40,5,16,40,20,5,60,20,60,70,55,
Medium355	1	1003853	42927	3417	90,60,85,60,55,85,21,20,80,50,30,80,66,0,97,40,40,50,51,45,45,5,91,90,35,35,87,
Medium356	1	1009041	36584	1575	0,81,65,20,15,70,22,10,60,87,40,40,30,52,50,46,82,77,5,67,
Medium357	1	1007847	35858	2832	50,15,35,25,97,40,71,80,81,65,17,60,80,35,76,6,60,35,26,
Medium358	1	1007560	36296	11945	65,25,35,70,46,45,25,95,50,85,76,6,17,0,55,21,95,20,30,50,
Medium359	1	1007855	34692	8734	95,10,60,20,10,80,95,95,0,30,55,77,0,31,20,91,85,15,30,6,70,41,85,50,60,85,
Medium360	1	1004439	33728	11760	90,90,65,30,85,30,86,25,75,25,6,46,53,1,41,20,20,62,25,5,95,70,95,
Medium361	1	1005738	33077	6010	1,25,30,85,15,90,30,70,85,50,90,60,30,40,20,30,10,60,6,51,80,75,76,
Medium362	1	1007202	32373	6646	70,55,61,80,55,25,96,25,5,35,43,0,30,21,52,25,5,90,91,85,65,76,
Medium363	1	1005105	40732	3670	35,80,61,25,60,50,95,25,40,85,5,17,0,45,22,40,60,30,6,50,
Medium364	1	1012377	32996	2068	0,80,95,75,0,26,31,80,52,65,85,35,35,21,5,70,90,85,65,45,
Medium365	1	1008306	39400	1511	80,55,35,5,15,40,20,75,40,55,80,97,17,0,61,60,92,86,50,70,70,45,45,60,30,85,
Medium366	1	1013289	38232	995	45,85,90,90,62,70,85,35,15,85,35,95,20,5,43,95,0,95,51,72,56,90,91,66,7,25,80,10,
Medium367	1	1011420	32331	2038	95,80,66,70,30,96,0,20,45,65,11,50,0,20,30,20,20,91,75,5,60,40,86,75,50,75,85,
Medium368	1	1009609	34350	394	85,85,85,0,92,61,46,51,70,50,41,65,70,66,45,45,55,55,97,7,92,82,50,18,51,97,1,25,25,32,20,20,70,70,
Medium369	1	1007774	39380	5088	10,90,50,60,50,71,70,56,97,5,15,62,0,80,45,45,55,90,90,81,76,80,96,
Medium370	1	1001713	32884	6596	0,0,81,15,21,80,95,60,20,95,75,10,5,40,95,40,55,61,60,50,90,91,85,76,86,30,
Medium371	1	1002226	38704	733	30,40,75,65,80,30,50,96,30,30,95,40,85,86,6,15,60,60,20,5,80,90,76,
Medium372	1	1004106	33311	1096	60,85,86,55,75,46,36,1,25,17,20,5,5,30,31,41,1,51,60,60,75,60,55,5,81,75,
Medium373	1	1008332	34767	1880	20,15,80,41,50,80,35,35,65,76,5,22,0,71,31,86,30,45,76,
Medium374	1	1000666	32454	760	35,25,15,51,0,70,70,67,76,5,58,0,10,65,72,80,80,80,46,45,85,86,76,20,30,75,
Medium375	1	1004318	37084	12388	65,35,26,80,51,96,6,16,15,0,55,21,40,20,50,30,
Medium376	1	1003695	32695	3847	0,41,85,70,67,0,15,21,20,10,40,6,70,85,30,52,80,90,76,90,75,
Medium377	1	1018484	35611	15197	45,5,15,16,0,70,40,20,80,35,52,65,85,65,35,77,40,92,40,85,65,
Medium378	1	1005546	47183	917	90,20,60,5,70,61,15,20,30,80,30,80,95,96,50,71,70,55,91,85,35,35,60,86,
Medium379	1	1009455	33268	5738	70,65,35,80,5,95,35,20,45,5,45,53,0,41,0,31,62,91,35,6,75,85,75,
Medium380	1	1011933	35972	10027	71,40,80,0,40,97,35,50,25,65,40,16,25,25,30,66,0,31,91,21,45,85,50,50,76,85,85,30,45,
Medium381	1	1000950	47355	2409	21,10,5,5,70,30,81,90,46,50,62,55,41,36,87,
Medium382	1	1007121	32560	8201	95,5,60,96,45,80,37,17,75,40,76,21,1,42,50,90,30,5,5,85,90,86,
Medium383	1	1018012	36857	25249	25,90,85,25,30,5,17,0,45,35,22,30,70,6,85,52,90,80,77,
Medium384	1	1008536	36791	6374	80,50,35,5,15,16,20,80,0,50,70,40,30,40,40,75,66,57,80,31,5,75,
Medium385	1	1005010	51548	10654	41,25,55,30,40,55,60,75,96,75,75,6,17,0,45,21,20,30,40,
Medium386	1	1004342	32284	3172	60,6,15,40,26,60,70,85,85,15,85,30,15,1,56,31,15,81,75,40,76,66,30,
Medium387	1	1008646	31821	7257	95,0,60,60,70,95,80,95,12,92,21,32,76,51,65,85,65,10,85,75,85,25,
Medium388	1	1007921	40979	1215	91,10,41,1,60,80,55,60,35,25,60,5,5,71,82,75,1,67,20,5,30,
Medium389	1	1013082	38380	14708	20,10,0,81,95,41,95,50,0,51,91,35,85,15,90,50,5,60,71,40,86,
Medium390	1	1009577	40100	4440	20,80,50,20,50,80,11,65,46,66,6,31,31,0,61,41,40,86,55,66,
Medium391	1	1006809	33596	8666	35,45,52,16,95,87,20,41,50,31,63,95,71,35,15,45,6,95,
Medium392	1	1007081	38008	2126	75,25,15,45,80,81,76,30,52,85,85,85,41,61,61,46,80,5,26,81,15,56,15,
Medium393	1	1004896	34754	11535	30,70,50,81,65,12,60,70,87,40,51,50,45,82,75,66,75,65,5,75,20,
Medium394	1	1005046	32316	940	85,35,61,85,35,40,71,85,56,5,15,16,0,26,41,40,31,20,20,61,7,51,80,76,
Medium395	1	1000266	38170	2412	85,35,60,45,55,35,0,25,60,35,75,61,5,81,25,92,55,45,25,
Medium396	1	1008794	34071	2015	71,45,95,65,55,35,0,15,15,27,10,10,5,50,60,51,0,16,15,21,81,5,55,80,41,31,5,70,70,
Medium397	1	1011090	32399	1690	50,96,85,75,35,1,25,40,40,40,51,61,5,25,50,5,80,90,76,36,
Medium398	1	1012895	33385	4002	70,15,20,40,36,66,5,21,55,20,0,61,31,30,16,66,5,76,
Medium399	1	1007007	32647	28915	80,25,30,42,10,60,40,35,50,75,50,60,96,86,21,10,51,85,10,5,60,20,31,60,
Medium400	1	1010001	35693	1146	50,70,85,35,95,60,45,26,60,5,17,0,65,22,60,30,40,6,10,90,80,75,
Medium401	1	1010863	41691	11857	30,5,95,15,20,30,80,16,95,70,45,0,95,50,51,90,70,90,85,60,35,50,6,86,
Medium402	1	1009136	32593	892	45,60,60,36,45,20,5,50,71,45,5,20,21,0,41,31,30,65,45,65,45,
Medium403	1	1004398	32312	1308	35,35,80,40,71,80,97,55,55,5,65,15,16,0,15,25,60,25,40,41,31,21,50,6,70,70,5,50,90,86,
Medium404	1	1009404	33167	600	60,75,75,46,17,86,26,85,30,50,30,60,75,5,6,35,61,55,35,80,21,
Medium405	1	1002930	40474	3276	80,60,50,75,35,80,75,45,6,62,0,0,40,30,73,45,35,5,55,6,86,
Medium406	1	1003592	34168	6643	91,85,65,20,50,85,65,35,70,85,5,40,70,41,0,30,61,55,60,70,35,96,
Medium407	1	1006311	35407	21637	20,0,71,80,10,96,30,10,0,31,90,91,25,41,50,61,50,85,76,25,50,45,30,85,6,85,
Medium408	1	1001397	34089	6158	11,70,0,80,97,20,45,67,0,21,90,90,30,75,50,15,20,85,5,60,40,85,50,85,30,76,
Medium409	1	1002676	39851	1742	20,15,81,41,36,76,65,55,65,5,20,21,0,61,32,86,65,45,65,
Medium410	1	1002067	41064	7126	75,36,25,40,0,40,0,0,91,30,16,76,60,86,61,96,26,15,31,
Medium411	1	1004168	35782	20921	70,0,30,90,16,22,11,80,95,80,5,95,45,95,60,72,65,91,85,86,
Medium412	1	1006485	39221	14782	55,45,85,15,76,21,0,92,45,30,20,75,60,45,0,53,5,40,40,61,95,35,95,35,95,86,
Medium413	1	1010067	32926	2277	85,75,40,95,60,11,20,30,56,85,85,5,42,0,81,52,96,86,35,
Medium414	1	1012687	34018	6345	41,1,15,81,90,90,36,60,70,71,65,31,45,45,97,86,10,
Medium415	1	1002735	39590	10166	10,50,80,96,36,95,75,40,65,76,0,41,90,50,90,85,15,40,85,5,5,85,
Medium416	1	1004472	42892	1804	85,70,95,55,70,46,25,15,86,95,30,60,6,62,55,1,70,70,95,36,35,5,5,80,65,80,20,10,
Medium417	1	1007799	39119	10579	81,75,46,15,15,95,5,61,61,0,40,70,85,70,55,70,45,15,
Medium418	1	1004348	34254	3390	45,90,20,80,75,12,0,70,30,91,87,52,60,60,82,75,95,75,36,96,16,50,75,
Medium419	1	1005719	34475	2038	40,95,95,75,86,65,0,26,42,0,50,31,30,6,80,90,50,66,76,
Medium420	1	1006508	32932	1700	20,0,80,80,50,35,95,75,0,40,51,85,65,26,40,40,5,70,90,85,65,
Medium421	1	1005536	33845	5320	80,80,55,25,66,5,25,35,43,30,20,0,60,20,51,50,86,76,25,
Medium422	1	1008139	34941	954	15,30,85,95,25,77,30,40,50,5,41,40,0,15,50,62,85,15,55,85,7,35,70,20,
Medium423	1	1001685	37228	6469	81,40,55,76,61,16,75,6,42,1,71,52,75,35,75,86,
Medium424	1	1009016	34904	9443	0,10,90,50,60,60,60,70,91,87,0,30,51,50,30,43,36,20,82,97,6,77,
Medium425	1	1008894	35486	3401	95,70,70,0,80,50,95,30,16,95,20,45,67,0,21,91,85,30,76,20,6,60,40,85,50,85,
Medium426	1	1005239	34989	3874	95,45,70,70,55,85,67,1,20,15,20,21,10,5,5,61,80,50,30,5,75,75,
Medium427	1	1003136	33099	2943	30,45,85,85,75,55,0,30,25,16,90,67,25,90,15,30,25,30,5,81,90,76,
Medium428	1	1006840	34286	4879	30,30,80,65,65,11,10,60,60,20,20,71,87,50,40,51,50,45,81,80,77,67,
Medium429	1	1003363	33167	871	60,85,76,85,35,15,35,96,15,40,95,20,50,61,20,75,60,55,85,5,6,26,90,11,
Medium430	1	1014166	34864	4353	81,45,30,20,65,45,50,66,5,32,0,61,40,40,40,66,5,75,25,86,
Medium431	1	1013993	34994	3901	65,10,40,75,90,10,20,80,20,0,90,50,66,76,40,30,51,90,86,16,41,
Medium432	1	1015572	32813	8700	91,75,55,80,55,65,65,26,5,35,40,42,0,30,21,75,75,52,61,96,86,25,
Medium433	1	1006558	33471	6586	60,70,10,71,40,85,51,95,85,95,95,85,36,42,31,82,91,10,90,26,76,75,67,31,6,25,55,
Medium434	1	1004070	32419	951	45,15,75,67,20,80,36,50,51,85,5,5,76,5,25,60,10,
Medium435	1	1017680	35002	3564	95,5,16,21,80,15,0,31,80,95,95,52,91,85,35,50,6,70,40,86,
Medium436	1	1007561	41566	3561	11,60,20,20,85,60,71,40,56,86,5,42,0,81,50,75,51,35,86,65,
Medium437	1	1007302	34698	2036	10,30,20,70,60,55,71,46,56,5,30,31,0,50,50,42,56,66,5,25,
Medium438	1	1007349	38641	9641	10,70,5,82,90,52,70,50,5,60,35,97,20,40,62,45,90,90,77,
Medium439	1	1004340	34908	4885	30,75,65,45,75,26,1,15,30,56,30,55,30,5,71,15,80,81,65,15,5,65,25,
Medium440	1	1004690	38858	4991	75,35,95,40,15,25,86,85,40,5,51,50,60,0,47,80,30,5,55,81,20,10,
Medium441	1	1009343	33384	2025	45,10,30,70,60,20,60,55,70,45,56,5,31,30,0,51,40,41,65,56,6,65,
Medium442	1	1005960	40053	830	70,50,45,45,25,25,16,95,95,85,95,86,31,5,52,0,60,60,72,66,15,5,6,36,80,90,21,
Medium443	1	1005134	34255	1409	0,15,80,50,81,30,41,71,95,16,20,7,10,90,75,
Medium444	1	1011693	36079	6164	70,80,45,60,80,71,97,70,55,5,15,80,15,5,15,25,26,0,75,40,0,35,42,70,80,30,6,5,61,
Medium445	1	1003715	34965	2261	50,30,50,41,95,95,61,95,87,77,5,5,26,30,30,51,5,16,30,71,80,65,
Medium446	1	1002750	34988	3696	81,95,40,70,35,95,95,60,70,50,71,65,10,6,51,91,20,86,85,
Medium447	1	1008966	32585	8436	0,70,40,25,0,80,95,17,31,30,20,51,7,10,90,85,85,
Medium448	1	1011059	41057	3547	85,45,36,26,45,51,5,95,75,15,17,60,70,0,56,42,22,51,6,60,31,
Medium449	1	1011828	32783	6763	95,60,0,25,70,11,70,80,96,42,50,91,85,60,76,40,86,
Medium450	1	1009524	34041	21694	60,90,75,30,13,0,20,80,70,97,42,30,92,75,61,40,85,52,76,6,85,85,
Medium451	1	1004150	34616	4679	85,60,20,40,60,90,55,70,35,5,55,86,5,42,0,0,80,30,80,50,51,95,50,85,35,95,85,5,65,
Medium452	1	1009618	38778	5719	0,61,25,70,45,80,96,95,26,6,15,70,30,5,20,20,90,87,
Medium453	1	1007995	33104	13934	85,90,66,75,36,45,5,53,40,85,85,30,0,70,30,62,70,35,96,20,
Medium454	1	1012009	39120	6537	60,45,35,26,81,75,95,50,5,81,17,0,55,20,40,21,50,30,
Medium455	1	1008842	34653	3533	71,70,60,10,10,42,15,36,40,67,5,55,23,0,62,31,11,76,30,55,10,67,55,75,
Medium456	1	1008442	33089	11366	95,15,87,21,5,32,30,0,40,70,27,81,5,61,61,55,10,96,
Medium457	1	1003069	36974	36645	30,52,0,15,21,40,80,96,60,72,65,92,17,87,
Medium458	1	1002779	32339	625	20,0,55,61,60,90,90,50,27,55,90,35,35,55,85,75,86,75,15,75,60,7,65,70,10,
Medium459	1	1006695	37837	844	40,97,76,0,0,40,50,35,25,15,40,40,5,5,71,50,80,51,76,0,0,45,46,10,5,5,20,
Medium460	1	1004386	43716	6598	70,70,60,95,55,5,16,20,15,30,0,52,5,5,60,45,91,45,75,
Medium461	1	1022083	33908	14034	61,86,95,35,15,77,20,5,43,0,50,26,71,10,85,25,
Medium462	1	1004028	34512	2064	80,80,70,46,25,30,67,5,15,30,55,31,0,20,40,41,80,76,25,
Medium463	1	1002654	34877	3168	71,35,95,46,60,5,60,15,15,15,0,20,42,6,90,75,81,90,55,55,
Medium464	1	1008986	38303	2035	90,30,0,25,60,90,70,55,87,26,6,15,60,40,5,21,80,77,
Medium465	1	1009114	33683	1740	65,80,80,15,20,50,40,40,36,76,5,21,20,0,71,31,85,30,45,76,85,
Medium466	1	1004988	35944	35446	90,60,60,45,5,15,16,0,80,60,36,20,75,90,40,50,50,50,95,75,75,95,85,86,41,35,
Medium467	1	1010044	38629	1034	90,90,75,0,55,27,80,90,75,55,5,37,5,5,21,46,62,40,30,72,35,50,96,95,
Medium468	1	1002813	33170	1791	30,51,0,81,96,45,60,0,15,20,60,0,55,22,10,50,6,40,90,86,
Medium469	1	1002103	34649	1695	35,1,51,80,75,45,80,25,90,45,65,35,25,75,51,6,5,55,55,60,70,21,
Medium470	1	1017686	33322	4994	82,50,76,35,51,95,85,26,40,5,17,0,45,22,40,5,75,10,90,30,86,
Medium471	1	1011391	38787	1498	65,96,65,65,85,1,75,40,51,75,25,41,6,80,30,90,75,
Medium472	1	1003867	36680	5872	15,26,50,70,15,31,95,45,52,1,40,86,40,15,41,5,56,60,91,85,
Medium473	1	1002926	33870	1403	65,70,95,20,30,85,30,41,85,95,51,95,85,65,20,65,6,40,15,70,15,21,40,5,61,80,55,
Medium474	1	1014290	33051	7278	25,95,50,15,60,87,30,70,5,51,40,50,60,0,37,5,55,80,81,20,10,6,95,95,
Medium475	1	1002983	32499	3221	80,75,1,15,25,33,20,61,10,75,5,50,5,51,80,70,40,67,
Medium476	1	1004438	35798	3026	75,30,20,51,45,85,66,85,65,5,20,21,0,10,0,81,30,40,41,76,55,30,86,30,
Medium477	1	1009691	35877	2595	0,50,50,95,85,95,50,40,60,95,35,40,85,40,0,75,25,17,20,5,81,80,40,15,30,90,90,50,75,75,
Medium478	1	1004320	37448	2138	96,85,35,1,50,60,76,45,25,51,6,80,90,75,
Medium479	1	1006847	34861	4245	90,66,85,45,36,50,91,75,77,97,6,27,30,17,0,0,55,31,30,50,40,
Medium480	1	1003690	34693	2201	50,97,45,50,15,75,85,76,60,20,5,32,51,0,40,90,40,62,85,90,45,85,16,
Medium481	1	1006262	37827	1696	85,90,60,85,1,41,50,35,25,15,41,6,81,51,90,50,86,1,45,10,20,45,45,
Medium482	1	1003801	40703	1010	61,95,50,80,20,80,45,96,60,50,75,20,30,60,76,5,6,15,21,71,70,90,87,
Medium483	1	1004284	34782	1289	91,50,51,60,85,70,35,35,15,86,95,20,95,95,41,61,60,45,45,92,55,55,7,25,80,10,
Medium484	1	1022890	34349	912	50,82,60,40,76,10,5,23,75,0,31,42,36,70,70,57,70,85,86,66,5,65,
Medium485	1	1006065	51587	1221	45,70,35,67,0,10,80,92,55,26,35,36,40,40,21,52,26,30,96,75,85,40,40,6,95,
Medium486	1	1011903	38260	4371	20,41,35,76,65,5,5,21,56,20,1,70,70,32,66,15,76,
Medium487	1	1004032	44122	3858	90,45,65,91,35,85,26,75,75,50,6,17,0,55,21,30,40,20,50,
Medium488	1	1007085	32890	7996	40,30,85,55,75,25,5,85,40,65,41,0,91,90,20,51,76,35,50,25,6,85,
Medium489	1	1002105	41206	1735	76,75,0,0,50,50,60,45,35,50,25,50,6,71,80,60,61,76,1,57,5,20,30,
Medium490	1	1012541	32602	4311	71,81,97,55,6,70,55,67,27,17,1,35,40,70,41,30,5,6,50,50,90,86,
Medium491	1	1007497	37374	942	16,65,45,75,25,66,55,37,41,90,5,81,90,15,5,55,5,45,60,20,
Medium492	1	1001817	33480	12498	21,30,76,80,30,42,35,85,65,70,95,51,96,86,5,51,15,71,40,20,
Medium493	1	1005666	35339	1575	0,95,10,75,10,21,60,35,81,96,75,40,55,75,0,41,91,85,85,25,40,5,70,5,50,60,85,
Medium494	1	1003708	32617	1840	70,60,45,30,20,82,55,56,11,5,5,31,30,1,51,42,76,56,
Medium495	1	1009822	33245	10656	40,80,70,80,66,25,95,5,95,25,35,51,51,30,20,91,0,20,62,86,25,45,
Medium496	1	1004059	37535	2737	60,45,95,51,70,70,80,35,15,95,95,20,5,62,50,0,41,82,75,45,7,25,90,10,
Medium497	1	1006465	33528	1095	35,40,75,65,75,86,5,17,20,0,81,15,80,90,91,36,35,96,95,86,85,5,40,50,
Medium498	1	1004733	38398	2299	36,40,0,65,25,17,20,5,32,0,40,52,66,45,75,76,
Medium499	1	1002036	33131	1399	30,20,50,90,46,85,15,85,5,75,32,0,80,80,40,41,65,85,95,85,95,25,
Medium500	1	1003055	32231	9022	95,0,70,60,80,10,25,10,96,31,60,40,30,91,86,75,75,85,30,
Medium501	1	1012782	32704	3444	0,75,15,25,30,66,45,85,65,0,32,5,80,25,91,40,51,15,80,75,75,25,90,15,
Medium502	1	1007822	37797	3754	30,66,50,80,50,45,76,6,32,1,71,42,25,75,86,75,
Medium503	1	1009164	37862	5448	35,25,15,85,85,50,85,40,5,52,60,0,47,5,55,81,30,20,80,10,
Medium504	1	1004446	32092	6172	70,81,60,56,25,96,25,35,5,42,30,40,0,21,90,50,91,86,50,76,50,25,
Medium505	1	1004905	38149	1779	40,65,71,55,35,55,25,15,16,65,20,5,65,5,40,40,40,1,61,50,30,76,51,65,65,50,35,
Medium506	1	1006409	32808	5710	35,20,76,50,62,75,0,55,15,90,81,90,36,16,80,5,20,70,60,15,30,97,
Medium507	1	1006666	35874	1464	25,40,16,95,60,35,85,50,86,40,5,50,51,0,25,60,71,70,65,25,5,15,5,5,45,80,30,
Medium508	1	1002323	33470	1013	0,35,61,91,46,56,26,86,85,75,61,90,5,35,6,66,70,80,21,
Medium509	1	1003378	35119	3680	10,50,0,36,25,75,40,82,70,80,5,5,60,90,55,90,55,35,
Medium510	1	1010798	34859	3899	60,90,90,85,75,85,5,62,55,55,75,0,80,95,75,1,15,65,22,10,20,60,6,70,90,30,85,
Medium511	1	1004723	39707	2284	41,61,51,86,97,35,5,15,15,15,0,30,30,20,30,90,5,10,91,65,45,55,
Medium512	1	1005278	33827	1726	41,80,35,20,80,50,35,76,15,5,20,65,21,0,71,32,75,86,75,45,
Medium513	1	1005151	32387	6198	61,70,96,50,80,95,11,20,1,21,91,31,50,75,85,66,20,6,76,85,85,
Medium514	1	1012891	33161	7421	80,95,70,40,66,25,25,5,35,51,50,50,0,30,20,20,91,62,76,25,45,7,85,
Medium515	1	1003973	33521	3449	81,35,0,65,25,15,16,20,77,5,31,30,0,40,52,45,5,66,
Medium516	1	1001912	36613	8550	30,90,75,40,10,10,80,10,30,70,96,0,95,40,51,63,56,92,76,75,85,86,
Medium517	1	1006029	33125	7845	20,30,42,16,35,25,26,87,31,5,25,45,53,60,0,35,40,36,5,55,81,80,10,10,
Medium518	1	1006765	36919	3908	70,5,81,80,90,42,95,50,85,61,70,10,25,60,96,30,52,35,40,90,90,77,
Medium519	1	1006238	33543	4206	71,91,81,55,80,25,17,20,50,40,90,50,15,76,75,5,42,0,70,70,70,10,30,50,95,25,11,77,87,96,
Medium520	1	1017747	32356	4386	5,61,15,20,60,70,90,91,86,16,85,0,32,80,55,96,15,41,81,77,25,67,25,30,95,
Medium521	1	1001967	43482	3527	25,45,50,25,66,85,1,35,36,50,75,51,6,80,80,91,25,45,
Medium522	1	1007674	37437	3996	15,85,26,86,30,70,95,55,45,6,45,62,40,60,1,40,51,72,55,6,25,16,
Medium523	1	1008609	33022	7879	80,1,41,90,31,26,50,61,80,90,25,36,5,80,70,40,35,5,50,20,50,20,20,96,30,70,95,10,
Medium524	1	1004093	35035	5106	70,30,70,70,15,56,60,30,26,30,40,25,67,5,40,40,40,0,62,52,20,77,21,67,
Medium525	1	1001086	43646	1764	90,65,45,35,91,25,25,50,6,15,65,75,86,16,0,55,22,30,40,50,
Medium526	1	1011037	34626	17989	45,50,70,66,95,85,26,5,51,50,0,20,62,25,35,95,95,
Medium527	1	1013240	32364	2799	70,10,35,25,25,81,40,80,26,31,60,55,55,77,5,40,41,0,71,51,35,70,35,50,20,22,76,87,75,
Medium528	1	1021600	32940	3308	85,75,75,36,5,45,63,40,0,30,82,30,70,20,50,71,36,50,97,
Medium529	1	1035740	36526	17650	35,5,17,61,0,80,91,30,52,90,86,65,75,20,66,31,45,7,75,
Medium530	1	1002245	36211	12444	80,20,90,0,10,61,70,10,80,45,60,97,50,71,70,55,92,87,66,30,
Medium531	1	1001739	32952	1520	85,0,50,60,86,35,0,25,45,50,75,17,20,50,5,30,31,0,50,41,60,60,75,81,60,45,75,
Medium532	1	1002744	39263	2660	60,36,85,46,0,60,55,25,77,90,61,90,5,45,81,90,35,55,
Medium533	1	1016470	38273	20005	50,11,36,95,80,96,40,65,75,76,20,1,41,91,50,87,15,40,
Medium534	1	1009645	36091	4534	70,10,65,35,10,56,55,10,5,20,40,66,5,20,21,0,61,31,30,66,76,
Medium535	1	1009085	36282	3662	0,70,15,25,55,80,31,80,96,40,30,30,10,95,60,20,70,71,65,90,5,90,5,87,
Medium536	1	1007326	31884	4159	25,90,32,25,70,42,20,81,95,5,17,96,30,40,0,52,70,20,91,50,6,87,
Medium537	1	1000968	39484	6134	40,50,87,15,15,25,6,40,30,66,76,30,41,10,81,65,
Medium538	1	1008349	34515	854	15,65,85,25,66,70,30,31,50,95,75,60,41,20,80,95,76,6,60,10,5,70,90,85,
Medium539	1	1000692	32118	2353	15,0,90,80,51,51,60,25,5,97,40,30,30,60,60,30,10,60,45,91,87,
Medium540	1	1007654	34583	13335	0,97,55,20,46,76,75,60,0,20,11,80,45,50,50,50,60,40,85,91,15,35,50,5,85,85,
Medium541	1	1006003	38519	953	70,45,45,16,86,26,97,85,31,5,60,53,0,60,70,71,65,65,15,5,6,36,80,90,20,20,
Medium542	1	1007422	33535	15390	40,90,66,25,5,85,76,25,35,50,51,30,20,50,70,0,20,86,62,25,45,95,5,95,
Medium543	1	1003594	37732	16580	80,80,75,95,37,75,1,90,25,16,85,15,45,20,5,70,71,90,50,5,61,86,
Medium544	1	1010124	33026	3535	61,71,87,45,96,95,5,45,55,30,15,16,0,25,32,60,60,20,7,56,41,90,80,75,75,
Medium545	1	1005993	35825	2658	55,10,61,10,80,40,35,40,35,55,55,5,22,76,0,50,50,31,86,30,45,56,
Medium546	1	1018886	32740	3761	80,26,6,41,15,60,55,71,25,40,85,86,16,1,30,31,15,81,76,80,66,20,51,30,75,46,
Medium547	1	1011544	32175	4113	60,15,40,20,50,40,70,71,35,40,35,16,67,5,20,20,40,20,0,60,60,30,60,12,77,31,67,
Medium548	1	1009749	36136	3389	45,35,1,25,81,80,15,52,85,15,60,15,76,75,20,5,31,50,30,0,41,62,85,45,85,
Medium549	1	1002523	37547	16806	67,35,80,2,26,91,52,40,15,30,75,41,75,25,96,87,31,75,
Medium550	1	1010403	35730	19689	80,35,0,25,41,90,26,30,65,76,75,15,0,31,51,21,96,86,16,95,30,50,46,
Medium551	1	1007678	48720	1589	81,55,35,35,15,20,80,77,65,66,0,42,40,5,70,62,71,30,85,25,10,30,52,85,35,85,
Medium552	1	1006550	53570	1701	55,90,45,77,10,0,20,80,90,65,36,45,45,90,51,45,30,30,62,36,40,96,85,51,95,
Medium553	1	1010191	33622	3210	85,15,75,20,65,66,40,20,5,50,33,90,0,85,40,52,90,90,16,45,76,85,
Medium554	1	1007283	31876	895	25,0,16,32,50,80,50,70,80,70,80,95,41,21,15,7,10,90,75,
Medium555	1	1011478	34573	11000	71,20,10,45,45,65,30,50,50,66,6,31,30,0,61,41,75,40,25,66,75,
Medium556	1	1011609	34501	5949	0,61,0,71,70,26,30,10,25,77,6,31,30,0,0,72,20,21,65,75,40,53,66,76,
Medium557	1	1004601	42272	3264	60,70,80,81,95,45,35,75,26,65,50,6,17,0,55,22,30,40,50,
Medium558	1	1006561	42942	4956	35,61,70,81,95,25,45,80,25,50,75,65,6,15,16,0,55,20,21,50,30,6,40,
Medium559	1	1004186	40752	3528	40,61,70,70,55,55,86,15,5,41,20,40,0,81,51,30,50,65,75,86,
Medium560	1	1002740	32846	1179	95,45,15,75,52,25,85,76,30,41,61,60,85,15,45,85,15,7,35,70,20,
Medium561	1	1013406	44875	10203	45,90,65,85,35,25,75,25,50,6,17,0,55,22,40,50,30,
Medium562	1	1003308	33854	2789	75,40,80,50,95,60,96,75,6,15,20,30,50,5,70,90,85,
Medium563	1	1006750	35112	2128	80,65,0,20,70,15,20,20,60,20,31,87,40,10,53,45,82,65,65,77,65,
Medium564	1	1006007	41555	4363	75,10,21,86,51,65,45,85,76,6,32,1,71,41,40,55,76,
Medium565	1	1002194	50394	9299	50,90,45,45,26,35,71,90,66,85,86,5,15,50,50,50,0,80,80,62,86,96,5,30,5,21,75,
Medium566	1	1004380	46501	5836	85,90,70,36,16,25,90,65,40,65,86,5,50,50,51,0,80,80,61,95,20,60,10,86,30,45,75,5,95,10,
Medium567	1	1005632	36612	3278	52,70,95,1,40,60,35,25,15,85,50,0,90,90,62,96,5,45,55,80,10,20,
Medium568	1	1004201	33603	1851	40,95,25,35,50,50,50,15,85,86,40,61,72,15,15,26,65,7,45,80,30,
Medium569	1	1007165	33628	1403	85,70,45,45,85,26,16,97,50,30,30,60,5,70,85,70,70,15,65,6,36,90,20,20,
Medium570	1	1008697	41321	1876	50,35,80,25,40,80,75,25,50,5,95,65,15,16,0,55,22,50,6,10,90,70,85,30,
Medium571	1	1011857	33500	8222	40,40,80,95,75,36,20,6,56,62,50,60,50,1,31,71,70,85,35,91,85,
Medium572	1	1004095	32768	3030	75,45,60,35,50,6,75,17,27,1,55,32,50,40,7,80,90,75,
Medium573	1	1010602	38016	5933	75,75,65,65,86,85,0,40,50,25,95,35,41,6,80,60,70,95,
Medium574	1	1005790	33606	1696	61,85,75,11,21,51,46,85,76,85,6,32,0,80,80,0,40,71,42,76,85,55,85,
Medium575	1	1015431	36617	4233	60,45,25,10,80,75,31,60,45,80,95,95,60,95,0,52,90,65,91,85,35,50,85,35,20,65,40,71,85,
Medium576	1	1008603	33443	5648	65,80,70,0,55,92,26,37,97,5,5,41,41,0,0,92,32,20,75,20,51,85,62,76,95,50,50,60,25,96,85,
Medium577	1	1003272	44700	3214	55,16,86,25,70,85,30,6,25,46,62,60,40,1,40,51,72,15,25,55,
Medium578	1	1012406	37383	10920	80,11,71,80,95,95,40,35,0,20,0,41,91,75,90,15,75,40,50,61,87,75,
Medium579	1	1008372	35512	4652	50,60,71,20,30,50,81,97,46,5,17,20,0,40,40,40,5,10,91,90,85,65,75,
Medium580	1	1009208	32038	814	25,60,60,75,51,76,45,50,15,31,31,20,10,6,50,5,40,70,66,
Medium581	1	1000491	36778	7039	70,30,70,50,50,45,25,15,65,65,6,32,1,60,60,40,41,75,66,5,75,
Medium582	1	1004038	32822	2040	15,45,25,60,75,85,76,30,15,50,90,85,62,95,15,85,6,5,35,70,20,
Medium583	1	1004894	34670	3588	30,50,65,10,20,70,46,66,5,5,32,0,60,60,40,40,40,66,76,25,
Medium584	1	1022246	32808	6789	25,35,25,40,5,15,60,15,85,15,0,75,45,20,21,40,5,10,90,80,65,90,65,5,30,
Medium585	1	1006483	33381	8030	10,31,70,25,25,56,40,55,5,65,12,0,51,22,65,56,35,75,75,6,65,
Medium586	1	1017283	36639	11540	70,51,35,0,25,70,70,66,70,5,55,56,0,75,20,96,30,95,0,15,20,21,40,10,70,
Medium587	1	1008275	32996	4735	10,0,0,30,70,30,10,45,21,81,97,52,91,70,86,25,85,50,5,25,30,
Medium588	1	1015859	33955	2453	20,80,40,50,90,65,90,75,35,90,65,75,75,6,50,51,1,70,30,70,60,86,61,76,45,60,35,
Medium589	1	1008138	40397	6765	40,81,70,71,80,62,52,87,97,45,35,45,5,17,0,50,40,40,81,91,20,65,40,5,65,75,75,
Medium590	1	1002507	33428	2544	50,25,80,70,50,70,80,95,26,5,15,80,30,41,6,20,90,75,
Medium591	1	1001588	38427	1891	10,50,70,35,95,45,50,0,51,0,41,90,85,60,85,25,41,56,30,90,85,
Medium592	1	1020413	33788	4474	0,20,45,21,60,70,18,30,66,50,65,6,30,30,30,0,62,11,75,40,41,10,67,76,
Medium593	1	1006733	39301	3222	15,85,30,40,75,76,21,5,42,0,50,50,61,15,86,15,60,60,35,55,
Medium594	1	1012020	33579	4599	30,40,55,75,25,55,60,85,15,85,5,42,0,81,52,75,85,85,75,5,35,
Medium595	1	1003865	38503	1238	80,15,26,95,56,16,35,35,96,41,60,5,62,0,71,80,81,76,5,25,6,46,90,30,30,
Medium596	1	1022875	34050	8204	80,75,40,10,61,80,30,56,76,5,42,0,71,51,50,86,35,25,76,
Medium597	1	1011885	37851	2810	95,95,60,1,60,70,45,25,15,50,85,51,50,0,91,72,96,5,55,65,80,10,20,
Medium598	1	1018741	33855	10794	65,30,71,46,51,66,5,32,25,0,61,42,66,15,75,6,75,
Medium599	1	1009622	33830	3319	75,16,90,55,25,40,76,30,85,5,60,61,90,80,90,45,45,15,6,35,70,20,
Medium600	1	1009552	34787	10718	30,75,45,60,81,45,76,5,32,0,71,20,20,41,15,40,76,86,
Medium601	1	1006893	38239	3737	55,5,25,30,75,55,25,15,30,42,20,81,96,16,95,40,31,0,15,62,91,60,90,85,50,71,20,85,85,
Medium602	1	1012601	32294	795	70,80,55,0,61,92,35,35,55,27,60,51,86,15,85,76,60,7,65,70,10,
Medium603	1	1010860	36668	7375	30,60,60,80,46,77,5,32,10,0,71,42,85,20,76,85,
Medium604	1	1007022	32820	2477	65,70,35,80,26,25,10,5,30,25,60,40,55,60,60,77,5,40,40,40,1,30,72,53,36,22,75,86,75,75,85,
Medium605	1	1006247	42654	3632	15,41,35,65,85,50,76,5,85,20,21,0,71,32,76,5,45,
Medium606	1	1001503	34221	1598	20,31,65,55,15,55,55,70,20,20,40,20,76,86,50,85,75,50,5,10,65,6,70,80,65,
Medium607	1	1015213	36556	8990	31,0,95,25,63,5,56,37,87,1,15,65,21,96,21,60,10,6,41,
Medium608	1	1013018	42368	2432	80,51,46,26,76,5,65,32,15,30,0,71,42,55,75,75,5,25,86,
Medium609	1	1013038	33957	17984	20,75,0,80,80,95,66,50,15,65,0,20,40,41,5,50,76,60,90,35,50,86,
Medium610	1	1006980	34831	3840	61,0,81,55,80,25,35,25,40,70,36,87,5,42,0,82,30,30,20,30,75,85,20,51,51,25,86,6,65,76,
Medium611	1	1012346	32903	1209	60,30,70,55,20,45,10,80,81,56,6,32,0,21,20,0,50,50,40,75,41,75,56,
Medium612	1	1016364	33077	1896	50,70,60,60,15,40,81,25,70,16,30,66,80,65,5,40,41,0,61,60,11,10,67,77,
Medium613	1	1009864	35089	6423	50,20,45,70,35,35,65,80,35,40,16,55,66,0,41,90,90,30,86,76,40,5,61,85,15,30,90,26,
Medium614	1	1022128	33530	5568	0,11,21,20,70,95,95,30,55,85,0,31,91,75,15,30,5,80,5,75,81,90,40,50,61,75,
Medium615	1	1007215	32998	1855	75,15,90,85,45,65,25,66,50,30,5,50,91,50,80,76,16,6,35,60,20,
Medium616	1	1004022	39636	1324	40,40,25,30,50,80,97,25,66,65,6,15,71,30,5,60,90,85,
Medium617	1	1008019	33420	1651	70,1,91,90,21,16,70,15,97,40,20,6,42,32,30,1,92,11,10,96,52,76,75,95,
Medium618	1	1005949	32909	6770	15,30,50,20,71,45,45,66,5,32,0,61,42,66,5,25,5,76,
Medium619	1	1007475	34045	3614	10,30,40,20,56,86,60,85,5,42,0,81,52,35,25,86,
Medium620	1	1007070	39865	3744	85,16,20,75,76,50,20,5,30,31,40,50,30,0,60,40,62,45,15,55,6,85,5,85,
Medium621	1	1002974	32765	2340	75,15,20,41,35,15,75,6,65,56,22,0,0,71,10,30,32,66,15,76,
Medium622	1	1004925	37399	1082	85,55,75,20,60,40,30,20,30,75,40,85,85,75,56,6,15,60,31,5,51,70,45,
Medium623	1	1012962	33539	3326	80,51,80,25,75,35,95,25,40,5,17,0,65,45,22,40,50,5,10,90,86,65,5,30,
Medium624	1	1006671	33689	2409	70,55,60,16,35,25,86,85,40,60,72,25,25,65,15,7,45,80,30,
Medium625	1	1009008	33898	2363	35,25,0,90,60,61,90,55,90,87,77,0,16,15,5,71,60,15,81,70,80,97,20,20,40,6,30,
Hard001	1	1010064	41134	7465	35,25,115,51,60,90,45,25,125,60,115,90,0,71,102,70,5,110,120,96,81,35,35,46,
Hard002	1	1016351	35560	6150	0,35,91,105,90,0,85,115,115,26,25,5,100,90,15,55,100,25,100,112,37,115,105,10,5,41,70,60,
Hard003	1	1003308	32141	1050	10,10,30,7,35,15,112,40,35,90,100,90,35,70,0,35,45,0,20,100,55,116,90,62,50,106,25,80,105,60,
Hard004	1	1005303	39052	9591	105,115,85,125,45,95,95,55,36,60,70,6,17,27,1,65,75,33,60,50,40,70,
Hard005	1	1008276	33861	2054	15,80,15,105,45,25,97,30,65,56,6,73,1,51,61,82,65,15,7,35,90,20,
Hard006	1	1005657	32337	7000	96,115,105,50,65,70,71,55,100,81,125,110,125,95,56,6,15,25,76,31,25,100,40,40,81,5,75,50,50,120,115,115,
Hard007	1	1009797	32221	1830	80,70,40,80,70,97,56,65,5,16,16,0,60,26,30,40,41,31,21,5,70,5,70,5,51,90,86,
Hard008	1	1013596	32679	4044	25,95,100,85,40,60,61,45,105,55,75,115,96,0,15,22,20,10,5,91,110,30,85,106,5,60,
Hard009	1	1010520	35103	18576	65,50,35,40,106,26,50,40,6,17,1,55,20,80,30,45,90,20,20,70,50,20,90,105,40,
Hard010	1	1010865	34925	1512	80,40,105,55,70,95,95,20,40,0,0,70,120,80,15,105,35,70,95,70,5,5,110,120,105,5,75,90,10,
Hard011	1	1015959	36715	1168	65,70,50,105,35,40,71,60,60,87,66,76,56,5,15,20,6,52,0,70,0,70,60,60,80,90,80,105,80,105,65,
Hard012	1	1008729	32931	1652	126,125,85,75,37,70,0,80,81,110,65,110,120,25,105,80,90,120,55,56,95,75,30,5,65,30,95,110,46,5,5,85,100,20,
Hard013	1	1014704	38580	5218	110,50,80,36,16,25,110,95,40,70,66,106,5,52,0,101,61,115,20,10,45,10,30,85,115,60,105,105,
Hard014	1	1010202	33572	3050	80,40,0,100,15,30,0,21,100,95,55,81,116,115,72,112,105,26,86,50,91,106,10,70,
Hard015	1	1010488	36210	1173	40,35,0,100,70,25,70,100,65,100,97,87,0,15,16,5,80,71,81,15,90,91,105,20,30,105,20,50,105,
Hard016	1	1008663	37843	1592	35,90,60,81,75,45,26,50,5,105,15,16,0,55,21,20,50,5,10,100,70,30,40,85,
Hard017	1	1007408	44467	8104	25,0,50,60,105,95,15,40,50,40,0,81,75,75,105,75,85,85,55,5,48,0,20,50,10,82,110,70,60,80,5,35,105,35,
Hard018	1	1005971	40822	2702	101,56,60,72,65,51,106,105,46,5,16,20,90,50,16,62,35,75,55,96,60,0,95,42,65,40,5,11,102,75,35,55,
Hard019	1	1003441	32408	1435	0,15,20,120,20,20,110,30,10,55,0,71,55,81,92,102,85,85,70,51,125,115,125,15,27,10,70,115,5,125,115,
Hard020	1	1008236	46183	5007	85,110,85,65,55,46,97,107,20,1,15,21,30,20,10,7,15,26,102,40,60,80,115,
Hard021	1	1005162	35063	1607	5,111,85,15,65,35,40,110,20,40,65,90,107,70,16,0,15,50,71,102,95,115,46,70,30,61,82,65,116,96,
Hard022	1	1006394	37119	6718	5,25,110,5,40,95,25,15,85,40,102,111,50,75,75,75,55,115,115,46,45,110,110,50,70,20,35,0,51,61,96,115,105,80,35,50,
Hard023	1	1008136	33061	16931	70,80,20,100,50,40,41,105,15,85,95,85,85,105,20,95,5,30,105,30,30,0,50,40,25,26,81,5,95,10,
Hard024	1	1012746	36133	1348	51,0,0,70,25,16,70,25,40,30,61,90,90,85,105,16,70,0,56,30,41,31,40,21,50,50,75,6,10,10,5,100,80,95,
Hard025	1	1004830	33846	1169	100,0,95,0,25,30,30,40,100,115,60,70,80,55,115,26,6,62,1,21,111,106,35,20,5,90,70,80,105,
Hard026	1	1014485	34069	2221	30,110,105,0,0,25,30,110,125,60,80,90,55,125,25,75,25,6,60,61,0,0,21,40,120,120,115,35,20,6,100,80,70,90,115,115,
Hard027	1	1009532	41182	3492	65,70,45,80,90,90,90,85,105,35,26,75,50,6,17,0,55,21,20,30,50,5,40,
Hard028	1	1009196	33534	1154	40,70,90,105,105,65,55,87,0,15,20,40,21,10,30,7,80,15,25,81,50,60,100,95,
Hard029	1	1012378	32057	950	0,15,125,15,115,115,45,30,0,70,131,55,25,125,45,70,65,115,80,70,90,5,100,125,80,130,15,6,75,110,20,
Hard030	1	1011669	35742	10866	65,82,30,26,50,25,35,85,75,60,1,90,91,36,85,20,55,85,40,0,75,21,75,40,31,40,95,15,96,66,65,20,5,5,15,15,
Hard031	1	1003173	33861	2920	120,50,70,96,86,115,0,105,0,25,15,33,20,10,5,50,5,5,110,80,90,125,
Hard032	1	1015858	58932	1818	90,5,40,80,65,57,105,61,76,115,96,75,116,65,2,15,25,33,10,5,40,20,
Hard033	1	1003483	32334	1419	90,100,35,46,50,75,115,1,51,25,60,40,106,96,50,5,110,70,80,5,105,5,55,90,20,
Hard034	1	1008920	35512	5730	0,100,40,75,90,90,90,70,100,120,56,120,47,25,115,90,5,76,65,81,120,36,5,5,95,110,20,
Hard035	1	1004578	32097	1767	70,90,35,15,115,55,60,125,125,116,20,6,71,41,60,80,100,60,50,100,125,5,25,110,10,
Hard036	1	1005328	35657	1059	71,35,15,5,115,120,120,120,50,65,90,80,103,95,85,61,76,47,65,55,125,110,10,
Hard037	1	1015963	33561	13928	100,125,125,75,81,110,45,55,35,62,125,100,95,46,5,85,18,0,80,41,60,90,50,120,40,115,20,86,40,70,120,5,50,106,
Hard038	1	1001707	32923	2515	5,61,70,90,107,95,75,67,70,90,0,100,91,121,55,80,25,115,55,46,45,86,90,35,5,75,61,120,35,6,95,110,20,
Hard039	1	1010169	35488	33758	96,45,36,85,45,50,65,71,6,27,0,75,15,16,75,105,0,56,62,31,31,71,40,40,60,50,50,
Hard040	1	1007511	43342	1052	90,100,30,0,50,125,50,61,71,125,70,66,55,55,95,116,96,105,106,1,35,15,20,22,10,40,30,5,70,
Hard041	1	1008355	37087	736	86,65,1,45,50,70,45,90,70,90,105,85,45,125,6,115,25,35,15,52,26,30,1,41,80,95,40,
Hard042	1	1007303	36340	13560	50,10,110,100,120,120,45,71,66,90,70,40,35,80,125,105,126,35,41,15,5,75,115,51,40,50,30,0,30,62,25,75,25,35,
Hard043	1	1021231	37121	872	90,35,5,15,15,15,70,80,90,0,30,60,70,52,46,95,25,25,85,86,31,5,10,11,0,35,50,35,35,80,80,20,40,75,20,75,95,
Hard044	1	1011718	33922	1701	85,15,91,62,70,46,97,50,25,86,30,50,71,70,56,92,15,65,15,65,7,35,80,20,
Hard045	1	1007003	33354	2177	90,75,56,6,55,25,15,30,30,41,81,97,60,15,26,25,15,1,61,90,90,85,15,90,45,60,50,70,70,5,86,
Hard046	1	1012050	35340	2807	55,101,72,80,95,45,25,15,96,105,30,50,105,5,52,0,45,105,36,90,60,35,5,55,90,10,20,90,70,
Hard047	1	1007552	32965	2006	110,105,45,80,35,26,75,50,65,5,95,17,0,55,22,40,50,30,5,6,11,70,100,90,60,87,
Hard048	1	1012973	44684	4571	95,95,80,115,70,65,100,15,65,70,56,45,5,35,25,80,81,71,0,61,90,90,90,65,45,
Hard049	1	1010084	31935	6150	0,51,35,45,15,106,70,50,5,71,70,40,0,56,55,100,80,90,5,10,75,101,20,5,115,
Hard050	1	1014303	42124	13628	95,85,50,75,75,85,40,50,51,45,81,70,62,96,45,5,15,5,20,30,60,5,40,90,75,75,
Hard051	1	1011050	33620	6587	105,75,35,40,81,75,105,50,40,90,126,110,50,90,105,75,35,80,6,25,26,0,30,40,70,15,111,80,31,95,
Hard052	1	1020468	34826	6273	80,110,95,65,35,25,50,110,5,75,100,110,95,5,15,15,15,0,90,115,105,0,55,22,50,5,100,30,110,95,
Hard053	1	1003404	33708	7610	25,30,125,30,125,40,50,90,125,75,65,106,31,105,20,10,65,0,65,72,81,60,46,60,70,5,25,25,6,75,110,50,
Hard054	1	1014277	37417	17901	75,65,75,80,105,36,1,25,90,105,26,5,5,16,32,0,0,21,101,85,95,15,20,5,72,100,41,52,86,95,95,45,
Hard055	1	1001853	37735	874	110,95,65,95,55,35,35,0,25,100,35,111,75,47,70,115,105,20,7,25,100,110,75,55,80,81,51,40,60,90,91,45,70,117,
Hard056	1	1010748	33821	2876	105,115,96,86,20,10,0,85,31,0,115,0,25,40,90,55,100,115,26,6,15,90,30,5,60,21,110,70,107,
Hard057	1	1006718	34909	4553	15,21,95,40,55,0,116,16,1,35,45,25,26,40,25,5,5,10,10,10,111,50,0,52,115,5,115,17,1,70,55,45,21,90,20,20,106,50,40,5,5,30,
Hard058	1	1003787	33017	2975	35,40,26,80,50,40,70,5,71,65,95,17,0,55,85,45,20,21,20,70,40,5,10,90,30,86,
Hard059	1	1004746	34173	3384	0,80,45,0,61,35,55,70,15,80,15,91,115,25,107,60,5,72,50,15,0,66,101,30,65,20,
Hard060	1	1017969	33702	54329	116,85,91,45,55,60,61,121,115,105,46,5,75,95,15,16,60,20,35,15,90,0,43,5,110,51,100,126,
Hard061	1	1011286	35356	3593	50,62,81,105,35,55,80,75,46,60,0,16,26,25,11,5,65,40,42,60,0,15,70,16,20,5,45,20,91,90,51,31,6,80,
Hard062	1	1006104	32203	1413	35,125,40,60,105,0,25,91,80,60,80,115,25,25,5,15,40,51,40,90,31,5,5,20,110,85,
Hard063	1	1004756	34800	1708	45,95,66,36,26,17,105,45,106,51,5,71,70,80,0,55,11,55,101,55,40,31,5,76,100,21,40,
Hard064	1	1010363	47338	2590	62,31,75,0,15,81,91,46,27,41,65,95,85,85,10,6,102,65,41,20,50,71,96,
Hard065	1	1007419	35844	1543	116,65,100,0,15,20,120,35,41,120,85,75,90,75,36,5,110,102,35,95,50,70,70,127,
Hard066	1	1009285	33393	2524	55,30,95,0,0,25,30,80,101,116,40,60,26,6,40,41,1,21,111,85,35,20,5,90,60,50,85,71,85,6,107,
Hard067	1	1011568	34645	2756	111,121,85,76,5,26,85,55,36,45,55,60,105,92,110,100,66,5,120,65,50,105,31,95,40,50,21,
Hard068	1	1008656	34696	2196	30,65,55,105,40,65,110,20,71,82,90,75,25,115,90,100,90,75,50,61,37,65,55,105,110,20,46,
Hard069	1	1011103	32600	4359	50,80,90,45,20,36,35,40,76,55,75,0,15,41,60,30,95,86,40,101,95,5,71,50,60,100,30,25,25,95,15,15,
Hard070	1	1006099	48980	2644	80,75,35,25,50,5,100,110,125,132,80,45,90,110,110,75,110,25,105,95,60,5,87,16,15,0,65,20,90,115,40,137,0,55,22,50,60,6,30,
Hard071	1	1001444	36317	7210	16,110,110,55,35,65,105,25,96,80,95,15,40,5,70,72,0,60,80,47,91,20,30,
Hard072	1	1014279	36866	3812	85,105,46,26,30,110,111,50,60,91,105,85,90,65,56,55,115,60,115,95,115,21,6,5,26,110,91,
Hard073	1	1002771	40425	22457	50,36,40,71,51,50,61,45,30,60,95,30,115,116,46,56,5,17,30,55,20,0,42,110,110,40,75,6,50,66,
Hard074	1	1014484	43679	2864	120,55,40,70,96,66,55,86,117,0,25,105,30,106,0,15,32,20,10,5,5,110,80,90,40,125,
Hard075	1	1003958	35742	3284	40,0,115,55,1,15,20,45,21,10,121,71,66,20,40,90,5,80,5,101,110,100,95,70,60,126,5,125,
Hard076	1	1018012	34619	19398	55,110,30,71,80,90,46,10,100,0,70,115,116,62,80,111,105,15,90,105,60,110,80,76,105,
Hard077	1	1003662	31860	7109	5,51,10,20,120,110,72,126,100,80,56,45,45,125,0,62,81,121,116,25,60,100,5,115,50,50,120,76,
Hard078	1	1016734	44006	35558	0,71,66,90,112,95,60,76,5,75,125,65,90,92,85,85,125,60,116,125,0,0,55,25,71,85,0,30,95,31,71,65,40,96,5,20,
Hard079	1	1013145	39880	1774	45,5,15,45,75,15,15,100,51,80,80,0,90,35,15,70,41,91,85,66,35,26,85,55,55,107,40,40,5,75,13,0,90,70,46,100,46,100,5,75,15,15,35,100,20,51,20,
Hard080	1	1008873	33526	4432	95,80,115,45,20,115,55,115,65,71,105,70,60,15,95,30,110,0,0,61,76,50,95,110,80,105,60,105,7,65,90,10,
Hard081	1	1006123	34199	1515	90,107,36,55,5,18,80,50,90,30,60,0,100,30,100,61,46,75,75,25,95,85,25,86,31,55,5,13,50,60,100,0,35,35,95,35,6,75,81,21,
Hard082	1	1008249	33121	3603	81,70,55,65,10,35,25,25,25,5,30,40,60,80,25,75,60,75,75,5,42,1,72,20,85,30,52,50,35,85,60,85,35,5,20,20,77,
Hard083	1	1015540	32935	10784	60,85,95,85,40,25,5,15,16,0,45,32,30,20,70,95,50,40,5,5,50,50,60,90,75,100,76,
Hard084	1	1016105	36051	3042	60,10,80,30,105,70,115,70,105,55,115,115,46,61,60,41,110,101,75,75,35,35,85,25,97,25,40,40,7,46,90,80,31,
Hard085	1	1009527	32283	580	70,25,30,25,40,51,81,125,116,105,105,41,30,105,71,30,21,7,100,95,65,16,40,100,110,85,
Hard086	1	1010561	33549	4363	30,85,65,55,97,0,15,21,100,0,56,62,50,105,25,60,70,25,110,10,6,70,110,45,45,105,80,105,
Hard087	1	1005331	40429	1269	45,85,35,25,60,100,25,60,100,50,95,5,75,115,17,0,55,21,20,30,50,5,10,110,40,90,5,105,
Hard088	1	1016740	37628	805	85,85,70,65,0,0,45,90,125,50,70,90,85,45,105,115,45,15,5,25,5,35,52,30,26,1,41,80,95,40,
Hard089	1	1007287	33514	1002	10,80,50,60,105,30,105,60,115,105,46,52,25,40,40,110,96,100,66,36,95,40,85,40,5,100,25,5,5,46,90,80,31,
Hard090	1	1014092	50500	16457	110,80,100,1,80,100,25,15,91,15,56,66,36,45,80,16,115,20,115,70,80,6,70,71,90,0,110,110,86,40,10,31,85,
Hard091	1	1011920	33121	1855	45,60,90,90,35,90,71,105,80,81,75,106,57,65,5,15,17,60,50,0,51,101,20,50,5,70,87,76,65,10,10,100,97,5,30,5,40,
Hard092	1	1008724	32071	2936	6,25,15,31,40,50,40,120,75,80,75,90,118,85,95,66,25,17,26,1,61,90,81,110,90,90,80,71,110,125,45,45,101,90,125,80,5,125,56,
Hard093	1	1011254	37703	1505	75,110,45,35,86,10,100,90,111,55,75,26,36,40,35,65,85,0,20,20,40,52,26,30,115,115,105,95,40,30,30,40,20,70,6,115,
Hard094	1	1007894	33850	30282	40,75,50,75,91,115,60,75,46,5,17,0,20,42,5,110,35,50,70,95,5,81,65,110,65,
Hard095	1	1006446	34581	2555	15,26,15,115,36,85,96,86,95,40,40,55,5,60,62,0,45,50,45,90,70,115,46,55,5,81,66,80,91,11,30,21,30,
Hard096	1	1001494	35131	2817	75,55,100,0,25,45,0,25,16,95,75,95,15,30,60,5,42,30,1,10,70,105,110,80,105,50,95,71,25,15,51,
Hard097	1	1011795	43186	5582	50,110,70,91,85,100,110,85,127,65,70,47,75,5,63,70,0,40,40,82,45,95,6,15,115,121,115,20,5,30,50,
Hard098	1	1002899	32944	2441	20,110,95,55,45,45,60,30,45,105,105,85,50,85,105,125,1,51,61,41,115,26,71,60,35,35,50,6,120,100,115,81,90,90,115,
Hard099	1	1014016	34643	12157	0,70,35,20,85,20,90,106,40,65,85,0,40,40,101,50,96,25,40,5,80,60,70,95,
Hard100	1	1011321	33118	3135	80,36,26,45,65,45,51,5,95,15,70,16,0,56,42,30,20,51,30,20,5,10,90,60,86,
Hard101	1	1009883	35112	6371	0,25,65,30,120,40,85,90,110,0,15,31,70,20,90,102,111,95,25,95,80,35,80,127,36,10,55,20,55,
Hard102	1	1005399	35413	2333	100,55,75,35,65,90,25,15,117,40,5,92,0,60,71,100,101,76,5,80,25,26,55,86,15,15,6,45,110,30,
Hard103	1	1003549	32354	2307	21,5,15,60,91,90,30,70,87,17,20,40,50,0,41,80,81,75,51,95,75,95,66,95,36,75,65,40,
Hard104	1	1007478	61049	2355	100,5,42,110,0,110,70,60,60,95,60,95,115,86,56,105,105,105,1,45,15,20,21,10,20,40,5,30,60,
Hard105	1	1002614	37817	9087	15,95,5,61,56,60,85,0,105,90,85,15,105,15,85,1,25,65,33,20,60,6,80,100,41,95,
Hard106	1	1010866	34727	1055	46,36,71,25,56,91,85,25,61,105,5,17,0,66,50,40,21,51,20,30,61,5,30,10,100,80,95,40,
Hard107	1	1018875	36446	19508	20,0,45,50,75,107,35,15,90,51,40,60,41,55,95,85,11,40,0,31,61,60,55,100,35,20,5,100,86,
Hard108	1	1014140	32501	2694	65,55,85,35,65,95,75,26,40,5,16,105,15,0,45,22,30,40,5,10,100,96,
Hard109	1	1015023	39224	4046	105,0,25,30,95,51,81,75,65,125,115,116,0,15,32,40,10,5,111,120,40,70,20,85,
Hard110	1	1005084	32345	21110	80,60,45,75,80,51,90,76,65,45,6,17,0,60,0,20,70,40,20,110,70,96,56,85,41,5,61,
Hard111	1	1011685	36495	13019	0,40,70,100,82,95,60,35,80,26,105,5,40,5,15,16,0,45,21,20,30,40,55,
Hard112	1	1015082	37145	13884	75,35,105,25,75,35,55,45,45,55,25,61,5,95,17,0,65,15,90,65,52,20,30,41,21,30,60,60,5,85,
Hard113	1	1014209	32430	4131	30,15,50,115,25,70,107,80,45,60,30,90,115,5,62,0,35,120,40,100,115,70,36,5,65,101,10,20,
Hard114	1	1007984	33000	1018	0,25,25,30,40,61,80,80,75,115,95,106,0,16,41,31,50,40,30,50,21,11,7,16,45,101,110,70,85,
Hard115	1	1009161	32083	4963	75,121,65,75,45,56,80,95,115,1,80,80,100,70,125,35,27,30,80,6,52,110,90,100,0,126,70,36,20,40,35,
Hard116	1	1016803	32930	2704	67,56,95,0,46,0,17,25,86,5,41,40,85,0,30,10,0,60,51,61,25,50,95,15,5,25,5,5,100,110,70,95,
Hard117	1	1006778	32445	1767	75,65,100,75,65,45,50,15,20,100,115,50,86,22,81,10,55,55,40,30,55,61,86,91,85,90,10,30,6,5,81,110,105,70,105,
Hard118	1	1007232	42183	3709	91,55,35,15,65,20,90,35,86,77,0,85,43,80,95,5,25,80,72,80,10,31,60,52,35,96,
Hard119	1	1009574	33121	4089	16,5,45,35,35,25,50,90,105,62,110,100,55,85,56,105,30,65,20,11,30,41,
Hard120	1	1009341	34038	14830	105,60,35,90,60,5,16,75,45,15,35,50,110,5,25,26,110,1,65,55,30,31,40,30,60,5,50,106,
Hard121	1	1015657	41109	49359	25,110,51,90,100,101,95,65,70,57,100,91,86,117,5,70,71,0,111,82,95,116,6,5,40,
Hard122	1	1009904	48096	5685	35,25,90,50,50,70,80,71,105,66,45,25,56,97,70,5,5,16,15,0,75,20,21,70,30,5,40,
Hard123	1	1008941	32518	2015	40,65,70,126,115,106,1,31,71,80,51,60,60,95,25,45,80,95,50,25,45,70,6,110,120,95,
Hard124	1	1015630	35237	1561	55,35,25,41,15,100,76,35,5,61,95,60,60,0,30,110,70,70,106,70,35,5,65,90,10,20,
Hard125	1	1012938	34668	4063	26,15,15,95,36,105,96,106,41,5,55,63,0,70,45,80,50,47,5,91,65,90,55,65,101,20,100,20,31,11,
Hard126	1	1008629	33396	1364	45,111,35,26,125,50,81,77,86,5,65,16,15,0,55,22,100,50,5,40,30,11,60,5,120,116,5,115,
Hard127	1	1011403	32120	5870	95,40,15,25,50,100,87,30,70,5,42,0,35,81,50,36,5,20,45,60,80,10,96,
Hard128	1	1015829	34866	15631	41,105,50,30,50,61,60,55,71,105,105,36,5,17,20,0,31,51,101,45,66,30,5,10,100,45,6,75,
Hard129	1	1001710	31546	1879	25,41,0,30,100,16,115,15,5,30,30,90,45,20,91,20,5,51,70,5,80,10,120,110,106,
Hard130	1	1016217	35540	10432	50,116,76,35,115,50,25,0,91,35,85,45,91,5,57,1,95,16,21,95,43,21,31,90,11,61,90,
Hard131	1	1008730	34555	8308	21,105,75,91,60,80,106,30,55,76,1,31,40,101,85,25,30,5,70,96,50,95,60,5,86,
Hard132	1	1005581	33718	1035	120,90,5,15,91,75,45,15,100,111,55,20,80,120,65,56,115,115,105,30,10,40,120,115,
Hard133	1	1010216	48806	14379	50,71,102,76,55,90,90,86,55,5,62,0,50,80,80,80,55,95,6,65,15,20,30,20,30,40,100,
Hard134	1	1011708	33176	3722	111,85,55,45,95,65,45,110,35,70,5,125,10,102,130,120,77,5,40,125,10,105,60,30,21,40,60,51,
Hard135	1	1001196	36826	1524	65,90,100,65,26,45,35,45,120,15,86,55,5,115,70,71,0,50,80,80,125,40,20,60,105,125,80,55,5,75,110,10,20,
Hard136	1	1011126	32125	1168	91,110,110,11,51,60,0,30,61,56,16,105,105,117,30,95,25,96,30,5,43,0,35,60,20,36,5,70,110,35,25,45,110,45,110,10,50,92,80,105,10,
Hard137	1	1007004	32901	7857	0,90,61,91,55,25,80,75,25,37,40,95,96,6,42,0,0,90,91,30,31,20,20,95,85,51,70,65,51,72,86,25,95,95,
Hard138	1	1015605	33549	2569	70,85,85,90,56,6,27,1,35,60,115,18,30,5,71,70,5,22,61,1,51,80,100,81,115,55,5,5,115,
Hard139	1	1010246	35826	4720	100,85,5,52,0,80,65,75,16,65,15,105,76,1,25,55,32,30,50,5,20,40,5,70,100,85,
Hard140	1	1018134	44333	2046	65,35,25,75,120,40,90,102,95,85,125,125,65,125,70,115,115,100,115,6,15,16,0,45,20,21,40,30,50,
Hard141	1	1022857	33457	2541	25,80,65,95,45,36,100,25,51,5,16,15,0,56,22,32,70,51,5,10,40,5,90,40,60,5,85,85,
Hard142	1	1008582	37682	1358	35,90,15,80,76,91,55,27,50,95,35,45,85,10,6,5,15,80,90,55,45,61,60,41,20,30,72,25,50,97,
Hard143	1	1012539	34102	6588	105,0,41,50,60,105,35,50,50,45,96,12,10,20,40,55,90,90,55,20,30,101,65,56,97,46,
Hard144	1	1008813	40892	4825	30,40,60,75,80,95,25,55,95,105,55,95,85,70,71,80,65,1,45,80,81,75,6,75,51,111,65,26,
Hard145	1	1006411	37908	2101	55,25,15,6,36,110,55,75,65,82,110,95,102,60,70,60,70,47,75,65,105,5,90,10,20,
Hard146	1	1011304	32252	915	40,105,75,95,20,30,115,50,30,0,40,50,62,56,105,35,95,35,26,25,30,41,50,5,110,30,70,81,95,105,
Hard147	1	1013748	35706	963	95,0,26,80,65,40,40,71,25,5,65,35,5,53,1,30,20,61,60,75,75,46,85,21,35,6,5,25,25,80,41,
Hard148	1	1011287	35348	6232	81,65,115,75,36,0,25,90,15,16,20,5,32,60,0,26,70,100,26,5,100,11,81,65,36,100,40,50,50,40,
Hard149	1	1015697	43530	3543	0,55,20,95,41,71,85,65,115,107,0,15,21,20,10,5,101,5,30,110,60,75,
Hard150	1	1013916	35097	7018	100,66,90,115,70,15,56,40,1,35,71,25,60,80,105,16,70,5,15,105,20,5,50,51,80,90,0,60,25,26,5,10,105,30,
Hard151	1	1004473	32816	3041	90,6,15,21,30,30,115,100,115,17,65,41,115,1,72,80,90,50,111,107,35,70,
Hard152	1	1009600	35789	2543	85,70,46,105,26,85,97,10,31,50,60,70,70,105,6,85,110,70,65,5,35,35,90,20,20,
Hard153	1	1015174	32914	1305	85,107,55,60,70,35,15,95,85,85,20,60,5,40,41,0,60,50,100,100,50,72,55,96,5,6,25,80,10,
Hard154	1	1019026	32959	8329	100,50,45,90,67,45,55,6,17,20,1,50,60,51,105,41,20,40,5,110,5,70,80,80,105,60,96,
Hard155	1	1011994	36342	16527	80,80,36,105,45,25,51,71,67,105,75,95,96,105,6,17,0,75,56,40,22,41,51,80,31,80,
Hard156	1	1006516	32117	907	105,115,95,25,40,85,125,0,50,25,71,105,35,115,35,51,5,60,120,81,90,90,105,5,115,
Hard157	1	1012590	36362	2944	106,90,65,45,115,35,116,50,70,10,35,50,5,80,120,90,90,105,5,90,85,5,56,110,40,20,40,
Hard158	1	1006339	32329	2470	60,60,85,55,35,35,15,115,21,60,100,116,95,40,75,95,95,0,41,110,110,105,25,40,65,5,25,92,10,110,70,31,51,50,80,65,80,106,35,
Hard159	1	1003735	33719	1550	0,96,100,0,25,85,17,20,5,92,100,61,60,70,105,97,0,45,25,12,80,106,20,50,5,90,71,70,55,60,101,85,86,30,
Hard160	1	1016426	32894	5034	90,65,35,65,86,105,26,40,115,90,75,50,5,17,0,45,22,30,40,5,10,110,106,
Hard161	1	1009992	41513	1587	75,35,25,85,121,45,60,85,25,50,5,105,110,120,75,97,70,125,115,0,57,5,21,40,30,
Hard162	1	1009042	40674	2876	45,35,50,75,80,60,80,92,86,71,107,66,5,16,20,15,0,61,60,5,100,10,100,100,75,75,5,81,95,95,46,
Hard163	1	1013056	33783	4268	111,85,40,65,35,15,20,35,110,105,96,106,50,75,95,0,52,5,100,92,115,25,10,100,100,45,30,80,30,60,61,116,45,35,
Hard164	1	1002737	33423	4183	40,26,90,30,50,80,100,5,117,75,65,17,15,60,70,0,35,111,22,30,105,50,
Hard165	1	1008440	31967	1768	95,16,40,0,25,15,15,0,52,5,45,65,45,45,0,55,12,50,20,6,30,40,100,60,80,70,110,96,
Hard166	1	1009832	37024	5093	20,80,95,55,120,30,65,45,105,46,45,115,60,115,50,86,115,106,0,0,60,15,21,30,60,20,70,40,60,125,10,6,110,80,5,90,126,
Hard167	1	1028229	34180	37245	115,50,75,35,50,5,60,45,15,35,60,16,5,27,1,80,90,55,65,30,40,32,101,50,60,116,
Hard168	1	1007868	33755	2501	0,0,15,22,100,20,55,82,45,110,65,10,55,45,70,80,6,110,90,71,41,50,50,105,30,106,
Hard169	1	1012040	36145	1254	45,7,25,110,80,15,15,45,25,35,15,35,51,110,50,35,110,20,20,0,0,122,61,90,70,106,35,105,60,15,60,
Hard170	1	1013383	42794	19811	5,15,15,20,30,40,90,50,75,80,106,65,105,15,85,15,71,70,55,0,45,81,90,81,125,5,55,6,125,
Hard171	1	1015473	36113	9070	41,90,5,25,55,105,61,15,106,70,60,25,25,15,60,30,2,20,20,102,51,80,80,45,95,46,95,16,51,20,5,95,
Hard172	1	1008192	32965	3067	85,70,65,55,40,56,16,60,95,76,96,15,1,25,33,20,6,40,5,60,90,70,110,80,105,105,
Hard173	1	1010994	35217	11463	81,75,10,95,0,56,25,40,80,31,100,117,62,110,85,111,105,36,60,50,20,91,50,72,85,5,106,55,
Hard174	1	1007601	32178	8864	25,30,50,91,115,125,66,75,5,31,18,70,20,0,61,40,120,110,30,61,95,6,76,80,80,120,110,106,
Hard175	1	1005512	34130	4091	96,81,0,75,105,105,0,27,5,90,15,80,80,91,25,102,38,105,95,10,41,60,50,
Hard176	1	1013492	46146	9421	95,110,45,85,75,75,60,75,35,80,50,115,5,17,126,0,125,0,55,25,33,20,50,60,6,5,40,
Hard177	1	1005774	33087	3712	115,106,10,20,105,125,30,1,40,0,35,100,40,110,126,75,35,60,35,6,80,90,25,100,40,5,31,120,116,115,
Hard178	1	1001659	40214	1735	110,65,35,85,10,40,5,25,75,65,102,70,50,95,5,5,81,110,111,85,0,0,57,5,20,5,30,
Hard179	1	1008083	44745	8037	107,0,111,91,71,55,55,60,80,81,65,51,96,76,75,116,55,5,5,15,16,0,25,31,40,30,80,20,
Hard180	1	1007475	34768	1600	40,70,60,15,70,87,20,55,35,55,0,55,0,21,81,75,75,66,20,5,50,30,40,75,
Hard181	1	1018083	32082	4798	10,5,50,50,120,25,32,40,20,100,90,126,111,125,60,85,57,0,30,61,120,121,116,71,105,25,115,60,45,25,45,
Hard182	1	1004858	38295	22501	105,95,85,85,55,40,62,71,45,90,100,85,115,115,46,6,15,20,66,15,90,30,20,30,71,65,40,5,40,110,105,105,
Hard183	1	1016612	37046	1216	20,45,61,30,80,95,51,71,95,95,45,5,15,16,0,40,20,90,75,75,56,85,41,5,90,10,90,65,6,46,80,50,50,
Hard184	1	1006446	36331	2433	80,105,96,55,15,35,41,20,70,95,1,60,70,80,120,105,120,35,70,105,70,7,75,90,10,
Hard185	1	1008103	37246	1864	5,36,70,105,95,35,111,25,15,85,110,40,60,70,95,6,61,45,115,80,10,20,
Hard186	1	1018399	35066	4222	15,5,21,90,111,30,65,56,45,15,15,5,70,105,71,40,80,92,15,85,51,115,116,
Hard187	1	1003229	44372	9214	65,5,122,70,80,50,35,90,100,115,102,25,45,85,25,50,95,5,76,17,0,55,22,50,30,40,
Hard188	1	1015478	35341	1227	85,55,0,110,85,55,66,70,95,95,100,110,20,15,20,31,110,65,50,80,80,80,55,60,117,5,40,
Hard189	1	1010839	36824	3338	90,126,125,65,26,105,70,40,115,31,105,40,1,71,61,55,90,121,15,116,25,105,61,6,5,65,100,10,
Hard190	1	1027722	33233	8904	30,0,65,105,111,55,40,25,110,56,96,10,60,30,85,95,0,61,72,51,117,46,106,60,
Hard191	1	1009654	37152	7838	30,71,90,105,60,105,105,55,5,15,20,16,85,30,0,52,5,101,75,65,10,100,96,
Hard192	1	1011871	44514	4604	65,95,35,50,25,105,115,50,125,0,71,95,70,5,115,55,56,0,115,0,75,15,20,22,40,70,10,30,
Hard193	1	1011216	33257	3038	60,15,95,96,100,20,41,5,50,50,15,30,100,85,16,55,60,6,55,70,47,92,45,1,51,11,80,106,35,11,
Hard194	1	1008829	33832	2044	100,35,55,55,25,35,5,15,95,41,40,0,30,50,51,35,60,85,105,105,5,45,90,10,6,20,
Hard195	1	1001724	37252	10270	91,100,45,50,100,75,45,45,6,15,20,30,5,100,97,61,60,92,105,85,20,40,85,86,45,95,95,60,15,16,35,91,40,1,80,40,70,106,55,41,
Hard196	1	1013881	32585	17773	15,45,90,45,51,80,0,0,61,71,25,115,16,120,35,60,36,15,20,6,40,120,90,101,116,
Hard197	1	1024051	32590	5946	80,60,15,45,80,35,52,15,115,107,40,20,5,61,50,90,60,30,90,0,40,30,72,70,45,115,15,35,115,
Hard198	1	1008662	32601	4725	50,50,5,115,25,35,60,85,42,1,61,110,35,111,71,106,55,70,115,30,80,90,90,105,25,25,70,55,60,
Hard199	1	1009727	39080	3651	35,5,51,25,60,50,0,73,65,5,105,86,57,85,1,15,75,22,70,20,30,40,10,
Hard200	1	1003759	32664	2742	16,70,20,85,30,85,90,85,65,41,15,5,6,46,80,25,101,50,45,1,10,80,60,96,35,10,80,10,
Hard201	1	1017483	39080	4690	45,25,110,15,95,80,45,25,50,35,60,110,76,106,5,62,0,101,72,115,30,20,105,105,5,65,40,85,90,55,10,115,5,20,
Hard202	1	1019562	41688	1746	70,90,65,111,0,105,35,25,45,92,75,25,50,6,110,85,75,17,0,0,95,55,21,30,21,90,50,40,
Hard203	1	1017360	37078	1220	80,80,56,75,25,75,45,60,25,95,5,60,35,105,15,61,0,40,70,71,45,6,66,85,10,90,100,30,21,
Hard204	1	1017253	33827	6001	102,75,91,35,26,115,40,115,60,87,115,65,5,65,55,17,0,90,45,21,15,20,40,70,50,5,105,60,110,105,105,90,5,30,
Hard205	1	1008309	35262	2987	5,45,15,100,20,5,110,36,125,60,60,95,45,50,60,50,122,70,97,75,127,57,66,1,65,122,71,80,90,116,25,35,70,115,70,
Hard206	1	1017444	37598	1075	10,25,30,120,121,40,85,5,100,116,75,65,92,60,70,112,105,80,126,125,75,80,56,35,20,
Hard207	1	1006258	32925	2541	25,80,65,36,46,25,50,50,95,5,16,15,0,56,42,21,50,20,50,5,10,5,90,31,70,100,60,86,
Hard208	1	1008117	35391	3974	30,86,55,60,116,85,0,105,61,0,41,51,70,95,36,25,40,25,5,60,5,80,110,70,96,
Hard209	1	1014507	34352	5460	26,80,75,30,5,40,95,65,15,55,15,15,0,35,22,100,30,6,10,90,70,40,86,
Hard210	1	1016888	33399	10277	75,15,55,100,40,75,55,80,90,1,65,25,81,15,35,70,90,105,16,20,105,80,5,5,52,0,121,105,90,70,27,10,5,30,
Hard211	1	1012504	37116	10895	60,40,80,100,115,60,90,100,116,30,56,75,80,5,18,30,70,0,80,50,20,52,111,6,105,95,
Hard212	1	1003919	38989	3560	36,120,25,25,5,135,70,105,70,65,46,70,130,70,125,51,131,1,81,110,25,90,125,35,81,5,125,
Hard213	1	1013530	35228	4454	45,5,105,55,35,25,15,25,15,5,45,121,112,120,61,70,80,91,91,85,75,66,106,125,115,11,20,20,30,
Hard214	1	1009666	35370	5926	65,35,70,125,85,35,0,90,25,17,20,5,30,31,60,80,0,28,65,111,10,5,51,36,10,110,70,41,5,70,
Hard215	1	1009748	32242	2045	10,50,70,95,81,95,66,25,95,30,45,65,0,31,91,86,76,30,5,62,40,90,50,15,15,5,85,
Hard216	1	1014991	34038	54637	26,30,40,15,100,100,30,15,40,100,65,1,50,81,77,55,75,85,6,35,45,35,10,10,46,20,35,20,0,80,70,0,81,51,61,70,50,97,107,
Hard217	1	1004571	32444	3099	85,75,46,0,15,90,100,101,50,65,85,15,37,60,26,105,25,10,55,40,95,10,5,41,6,50,15,90,15,91,21,70,100,65,15,1,33,60,80,105,106,
Hard218	1	1004160	35255	5111	70,35,105,40,55,25,15,95,60,40,35,0,120,82,125,5,45,90,10,20,115,
Hard219	1	1003724	36274	20520	1,80,60,80,91,45,35,15,25,90,60,127,55,70,60,5,72,90,0,50,66,65,5,120,120,85,20,10,
Hard220	1	1010426	33771	3011	40,30,50,75,65,65,115,50,0,15,50,35,16,5,110,85,60,50,60,15,25,25,45,31,95,85,110,101,110,30,10,30,70,40,70,96,
Hard221	1	1013814	35827	4552	60,90,81,80,105,35,95,66,5,40,17,0,20,62,6,72,100,91,85,55,85,100,55,
Hard222	1	1006615	41950	3363	70,30,25,110,55,45,5,85,10,90,100,55,45,62,40,50,110,105,95,105,15,105,80,40,50,35,35,
Hard223	1	1007632	33713	787	55,0,70,111,65,35,25,105,45,95,105,80,45,120,65,25,105,71,5,50,110,35,5,5,76,90,100,20,20,
Hard224	1	1007815	34736	3842	35,15,35,26,107,15,117,40,55,40,80,5,62,50,70,60,0,47,80,110,45,110,55,5,66,20,110,100,30,101,11,20,5,30,
Hard225	1	1009509	37325	4803	45,15,105,35,66,25,45,25,15,15,35,127,51,75,80,5,82,0,55,90,110,70,56,5,55,10,85,10,75,120,85,120,120,40,30,21,30,5,40,
Hard226	1	1026115	33391	7635	70,70,81,107,95,96,56,65,70,5,66,15,5,27,16,1,35,41,70,40,30,7,51,90,85,100,85,
Hard227	1	1009661	32548	2309	30,40,91,65,71,107,55,55,25,25,40,40,70,60,95,40,21,35,70,50,7,50,100,80,96,
Hard228	1	1006103	37944	2631	25,25,40,1,60,50,85,50,115,70,120,90,105,60,35,25,50,115,5,47,0,55,22,50,30,5,60,
Hard229	1	1009742	37126	6584	35,70,70,65,55,35,0,25,17,20,5,30,31,0,50,27,5,36,92,11,40,71,40,
Hard230	1	1018513	37478	1675	35,40,115,25,40,95,25,60,86,107,1,50,70,115,35,51,6,100,80,90,115,
Hard231	1	1016514	32388	29039	80,20,65,110,110,110,75,100,46,55,56,95,60,85,96,5,16,30,21,55,15,0,30,0,62,42,70,5,51,115,105,40,70,106,116,
Hard232	1	1013872	35456	13118	121,90,105,50,85,75,65,45,46,66,5,70,115,16,20,20,30,120,65,95,116,15,0,0,71,40,41,81,70,60,100,127,35,40,60,56,
Hard233	1	1016593	33124	10799	55,65,20,1,90,105,105,40,55,35,91,105,65,72,96,35,46,0,70,25,61,60,100,75,25,100,50,100,85,95,86,35,60,
Hard234	1	1006857	37632	2260	55,1,80,80,70,90,25,66,36,15,45,105,71,0,50,90,91,85,55,5,6,76,100,40,31,
Hard235	1	1011732	33382	3715	106,15,45,60,70,105,55,62,85,95,85,30,20,50,100,0,0,85,51,50,66,40,100,96,6,5,55,80,10,
Hard236	1	1009825	38792	3946	25,50,25,30,80,105,45,16,52,30,1,95,40,15,100,40,70,95,25,40,56,60,40,100,95,
Hard237	1	1004633	34189	2147	25,105,95,95,31,1,50,60,70,110,110,105,45,80,15,95,25,25,50,80,50,105,5,5,5,55,90,10,
Hard238	1	1009166	37470	7025	101,56,65,45,92,117,75,90,5,5,15,75,86,27,0,25,95,15,80,40,16,95,0,35,80,60,42,35,61,60,101,91,51,31,
Hard239	1	1010591	33750	2331	0,100,100,71,55,70,35,25,100,95,87,0,15,55,65,96,15,15,5,80,70,15,91,81,90,105,21,40,106,30,
Hard240	1	1013368	35914	2110	85,90,40,25,60,25,1,25,45,95,80,101,100,45,45,20,65,95,95,50,35,15,0,21,51,41,107,87,20,7,25,80,10,
Hard241	1	1006390	42667	1878	0,80,125,35,90,100,40,75,0,135,60,125,100,115,25,41,75,80,125,50,30,26,7,20,120,105,
Hard242	1	1008084	32680	7153	65,105,115,115,0,35,45,50,25,15,50,105,0,120,80,0,110,91,91,115,5,55,10,20,30,125,105,
Hard243	1	1014368	44060	7566	30,70,95,80,110,96,55,45,75,45,106,105,1,15,21,30,20,20,10,7,15,26,102,40,70,90,115,
Hard244	1	1005858	37304	2333	71,0,15,105,65,80,35,112,92,85,50,61,47,65,55,75,115,100,75,10,
Hard245	1	1014002	34208	3633	55,1,90,70,115,15,80,55,80,60,15,15,30,5,100,115,115,15,65,50,25,51,60,40,10,111,110,95,105,
Hard246	1	1011769	36523	4226	80,26,10,55,96,55,60,35,35,25,106,105,40,40,70,81,95,5,5,110,80,5,45,75,45,100,31,
Hard247	1	1009500	33620	2680	40,75,95,25,66,106,0,31,87,10,50,30,0,42,50,6,115,80,100,60,60,71,96,115,
Hard248	1	1023562	35114	10889	50,30,51,40,40,62,71,96,95,45,36,5,17,0,20,32,40,65,91,40,75,5,10,90,65,56,
Hard249	1	1004728	46926	3353	95,85,30,105,2,35,50,50,80,90,46,60,36,6,100,72,70,35,65,41,56,97,
Hard250	1	1004218	33651	12404	41,115,30,50,71,50,62,115,115,55,36,5,17,20,0,32,50,110,50,5,45,10,110,75,110,45,66,
Hard251	1	1014099	32697	4745	110,125,10,65,55,20,30,96,40,55,10,20,95,0,100,55,70,61,30,60,50,105,26,120,120,40,60,80,105,105,7,115,
Hard252	1	1003611	34489	45736	15,110,20,105,5,81,75,75,45,80,45,1,16,0,35,85,28,30,80,6,41,70,40,0,37,6,50,20,61,
Hard253	1	1009631	34066	2290	82,70,35,10,60,28,55,67,6,42,40,0,60,0,60,30,60,20,30,53,36,21,86,66,65,85,5,77,
Hard254	1	1007552	37747	3764	25,25,95,115,31,65,70,5,72,0,80,35,60,46,35,100,35,6,35,65,110,65,21,16,110,50,50,
Hard255	1	1005194	34741	4847	45,90,35,90,60,60,81,75,76,107,85,55,85,6,55,16,15,0,0,65,25,30,25,65,32,40,42,21,91,61,
Hard256	1	1008247	35154	9089	10,25,110,30,55,48,95,50,35,106,95,22,30,30,60,85,85,105,1,50,50,70,40,116,15,50,115,
Hard257	1	1011135	34290	4616	15,115,40,65,70,100,90,100,55,80,125,15,25,35,116,40,5,72,0,60,45,15,110,80,46,6,30,110,20,
Hard258	1	1005727	40982	5436	96,55,60,70,80,60,35,95,80,115,36,65,5,18,60,0,30,30,110,20,31,86,75,5,66,5,50,51,61,110,71,46,
Hard259	1	1005929	39344	6485	61,75,55,60,25,90,25,5,106,30,105,32,86,40,85,1,41,40,5,101,82,100,21,50,51,25,60,71,97,
Hard260	1	1009834	34885	2981	95,80,96,55,46,36,1,75,25,16,15,20,6,32,0,40,40,50,91,0,50,62,76,55,7,85,
Hard261	1	1015250	51382	19537	116,100,60,80,115,55,60,35,35,5,90,61,53,0,66,75,75,95,105,96,106,0,0,55,15,22,10,20,50,40,
Hard262	1	1006883	32179	2175	30,82,65,70,70,70,60,85,35,97,55,70,6,17,1,25,75,32,30,40,20,70,5,6,50,90,86,
Hard263	1	1010551	35511	5843	116,125,30,25,45,65,30,5,71,70,70,60,100,80,0,45,38,6,20,65,65,15,15,121,51,115,
Hard264	1	1005504	32162	1378	61,50,50,87,75,45,5,35,51,5,15,16,0,55,60,0,25,30,30,60,31,50,20,7,40,80,76,
Hard265	1	1004849	35200	9333	0,25,0,60,51,60,46,30,70,45,56,15,90,105,25,5,72,0,50,83,56,25,41,66,36,
Hard266	1	1009362	32444	3615	120,120,65,85,55,5,46,35,70,105,92,110,100,65,120,77,105,95,11,21,30,5,41,51,
Hard267	1	1021248	32895	1766	70,85,70,70,55,10,35,60,28,30,40,81,80,67,6,40,41,0,60,0,30,85,60,53,85,85,36,60,23,65,75,65,30,80,81,5,76,65,
Hard268	1	1005372	37314	4261	65,90,101,15,40,71,81,55,80,75,25,75,45,105,95,95,60,95,30,5,60,55,60,106,80,60,0,35,90,36,20,90,5,65,90,40,10,
Hard269	1	1012756	33483	2352	30,45,25,15,95,75,110,56,55,60,35,75,80,36,5,51,115,105,62,0,50,31,72,35,5,65,100,10,116,5,20,
Hard270	1	1017857	32210	6761	55,55,90,120,75,0,80,105,135,0,81,70,65,125,45,35,25,25,80,25,5,90,30,130,5,52,100,0,90,110,70,36,20,126,40,35,
Hard271	1	1011235	43218	6694	30,101,111,96,45,55,55,45,5,66,70,5,72,83,61,0,51,0,41,93,115,105,55,45,6,115,
Hard272	1	1017744	36314	10552	65,25,15,30,30,50,0,47,5,55,37,85,20,50,10,2,90,100,73,105,95,86,
Hard273	1	1009838	32342	3640	20,5,80,15,80,100,90,46,50,77,55,36,15,15,1,15,30,60,30,52,41,95,85,60,105,85,70,50,105,105,96,
Hard274	1	1009241	58052	6200	80,40,116,90,60,80,115,75,75,106,5,51,50,0,101,71,85,70,106,6,15,20,30,40,65,
Hard275	1	1011040	34500	4988	25,95,40,15,30,0,71,50,65,66,76,5,36,35,10,0,70,100,71,61,25,45,55,5,30,25,101,45,55,
Hard276	1	1011949	35517	3943	81,105,75,115,65,36,0,25,17,115,20,5,31,70,30,0,60,26,11,25,115,5,90,80,90,80,25,65,36,90,40,51,40,
Hard277	1	1012511	39037	1760	70,16,80,46,95,25,25,107,30,95,95,30,5,53,0,60,60,72,65,5,65,15,5,5,35,35,100,90,20,20,
Hard278	1	1009868	32276	891	61,25,105,30,85,40,90,40,71,105,117,85,30,85,5,60,55,16,31,91,60,20,20,6,80,80,100,75,
Hard279	1	1001562	41217	1074	55,15,30,95,40,62,15,45,95,105,25,95,37,41,5,65,52,50,0,60,71,82,15,75,7,45,90,20,
Hard280	1	1006685	32136	2932	30,82,65,72,60,96,95,55,5,15,15,15,0,85,25,32,40,70,20,7,50,90,86,
Hard281	1	1009677	32407	4770	60,105,85,96,105,40,55,62,45,100,71,100,90,116,45,5,15,70,20,30,5,70,5,40,110,96,
Hard282	1	1006419	36321	5219	100,45,100,25,30,110,110,65,75,26,5,105,105,16,16,100,0,100,21,70,60,115,35,20,90,105,85,91,115,20,
Hard283	1	1023808	35536	8528	65,55,100,65,70,55,15,40,1,70,70,35,25,60,105,16,80,70,15,105,20,6,52,0,60,80,27,10,30,105,
Hard284	1	1001360	32666	4541	75,25,80,80,100,35,40,25,61,91,115,41,25,5,15,30,101,30,51,6,20,110,95,
Hard285	1	1005604	32005	7658	25,100,25,115,30,5,17,0,50,35,60,20,21,30,5,10,50,110,105,70,96,40,105,
Hard286	1	1011265	39839	8711	55,115,45,35,60,35,5,70,105,5,95,86,26,25,0,15,75,30,50,16,0,65,30,31,70,40,60,
Hard287	1	1014597	34599	11878	115,36,85,50,40,90,60,60,90,101,86,35,40,115,125,125,115,50,5,5,27,40,0,90,50,32,90,5,80,105,
Hard288	1	1019133	33990	10592	35,90,35,15,40,65,56,0,0,65,25,71,70,15,60,95,16,80,70,5,20,5,50,80,111,96,5,35,
Hard289	1	1004120	47567	28634	70,90,117,65,100,50,70,36,71,5,62,60,76,86,56,107,0,1,15,65,21,20,10,20,60,40,
Hard290	1	1015972	36331	2346	15,51,1,25,30,71,25,40,60,90,60,90,85,115,15,105,15,0,125,55,15,70,55,42,31,50,30,50,20,5,75,10,10,20,110,80,95,
Hard291	1	1013644	33044	1044	25,60,5,17,60,70,0,31,41,50,20,50,85,50,46,35,35,76,67,75,21,5,12,50,0,25,26,70,5,16,62,71,31,85,
Hard292	1	1015908	34135	2102	0,85,100,45,117,95,50,75,96,36,0,0,25,16,51,110,105,15,50,20,6,31,90,90,90,111,30,0,41,62,80,105,105,45,
Hard293	1	1010488	32170	1078	26,30,50,40,90,105,105,85,30,61,40,85,40,30,5,21,15,6,80,65,55,15,30,70,80,100,96,
Hard294	1	1009371	32584	5714	100,95,5,51,50,0,90,66,85,105,85,0,25,17,0,25,30,56,32,50,20,50,5,20,5,80,41,100,95,
Hard295	1	1012467	33483	10585	5,90,90,90,100,25,31,110,110,75,65,25,5,15,40,25,106,16,80,15,30,101,20,0,70,21,105,80,40,95,80,20,60,6,116,
Hard296	1	1028056	38409	3882	125,70,100,55,35,27,125,30,61,81,90,45,15,125,30,5,70,71,60,50,0,50,90,91,85,55,7,35,120,10,
Hard297	1	1007230	36662	6044	5,15,90,20,30,57,35,25,16,15,60,0,20,31,90,42,85,50,75,95,65,50,66,95,31,5,85,75,
Hard298	1	1015473	33159	4890	96,45,0,50,35,45,25,15,70,50,1,110,90,80,82,95,5,55,10,105,115,20,105,30,
Hard299	1	1016276	38816	16044	91,41,5,25,16,90,85,50,30,26,1,70,100,45,25,100,60,16,100,56,85,55,20,75,97,0,22,61,51,46,85,107,
Hard300	1	1014233	35928	10455	70,35,40,100,85,35,5,17,20,0,111,30,80,106,45,31,7,35,90,50,
Hard301	1	1013645	33329	2088	100,101,80,70,66,45,35,80,95,96,55,55,5,15,16,20,0,51,50,5,70,10,70,10,90,91,87,30,40,
Hard302	1	1001890	38026	2614	55,0,0,55,71,91,100,80,25,66,36,15,45,115,82,70,0,51,102,95,56,75,7,86,110,40,31,
Hard303	1	1005621	37931	3198	40,65,120,80,100,80,90,56,25,115,30,5,80,127,62,60,0,70,70,92,76,120,121,85,46,85,6,5,35,110,20,
Hard304	1	1015145	32091	4381	120,95,115,85,105,22,50,100,80,91,116,65,125,65,75,5,18,0,70,30,20,60,61,110,95,75,120,60,95,5,85,10,105,110,10,110,105,121,105,5,40,
Hard305	1	1011947	34934	3267	45,101,60,115,55,5,55,85,16,16,26,60,30,80,0,53,5,110,5,86,91,110,75,105,
Hard306	1	1013533	36955	28452	85,105,45,115,55,35,95,95,35,60,70,6,25,25,16,16,25,1,75,65,32,70,40,30,60,50,
Hard307	1	1016219	33628	5428	80,45,71,80,90,106,105,117,56,65,5,16,15,0,30,20,15,60,52,111,101,50,85,75,65,10,110,5,10,100,96,
Hard308	1	1018450	33335	10376	30,41,16,20,75,90,65,87,15,30,6,5,35,102,50,40,37,1,80,10,80,60,95,25,45,105,80,95,11,
Hard309	1	1007807	31960	1616	40,65,35,120,115,26,50,105,85,5,75,15,16,0,90,55,21,20,50,5,10,10,70,115,80,100,100,115,30,
Hard310	1	1003127	34155	5713	0,100,20,90,100,35,100,46,60,0,50,75,76,55,35,42,50,50,61,71,95,96,107,26,51,85,86,
Hard311	1	1014206	35061	3575	101,75,5,55,25,31,30,55,80,95,100,15,96,15,15,0,40,62,20,91,15,30,60,5,85,90,50,50,72,86,55,5,107,
Hard312	1	1011919	38338	3821	105,45,35,76,80,90,35,20,35,40,65,75,0,41,15,31,95,50,87,40,5,50,26,96,6,45,80,10,
Hard313	1	1019223	40503	25081	45,0,71,101,81,56,60,91,90,65,45,51,87,107,56,75,60,75,62,71,51,101,82,115,115,55,35,15,90,115,71,
Hard314	1	1005880	32125	1721	45,35,26,75,120,110,130,60,110,80,91,37,96,85,5,71,130,127,20,40,
Hard315	1	1055513	35064	19484	56,0,110,35,65,45,75,80,105,125,25,0,80,80,70,115,26,30,90,80,6,50,51,70,0,36,90,115,20,40,35,115,
Hard316	1	1006348	37172	1413	100,86,36,116,26,56,65,45,45,16,71,1,120,100,90,100,100,125,115,7,120,75,106,95,75,10,40,50,30,20,30,
Hard317	1	1010557	33019	6728	110,80,46,65,30,105,95,30,0,50,25,76,75,15,55,5,37,0,90,100,60,51,61,105,40,97,50,5,71,16,85,105,105,6,55,90,20,
Hard318	1	1008254	32037	1154	135,45,35,75,26,110,90,80,90,120,35,36,96,85,115,60,70,20,5,130,70,120,40,115,115,
Hard319	1	1007663	34517	11838	95,30,65,71,115,20,115,45,70,80,10,115,60,55,0,60,36,105,60,60,75,51,81,110,95,110,106,95,25,25,50,50,75,
Hard320	1	1022384	32402	6102	120,55,0,116,15,23,120,65,70,95,115,40,0,30,72,60,5,110,90,10,125,100,126,
Hard321	1	1020264	33039	2778	45,35,26,50,80,100,100,5,65,115,15,125,75,16,0,55,20,21,50,30,6,11,110,90,70,60,120,107,40,
Hard322	1	1017525	32725	5168	100,111,75,55,55,5,15,5,25,30,85,30,41,55,110,105,90,16,106,27,1,60,61,101,95,45,15,100,115,50,80,60,51,71,45,50,6,80,96,116,
Hard323	1	1007747	41483	2908	105,0,35,25,16,85,95,41,85,0,50,35,70,95,85,35,70,51,95,15,7,55,80,20,
Hard324	1	1009738	33385	3817	60,90,46,80,75,45,61,6,15,95,21,30,60,30,80,96,16,0,50,15,0,51,92,85,35,40,70,50,6,70,86,
Hard325	1	1009964	32608	1333	90,80,50,60,1,35,15,71,50,80,50,97,40,62,45,92,85,55,76,55,86,10,6,5,15,70,20,
Hard326	1	1007851	31852	5216	20,100,100,50,5,15,71,100,36,95,15,20,80,95,15,0,95,42,91,85,65,51,15,90,106,77,86,40,5,105,
Hard327	1	1014094	51274	56406	40,15,70,120,55,70,90,5,91,76,125,10,90,86,46,1,125,125,25,0,95,15,17,20,90,5,5,42,0,80,70,26,25,10,30,61,
Hard328	1	1012838	57829	1276	20,40,110,100,110,100,90,55,110,60,61,80,50,95,120,70,96,55,65,95,75,117,65,105,106,1,15,21,30,20,10,7,101,15,26,100,60,70,90,125,
Hard329	1	1022800	34272	29573	95,36,95,75,66,65,56,15,40,1,72,25,60,110,105,15,16,70,35,5,20,5,50,110,90,105,105,
Hard330	1	1003929	32983	2231	65,80,105,55,35,110,75,65,26,5,40,5,17,0,45,21,20,40,5,11,60,70,30,90,106,
Hard331	1	1019498	36206	664	61,105,25,85,90,52,95,35,80,20,115,100,35,70,95,116,95,6,15,80,40,5,90,110,105,
Hard332	1	1018052	33323	3640	26,90,30,40,75,65,55,5,105,80,17,0,35,22,40,30,5,110,5,5,10,100,70,96,
Hard333	1	1014832	34034	4511	40,75,65,0,85,35,25,65,102,77,105,20,115,30,97,0,17,20,5,50,90,110,105,105,
Hard334	1	1010103	52318	4746	30,40,110,50,16,70,96,66,86,15,106,105,1,25,30,31,20,6,100,80,90,50,5,115,
Hard335	1	1004734	34212	785	55,45,0,70,35,110,120,80,66,26,107,95,70,70,5,50,111,35,5,45,5,75,75,90,100,21,
Hard336	1	1010544	34807	4600	10,10,80,105,20,55,47,60,77,0,0,51,50,40,85,15,100,50,6,100,60,91,35,86,
Hard337	1	1019533	33993	8170	0,95,15,26,40,95,0,16,56,72,65,5,46,46,0,60,76,11,50,51,20,10,70,66,80,110,20,95,70,
Hard338	1	1007024	33015	991	90,45,100,0,70,130,130,125,56,36,116,126,70,65,80,25,90,100,115,70,5,81,130,45,6,60,76,120,31,
Hard339	1	1010499	33509	1297	30,106,0,31,50,40,76,81,110,80,110,65,25,65,70,57,76,95,45,85,37,81,5,100,100,110,45,5,5,85,90,20,
Hard340	1	1011526	34409	9132	30,50,115,50,80,105,15,95,25,96,30,5,42,0,60,105,50,60,35,35,35,105,91,6,10,20,
Hard341	1	1018867	34256	19797	116,36,75,66,40,55,65,55,70,1,71,111,25,15,60,95,100,35,15,70,15,5,20,5,50,100,95,95,
Hard342	1	1014864	32783	4317	36,45,0,0,82,97,60,45,50,0,51,25,85,15,75,15,15,20,5,31,75,50,30,40,0,40,62,92,75,86,45,
Hard343	1	1006738	32429	938	125,70,105,55,115,96,135,35,1,70,60,81,115,35,125,46,71,5,61,5,130,91,101,125,115,
Hard344	1	1009427	36539	2856	71,50,35,40,25,66,15,96,85,5,51,50,0,91,62,95,95,5,55,80,75,45,6,10,20,
Hard345	1	1010907	37197	5156	25,15,55,35,120,100,55,70,35,45,60,90,120,86,115,115,5,70,71,0,111,82,125,40,115,30,115,50,5,65,105,125,30,
Hard346	1	1011538	35542	4409	25,55,80,55,10,95,25,95,36,107,41,25,5,5,110,70,60,80,95,5,81,75,46,100,30,30,
Hard347	1	1013430	33976	3902	5,100,45,85,36,50,75,5,65,25,26,0,55,32,40,50,6,20,110,60,70,86,
Hard348	1	1003549	34542	1234	90,10,20,105,30,85,10,20,70,45,85,90,105,105,50,65,85,1,51,100,100,95,25,50,5,80,60,95,70,95,
Hard349	1	1008508	42709	3690	75,65,111,45,90,105,110,85,35,75,5,26,50,5,17,0,55,20,21,30,40,50,
Hard350	1	1013472	44517	12527	30,100,85,70,45,25,15,100,66,85,85,5,53,0,81,62,105,90,35,10,20,20,85,40,75,105,85,
Hard351	1	1005899	32522	3133	110,85,75,45,85,75,55,60,60,15,20,110,125,96,22,91,30,10,65,66,40,95,101,30,100,10,50,71,96,7,80,91,120,116,
Hard352	1	1009334	35157	1559	100,15,25,80,56,15,15,25,36,117,41,70,5,61,60,0,70,80,25,81,75,7,75,46,110,31,
Hard353	1	1011852	35143	3381	105,15,30,60,106,82,65,20,75,5,35,35,5,42,1,50,31,72,115,60,70,56,61,85,36,16,85,
Hard354	1	1007805	32695	3351	25,35,25,35,70,45,45,50,50,5,90,65,80,15,15,105,15,0,56,40,30,41,21,51,5,5,30,10,5,100,60,96,
Hard355	1	1020203	32453	14203	105,65,56,0,115,15,21,120,55,115,60,95,115,30,0,61,21,40,60,5,110,90,70,40,100,10,50,127,
Hard356	1	1024918	34441	6540	65,35,25,40,5,90,70,102,85,5,17,0,80,105,95,0,45,20,21,30,50,40,5,90,100,85,
Hard357	1	1013546	32437	3620	50,40,50,0,15,15,20,70,90,20,31,61,110,81,127,100,15,5,55,55,30,55,0,20,12,5,50,120,121,100,85,75,116,
Hard358	1	1004832	33117	1484	20,115,30,40,80,60,100,70,55,116,95,5,5,15,20,30,60,5,90,110,105,
Hard359	1	1013259	33914	3452	51,75,106,95,30,40,80,60,40,95,60,95,75,105,75,6,25,80,30,51,16,25,31,5,71,90,65,
Hard360	1	1016323	34089	5055	55,35,75,25,60,100,40,5,100,90,100,75,5,17,0,85,70,105,95,0,45,22,40,5,30,90,100,75,
Hard361	1	1016092	35737	2698	0,15,80,40,55,20,15,15,60,30,5,55,96,5,42,0,0,91,10,53,35,15,96,
Hard362	1	1011169	32074	1212	60,15,50,125,46,90,105,0,25,45,120,30,80,110,106,120,27,125,115,10,30,50,60,
Hard363	1	1014013	34447	13964	40,95,105,105,40,65,0,35,71,65,115,96,25,71,5,45,46,1,16,76,33,23,11,70,105,70,51,
Hard364	1	1017442	32267	2504	105,0,26,40,81,95,65,77,0,15,32,15,30,40,41,21,10,10,50,50,6,5,16,45,70,70,60,90,86,
Hard365	1	1015989	34694	7870	40,100,75,116,35,95,35,95,1,25,26,6,31,15,15,30,1,21,110,110,105,15,20,5,92,110,51,70,62,55,5,40,81,105,105,
Hard366	1	1006514	33608	7330	105,6,25,17,31,41,90,105,25,25,105,50,1,61,60,86,25,101,70,96,45,60,5,95,
Hard367	1	1007507	40917	4091	55,20,40,71,105,95,85,115,65,106,1,15,22,10,6,101,60,110,30,75,
Hard368	1	1010384	35891	2211	75,95,65,55,75,75,1,40,101,35,95,25,85,40,15,85,40,5,70,50,5,60,95,5,45,80,10,
Hard369	1	1006007	32889	22788	71,51,80,5,25,16,65,26,25,36,41,1,61,55,71,60,90,90,0,20,55,100,35,126,21,16,110,100,35,20,91,125,55,
Hard370	1	1005746	38817	19123	10,5,90,51,100,25,110,32,20,111,105,56,40,106,0,61,85,30,71,55,60,102,115,46,26,95,116,60,
Hard371	1	1014121	36209	14714	51,76,0,90,90,36,115,25,45,125,86,90,90,5,115,55,55,115,55,1,16,95,21,95,42,30,60,21,40,91,30,60,11,
Hard372	1	1003464	32626	5533	35,101,87,0,15,62,76,45,91,35,100,36,40,16,70,5,70,50,80,71,15,90,45,31,60,105,20,5,106,
Hard373	1	1010206	33587	2141	90,75,105,45,75,35,25,35,55,5,60,61,15,50,85,60,30,102,0,30,71,96,70,35,6,65,80,10,20,
Hard374	1	1018593	34261	7638	60,125,45,70,80,35,51,117,35,50,35,5,40,15,70,66,65,30,15,20,50,15,0,32,61,5,10,45,112,85,45,76,
Hard375	1	1017683	38949	11915	116,95,105,75,35,26,40,50,86,6,17,1,45,55,20,20,21,30,40,50,60,
Hard376	1	1010300	34406	884	115,30,60,40,105,15,30,60,90,70,106,0,15,40,0,50,80,115,25,50,16,50,5,5,100,120,115,
Hard377	1	1006844	38056	9683	91,85,5,66,36,52,15,30,90,116,20,16,115,70,105,50,0,72,15,5,110,110,110,60,30,60,81,95,80,95,65,
Hard378	1	1013386	35591	3178	36,65,71,85,45,85,55,70,61,60,106,15,97,20,5,110,111,60,75,50,80,75,5,105,5,25,90,10,
Hard379	1	1017364	36297	2133	120,65,25,100,65,25,55,120,75,96,80,47,15,115,85,70,5,35,72,0,80,41,92,125,101,125,45,7,50,75,110,10,21,
Hard380	1	1011388	36471	7490	115,40,80,50,115,35,41,35,66,0,0,25,115,72,80,96,105,35,70,5,111,56,6,75,100,20,
Hard381	1	1001997	32860	4565	105,16,40,61,0,91,105,55,15,1,25,65,33,60,5,20,5,50,100,96,71,
Hard382	1	1007126	37617	23019	30,0,50,60,110,87,65,95,55,35,101,110,10,35,0,35,50,61,80,80,72,95,116,107,45,60,60,95,
Hard383	1	1008261	35346	6648	101,75,90,55,15,65,125,35,25,117,40,5,83,0,45,110,30,90,70,46,5,85,111,10,5,20,
Hard384	1	1004092	33434	2325	50,90,76,45,5,100,60,110,75,50,96,5,15,16,0,60,90,30,115,105,0,25,32,20,5,50,60,100,110,95,
Hard385	1	1006390	33137	3520	125,65,105,55,95,115,2,60,26,70,10,10,45,61,5,110,80,105,90,45,120,70,70,80,25,105,
Hard386	1	1022630	37402	3143	20,10,20,90,100,1,55,61,111,81,72,80,66,50,105,95,110,50,70,37,80,55,117,7,106,
Hard387	1	1015161	39345	2270	75,106,65,65,80,80,1,25,25,30,50,90,105,25,80,6,46,61,60,85,115,10,60,1,20,102,25,6,95,
Hard388	1	1017155	34566	13889	16,0,51,60,70,115,15,115,45,61,105,55,105,22,20,101,50,66,40,10,30,111,75,66,105,30,106,56,
Hard389	1	1014069	33936	2308	40,0,50,60,70,42,70,70,16,16,77,55,35,56,6,23,1,50,71,70,51,11,65,11,32,30,76,75,5,66,57,
Hard390	1	1011278	35619	12004	100,46,35,55,71,91,115,100,86,85,95,115,65,115,6,95,17,0,0,75,65,26,30,75,32,52,40,50,21,40,5,70,101,70,
Hard391	1	1003048	35748	8573	120,30,60,96,80,45,100,70,110,55,6,81,80,71,70,0,0,50,40,91,125,90,65,55,90,45,6,125,
Hard392	1	1013648	35313	4061	51,0,71,105,65,85,115,50,46,50,35,0,15,15,27,10,55,10,5,40,41,40,50,0,60,16,70,90,20,15,90,70,30,30,
Hard393	1	1014165	34624	3540	85,75,95,115,106,1,115,27,5,100,15,35,90,25,101,112,35,36,5,115,105,10,41,50,60,
Hard394	1	1014487	39736	20501	105,50,86,70,96,40,52,45,91,61,80,106,45,60,5,15,20,30,60,6,40,100,86,
Hard395	1	1018151	34201	7768	90,15,15,30,1,45,61,56,82,50,95,15,80,25,15,70,110,5,95,110,60,5,95,72,0,65,50,66,10,20,
Hard396	1	1004261	34145	3107	55,40,80,25,125,30,90,5,62,116,80,0,135,135,70,35,36,120,5,5,20,15,120,40,
Hard397	1	1002893	33796	6205	35,5,42,0,15,80,90,55,61,60,70,50,95,85,10,95,30,72,105,106,36,52,30,26,100,95,66,
Hard398	1	1003398	33731	3868	115,75,25,55,15,31,131,67,26,40,120,135,135,80,100,135,65,0,0,71,90,50,50,70,60,126,45,110,70,125,
Hard399	1	1021276	33202	8322	30,15,97,30,5,41,70,112,50,15,20,100,65,15,40,6,70,37,90,0,35,0,80,45,10,90,60,105,25,115,105,90,11,
Hard400	1	1001918	46751	9359	85,77,115,10,40,80,80,95,96,36,115,115,86,0,70,35,0,0,25,70,25,50,61,101,95,26,76,46,52,40,71,22,40,5,90,20,5,105,
Hard401	1	1006681	34764	10427	20,75,65,90,82,106,90,30,40,60,71,105,55,5,15,90,80,5,5,50,100,75,
Hard402	1	1006899	32782	1793	30,95,65,0,101,115,0,25,26,6,25,45,90,110,105,35,16,45,65,91,110,55,55,110,70,80,106,
Hard403	1	1007287	32414	6143	65,100,85,55,100,45,35,65,45,10,70,5,115,92,20,120,110,10,77,40,115,95,30,20,40,51,
Hard404	1	1015886	36649	2102	70,105,6,25,85,15,36,111,110,40,60,70,96,5,35,60,60,45,115,10,80,20,
Hard405	1	1007847	34672	6826	55,45,115,5,115,5,45,121,35,72,25,15,25,15,120,60,60,90,80,101,101,85,65,95,65,125,10,10,115,21,30,
Hard406	1	1016437	33457	3204	55,125,0,25,95,25,107,16,30,0,70,45,0,52,81,25,5,100,90,120,115,15,116,45,71,
Hard407	1	1012711	48074	19161	90,0,51,65,117,80,90,90,15,90,15,85,111,57,5,116,83,76,105,96,0,106,15,1,25,85,33,20,80,40,
Hard408	1	1015811	33197	2546	90,35,115,45,26,80,50,90,65,75,5,105,17,0,55,20,21,50,30,5,11,70,100,60,5,110,97,40,
Hard409	1	1018958	36645	4158	55,106,17,87,15,21,40,100,1,35,0,45,27,40,5,80,80,80,100,50,50,70,50,105,87,95,0,45,20,20,95,20,40,95,30,50,
Hard410	1	1019268	38108	14049	91,15,115,55,80,35,25,105,106,40,5,65,71,71,0,45,101,60,80,46,15,20,5,15,30,
Hard411	1	1010439	62942	2395	35,15,35,15,26,107,85,95,96,41,15,55,6,15,55,60,60,60,50,10,60,0,10,80,50,0,71,81,15,80,35,75,5,5,25,
Hard412	1	1003227	32125	2331	0,81,95,96,45,36,0,80,25,60,51,75,50,85,17,20,5,32,50,40,0,40,61,85,75,60,45,92,85,75,
Hard413	1	1007702	35817	8742	81,75,95,46,16,32,80,10,30,50,116,0,115,60,10,61,112,41,73,46,115,116,67,111,85,85,56,
Hard414	1	1011546	33455	3809	95,1,100,25,30,100,115,50,70,80,45,115,65,25,25,6,52,1,20,20,111,105,35,60,20,105,5,90,70,80,105,
Hard415	1	1020260	34099	1873	96,55,86,0,26,15,115,1,50,60,45,70,106,45,60,15,60,51,6,70,110,80,90,105,25,
Hard416	1	1014101	40979	1653	60,0,82,101,95,35,65,45,100,26,80,50,6,75,15,65,16,0,55,20,0,40,85,21,20,80,50,6,30,
Hard417	1	1022100	33242	21253	36,55,115,15,107,20,0,42,5,65,27,0,45,101,100,110,52,70,30,95,116,107,40,95,115,5,6,45,100,10,
Hard418	1	1007252	35452	2149	95,110,45,0,70,100,86,100,95,65,35,70,15,85,70,110,5,40,100,55,95,6,75,80,10,
Hard419	1	1022025	32601	13802	25,30,50,105,15,96,95,30,5,40,70,41,60,0,50,35,80,35,35,5,90,90,45,90,10,20,105,105,
Hard420	1	1015421	37565	7341	16,20,60,90,85,45,125,105,45,5,115,55,72,50,70,0,41,81,15,65,80,45,7,30,
Hard421	1	1009095	33798	30250	105,40,40,5,25,15,55,125,62,110,125,70,125,26,15,30,60,2,20,20,121,115,45,45,16,120,51,80,100,20,80,45,50,116,50,
Hard422	1	1017330	34693	10067	25,115,30,60,85,25,95,46,5,15,105,55,72,50,70,40,110,0,40,80,80,25,80,96,65,45,
Hard423	1	1009911	42333	12272	115,120,65,71,45,91,115,86,115,45,45,75,5,61,60,60,0,70,41,82,95,45,50,6,15,20,110,30,126,50,
Hard424	1	1015747	34190	3031	85,115,90,70,40,30,50,70,67,45,115,85,85,50,5,5,25,26,15,91,50,0,40,60,41,6,75,
Hard425	1	1006527	32133	5523	11,21,60,81,70,70,95,1,95,41,36,35,45,5,10,25,26,0,10,42,90,87,60,6,90,30,75,75,75,
Hard426	1	1010611	38768	1724	40,50,80,1,70,125,95,105,0,115,70,65,25,45,30,50,65,80,115,30,70,30,46,20,7,40,110,85,
Hard427	1	1005981	34063	1616	45,60,75,105,35,95,0,60,95,110,55,25,55,110,25,85,95,61,5,100,100,110,45,35,6,66,80,90,21,
Hard428	1	1015705	39438	1022	15,31,105,55,40,62,95,15,25,45,37,40,96,65,40,6,65,51,50,61,70,50,0,0,70,80,15,81,75,5,6,45,90,20,
Hard429	1	1015157	39194	4896	30,20,100,1,15,20,81,55,97,16,6,73,1,100,11,40,91,86,25,85,10,
Hard430	1	1005020	48505	7243	80,80,71,66,96,36,25,17,45,50,20,5,115,52,0,40,31,60,85,60,75,60,35,
Hard431	1	1017355	34116	1276	115,100,115,75,125,35,45,126,50,10,50,5,65,82,60,90,101,115,35,6,100,95,56,20,120,41,
Hard432	1	1008695	33723	3780	5,105,15,86,20,20,30,30,90,105,105,50,75,75,15,40,15,0,15,85,0,51,101,95,35,50,5,60,96,
Hard433	1	1014544	40256	1528	62,25,100,40,1,100,80,80,90,56,35,25,81,5,5,107,71,92,76,102,1,86,85,20,5,30,
Hard434	1	1004410	53206	9475	41,20,100,115,65,100,55,70,95,115,36,55,80,6,82,50,72,0,50,60,31,90,105,0,60,90,91,65,5,35,
Hard435	1	1015451	34790	2681	60,20,55,56,1,71,70,0,52,28,55,76,55,55,75,6,30,30,31,0,72,40,0,50,51,21,42,65,20,20,76,56,65,65,55,75,
Hard436	1	1010778	38755	1676	50,80,40,0,65,0,95,125,25,105,30,71,0,65,46,50,30,70,80,116,45,30,20,5,6,40,110,85,
Hard437	1	1005656	32161	3764	45,50,70,35,26,50,5,80,65,100,16,95,15,0,55,22,30,50,40,5,5,10,90,60,5,86,
Hard438	1	1008469	35955	9875	110,105,55,40,0,1,15,71,20,45,22,110,40,66,10,6,100,80,91,90,85,60,116,115,70,
Hard439	1	1014298	35855	5448	10,70,85,45,55,36,100,36,95,50,40,75,95,75,95,0,50,20,50,60,30,105,15,50,105,5,90,70,80,105,
Hard440	1	1029667	33245	10141	20,117,10,5,45,35,50,51,50,0,15,30,110,120,60,45,15,71,15,5,80,55,111,100,70,40,70,127,20,
Hard441	1	1000738	31553	1568	75,6,26,130,100,45,25,75,60,80,15,126,55,45,90,100,25,35,15,130,130,81,70,110,125,
Hard442	1	1005062	33682	7738	111,85,75,55,25,55,32,20,105,5,90,17,105,15,110,40,105,60,0,30,61,102,51,81,72,60,115,115,95,5,95,95,115,55,
Hard443	1	1011133	32827	5378	90,46,115,65,50,71,81,90,20,70,106,56,30,40,6,15,80,20,30,80,5,50,100,96,
Hard444	1	1008447	34693	1044	100,100,115,95,65,85,75,1,25,35,35,25,58,21,31,6,70,80,90,110,105,110,80,90,65,
Hard445	1	1017948	37080	2984	45,70,96,16,45,26,105,105,86,85,105,30,30,60,70,15,95,7,110,50,35,71,65,35,100,80,21,
Hard446	1	1005223	35926	1330	95,0,71,100,65,35,45,65,25,100,35,45,55,85,85,35,85,71,5,91,100,55,6,75,75,80,40,40,
Hard447	1	1008454	36667	2832	60,35,71,60,56,95,95,25,5,85,15,42,0,91,50,51,65,96,6,45,10,80,75,20,
Hard448	1	1013829	34420	5243	90,85,60,0,70,105,35,20,35,105,0,50,70,50,60,50,101,96,85,95,15,85,50,6,5,55,80,10,
Hard449	1	1005240	36694	3593	10,30,65,80,70,125,135,125,22,40,121,76,90,60,100,50,75,125,100,11,40,50,126,7,121,130,85,
Hard450	1	1011131	33780	1828	60,116,45,80,45,115,15,0,55,62,95,105,95,0,50,50,70,105,95,35,50,66,110,40,50,5,110,105,6,55,90,10,
Hard451	1	1003541	46275	14377	60,90,115,45,115,45,5,105,72,86,0,40,125,55,85,105,125,1,25,40,75,32,20,40,76,60,
Hard452	1	1004178	31926	2104	65,6,120,26,35,90,65,50,80,70,15,90,15,116,25,25,45,70,35,120,120,70,60,100,115,
Hard453	1	1007551	36937	14356	50,60,75,80,90,0,45,110,92,105,35,25,25,60,115,5,5,17,0,65,22,40,60,30,
Hard454	1	1009002	31904	5947	5,21,15,100,30,70,70,80,70,101,97,40,16,0,20,65,40,50,40,90,50,15,85,90,36,86,90,105,75,75,75,40,50,106,
Hard455	1	1018902	35340	1479	50,105,25,50,30,90,60,46,86,15,5,31,75,30,0,81,40,40,40,86,5,35,70,10,55,20,96,
Hard456	1	1007723	32859	1805	0,111,96,81,0,75,105,45,35,110,66,26,80,25,5,90,80,25,61,116,31,40,50,115,
Hard457	1	1006243	61353	6826	90,55,60,40,110,80,36,105,61,5,52,75,66,95,115,95,75,50,0,116,1,15,55,21,20,20,10,50,40,
Hard458	1	1012779	33159	2797	80,91,46,6,15,65,21,31,90,45,71,85,85,15,85,50,15,0,0,51,80,15,81,40,75,35,60,96,50,95,5,60,76,
Hard459	1	1010043	32687	3173	5,5,25,15,31,41,110,75,80,107,85,65,15,15,50,75,65,27,15,0,61,0,80,81,50,100,71,115,91,45,115,115,80,
Hard460	1	1006196	31881	2176	115,71,115,50,90,90,65,106,115,86,50,5,15,5,26,31,41,15,71,5,51,81,100,110,96,
Hard461	1	1021797	33057	1026	95,60,85,85,125,0,30,50,0,60,71,105,116,105,45,26,60,45,50,50,60,5,5,120,81,90,115,90,105,
Hard462	1	1008010	35319	1769	85,0,16,85,35,0,50,65,50,90,45,90,75,25,75,66,35,51,5,81,90,15,75,6,55,60,20,
Hard463	1	1019908	32375	3117	91,115,70,60,107,60,46,55,55,5,15,70,16,0,25,31,60,55,40,70,110,30,20,7,40,100,95,95,
Hard464	1	1006898	36328	31477	77,65,55,91,35,40,101,65,35,100,75,35,97,26,25,92,30,30,60,106,5,15,45,70,105,80,31,
Hard465	1	1013220	33658	3362	70,80,117,15,65,70,105,55,45,96,30,20,71,1,61,60,76,95,105,50,60,111,105,7,65,90,10,
Hard466	1	1035141	39611	18379	120,75,90,90,55,45,90,75,105,85,126,115,60,5,27,0,0,65,35,42,90,50,36,5,60,
Hard467	1	1006969	32335	1675	36,55,75,62,50,30,97,45,15,50,50,85,65,50,65,76,20,5,5,40,91,86,5,25,70,10,
Hard468	1	1005411	37385	1598	25,15,30,60,95,115,115,30,85,0,85,115,0,50,125,15,70,125,25,51,5,110,80,5,90,125,
Hard469	1	1010808	38310	2137	80,16,65,95,45,55,35,35,25,96,35,41,70,60,6,72,1,60,82,65,15,7,45,90,20,
Hard470	1	1018141	33514	7715	35,25,15,50,110,50,0,60,77,65,5,57,80,0,61,100,95,95,95,25,10,40,70,60,100,36,
Hard471	1	1011764	41146	1952	75,17,85,60,55,1,35,90,40,60,90,85,36,6,105,25,42,20,1,30,80,95,31,
Hard472	1	1026252	32547	6842	0,10,20,41,120,10,60,20,100,90,30,60,60,126,46,30,70,110,125,0,51,50,121,115,105,26,50,90,60,5,70,5,105,115,115,105,
Hard473	1	1019139	37515	10302	35,105,125,25,41,5,75,80,55,55,82,90,70,0,110,48,20,6,76,16,121,61,30,30,
Hard474	1	1015133	33252	3282	56,115,0,35,95,65,25,0,15,70,40,70,0,50,80,50,82,56,75,5,36,75,6,50,50,85,60,105,90,110,106,
Hard475	1	1010265	35965	4358	85,90,30,45,111,60,85,60,60,115,55,115,36,35,110,110,70,70,5,102,110,25,55,25,5,71,15,90,60,
Hard476	1	1005161	37107	41343	75,85,90,75,85,110,46,36,125,5,56,60,26,60,5,17,0,65,21,20,65,52,31,41,61,
Hard477	1	1048041	34973	21875	56,105,60,95,115,0,45,35,27,30,5,52,1,61,71,105,36,20,105,40,60,5,35,
Hard478	1	1019587	34954	3794	0,105,21,91,70,86,105,45,105,50,65,85,0,50,50,101,30,95,25,95,50,5,80,60,70,95,
Hard479	1	1005272	40542	2030	45,71,45,65,85,65,35,5,15,51,15,25,95,51,0,30,62,35,5,56,90,75,20,11,
Hard480	1	1016908	32734	2853	90,65,45,0,51,35,35,0,90,45,45,16,85,65,65,15,20,85,100,70,5,110,32,0,10,10,61,42,15,60,15,55,5,55,97,
Hard481	1	1014791	38805	8551	36,125,40,25,35,40,75,5,80,82,110,90,55,70,0,48,55,75,5,75,5,120,15,15,120,20,60,60,
Hard482	1	1003440	34088	1201	55,36,40,25,60,15,105,121,60,80,90,115,115,5,35,81,65,125,100,10,20,
Hard483	1	1011568	38818	4565	125,80,65,35,75,45,110,126,25,80,105,25,50,5,95,15,16,0,55,20,21,50,30,40,
Hard484	1	1016924	32858	7521	90,90,25,30,0,101,75,15,60,55,26,81,96,100,95,15,40,15,80,15,5,92,21,105,50,105,35,21,70,5,105,
Hard485	1	1005645	41313	8180	10,110,40,0,126,71,0,85,66,100,90,110,26,25,5,30,120,111,105,25,50,61,75,75,
Hard486	1	1014816	39187	4994	61,55,75,35,15,35,105,85,86,21,0,90,60,106,40,40,40,101,95,25,40,5,80,80,80,100,25,10,30,70,30,70,52,35,95,95,66,
Hard487	1	1006050	38047	3890	40,110,40,80,90,55,1,100,15,81,20,100,115,116,70,92,75,112,105,105,30,25,10,85,85,6,105,
Hard488	1	1003753	32157	3275	90,20,5,15,100,80,110,36,55,55,46,15,15,1,15,41,71,70,51,115,90,106,70,6,80,116,
Hard489	1	1023293	32592	10451	20,105,15,45,50,96,95,70,20,105,5,51,110,40,80,60,50,0,27,5,90,90,105,55,90,30,10,30,
Hard490	1	1026725	32663	3282	81,80,96,35,55,70,10,25,25,26,30,40,92,77,10,5,5,30,30,30,1,72,22,85,50,75,50,86,50,76,
Hard491	1	1019504	42750	3513	40,85,0,76,100,95,100,100,95,66,35,25,100,115,116,5,47,1,15,105,22,30,50,100,20,10,
Hard492	1	1021123	53957	3321	20,40,60,85,30,110,85,76,105,56,106,0,97,0,15,20,20,20,10,40,7,100,70,80,115,
Hard493	1	1013019	39954	13195	50,96,95,45,35,5,15,70,35,16,80,66,35,65,0,0,42,30,85,50,90,75,75,26,90,86,40,
Hard494	1	1017795	33883	4177	20,65,50,50,81,11,41,35,35,76,65,65,5,5,21,20,1,71,61,32,45,30,86,66,5,75,75,
Hard495	1	1010908	32764	4177	50,16,20,101,75,0,50,30,80,62,85,75,75,36,15,51,40,5,90,100,85,
Hard496	1	1020054	35845	14503	55,36,70,46,60,25,90,107,95,25,60,5,15,85,17,0,80,65,65,41,22,40,61,51,70,31,
Hard497	1	1004300	40413	1821	101,65,70,25,40,70,80,1,80,90,55,35,25,81,5,5,76,61,55,92,65,75,1,86,20,85,30,
Hard498	1	1018125	33750	9377	111,75,45,80,45,65,55,95,55,15,23,100,55,60,85,96,0,30,61,51,60,5,10,41,72,107,45,116,
Hard499	1	1006564	33305	3566	100,20,60,20,40,70,86,55,85,65,6,16,20,15,1,31,51,20,60,50,81,5,75,110,90,120,106,61,
Hard500	1	1009981	48478	9246	90,115,5,51,50,100,100,65,0,65,71,70,115,45,105,96,95,1,55,15,23,10,50,5,30,70,
Hard501	1	1020460	33871	2525	80,115,0,55,25,15,32,30,95,100,10,55,66,5,70,80,80,80,110,65,50,92,55,60,90,75,60,20,107,
Hard502	1	1015732	33043	4243	50,25,65,1,35,100,115,100,95,0,60,82,105,25,35,56,60,60,5,90,110,105,5,75,35,
Hard503	1	1013081	33384	1244	60,10,85,95,85,125,45,10,0,115,50,0,60,70,70,105,105,115,35,60,35,51,60,6,120,80,80,91,115,105,
Hard504	1	1011889	45073	17661	105,20,40,6,105,110,110,95,15,21,110,61,70,97,75,66,117,16,105,2,112,15,60,60,73,66,115,116,6,80,55,
Hard505	1	1016952	32639	10789	30,60,60,0,75,15,90,17,41,60,5,95,81,95,95,37,27,0,41,0,60,53,5,5,35,92,10,71,85,86,
Hard506	1	1004589	35108	8119	60,115,20,100,95,80,45,0,45,115,115,50,75,96,0,51,110,60,110,106,25,50,6,90,70,80,105,
Hard507	1	1020215	32670	3836	50,115,15,25,106,70,80,115,105,31,45,5,63,0,70,35,40,35,35,5,120,65,90,102,10,5,115,20,
Hard508	1	1012149	32178	2925	75,115,40,66,105,55,26,30,5,16,15,0,35,22,30,5,10,110,40,95,106,
Hard509	1	1009013	34499	1936	96,55,105,35,75,26,40,66,6,17,0,45,22,40,5,11,105,60,70,30,90,105,
Hard510	1	1020892	33157	5256	25,40,55,1,36,91,25,60,105,85,0,50,61,95,46,51,5,80,100,35,75,95,76,
Hard511	1	1006020	38899	15266	35,100,25,40,65,71,92,75,105,75,61,87,106,65,6,17,0,45,21,30,20,40,90,
Hard512	1	1009277	36741	2325	75,20,10,30,65,10,50,20,81,50,45,45,65,65,76,6,30,31,0,70,0,70,60,60,42,76,55,40,86,66,
Hard513	1	1007933	34094	8322	35,80,60,71,80,107,45,55,71,6,16,15,1,90,25,76,40,30,55,30,30,25,42,61,30,20,20,5,71,81,
Hard514	1	1008192	38221	3284	85,50,76,106,36,15,85,45,5,25,61,95,61,40,0,31,100,72,35,5,85,55,
Hard515	1	1005651	32238	3561	90,71,90,107,115,56,5,65,17,5,65,27,0,0,35,41,65,40,70,50,30,7,50,110,100,96,
Hard516	1	1010004	32504	3255	40,71,105,81,96,55,106,5,55,65,18,0,60,26,40,31,70,70,40,40,20,50,30,20,7,50,90,100,86,
Hard517	1	1002021	33622	1082	110,45,50,95,25,86,100,50,51,60,70,40,116,115,105,106,5,15,82,30,20,5,5,100,110,96,
Hard518	1	1004624	32504	3040	75,105,30,65,96,30,50,95,10,25,40,66,0,80,40,71,30,70,110,60,105,70,6,80,110,56,105,
Hard519	1	1019342	32790	12193	0,16,30,40,80,31,10,20,21,115,40,65,55,96,55,100,30,100,20,95,0,10,55,60,62,5,50,70,105,110,110,105,105,
Hard520	1	1011490	33856	5822	5,82,90,100,25,31,100,65,25,25,5,40,96,18,91,0,20,70,30,21,60,106,95,85,70,20,40,
Hard521	1	1008629	34590	2460	60,60,70,95,35,86,15,85,21,5,42,40,0,51,70,95,95,71,65,55,7,25,80,10,
Hard522	1	1007748	39309	9094	50,75,0,35,80,112,120,85,70,25,120,105,120,95,86,45,25,116,60,6,16,15,0,65,22,40,60,30,
Hard523	1	1016607	33522	5319	60,35,41,90,75,11,20,10,0,80,70,97,52,92,60,75,85,45,60,76,86,16,50,45,
Hard524	1	1005291	33576	4791	95,55,61,16,70,70,80,45,25,96,30,60,51,82,55,5,15,75,6,35,90,20,
Hard525	1	1014287	35661	2201	90,35,60,25,90,40,60,55,86,75,15,5,42,0,81,52,85,85,5,45,96,10,70,20,
Hard526	1	1020454	35241	14075	65,35,40,56,15,15,55,106,45,32,20,41,0,110,55,60,70,96,105,0,61,80,50,116,25,115,60,
Hard527	1	1023965	32520	5399	80,95,80,75,56,6,15,115,20,30,20,30,80,100,115,17,0,41,115,0,62,110,111,105,35,52,60,70,90,70,86,35,105,90,50,105,
Hard528	1	1010046	32493	13169	105,71,105,91,105,85,55,55,66,5,17,70,5,65,27,40,1,35,40,70,41,30,7,51,100,96,
Hard529	1	1013172	34913	10887	125,116,30,10,20,1,61,0,35,110,120,56,90,102,95,51,65,127,65,115,30,
Hard530	1	1041208	33580	27232	15,100,50,50,70,115,95,85,45,65,15,30,70,50,105,65,105,32,101,20,55,10,70,40,56,105,20,105,80,20,10,105,70,
Hard531	1	1006206	38286	2468	75,80,16,45,55,37,40,25,97,40,5,70,62,0,70,82,75,15,5,6,45,90,20,
Hard532	1	1005892	37793	1318	10,35,80,102,55,5,76,27,35,5,46,96,62,40,20,5,40,30,72,25,50,106,105,
Hard533	1	1004277	38200	1389	95,15,96,0,0,61,80,55,35,25,40,60,70,6,90,70,90,80,81,96,0,0,67,20,30,
Hard534	1	1012582	34714	3681	55,0,120,105,105,55,75,82,70,50,100,101,125,55,76,116,30,10,40,20,61,
Hard535	1	1010270	33344	3053	15,46,0,90,0,25,35,85,16,15,35,20,5,70,40,40,40,0,50,60,60,100,35,60,55,5,86,
Hard536	1	1017247	33510	4487	90,20,105,90,90,45,65,50,65,70,105,105,36,52,31,95,61,86,95,25,101,25,30,85,55,40,30,100,95,
Hard537	1	1010896	34030	3859	20,60,20,100,85,45,50,75,75,97,35,115,0,0,51,60,40,106,25,50,6,90,110,71,80,80,105,
Hard538	1	1011552	40621	2320	60,45,15,45,86,36,55,5,95,15,70,25,105,70,71,0,50,31,82,35,5,35,55,75,75,100,65,20,10,10,
Hard539	1	1007576	34160	6854	45,101,80,75,25,45,31,80,95,100,0,96,60,61,90,90,85,35,85,90,40,105,60,35,70,106,70,85,20,
Hard540	1	1004557	37107	1955	55,45,95,105,15,25,95,45,95,30,6,62,73,40,40,60,1,51,80,81,55,16,7,35,90,20,
Hard541	1	1005990	31932	8369	120,36,120,105,16,55,41,60,61,50,90,0,50,26,70,81,115,101,116,36,16,51,25,
Hard542	1	1028214	34019	4017	95,105,85,65,95,15,105,0,75,20,35,111,40,40,110,75,36,5,50,100,90,35,70,115,116,
Hard543	1	1030196	32690	48285	55,45,61,120,95,45,60,80,5,100,100,16,15,20,60,50,35,111,0,41,50,75,40,90,125,6,125,
Hard544	1	1008986	60939	2745	115,96,0,20,50,20,31,50,45,60,10,100,121,45,70,81,81,75,40,65,40,126,56,125,
Hard545	1	1008282	32890	1597	45,96,80,10,25,45,25,115,107,31,55,5,62,50,70,82,95,115,75,6,36,100,20,20,
Hard546	1	1006271	35015	4725	120,100,5,120,86,35,100,76,26,100,55,35,45,55,60,115,91,120,90,110,67,115,50,95,40,30,50,21,30,
Hard547	1	1014105	34137	29795	71,55,45,21,100,46,50,80,75,97,0,50,50,40,60,105,60,30,25,50,5,90,70,30,105,5,80,105,
Hard548	1	1016423	36294	2290	110,45,60,60,105,90,70,60,40,117,16,0,20,0,50,80,105,15,35,15,51,6,110,120,105,
Hard549	1	1010461	43239	1693	75,100,75,110,50,30,0,50,61,82,66,56,106,126,117,0,105,15,20,0,35,22,80,30,40,10,
Hard550	1	1015902	36843	1914	95,45,100,95,100,60,61,70,105,40,35,105,15,95,20,5,80,41,35,40,105,0,51,70,71,55,55,102,66,7,25,90,10,
Hard551	1	1010597	34493	2609	75,11,91,81,106,20,40,1,41,101,95,85,15,40,5,72,100,50,61,85,85,96,
Hard552	1	1010182	37353	3284	100,85,25,15,100,30,40,85,110,126,25,95,56,65,5,73,0,60,51,121,80,80,25,115,80,105,55,105,
Hard553	1	1011122	34800	3691	35,25,15,85,105,105,117,40,75,5,15,65,55,90,15,91,50,60,102,15,65,71,26,6,45,110,30,
Hard554	1	1002110	33555	3270	40,55,85,85,1,40,91,35,25,15,65,75,65,40,65,40,5,76,80,80,90,16,6,45,60,20,
Hard555	1	1012374	36541	2805	70,45,45,15,95,15,25,50,25,105,95,15,106,30,86,85,60,30,5,70,95,5,110,70,5,70,65,35,80,35,100,21,
Hard556	1	1020471	34607	6190	80,95,55,65,46,36,0,105,25,17,15,20,5,31,41,5,53,60,30,1,90,60,70,106,71,65,
Hard557	1	1014107	37317	3978	25,40,0,116,0,75,65,92,81,100,60,55,35,25,80,5,5,71,100,101,75,0,0,87,20,30,
Hard558	1	1011584	32942	5734	120,65,45,35,50,5,16,115,105,15,115,0,95,115,55,30,0,25,30,31,50,20,5,110,5,90,100,125,5,40,
Hard559	1	1015987	34002	5289	50,100,35,115,50,5,17,0,55,85,95,30,95,0,25,32,20,5,90,80,50,110,40,105,
Hard560	1	1018930	33586	9221	100,30,0,0,90,15,115,65,20,20,90,100,116,15,15,6,51,70,51,40,1,11,70,60,110,105,105,110,80,95,25,10,80,96,105,
Hard561	1	1013533	32195	10008	50,11,20,30,50,0,120,71,70,20,110,125,56,100,80,0,45,30,45,126,61,60,80,121,116,26,60,100,5,70,5,115,
Hard562	1	1009716	33855	4154	15,30,95,0,0,25,16,40,40,105,40,5,105,65,37,0,110,45,12,40,20,5,30,60,70,96,
Hard563	1	1005131	32660	1306	70,35,116,105,35,1,60,70,80,10,35,80,25,95,55,55,71,60,60,5,5,100,110,95,
Hard564	1	1012475	35402	1647	90,50,60,50,105,46,25,15,75,86,5,32,30,0,81,61,60,42,85,85,95,5,35,70,95,55,5,10,20,
Hard565	1	1016046	33042	3450	50,126,70,107,45,45,65,75,0,120,91,85,45,25,90,105,30,121,27,90,125,115,10,30,5,50,
Hard566	1	1000973	32266	2336	80,90,105,35,0,20,15,110,0,55,72,50,80,90,117,105,105,70,7,75,100,10,
Hard567	1	1002601	32784	2818	45,85,51,60,60,95,70,50,35,85,15,85,20,40,40,70,95,71,95,65,45,7,25,80,10,
Hard568	1	1007437	35613	4845	95,10,55,80,35,26,55,95,106,35,105,41,25,5,70,80,110,5,95,5,60,45,81,75,45,100,31,
Hard569	1	1020489	33806	5720	90,60,50,77,55,45,5,5,15,16,1,21,40,41,51,71,65,5,50,100,80,95,110,95,
Hard570	1	1003820	31722	750	60,95,0,35,60,25,105,80,40,51,71,25,105,25,5,41,15,30,60,81,30,60,6,20,100,75,
Hard571	1	1003231	33032	7910	55,127,95,85,35,35,35,40,0,80,91,110,90,75,85,25,105,90,5,31,110,110,65,55,6,95,100,20,
Hard572	1	1011459	39757	1888	50,76,25,40,1,40,85,50,60,35,35,16,86,40,40,6,22,0,50,0,50,46,45,5,80,5,25,25,80,11,75,
Hard573	1	1013677	36669	10366	40,35,35,5,15,80,60,61,75,80,35,91,46,45,30,20,100,50,73,35,55,60,41,97,
Hard574	1	1006229	34366	8925	30,70,115,0,115,115,70,80,65,55,96,45,11,70,30,21,100,56,95,0,62,50,110,105,80,110,25,106,25,70,60,
Hard575	1	1012710	32073	17577	0,55,15,125,25,40,15,0,70,35,125,16,71,65,20,80,5,65,90,101,5,110,92,0,25,10,110,125,30,60,26,
Hard576	1	1029483	33573	5208	62,75,40,55,95,35,85,105,26,40,85,5,15,15,85,15,0,45,22,40,5,10,30,100,76,
Hard577	1	1016012	34704	17664	31,105,95,40,65,70,110,26,50,40,25,115,90,80,100,70,25,66,35,116,5,35,5,15,90,16,90,0,40,32,20,60,107,
Hard578	1	1001060	42496	1878	0,125,35,40,75,80,90,0,100,60,115,100,135,75,80,126,26,25,41,5,30,50,6,20,120,105,
Hard579	1	1015009	35001	2019	50,100,95,25,15,80,66,35,75,35,5,42,0,30,60,61,35,85,100,5,55,45,70,85,10,20,
Hard580	1	1016004	37729	1900	55,60,5,45,80,36,115,25,120,45,15,120,95,120,105,60,70,80,105,6,70,35,70,65,125,90,10,20,
Hard581	1	1013895	40876	6654	65,70,90,0,100,45,101,35,85,25,25,91,50,65,77,96,6,15,16,0,55,22,50,40,30,
Hard582	1	1010059	34276	4479	35,100,85,115,40,5,17,95,0,50,0,25,45,33,20,50,5,90,110,40,80,105,
Hard583	1	1007072	43659	13648	40,5,110,80,111,60,90,105,70,35,25,91,25,40,5,15,90,75,85,66,16,0,55,45,22,30,40,
Hard584	1	1004737	36430	1062	65,35,40,0,25,112,82,75,105,95,65,96,0,15,106,16,5,92,80,15,102,116,21,30,115,50,
Hard585	1	1013449	34307	3111	25,80,55,90,15,100,55,35,117,40,5,75,16,90,5,80,81,0,65,11,70,71,26,16,6,45,110,30,
Hard586	1	1020096	33595	2194	65,15,30,0,111,90,125,65,90,70,100,110,81,47,86,75,115,90,115,60,20,120,115,5,50,
Hard587	1	1017841	32996	2915	45,5,100,15,55,5,110,70,55,70,45,60,95,15,95,35,25,111,5,61,50,80,95,
Hard588	1	1000319	41023	4507	45,115,95,60,85,70,85,55,125,1,105,60,70,45,35,60,60,7,120,80,90,116,
Hard589	1	1023735	33650	1834	35,85,60,116,35,86,95,105,1,60,50,70,70,95,45,45,25,25,51,61,6,100,35,110,95,
Hard590	1	1012414	33729	2682	50,115,75,80,115,115,46,50,51,41,111,70,107,95,15,35,40,96,40,6,5,45,90,10,
Hard591	1	1014295	40631	18440	15,51,125,45,80,80,76,35,115,60,5,90,62,0,30,70,71,86,40,55,36,40,55,26,
Hard592	1	1015893	32741	6479	16,30,20,106,40,110,75,105,40,15,80,6,50,90,5,45,60,46,1,10,70,116,35,102,11,
Hard593	1	1013237	34762	4853	76,60,115,80,116,45,55,45,62,40,40,70,110,106,15,35,97,40,110,40,105,5,6,45,90,10,
Hard594	1	1003704	32046	8900	0,80,50,16,106,50,105,90,45,20,50,37,40,76,60,20,75,0,100,41,60,100,31,55,95,86,60,40,15,5,55,96,
Hard595	1	1017085	32372	11120	20,40,95,105,15,96,35,50,20,5,50,60,70,50,30,80,105,50,0,26,25,5,91,55,110,105,90,10,41,
Hard596	1	1017879	37604	3861	90,35,65,25,55,80,75,16,107,40,5,82,0,50,60,60,91,15,90,15,66,71,35,5,25,35,25,
Hard597	1	1043785	33640	13453	0,15,90,85,90,20,0,41,37,46,50,5,25,60,60,80,45,10,30,5,95,70,51,105,31,95,40,70,95,
Hard598	1	1004123	37900	4571	60,80,115,55,45,60,95,95,106,30,61,17,20,30,0,50,0,51,110,65,65,70,50,110,95,
Hard599	1	1003814	32173	1295	65,35,15,55,6,110,81,65,70,106,45,35,110,55,25,15,110,71,60,90,105,
Hard600	1	1010192	33071	5952	35,25,80,41,5,55,15,15,65,95,15,0,45,70,20,21,100,40,30,6,10,90,60,86,
Hard601	1	1010669	35280	1668	90,51,60,46,86,5,30,105,25,75,15,30,31,0,80,62,80,42,86,55,6,35,10,70,20,96,
Hard602	1	1007191	55270	2882	55,20,65,55,105,30,40,70,115,120,95,105,85,65,105,95,85,116,1,15,20,21,10,5,5,40,110,80,90,125,
Hard603	1	1011971	33218	1020	35,95,70,95,15,115,105,105,115,35,15,87,115,21,45,5,52,40,60,70,70,70,95,65,105,6,26,110,80,11,
Hard604	1	1017809	33096	964	105,70,96,115,55,135,10,0,60,25,0,70,81,115,125,46,71,61,6,130,91,100,115,100,125,
Hard605	1	1015341	35767	4579	85,60,10,90,86,70,30,55,115,70,115,46,60,60,60,41,110,76,110,26,36,95,107,41,6,5,46,100,30,90,30,
Hard606	1	1015057	36212	5971	90,70,0,15,85,71,90,30,45,106,0,105,62,101,95,25,16,15,20,100,60,40,75,75,81,6,96,
Hard607	1	1009237	32963	2834	115,30,95,30,70,40,50,80,115,115,70,50,80,106,96,5,15,5,65,40,71,25,25,5,15,40,40,90,90,100,85,
Hard608	1	1008312	31888	2412	75,65,80,90,35,25,15,45,50,0,90,25,90,100,111,85,70,110,100,65,87,105,95,95,5,106,20,55,10,20,40,30,
Hard609	1	1013571	32992	1920	15,70,15,40,40,20,1,70,50,81,96,106,120,36,50,15,15,71,50,6,110,120,105,95,
Hard610	1	1017182	35402	4998	35,45,0,35,0,92,52,25,75,95,16,15,20,5,85,30,30,30,50,0,41,63,85,85,96,45,5,75,5,75,
Hard611	1	1009494	34911	22655	85,75,65,15,75,56,0,35,115,25,17,20,5,51,50,0,71,40,0,25,83,10,101,26,30,116,
Hard612	1	1008861	33126	2448	0,25,40,15,95,55,116,30,115,60,61,111,110,51,71,71,56,115,116,67,111,46,6,26,
Hard613	1	1003841	64203	5788	90,65,85,75,35,75,46,35,1,25,15,16,20,5,31,5,41,40,30,70,70,1,80,80,92,85,5,55,
Hard614	1	1006235	32960	1718	10,70,126,105,115,0,35,0,35,70,60,81,95,56,60,70,25,70,60,6,110,120,95,35,
Hard615	1	1012677	32010	29522	5,31,100,80,81,15,95,75,56,117,60,17,5,26,25,1,41,61,30,110,25,80,111,30,60,51,71,5,51,106,91,105,
Hard616	1	1008095	36548	10677	90,20,30,60,100,117,75,95,80,46,7,15,40,20,41,1,90,111,105,110,95,
Hard617	1	1002258	31776	1388	45,36,0,60,110,55,25,95,61,5,30,85,111,105,45,105,5,5,65,90,20,
Hard618	1	1011084	32998	1051	35,50,85,75,15,35,75,15,95,85,65,96,20,40,65,65,52,75,45,20,85,5,6,26,90,60,11,
Hard619	1	1011921	34793	6980	5,30,40,51,15,90,115,75,65,17,25,60,30,0,71,71,65,65,80,111,6,105,
Hard620	1	1020901	35775	2445	25,17,90,25,110,56,36,127,40,40,6,71,62,70,80,1,80,91,90,86,6,25,5,46,120,30,30,
Hard621	1	1008750	41664	6923	10,70,85,45,110,55,38,20,50,40,0,105,76,106,0,51,30,60,115,15,50,5,5,100,70,80,116,
Hard622	1	1013142	34590	30138	15,100,30,80,115,46,0,56,115,0,72,96,45,111,80,106,25,16,15,105,20,70,
Hard623	1	1008350	34006	1168	95,96,0,101,81,61,46,50,25,71,17,20,100,51,41,66,87,65,46,55,55,105,106,6,91,5,90,102,50,51,107,1,26,12,30,70,30,30,21,70,
Hard624	1	1018909	32693	1883	60,110,110,125,85,60,105,0,55,25,76,25,90,110,25,55,36,5,5,41,40,0,31,50,115,0,95,20,21,50,5,65,100,72,80,50,35,115,65,35,120,115,
Hard625	1	1014034	32830	1623	95,15,120,107,85,55,95,111,15,40,120,75,16,30,5,115,6,35,100,51,120,60,116,80,35,25,50,35,1,35,112,11,101,70,126,45,11,5,90,5,125,
Expert001	1	1065481	33511	7657	55,120,5,100,55,15,75,16,0,120,30,115,85,130,40,76,51,105,15,50,71,80,135,80,90,91,86,70,55,46,135,35,65,35,35,25,127,51,5,75,10,11,70,10,90,0,57,5,120,15,30,120,30,120,41,5,80,20,100,111,135,
Expert002	1	1072383	34861	22959	125,115,0,15,105,20,0,50,15,35,70,115,35,105,105,50,50,5,45,28,0,40,56,32,100,110,75,10,50,46,100,75,60,110,120,46,20,56,81,5,35,16,20,55,20,15,41,125,5,115,35,105,20,62,41,1,50,11,50,72,70,55,15,115,90,125,90,115,125,
Expert003	1	1102007	35366	10653	80,26,110,5,55,15,90,15,100,40,31,55,56,15,60,20,85,15,87,65,50,25,51,0,45,60,50,60,21,72,66,36,96,116,105,106,20,95,55,20,5,13,0,70,45,50,27,25,91,100,55,5,16,101,30,90,60,80,30,115,
Expert004	1	1056382	33305	4029	25,60,80,5,95,17,0,100,80,30,40,20,30,40,50,95,51,45,35,45,86,35,115,85,105,106,21,5,12,0,25,50,26,81,100,5,16,80,101,31,40,5,71,95,115,
Expert005	1	1077452	34518	4476	90,80,70,100,26,45,5,16,90,30,47,80,20,30,15,50,75,77,15,25,55,43,50,50,60,0,21,60,60,56,36,96,105,105,95,87,21,5,45,10,12,40,0,60,28,5,15,82,45,15,92,30,50,30,70,105,
Expert006	1	1056777	37031	11778	55,5,40,60,55,95,17,100,120,60,15,90,0,100,51,112,105,85,75,65,125,25,105,75,65,25,46,35,50,126,50,5,95,12,110,90,10,0,57,121,30,40,40,21,5,15,120,61,
Expert007	1	1054293	36707	7957	56,5,85,16,15,15,20,120,61,0,91,80,110,51,102,111,95,95,66,45,76,36,46,126,125,50,26,50,85,5,12,10,110,0,55,100,80,57,5,20,85,121,30,16,120,60,20,60,30,
Expert008	1	1036679	33819	5088	82,45,102,55,10,71,65,66,75,36,75,53,71,60,105,25,31,105,61,76,15,15,85,95,95,95,30,85,85,30,5,105,55,40,42,0,60,35,50,37,90,55,5,46,82,91,10,25,10,
Expert009	1	1039882	38823	17256	50,5,105,60,85,40,105,115,40,50,70,95,96,75,55,47,50,0,70,15,110,100,91,80,70,80,35,80,35,26,15,105,65,115,116,71,55,5,42,80,40,0,50,77,111,10,21,5,105,
Expert010	1	1047740	34237	4296	40,40,75,5,120,83,120,110,56,70,0,46,16,30,60,22,60,91,31,11,50,50,127,100,117,46,5,75,86,86,20,70,40,30,121,0,41,75,110,110,40,5,95,106,81,110,55,
Expert011	1	1041098	33140	4440	85,75,45,0,15,90,102,65,85,36,35,60,105,95,10,7,15,90,100,65,30,115,45,91,50,15,27,10,55,41,40,70,50,16,20,1,20,31,30,5,60,80,107,
Expert012	1	1029182	35267	5173	110,125,126,56,25,5,85,18,80,0,100,110,51,91,121,90,66,76,45,115,45,35,35,107,25,51,85,10,120,5,12,115,0,55,80,20,90,56,5,100,41,100,31,
Expert013	1	1067615	33865	9915	30,90,45,5,17,0,111,51,71,80,65,40,81,76,55,55,125,25,35,35,115,40,115,115,40,5,10,11,80,0,46,31,45,110,50,20,5,15,70,101,111,50,125,
Expert014	1	1078288	34368	31408	20,50,70,95,96,46,65,5,18,0,60,100,41,50,70,80,91,81,76,115,56,25,116,35,25,25,107,41,65,5,13,0,80,60,35,45,46,90,100,50,5,100,15,100,50,
Expert015	1	1100759	35138	21754	20,90,5,50,15,85,30,60,85,90,85,30,55,45,17,40,0,50,81,50,60,71,105,105,116,70,66,36,26,97,51,105,5,45,11,11,0,55,40,70,55,55,25,5,30,15,92,30,
Expert016	1	1076030	41377	4649	40,60,75,91,86,115,55,25,115,55,25,30,41,40,90,70,60,101,85,20,71,96,115,95,76,25,46,45,20,71,91,80,20,110,105,105,66,35,5,45,91,6,76,51,120,81,120,80,56,1,71,96,95,6,30,40,60,60,
Expert017	1	1038720	32926	4010	70,70,40,35,65,95,35,35,45,5,25,101,110,25,45,50,85,25,125,1,50,50,40,115,106,50,6,21,40,30,120,80,91,20,0,30,62,116,75,35,
Expert018	1	1046411	33028	6090	70,25,80,25,5,45,15,110,100,15,90,80,30,30,47,15,20,75,50,77,55,40,115,15,25,40,41,20,51,71,0,20,70,60,61,107,56,115,36,96,95,87,21,5,45,11,70,11,40,60,0,115,28,81,5,90,45,15,15,80,91,31,
Expert019	1	1067816	34981	16290	60,10,31,71,81,100,101,45,45,50,92,55,40,40,86,76,85,35,15,46,51,115,25,15,16,30,5,61,20,50,41,60,95,50,0,70,80,70,82,45,116,75,95,
Expert020	1	1050835	32960	13088	40,25,35,15,105,40,0,51,92,85,17,65,75,80,50,5,95,47,0,55,45,90,85,10,11,80,10,95,30,50,40,5,41,90,100,87,5,20,
Expert021	1	1013202	36400	4489	70,100,115,115,7,110,110,105,75,15,20,110,62,80,106,117,0,0,80,90,55,80,45,35,80,55,5,5,111,90,110,67,115,65,25,10,71,91,116,1,86,30,85,40,
Expert022	1	1013801	34339	1953	80,10,50,70,70,115,45,90,115,30,90,66,100,50,115,27,55,5,42,50,20,110,110,105,35,15,85,40,0,20,62,25,5,45,80,95,10,75,95,30,
Expert023	1	1013680	36046	11522	50,5,105,40,20,30,80,30,80,75,105,115,40,50,60,10,96,95,65,55,47,50,110,60,91,100,0,70,85,60,85,71,36,125,106,117,61,125,5,6,66,110,31,
Expert024	1	1029912	35058	9957	50,62,81,55,105,75,35,45,115,45,60,0,16,27,11,5,65,43,80,0,15,60,70,90,16,5,45,91,21,30,51,5,30,5,80,
Expert025	1	1037806	34257	28995	46,65,125,25,30,15,125,116,26,115,30,0,52,5,75,37,0,56,111,110,22,50,120,120,60,60,80,60,125,40,106,117,50,125,125,6,5,95,55,110,90,10,
Expert026	1	1029138	32813	5813	35,101,46,26,85,35,115,56,125,61,95,5,75,18,70,0,66,51,21,50,20,30,40,61,30,75,5,11,90,120,110,80,106,40,
Expert027	1	1025273	32820	6541	50,100,96,35,101,61,80,80,71,70,65,115,116,95,46,5,15,45,55,15,16,50,40,0,20,40,91,111,41,60,76,85,5,85,75,66,105,55,11,110,106,
Expert028	1	1026957	35491	9084	95,50,45,15,50,25,120,70,110,110,95,120,70,66,30,95,26,55,5,40,105,42,50,0,21,61,125,60,75,25,5,90,125,45,100,10,30,
Expert029	1	1026610	33994	3465	35,5,35,65,15,15,100,16,0,60,30,120,115,41,30,71,82,55,90,91,75,55,75,25,46,115,105,25,127,30,105,105,65,10,90,30,5,12,0,35,60,80,37,120,65,5,16,102,120,120,41,115,5,21,
Expert030	1	1016539	32184	13865	60,15,5,105,50,51,95,0,15,60,71,70,111,35,25,15,70,5,55,65,56,0,75,10,11,70,5,50,110,45,106,20,
Expert031	1	1018297	34571	8217	40,95,110,110,65,5,95,30,105,85,30,40,50,77,55,45,37,100,0,90,60,40,116,51,60,60,95,105,71,26,16,85,106,85,51,95,45,5,33,60,0,55,40,81,56,101,10,5,10,
Expert032	1	1018355	33160	9766	20,30,15,65,100,95,100,75,87,30,5,45,100,17,6,35,105,41,105,80,80,90,70,105,35,50,36,25,0,40,102,0,12,60,80,97,10,
Expert033	1	1012258	33132	6594	110,30,51,70,100,40,126,5,72,0,80,66,120,106,55,96,55,116,115,0,15,20,36,0,75,22,70,40,10,6,110,91,101,125,
Expert034	1	1024476	36811	3768	35,90,25,100,90,101,75,75,116,60,80,55,115,45,45,61,60,41,110,105,71,105,95,85,110,35,96,40,10,65,50,110,105,40,5,51,5,5,60,46,90,20,31,
Expert035	1	1017652	32730	10178	15,20,85,20,40,1,90,107,65,55,90,16,35,0,45,27,40,70,5,10,10,10,50,0,61,72,102,95,86,35,95,35,65,
Expert036	1	1034244	32800	11950	15,5,62,71,115,0,80,80,120,80,120,105,15,45,25,15,80,5,75,67,0,85,11,10,20,80,5,60,120,115,55,115,
Expert037	1	1011177	31864	1387	0,75,81,100,40,60,90,41,105,86,90,26,105,105,30,55,85,0,30,30,101,15,95,76,95,30,5,81,80,100,50,60,45,45,5,95,5,35,70,10,
Expert038	1	1018006	35822	7526	65,110,100,15,110,70,90,90,40,70,90,82,76,55,116,25,45,105,106,30,55,60,5,61,115,60,0,80,37,100,20,5,65,101,10,40,
Expert039	1	1011518	33313	28809	91,101,115,126,5,60,85,115,30,61,0,85,120,105,55,95,115,1,65,15,75,22,20,60,40,5,10,110,5,90,100,125,
Expert040	1	1021238	38274	1930	105,115,20,20,15,40,70,97,105,55,75,61,60,45,26,35,25,41,6,66,52,60,50,0,60,0,71,80,81,75,35,7,45,100,10,
Expert041	1	1012013	33314	5155	15,80,41,15,50,75,50,65,35,105,40,85,20,90,105,85,21,20,10,81,45,30,51,46,60,87,10,7,81,100,95,95,
Expert042	1	1007215	33124	5853	10,100,45,115,75,50,45,65,2,25,80,35,55,125,18,50,5,20,5,80,42,81,70,0,70,0,35,60,60,92,90,35,110,126,65,75,
Expert043	1	1029168	34302	8650	75,75,65,45,0,95,85,45,15,100,101,110,51,51,15,116,106,95,105,35,27,11,55,5,43,50,0,60,115,16,15,6,20,101,31,
Expert044	1	1029420	32496	2166	0,110,96,15,85,100,40,100,111,65,85,17,55,5,25,73,50,0,11,80,81,15,92,5,15,75,100,30,60,117,
Expert045	1	1027069	38083	11490	85,91,50,36,35,55,95,80,1,101,95,100,60,55,55,45,30,75,95,25,0,30,30,15,61,50,50,16,106,85,105,86,30,7,35,80,20,
Expert046	1	1023447	32414	1800	100,5,90,15,110,120,46,65,25,55,65,55,15,16,0,30,51,0,82,60,60,125,90,116,80,5,5,125,100,125,5,85,110,20,
Expert047	1	1021784	33267	2855	36,5,65,15,17,90,0,110,60,31,41,70,70,81,80,76,46,115,56,26,105,95,96,105,115,115,30,30,65,5,10,12,60,0,80,38,5,65,16,112,40,105,92,40,5,5,21,
Expert048	1	1022219	36550	9846	75,125,65,1,25,30,110,45,85,27,5,80,115,36,56,16,5,122,61,81,90,20,101,101,95,115,25,86,125,10,30,115,40,
Expert049	1	1018817	33483	4440	110,40,100,40,125,60,90,125,30,5,61,55,60,70,0,120,55,45,45,95,95,105,86,115,105,116,0,105,15,0,20,65,21,10,20,60,5,30,5,110,80,90,100,80,90,125,
Expert050	1	1025670	33163	5693	100,36,60,80,117,55,61,0,105,95,25,17,20,5,30,30,30,60,50,0,112,50,72,106,96,55,40,
Expert051	1	1030357	36215	33119	91,35,40,110,90,100,75,36,35,55,55,60,71,80,71,65,80,31,107,116,65,5,15,115,65,75,95,20,17,45,0,70,62,101,110,96,85,55,60,5,30,30,
Expert052	1	1015481	38393	3866	110,101,110,66,96,36,45,55,55,75,125,5,81,80,70,50,25,15,80,0,50,91,90,55,5,115,55,75,86,105,120,40,31,
Expert053	1	1018804	35919	3282	35,45,35,45,75,5,18,100,70,110,51,80,40,0,80,90,40,91,66,85,85,56,26,105,106,116,115,40,40,75,5,10,12,0,35,90,70,46,111,46,75,5,100,15,15,100,100,110,51,21,
Expert054	1	1019610	33343	2218	35,45,80,100,61,60,105,70,35,90,40,106,50,72,55,101,95,15,86,20,5,41,100,66,95,95,6,25,80,10,
Expert055	1	1032186	32709	2494	110,110,85,95,125,75,46,0,15,100,110,65,50,15,35,27,85,10,55,40,120,36,60,115,105,10,5,40,6,15,40,50,15,21,100,110,65,70,100,15,100,1,33,5,60,5,80,90,117,
Expert056	1	1036214	36963	11866	85,76,45,45,5,15,16,100,50,0,40,40,71,81,92,85,55,65,105,35,25,106,40,5,12,70,90,0,46,101,45,20,5,15,30,100,50,
Expert057	1	1030394	33080	6355	40,40,60,35,51,115,116,25,5,16,100,50,30,25,30,95,45,30,55,85,105,11,0,70,30,21,112,70,96,106,85,20,55,45,20,
Expert058	1	1013794	52366	5738	75,35,85,25,45,120,50,120,25,5,110,85,120,105,75,60,5,95,17,0,96,100,125,115,0,55,65,21,30,55,20,40,55,60,
Expert059	1	1029691	33026	989	81,75,90,110,56,75,105,35,25,25,40,5,25,100,70,50,115,95,65,17,0,15,60,90,45,110,55,75,105,21,20,100,70,50,115,80,95,65,10,20,40,5,11,60,90,110,55,75,111,30,107,
Expert060	1	1021623	33002	3546	70,95,100,35,85,26,50,115,65,45,25,5,80,105,17,15,100,85,20,0,55,22,50,80,5,105,12,100,110,87,5,30,40,
Expert061	1	1023395	32667	2780	15,22,30,10,40,41,85,65,36,95,86,10,7,15,100,110,35,81,90,45,45,45,15,25,80,100,50,15,30,1,32,5,40,95,70,60,96,
Expert062	1	1013786	33414	54906	65,85,15,56,0,25,35,40,120,0,85,92,80,100,125,17,126,20,90,6,50,51,100,70,0,25,10,30,80,27,
Expert063	1	1025319	32719	3177	80,60,95,81,35,25,25,70,55,26,65,30,40,92,66,10,6,40,40,40,1,62,95,95,30,95,53,35,5,35,21,75,21,30,92,75,87,67,75,
Expert064	1	1007173	32035	977	40,50,35,35,5,70,25,100,100,95,35,121,56,26,60,85,115,1,61,50,125,106,60,6,21,110,50,80,30,90,125,90,125,5,65,100,40,
Expert065	1	1013328	32365	18576	15,25,111,55,42,115,60,95,60,85,35,70,40,70,56,106,115,21,20,110,60,20,101,45,110,30,80,95,46,70,105,45,115,106,11,115,70,115,60,
Expert066	1	1054254	34585	30372	125,125,85,75,75,56,0,100,65,25,15,35,115,16,20,5,51,71,50,80,40,0,26,120,0,82,120,10,101,115,25,5,115,30,
Expert067	1	1010165	33974	3038	115,10,105,75,90,65,55,40,55,36,1,25,0,45,17,40,5,15,20,5,32,50,0,71,50,80,115,0,61,100,80,81,65,75,115,
Expert068	1	1007280	33217	4585	56,95,102,90,25,50,127,85,90,115,25,35,40,5,65,25,100,5,71,91,70,80,0,106,20,121,30,105,5,115,115,
Expert069	1	1004649	35513	3148	10,5,20,5,110,50,125,60,36,95,45,50,61,122,70,97,75,127,67,55,56,121,115,1,25,120,71,90,80,115,35,115,70,70,
Expert070	1	1004442	31703	1788	110,65,35,75,25,15,85,45,50,0,25,90,102,121,110,96,65,95,105,75,80,105,120,95,115,20,116,40,6,55,10,20,30,
Expert071	1	1017343	31970	1040	80,40,100,66,50,127,36,40,0,40,0,72,120,60,105,95,95,35,120,25,55,115,70,6,80,55,5,75,110,20,
Expert072	1	1011309	33241	3436	25,15,40,30,76,90,85,50,75,30,5,40,41,60,0,35,71,80,20,95,50,37,90,5,45,70,10,5,87,
Expert073	1	1006014	37845	2169	85,110,85,55,45,96,20,100,110,110,65,35,35,46,45,31,60,50,75,95,0,50,60,60,36,40,10,116,105,50,50,40,40,30,5,80,5,5,115,
Expert074	1	1011929	32938	20656	75,110,125,125,85,91,45,55,61,60,125,110,105,46,5,95,18,0,20,90,40,60,50,41,120,100,115,96,80,40,120,35,50,115,
Expert075	1	1005629	35491	4838	65,105,70,87,75,55,100,25,100,95,25,30,40,5,17,0,35,21,90,106,50,20,70,30,6,82,75,51,101,97,
Expert076	1	1024170	32308	5100	121,95,80,65,55,75,106,46,55,30,15,23,110,55,60,85,105,0,61,60,5,50,115,50,10,41,72,100,125,45,80,91,116,5,125,
Expert077	1	1012310	37797	8286	110,50,90,46,60,25,80,25,35,110,75,15,75,106,5,60,61,0,100,100,72,106,115,30,55,21,5,40,95,115,
Expert078	1	1008553	32788	813	95,96,0,100,100,70,70,55,55,100,60,61,80,80,51,77,56,66,105,106,7,102,92,60,18,61,105,106,1,26,40,30,80,31,41,21,80,
Expert079	1	1014957	32406	1778	0,50,15,75,35,21,91,51,107,40,86,65,85,0,41,101,95,26,40,55,5,82,100,10,60,30,55,70,5,70,96,
Expert080	1	1009854	32363	5879	0,25,25,42,110,125,50,75,21,67,70,95,107,0,10,40,72,6,100,60,80,90,55,120,115,55,
Expert081	1	1012884	34366	3815	31,80,5,90,62,0,100,46,16,36,21,90,51,70,20,11,40,70,40,105,106,35,5,67,0,30,20,100,31,75,5,60,100,100,45,5,96,
Expert082	1	1024518	46045	4916	35,25,50,75,5,81,121,90,120,100,80,115,45,25,70,102,95,75,87,125,70,60,5,17,0,105,65,125,20,40,125,0,55,22,30,60,50,
Expert083	1	1008278	37959	2886	60,75,80,90,45,100,113,125,35,95,85,26,50,105,60,85,6,17,0,65,0,55,21,40,30,20,20,50,5,60,
Expert084	1	1009961	35960	8788	95,65,55,105,5,15,20,55,20,31,110,55,16,60,85,106,1,61,50,115,35,70,60,70,5,100,80,40,115,90,115,
Expert085	1	1012144	33259	1738	20,45,0,50,17,90,101,61,5,30,80,25,125,15,55,30,25,100,110,91,110,56,10,70,121,85,55,116,105,20,60,40,120,115,
Expert086	1	1013599	33780	1711	137,95,85,36,0,35,80,90,130,40,91,100,65,130,121,66,105,76,105,25,55,85,30,115,90,5,30,120,55,5,5,95,110,20,
Expert087	1	1016653	36431	1671	50,105,71,0,26,90,41,80,80,66,35,25,6,51,50,1,30,60,86,46,95,22,61,35,75,5,6,26,90,41,
Expert088	1	1017440	34624	2753	10,110,50,95,70,65,100,30,125,96,81,125,46,71,25,55,116,70,41,120,85,35,85,105,35,115,41,5,75,62,121,70,55,25,6,45,100,45,110,31,
Expert089	1	1026932	35023	18850	100,20,15,65,55,82,76,50,115,60,115,115,36,50,5,50,85,95,105,42,50,0,31,111,72,35,5,95,85,95,
Expert090	1	1023199	33617	5505	80,0,25,25,15,15,92,41,100,35,50,60,111,80,100,35,35,47,30,30,106,95,5,50,95,10,50,20,30,60,40,71,105,117,
Expert091	1	1002911	36481	2247	71,61,20,30,50,80,90,50,80,105,106,45,5,17,20,0,40,101,85,55,95,40,40,5,75,10,100,65,5,5,45,90,50,
Expert092	1	1017568	34061	6085	40,61,60,50,81,40,95,50,71,95,70,55,117,36,35,45,5,18,0,20,40,31,30,50,75,110,110,86,90,76,56,65,45,30,5,10,10,110,65,
Expert093	1	1015982	32304	1961	100,30,0,70,71,40,80,117,65,25,55,70,5,97,55,37,0,75,20,0,15,20,35,21,70,10,5,50,5,40,5,15,91,25,90,50,60,110,105,
Expert094	1	1019221	32688	11704	126,15,40,85,77,56,1,80,81,70,110,65,25,15,105,35,120,15,80,15,5,20,5,50,91,120,110,51,0,110,105,105,25,10,70,30,26,
Expert095	1	1021366	33924	8393	90,80,20,80,55,30,45,61,71,101,135,127,60,45,50,90,45,85,5,17,60,20,86,0,43,120,5,80,105,120,10,120,80,56,96,
Expert096	1	1010520	41092	2232	105,135,115,0,45,35,82,120,75,5,55,35,60,5,25,26,0,65,30,50,70,0,125,85,30,30,60,86,5,40,6,80,120,75,
Expert097	1	1012268	37962	5868	110,50,65,70,70,80,81,35,75,90,91,40,75,61,105,106,56,5,17,20,0,52,5,10,101,100,66,5,71,86,5,96,
Expert098	1	1015578	33928	4272	55,120,100,55,90,25,25,15,45,121,75,85,85,75,36,5,35,61,71,125,115,60,70,0,31,82,35,125,40,20,50,105,5,65,125,5,110,10,20,
Expert099	1	1006193	34555	2182	30,40,2,100,50,15,45,90,100,20,20,100,75,46,116,45,65,5,83,60,40,110,111,95,75,17,0,50,41,71,106,105,25,40,
Expert100	1	1011326	33609	3985	75,105,15,90,20,1,60,30,115,91,116,85,86,66,5,55,27,30,0,10,25,70,50,60,62,110,80,70,110,47,76,5,95,80,95,
Expert101	1	1025494	35271	5207	121,95,85,100,45,45,15,30,0,56,70,71,50,25,60,105,17,20,70,6,62,0,50,40,40,81,125,91,80,45,5,106,125,
Expert102	1	1028631	35648	6835	50,62,81,115,75,45,125,55,95,45,60,0,16,35,27,10,65,10,40,5,80,42,0,15,60,101,15,20,70,15,31,5,80,45,100,20,51,
Expert103	1	1024182	34611	9454	75,75,115,85,55,61,25,31,30,20,66,50,40,65,80,106,25,35,26,5,15,60,51,95,50,61,20,110,0,20,71,46,70,25,105,
Expert104	1	1028738	32873	6932	30,90,90,65,72,60,95,105,35,106,55,5,70,5,17,1,25,75,33,20,80,5,70,40,6,50,100,96,
Expert105	1	1013784	32227	3137	5,90,91,30,50,100,26,5,15,70,65,25,70,80,106,17,30,100,0,100,21,60,20,105,55,95,70,105,105,40,20,5,12,60,61,45,101,87,
Expert106	1	1019096	32345	2148	115,30,55,45,85,85,15,91,100,46,50,75,20,85,0,51,41,35,61,107,96,95,50,35,6,5,55,90,10,
Expert107	1	1016115	37374	6779	100,100,65,65,70,82,75,61,105,106,56,20,5,16,90,60,16,70,85,0,20,71,70,45,65,97,53,5,101,75,11,85,100,45,65,
Expert108	1	1015934	36518	5260	55,55,5,15,20,85,15,16,110,80,50,61,0,91,50,45,102,95,76,45,95,66,36,117,26,45,51,85,10,5,12,0,55,100,80,57,110,5,85,15,15,111,21,60,60,5,31,
Expert109	1	1011290	32558	10697	120,120,85,65,56,65,105,5,15,15,21,31,110,15,65,105,40,70,95,105,120,65,0,0,70,52,40,60,70,80,126,60,115,80,115,36,70,5,125,115,50,
Expert110	1	1051258	33238	1841	50,35,25,15,50,0,85,90,90,67,95,65,95,5,57,0,90,10,90,75,90,55,101,100,47,105,106,50,95,70,96,20,6,30,
Expert111	1	1011922	33556	2382	40,110,65,0,35,105,80,26,81,95,76,50,5,45,5,16,15,45,0,45,55,0,85,23,80,30,50,6,11,70,5,90,100,115,
Expert112	1	1034201	33229	9092	40,111,75,80,81,70,127,115,45,65,5,15,80,16,5,27,1,35,85,42,80,40,30,50,7,60,120,100,115,115,
Expert113	1	1013363	32597	7808	120,115,20,50,70,60,45,80,30,51,110,70,126,60,80,125,45,5,17,50,106,0,40,120,20,40,85,40,120,5,10,120,115,115,75,
Expert114	1	1017477	34469	4610	65,40,65,25,95,125,110,15,0,30,0,110,80,105,105,105,85,110,90,60,137,85,5,35,75,35,35,0,40,35,70,80,81,10,131,90,65,100,55,56,100,96,116,80,7,85,120,20,
Expert115	1	1027095	35959	2152	65,105,0,25,25,90,80,41,71,65,35,25,6,50,51,1,30,20,60,75,75,46,61,95,35,85,21,5,5,5,26,80,90,41,
Expert116	1	1067274	41172	9868	31,15,40,65,20,110,0,120,65,82,90,60,125,115,25,70,10,0,70,92,75,5,15,20,110,120,65,87,75,61,127,46,
Expert117	1	1038310	33356	2694	25,5,16,15,0,70,20,80,31,41,51,62,50,45,35,95,45,35,85,75,86,20,76,20,5,11,10,0,50,25,25,25,5,71,16,80,70,80,80,31,5,95,
Expert118	1	1029097	32791	10046	100,40,85,1,25,15,31,100,90,65,16,115,5,30,45,15,55,30,47,0,50,13,5,55,20,5,110,95,65,55,72,50,110,50,60,60,105,80,106,
Expert119	1	1011633	36396	2903	125,55,20,40,60,60,110,105,80,126,60,75,45,80,75,46,25,95,5,65,51,51,0,60,41,121,72,85,45,120,105,105,115,
Expert120	1	1027858	32896	4154	120,50,35,80,106,40,75,5,65,17,0,45,95,115,30,0,25,30,31,40,20,50,5,110,5,11,60,70,100,90,100,125,
Expert121	1	1024387	32963	2862	61,70,95,85,125,55,0,26,100,30,95,70,55,116,25,6,42,0,110,0,20,110,50,51,115,20,75,115,35,105,20,5,65,6,25,100,30,
Expert122	1	1024649	34635	2023	117,65,15,105,75,90,81,15,80,55,105,25,45,36,35,105,41,5,5,86,63,80,0,0,80,71,92,75,6,15,5,45,100,20,
Expert123	1	1040133	33426	5140	120,80,45,30,25,0,61,15,120,57,66,70,90,5,65,51,35,125,115,72,0,50,105,61,80,80,80,65,35,125,5,125,75,110,10,20,
Expert124	1	1023946	32416	1854	36,65,71,105,45,70,60,50,30,105,25,25,105,25,55,5,42,50,20,85,101,35,40,65,75,100,0,21,15,75,75,61,95,86,95,20,5,95,6,25,80,10,
Expert125	1	1026007	39713	2182	35,45,5,15,15,35,90,50,50,71,80,15,0,40,81,75,35,75,66,55,26,55,97,41,5,12,0,80,47,5,91,15,15,90,21,51,
Expert126	1	1031267	32493	1901	50,80,36,40,110,5,25,80,75,35,55,26,0,100,100,55,25,95,0,61,60,50,50,30,70,70,115,45,107,86,60,7,65,80,40,
Expert127	1	1008986	59308	4950	25,15,80,55,55,70,25,65,115,40,71,91,70,105,51,86,47,75,60,35,5,62,70,0,41,25,82,95,55,45,
Expert128	1	1027743	33180	4975	80,95,45,70,36,80,80,20,36,75,50,65,40,10,75,92,75,6,52,0,72,95,96,45,30,60,30,0,31,41,90,91,62,75,76,45,20,5,87,
Expert129	1	1025799	33249	9942	120,120,35,65,90,40,90,87,96,45,60,55,25,125,70,15,16,20,5,72,15,100,40,55,62,0,91,80,51,35,82,95,110,126,55,35,
Expert130	1	1045250	33439	17177	100,40,100,75,80,81,115,115,70,105,45,115,65,5,15,80,5,27,16,1,85,35,40,41,40,30,50,80,7,60,110,20,90,106,
Expert131	1	1034516	32615	1672	25,5,15,16,80,100,31,41,50,0,95,20,50,50,45,95,45,36,106,87,105,20,20,5,11,10,50,0,27,80,5,16,102,30,60,40,70,70,81,95,30,
Expert132	1	1007423	32091	3132	90,30,26,5,5,15,50,71,65,80,25,96,16,15,91,20,70,0,60,20,55,20,95,96,40,10,61,20,60,45,5,90,11,90,85,30,86,
Expert133	1	1038182	40304	3880	80,55,70,25,120,55,60,25,115,40,60,91,60,51,85,126,125,75,85,60,45,15,46,35,65,105,5,73,60,0,41,80,95,81,45,25,55,
Expert134	1	1008820	37182	8744	110,80,110,56,60,71,70,65,50,50,85,117,45,85,5,18,0,45,100,20,50,61,60,55,75,35,107,60,42,110,110,35,40,65,75,5,10,10,110,55,
Expert135	1	1010313	32888	8155	120,105,15,20,115,115,115,40,51,15,40,30,120,85,5,16,6,56,61,46,70,45,110,90,45,51,1,11,80,125,35,100,110,125,110,11,
Expert136	1	1007175	35918	6756	40,65,35,35,5,15,20,100,110,65,71,96,35,55,16,0,15,50,31,80,30,80,91,80,75,75,60,115,116,105,60,46,30,
Expert137	1	1038034	33709	10101	110,15,107,20,41,51,15,30,110,60,85,95,16,7,55,60,55,70,47,45,50,50,0,0,11,100,80,100,115,100,35,11,90,5,115,
Expert138	1	1032156	34191	4564	16,0,100,116,115,65,55,35,90,36,100,50,0,60,111,85,70,60,71,105,46,85,95,26,96,15,61,55,5,33,50,0,110,70,67,10,91,21,105,85,
Expert139	1	1016673	41967	3771	65,70,0,101,121,115,45,100,35,75,90,26,50,100,5,5,120,85,75,17,1,55,20,40,105,20,20,30,20,50,100,
Expert140	1	1011804	38068	2761	45,45,5,15,75,17,0,70,110,50,50,81,40,102,40,92,86,36,56,115,66,26,116,40,40,75,5,13,90,70,0,46,45,100,111,45,5,75,21,16,110,50,35,50,
Expert141	1	1013589	34094	4262	25,15,100,55,35,125,116,75,126,40,5,65,90,92,0,60,55,71,102,112,75,75,80,27,86,16,7,45,120,30,
Expert142	1	1010142	32525	5977	35,26,40,55,100,5,60,80,15,80,15,75,80,65,105,115,15,0,45,21,21,30,80,40,90,5,10,110,105,105,
Expert143	1	1002296	33873	3490	10,75,65,10,20,80,80,106,90,80,60,70,40,70,105,56,62,35,50,85,50,100,75,100,95,45,75,45,35,96,100,85,51,6,5,56,90,41,
Expert144	1	1028573	36420	3006	36,55,45,45,55,70,26,70,61,5,101,95,85,125,15,15,15,0,65,135,115,15,80,65,51,20,40,50,40,60,20,85,20,60,5,11,120,30,90,105,30,
Expert145	1	1042797	35133	8253	115,50,35,35,5,90,25,40,70,90,85,35,55,27,0,0,100,55,60,61,50,50,106,95,95,30,81,105,60,5,6,65,90,40,
Expert146	1	1009822	35653	3212	65,120,75,35,25,120,45,25,50,5,112,120,80,90,103,75,95,65,88,115,125,90,126,5,115,17,0,20,40,105,115,0,55,22,30,50,
Expert147	1	1042238	35305	26878	35,40,80,110,16,65,70,0,70,90,91,75,40,75,0,60,117,85,65,70,71,61,101,126,100,95,110,125,15,36,61,55,95,
Expert148	1	1020021	37410	1283	85,85,50,105,106,95,1,50,60,35,40,25,75,15,41,0,90,100,35,25,85,90,62,95,55,80,20,30,105,95,6,5,45,10,70,20,
Expert149	1	1029765	34515	13253	15,15,45,5,35,60,60,70,80,97,105,85,75,66,105,25,105,30,25,0,65,70,83,110,110,5,75,61,25,15,110,55,
Expert150	1	1009337	32464	3519	20,50,70,95,105,80,71,45,65,55,27,50,50,115,105,105,10,6,32,51,1,21,60,41,62,45,25,90,5,90,116,76,
Expert151	1	1031133	33941	3475	25,80,35,40,40,110,60,76,35,15,5,105,52,0,30,72,35,95,65,116,5,5,55,100,10,20,
Expert152	1	1012178	40755	2293	45,60,85,85,90,105,115,0,35,92,120,75,5,55,35,60,5,27,1,65,30,50,70,95,30,40,30,125,60,96,7,90,120,75,
Expert153	1	1007412	33253	5722	55,1,100,45,15,117,55,80,45,30,101,61,26,60,105,86,70,60,10,0,51,111,71,95,85,105,95,25,36,95,51,65,40,110,105,
Expert154	1	1019631	32334	910	95,96,30,0,65,0,15,100,20,101,50,110,85,71,17,76,107,6,35,22,40,5,102,71,10,80,115,
Expert155	1	1021800	32144	765	40,0,25,30,105,0,60,120,75,95,112,81,25,26,86,115,30,116,50,7,15,45,31,111,110,81,20,90,125,
Expert156	1	1020987	32789	10156	0,25,40,16,30,0,51,100,100,95,15,50,5,36,65,110,35,0,55,12,50,5,30,60,70,96,20,
Expert157	1	1012792	34048	3983	65,110,65,70,0,96,125,15,105,30,25,95,0,75,55,61,60,15,71,81,115,105,90,115,46,15,105,71,115,7,75,100,20,
Expert158	1	1002489	32626	6389	100,100,95,41,60,85,35,35,0,50,40,86,92,130,75,25,80,125,90,80,5,30,131,56,66,6,95,120,20,
Expert159	1	1014943	32276	8627	75,0,105,0,40,15,21,90,115,115,16,5,100,70,35,15,110,20,101,111,52,115,115,105,50,60,20,115,10,75,80,106,0,30,11,10,110,40,5,100,60,110,70,80,97,
Expert160	1	1018900	32684	24892	105,55,125,1,15,20,110,75,16,45,5,121,100,15,120,5,70,45,20,51,71,80,10,108,85,15,75,125,76,126,56,0,0,55,41,10,11,71,83,100,115,91,65,100,20,116,10,
Expert161	1	1016173	32166	1290	25,60,70,50,70,30,110,95,125,96,5,15,30,40,102,40,30,20,20,6,90,75,55,15,30,90,120,80,116,
Expert162	1	1003260	33499	4437	125,115,40,30,0,25,65,70,70,70,5,57,80,60,37,95,0,75,20,107,0,15,21,20,40,10,5,100,90,120,70,5,116,
Expert163	1	1014196	37043	25348	90,105,40,105,35,75,86,35,0,0,25,25,16,25,6,32,1,21,101,95,15,20,5,81,80,100,51,62,55,96,40,
Expert164	1	1024328	32451	9481	0,15,85,30,20,0,60,95,75,102,125,95,95,70,80,126,66,55,5,100,27,30,25,50,0,62,90,70,10,40,120,60,120,117,
Expert165	1	1013311	34234	6340	80,90,41,70,111,106,5,71,65,46,85,86,70,0,100,65,115,97,1,15,75,23,70,10,6,90,110,105,5,30,
Expert166	1	1023252	32507	1540	35,90,50,70,70,65,70,115,55,105,85,26,40,25,80,5,15,95,15,15,15,90,0,85,45,23,80,95,40,5,10,11,100,90,30,70,86,110,85,
Expert167	1	1019743	34220	2359	35,105,5,35,65,18,0,110,60,30,90,40,40,71,30,80,81,76,45,95,55,105,45,55,26,96,117,30,30,5,65,12,80,10,60,0,36,111,36,65,20,90,105,5,16,91,110,20,41,
Expert168	1	1006851	32667	2355	55,5,27,100,110,55,60,0,70,85,125,0,61,50,115,105,45,70,90,35,105,60,5,120,5,80,90,116,5,65,100,30,
Expert169	1	1020528	39373	1893	45,5,15,16,90,35,51,71,0,40,81,80,75,75,66,56,35,26,97,41,5,11,10,0,46,80,45,5,15,90,15,91,51,35,21,
Expert170	1	1019072	34038	9783	105,40,90,51,80,111,105,5,80,81,75,0,55,100,45,115,45,55,95,75,95,95,1,15,85,22,10,20,80,6,90,110,105,5,30,
Expert171	1	1016441	35621	2137	10,85,100,45,115,116,50,95,75,10,30,0,96,1,35,25,16,15,30,5,92,70,55,112,41,80,40,115,116,50,75,60,97,0,35,12,40,30,20,6,90,5,70,55,110,107,
Expert172	1	1017599	43616	8605	51,72,105,115,50,65,35,85,45,45,0,50,16,27,10,55,10,5,43,0,15,60,91,50,16,70,20,30,30,
Expert173	1	1005479	39673	4449	25,96,25,30,45,5,50,105,17,0,35,15,100,70,91,90,50,70,82,26,75,55,97,30,65,75,5,65,107,12,80,10,0,35,36,5,90,15,91,50,
Expert174	1	1002840	52430	13018	80,115,0,41,115,55,115,70,95,80,81,75,111,46,45,5,116,72,85,65,96,65,106,70,85,105,2,75,15,23,10,70,5,30,
Expert175	1	1011430	36931	7502	30,120,90,105,75,65,56,40,15,115,56,70,16,60,95,95,116,0,0,70,70,25,32,20,80,70,40,7,110,50,90,100,127,
Expert176	1	1015592	32429	5739	40,92,75,81,107,80,70,95,45,65,5,80,16,5,27,15,1,35,85,41,40,50,80,40,30,7,60,100,96,
Expert177	1	1006367	33845	7238	85,45,110,1,15,61,55,86,20,110,55,16,105,30,70,120,15,5,51,65,105,41,50,115,40,10,90,0,10,82,15,65,116,
Expert178	1	1015224	33425	3455	101,116,30,60,87,45,65,25,95,35,17,20,45,15,5,55,73,30,50,40,0,60,40,81,81,45,111,5,65,95,95,105,105,
Expert179	1	1011629	33789	1946	105,40,60,75,80,26,90,105,105,15,30,75,55,0,75,0,30,30,101,95,86,30,40,6,70,50,95,60,95,5,35,80,10,
Expert180	1	1023153	36019	8992	55,55,75,91,25,86,45,5,61,105,15,60,0,40,81,80,45,5,65,10,65,100,20,110,90,70,50,127,45,70,70,95,36,95,
Expert181	1	1019955	39725	3292	105,75,50,120,90,35,0,91,125,70,40,0,25,110,100,110,85,90,126,17,5,5,55,56,0,95,21,60,20,90,6,30,
Expert182	1	1019209	32375	2462	115,81,66,35,80,75,95,25,45,26,90,105,50,5,18,100,95,0,20,55,20,21,90,50,5,105,12,110,30,100,40,97,
Expert183	1	1002905	46201	13112	100,0,75,60,60,125,125,90,100,101,95,120,120,67,126,90,5,105,90,91,0,121,62,105,85,126,115,85,116,55,1,25,96,85,32,20,95,5,5,60,5,40,
Expert184	1	1016303	33035	893	100,101,40,75,30,91,86,115,85,95,55,5,65,16,6,20,52,0,0,90,82,95,6,56,25,10,60,110,95,70,105,106,
Expert185	1	1029724	33045	12267	75,90,0,15,15,41,35,100,27,86,30,50,15,65,85,0,31,21,50,105,50,105,95,95,30,5,80,60,46,70,105,
Expert186	1	1016671	35558	5600	55,95,60,77,65,45,90,90,85,25,30,5,17,0,35,22,80,30,96,60,70,6,42,71,65,91,86,85,
Expert187	1	1020773	32824	3087	45,35,70,25,25,50,60,91,85,86,96,65,5,17,0,55,21,30,20,40,50,5,11,5,116,60,90,120,115,
Expert188	1	1015518	35529	4408	100,60,81,55,76,60,36,5,35,65,51,50,60,45,25,15,95,50,0,31,72,85,35,6,55,90,10,105,20,105,
Expert189	1	1014757	35033	1865	41,70,90,5,71,100,55,15,70,20,0,55,46,21,15,30,31,61,11,51,90,81,107,45,5,77,0,20,30,42,5,70,101,100,95,55,85,95,
Expert190	1	1012895	34666	3099	60,111,75,75,45,50,37,55,5,40,41,50,80,105,25,15,95,40,0,31,70,65,70,81,70,35,5,45,90,116,10,20,
Expert191	1	1017727	40364	3884	65,91,15,26,101,35,86,115,46,5,55,72,70,50,40,0,40,82,46,55,5,76,110,95,30,105,21,
Expert192	1	1014572	32362	4210	40,5,82,90,25,25,5,55,25,15,95,61,71,95,16,0,15,91,22,95,95,50,45,95,10,85,60,30,50,20,5,11,50,50,35,91,77,
Expert193	1	1018794	33911	2014	30,50,60,50,105,25,96,50,45,5,17,0,55,92,30,100,65,71,80,81,75,75,60,35,96,105,95,50,5,10,105,11,0,55,80,40,56,91,5,15,105,20,90,30,
Expert194	1	1025764	32923	9501	96,15,115,85,60,22,10,30,45,53,105,35,15,70,27,10,55,40,95,105,25,10,5,40,80,40,60,50,40,0,17,5,90,110,45,105,91,31,
Expert195	1	1021501	33143	2848	40,1,50,15,25,30,30,100,75,15,15,90,5,50,115,15,65,48,60,10,110,0,11,95,75,66,31,80,110,20,10,6,81,61,70,70,105,105,105,
Expert196	1	1017454	34745	1490	100,25,100,45,50,15,100,61,81,76,80,65,37,55,65,105,40,5,41,95,40,50,30,0,30,72,35,5,35,45,90,100,61,85,86,65,65,106,10,20,105,
Expert197	1	1026845	39392	1621	110,85,55,45,95,10,85,100,111,65,36,35,25,60,115,6,105,15,25,90,40,52,45,95,10,100,110,65,45,72,40,30,80,81,35,60,117,
Expert198	1	1005639	33142	1662	65,80,10,45,35,52,30,95,40,40,96,26,30,31,21,91,55,90,55,77,85,46,16,65,86,65,20,20,7,25,25,80,60,11,
Expert199	1	1019720	33538	5174	0,25,40,110,0,15,32,51,20,110,100,75,15,125,95,16,65,5,46,46,60,10,120,105,75,0,30,11,65,10,65,80,90,6,81,61,120,71,115,116,
Expert200	1	1015936	38255	12188	46,5,20,6,30,60,110,125,60,70,71,105,55,120,120,115,120,80,107,35,15,85,126,67,121,20,70,80,0,100,0,80,90,116,45,80,80,
Expert201	1	1010591	38745	2022	40,115,65,65,70,95,15,96,55,75,105,60,61,45,35,106,27,30,65,30,5,50,51,60,50,70,0,70,82,45,75,7,35,100,10,
Expert202	1	1016107	34187	3453	36,1,60,60,71,82,90,55,75,75,25,66,15,115,5,32,0,61,91,70,90,70,70,66,5,46,35,110,86,5,5,10,20,
Expert203	1	1028972	33706	6422	35,25,106,40,95,80,50,110,77,55,5,15,16,0,45,101,55,100,110,62,115,107,36,40,5,10,11,60,0,51,72,115,55,115,26,
Expert204	1	1013693	33064	6750	15,70,126,100,55,61,81,90,45,25,125,30,5,72,0,15,60,51,92,15,55,85,7,35,120,20,
Expert205	1	1011657	34486	6299	95,70,80,35,40,50,100,135,15,115,65,70,25,42,30,20,80,77,95,26,125,5,45,63,0,20,90,110,91,26,5,71,85,65,120,10,85,50,36,
Expert206	1	1023911	32683	4517	115,85,100,75,66,56,0,45,35,125,45,0,135,25,17,20,5,15,41,30,40,5,51,61,80,50,70,0,80,90,111,0,70,135,92,126,85,75,135,
Expert207	1	1015958	40348	7939	56,5,110,15,85,16,100,15,80,0,110,90,51,90,90,66,115,25,35,76,105,35,25,46,106,50,50,85,5,13,0,55,90,80,55,20,101,40,55,115,30,5,40,5,30,
Expert208	1	1021901	34062	9652	50,30,0,85,105,0,90,116,26,15,45,25,5,100,101,80,25,112,62,117,20,105,85,106,40,0,20,71,10,20,111,97,35,20,60,55,6,55,
Expert209	1	1049565	36642	1739	35,5,17,100,0,30,90,100,51,70,45,50,105,60,25,70,45,86,25,97,30,30,5,11,10,0,50,37,91,20,40,75,5,80,75,80,20,105,
Expert210	1	1016825	39388	4078	45,45,50,0,95,15,15,100,111,25,65,37,60,26,115,10,105,55,10,7,15,100,110,65,55,70,71,51,30,80,90,91,35,60,117,
Expert211	1	1044730	34023	9558	15,21,50,1,101,90,116,115,85,75,15,15,0,35,55,27,50,5,11,70,10,80,110,0,80,92,36,110,85,110,106,65,
Expert212	1	1020510	34792	3400	100,40,75,80,120,40,5,82,110,55,0,15,45,55,70,15,20,30,45,20,100,30,20,30,61,11,50,125,50,115,91,116,126,46,75,5,88,0,70,41,30,20,41,111,5,75,81,110,120,106,55,5,95,
Expert213	1	1017293	35039	3391	110,50,35,41,90,60,76,105,35,5,110,60,60,25,15,85,60,110,0,30,70,70,70,35,5,55,65,80,10,20,96,
Expert214	1	1031504	32566	10525	35,10,120,25,110,120,50,50,65,70,50,80,125,80,105,95,45,50,70,66,125,115,115,32,30,110,120,80,110,70,120,56,40,56,116,90,125,20,80,105,115,126,5,5,20,70,
Expert215	1	1037786	32773	7503	110,105,120,75,66,65,90,36,5,17,0,110,30,40,30,61,70,70,82,126,55,75,25,45,116,115,30,5,12,80,100,0,60,36,110,35,20,5,110,15,110,100,40,125,
Expert216	1	1029981	34303	10797	10,95,0,85,52,45,5,17,0,55,82,21,61,72,95,65,25,87,50,35,5,12,40,70,0,55,80,56,5,15,81,95,20,
Expert217	1	1032247	34632	5960	100,40,90,125,5,65,55,15,16,100,100,110,20,15,50,60,110,0,60,120,95,60,56,80,10,120,30,75,120,40,56,66,117,
Expert218	1	1043755	34035	1988	71,70,10,92,45,60,60,57,26,35,66,42,60,60,50,95,40,21,50,50,65,95,15,65,15,77,87,21,5,45,33,50,0,40,25,27,45,95,81,5,36,80,72,11,
Expert219	1	1014611	32737	1532	107,0,110,90,90,110,70,70,56,60,110,61,50,95,50,81,96,77,56,66,117,7,111,110,18,61,102,60,117,1,26,31,42,20,81,30,20,
Expert220	1	1016217	32854	2872	30,115,10,40,50,60,50,115,25,105,25,31,85,5,41,40,0,30,21,111,95,55,85,15,95,70,95,55,85,15,106,21,7,26,100,10,80,10,
Expert221	1	1052552	33501	10614	15,41,0,51,100,115,101,95,35,25,65,15,16,50,5,45,90,105,46,0,55,45,100,95,12,30,90,105,20,10,50,5,42,100,96,110,95,
Expert222	1	1018858	34724	3253	40,65,35,35,5,15,20,90,100,65,70,71,60,105,95,25,10,0,31,80,81,60,80,47,65,36,5,15,20,90,100,65,77,60,5,105,106,
Expert223	1	1022414	32775	15987	36,0,25,105,55,15,0,41,60,60,115,125,16,20,70,40,6,31,60,50,90,30,101,0,50,81,80,126,116,55,
Expert224	1	1035135	34127	10178	35,35,46,50,90,26,50,65,5,75,15,85,105,17,60,0,56,42,22,51,65,5,11,100,70,96,5,30,30,
Expert225	1	1036547	38574	3648	30,30,70,5,50,70,71,0,35,80,90,45,15,22,10,40,50,60,35,80,95,95,95,35,5,76,20,75,0,32,90,90,85,5,70,90,65,45,
Expert226	1	1008423	32679	7552	65,20,15,30,111,85,105,96,95,30,85,5,75,45,110,16,15,116,6,41,50,35,92,100,115,35,35,0,25,70,40,0,35,111,110,11,105,80,11,60,106,
Expert227	1	1022907	34736	3594	20,95,65,80,55,5,45,106,45,120,116,46,60,16,31,30,11,50,0,86,115,0,61,40,125,25,60,70,6,110,80,90,126,
Expert228	1	1021147	33109	9121	5,102,110,120,45,50,95,120,85,46,115,50,5,60,15,115,17,50,20,30,111,0,120,42,117,106,50,105,0,20,73,111,81,5,65,126,35,90,125,40,65,
Expert229	1	1017706	38664	2240	115,40,25,15,105,50,71,65,70,55,45,35,15,25,46,106,51,75,5,62,70,60,80,0,80,90,91,85,15,6,25,5,55,100,30,
Expert230	1	1027730	33245	2544	100,15,100,5,31,15,30,0,111,61,80,60,115,105,45,115,115,50,75,106,0,51,111,95,95,20,15,50,5,100,101,70,110,80,95,66,
Expert231	1	1019736	33105	2969	75,25,5,17,85,60,0,90,31,41,20,50,51,45,75,45,36,66,85,97,65,21,5,11,50,10,0,27,5,91,16,90,30,61,85,60,30,75,
Expert232	1	1021561	33167	6274	95,80,55,65,45,120,46,50,106,85,36,0,105,25,15,0,51,40,125,15,115,15,20,50,6,100,30,31,0,40,61,72,115,65,80,91,126,115,
Expert233	1	1025812	35532	3489	35,45,5,35,17,100,90,0,50,50,40,71,81,80,76,66,26,56,106,105,97,35,41,5,12,0,80,47,5,16,100,101,50,92,50,21,
Expert234	1	1012739	34213	2380	70,25,80,15,55,35,107,115,40,60,5,120,61,90,60,0,45,100,100,55,116,45,70,45,5,65,100,30,10,5,20,
Expert235	1	1011133	32480	2824	115,55,45,105,60,80,35,95,15,96,20,70,5,72,0,40,51,82,105,65,111,55,5,105,6,25,90,10,
Expert236	1	1034219	33902	12007	100,0,60,15,91,86,76,45,51,60,25,30,15,32,101,20,10,61,57,55,25,16,25,36,6,40,70,40,25,70,40,15,53,20,10,81,106,105,
Expert237	1	1024556	32680	16744	110,26,30,5,15,110,71,81,90,105,106,95,85,115,116,85,10,77,80,0,36,42,30,40,50,0,86,70,93,120,30,6,65,70,120,80,56,
Expert238	1	1020495	34538	3500	46,0,55,55,75,82,70,50,105,115,105,0,116,25,65,35,70,15,95,17,80,95,20,6,40,40,102,40,71,0,60,86,111,10,30,95,85,
Expert239	1	1015606	33251	2723	105,85,85,15,85,90,41,61,115,71,55,35,40,55,95,80,10,95,80,21,100,116,95,5,71,80,61,5,5,90,110,105,
Expert240	1	1010458	33571	5198	95,75,75,115,55,45,85,35,105,105,0,25,18,20,5,30,5,62,0,45,100,80,50,72,110,95,55,45,95,
Expert241	1	1023987	39647	2279	110,65,70,45,15,35,125,100,55,55,85,15,35,35,40,125,75,25,125,40,5,62,60,70,90,0,90,102,95,15,7,45,120,20,
Expert242	1	1012366	34792	8699	86,65,110,55,1,35,85,27,105,5,35,40,50,105,50,70,17,50,0,40,0,120,60,20,80,115,90,81,25,105,35,61,115,
Expert243	1	1015896	41680	17726	50,95,0,85,71,50,115,65,46,50,50,0,16,35,26,25,11,5,55,43,0,50,16,101,20,71,60,15,31,
Expert244	1	1018961	34301	4015	91,105,35,65,41,35,86,1,25,105,15,15,26,6,31,30,0,0,40,21,101,95,15,20,5,82,60,5,95,100,50,71,95,
Expert245	1	1016205	43125	2225	105,75,66,36,35,60,60,70,25,0,0,70,80,56,16,45,95,96,71,5,5,66,33,0,80,0,61,80,76,75,5,5,40,35,10,91,20,10,
Expert246	1	1038484	33573	2143	5,80,100,81,70,90,46,65,45,5,15,20,95,85,20,31,70,95,101,17,0,90,75,35,25,80,90,42,95,86,20,30,70,95,95,85,60,0,52,91,60,75,76,35,50,105,5,105,105,35,40,
Expert247	1	1019418	32414	3812	90,36,25,45,110,25,55,45,55,61,5,15,75,105,16,0,65,65,50,22,51,30,61,30,5,10,100,5,80,40,70,96,40,
Expert248	1	1012867	32321	2126	35,95,110,50,72,65,55,105,25,85,125,25,40,25,95,5,100,115,17,0,15,110,45,105,21,20,100,115,20,40,5,11,30,10,70,110,120,107,
Expert249	1	1011200	40229	1931	95,75,120,80,100,81,125,70,90,100,66,125,35,25,115,45,25,80,50,6,17,1,85,20,55,21,30,20,50,5,80,40,
Expert250	1	1017825	41621	9021	100,100,65,35,15,75,35,95,85,85,20,40,100,96,50,85,0,52,5,90,105,82,25,10,91,31,70,62,35,106,46,
Expert251	1	1004916	32299	1193	10,100,51,60,115,70,115,90,30,70,115,125,46,61,25,55,60,41,111,25,75,120,105,35,75,35,105,105,40,110,95,55,40,7,45,90,45,100,31,
Expert252	1	1017706	33147	4541	115,30,65,70,20,50,90,0,17,125,5,15,30,40,25,102,75,30,110,110,76,50,60,40,10,80,120,120,95,75,115,120,116,
Expert253	1	1008572	32206	2729	91,105,86,37,100,1,25,95,17,20,5,80,81,100,61,60,105,87,0,25,12,20,60,90,6,70,45,105,32,105,50,71,80,70,55,100,100,97,
Expert254	1	1009976	31857	2589	15,31,0,40,75,40,25,92,85,17,105,80,40,95,55,5,37,0,35,90,85,45,13,80,40,95,20,30,65,100,5,30,30,90,86,85,
Expert255	1	1013547	33247	5202	30,85,100,115,1,25,50,125,15,125,26,5,110,80,25,45,111,120,121,60,61,125,115,70,125,125,20,90,115,10,85,40,115,0,20,20,121,70,106,56,35,60,105,20,
Expert256	1	1019083	32208	1692	115,30,50,85,40,105,125,26,40,0,61,70,115,50,71,66,46,35,105,35,51,35,5,41,60,120,90,80,90,105,115,
Expert257	1	1009463	32214	2258	75,35,65,110,50,82,55,105,26,95,25,40,5,100,125,115,18,0,45,110,105,23,30,100,75,40,115,5,10,120,80,11,110,107,
Expert258	1	1018655	32462	2315	5,15,71,70,35,40,95,20,55,115,15,40,15,100,116,60,0,60,60,110,110,75,75,105,45,60,5,105,11,110,45,50,30,91,105,
Expert259	1	1008601	37165	1602	20,95,101,30,65,65,70,45,95,50,71,60,70,55,90,60,41,81,105,106,56,5,75,17,0,20,15,70,51,101,86,46,95,50,50,5,75,12,100,70,65,5,5,56,90,40,40,
Expert260	1	1014165	32305	3103	16,0,110,31,60,0,41,50,105,25,90,16,120,40,75,5,36,35,0,45,11,20,10,40,5,30,70,80,105,105,
Expert261	1	1009232	39079	2758	25,31,40,30,75,65,20,86,30,66,85,0,71,100,70,60,100,46,45,10,65,75,56,65,35,25,35,35,71,5,81,100,25,
Expert262	1	1008702	35891	1881	80,55,95,65,46,45,20,5,16,30,105,105,30,30,10,10,0,50,110,45,60,86,105,0,60,60,40,115,25,70,60,5,100,80,90,116,
Expert263	1	1013775	34089	3254	110,0,35,95,55,125,106,125,46,0,25,125,60,85,15,105,0,15,62,120,115,15,5,20,100,5,40,40,101,121,40,50,0,50,35,70,71,55,35,6,90,116,
Expert264	1	1013330	32373	2241	30,111,76,45,5,125,15,90,110,60,25,80,126,45,55,60,60,115,95,10,0,60,40,40,70,121,106,70,115,35,105,35,40,65,50,120,95,95,40,115,7,45,90,20,
Expert265	1	1007828	35251	8245	50,90,125,80,126,47,5,15,85,16,0,110,15,80,50,41,90,101,65,100,40,75,25,35,85,95,10,55,116,115,40,5,11,10,0,100,80,47,5,111,15,110,50,30,20,
Expert266	1	1016284	32966	6773	60,55,35,35,85,0,75,15,95,35,50,15,20,41,60,60,40,10,55,110,100,100,55,30,55,16,5,45,31,60,70,70,15,52,10,81,105,106,
Expert267	1	1013481	33993	3930	90,125,65,70,115,35,55,15,40,106,40,20,70,70,105,60,1,60,90,115,35,120,60,76,80,120,115,60,6,5,65,100,10,
Expert268	1	1026897	37674	3213	100,100,20,0,15,90,100,85,65,35,85,36,60,105,95,10,7,15,55,45,90,100,65,45,72,40,30,40,50,81,80,35,60,105,106,
Expert269	1	1009354	32099	3003	125,90,105,75,65,56,115,46,1,25,35,15,16,20,15,30,6,40,40,50,70,50,40,100,60,100,1,70,80,125,60,80,116,81,65,125,75,
Expert270	1	1011223	35391	3405	110,45,80,15,45,65,105,25,95,31,0,50,77,55,5,36,35,90,100,0,50,60,40,20,50,71,61,105,96,105,95,50,85,105,7,55,90,10,
Expert271	1	1014345	33229	3226	15,96,20,95,40,40,51,15,30,5,110,110,75,85,16,56,6,46,25,101,60,91,45,0,90,45,51,10,0,10,70,115,35,10,80,10,115,
Expert272	1	1008114	35834	1618	70,41,5,71,70,100,56,0,45,45,16,32,10,22,60,50,60,10,50,105,81,105,90,90,105,45,5,77,30,0,40,20,41,5,101,70,100,55,5,85,96,
Expert273	1	1015565	38615	847	0,25,95,110,100,111,75,45,95,46,70,115,105,20,6,5,25,100,65,25,37,20,110,75,56,81,80,51,40,60,92,45,70,117,
Expert274	1	1019932	32973	6813	60,60,85,45,25,75,26,40,0,15,15,95,32,60,100,10,110,110,50,45,20,71,46,16,15,40,5,35,21,40,40,10,80,60,115,80,116,
Expert275	1	1007615	32410	1407	0,35,110,95,40,110,110,85,65,0,100,25,41,30,125,100,65,70,25,96,25,95,50,5,15,105,5,5,20,40,21,1,100,90,75,60,120,91,106,80,116,115,
Expert276	1	1017363	39870	58170	115,60,55,125,85,1,15,15,15,6,120,110,46,15,121,51,82,10,90,118,20,15,95,85,85,20,57,40,80,0,90,91,100,75,90,60,
Expert277	1	1018739	34125	4650	111,60,45,50,85,25,75,75,60,61,31,105,45,0,17,25,5,100,71,55,15,41,115,95,95,101,115,41,50,10,81,115,
Expert278	1	1010162	32023	7690	20,51,20,81,75,95,110,45,5,45,15,126,17,120,120,0,40,90,30,41,125,105,125,21,70,86,125,60,106,0,60,30,90,61,5,70,121,117,40,
Expert279	1	1008474	32084	1645	111,5,90,85,15,20,56,105,35,41,110,90,16,106,0,61,60,101,95,45,115,95,60,45,30,5,11,100,50,81,116,95,
Expert280	1	1023980	33504	4233	50,95,80,100,95,65,6,65,27,70,15,40,1,0,21,55,70,125,35,17,30,20,6,81,80,70,60,0,110,60,91,56,126,90,65,
Expert281	1	1024327	33267	70691	26,111,30,65,70,16,30,40,90,40,1,50,91,75,85,60,60,85,85,55,90,85,5,65,35,36,5,47,21,10,1,62,51,10,80,71,80,50,5,5,40,107,
Expert282	1	1008431	33593	1584	90,30,50,10,61,105,26,50,50,85,35,95,75,75,5,42,0,50,20,20,102,85,95,85,66,16,75,35,95,21,7,26,70,90,11,
Expert283	1	1010581	43527	4717	0,40,75,75,30,0,40,25,30,81,96,26,5,25,90,90,85,35,15,72,90,52,60,95,75,10,30,80,96,20,62,25,91,85,36,50,85,85,46,
Expert284	1	1007857	31934	16995	60,5,15,31,60,110,91,85,55,105,55,125,5,125,27,0,25,40,30,121,52,50,126,80,15,100,96,30,125,70,40,15,0,72,5,80,121,116,5,100,115,
Expert285	1	1016154	36927	8889	55,0,0,35,100,25,116,115,55,65,45,46,60,90,100,70,86,0,51,35,70,110,85,70,105,97,50,35,65,40,111,105,50,
Expert286	1	1019548	34962	6474	95,80,35,15,80,20,100,0,110,111,45,60,45,50,96,75,76,55,41,105,35,115,85,40,85,50,10,70,70,0,50,61,85,105,115,115,26,51,5,105,
Expert287	1	1036127	35003	19262	35,41,61,70,57,75,65,47,30,60,72,81,51,126,70,125,65,105,35,36,41,5,80,75,16,41,15,0,60,76,32,71,120,120,20,86,65,30,5,10,55,120,65,
Expert288	1	1016388	34056	2862	80,55,91,80,106,75,35,75,35,0,0,27,16,5,5,30,31,1,21,101,85,15,20,6,71,70,50,100,40,60,60,86,97,
Expert289	1	1005504	32701	9773	46,25,15,65,125,115,116,31,0,52,75,5,37,0,55,112,120,61,60,125,117,50,80,105,5,40,32,125,105,0,70,55,111,60,20,10,56,125,
Expert290	1	1014676	33680	1426	25,5,61,16,60,70,31,40,15,40,50,85,0,20,51,46,36,77,67,85,21,5,12,0,25,50,26,70,5,61,70,16,60,70,31,
Expert291	1	1020867	32240	1229	0,85,90,55,45,111,45,35,60,75,105,0,60,60,25,41,115,96,60,115,50,80,6,100,70,80,115,5,65,90,20,
Expert292	1	1008254	32301	1354	105,106,55,45,45,77,0,80,90,45,60,35,20,0,51,20,50,15,40,95,60,86,50,6,70,95,100,100,95,5,55,80,10,
Expert293	1	1024980	36499	1477	80,10,35,100,55,45,1,0,40,60,60,72,66,50,106,15,95,85,40,51,60,60,115,35,76,116,50,47,55,30,25,5,32,0,50,41,71,65,70,45,110,6,105,
Expert294	1	1015126	34620	1946	101,55,95,0,40,60,25,70,30,60,26,55,85,85,6,42,1,20,20,81,51,50,65,35,75,20,106,86,7,25,70,30,
Expert295	1	1017915	33412	2348	100,25,96,30,40,65,66,45,5,17,70,85,0,35,90,90,45,90,100,50,51,105,97,30,5,12,0,50,40,40,25,61,60,106,45,25,
Expert296	1	1025045	37244	3127	75,115,45,51,25,15,61,80,90,81,116,65,35,75,36,55,5,41,105,40,50,40,0,31,70,71,35,5,5,35,60,45,100,10,20,86,
Expert297	1	1012668	32669	8655	100,30,0,27,41,50,70,85,25,5,91,106,36,36,100,15,100,40,20,0,20,50,80,75,20,20,106,15,15,0,40,105,62,80,60,101,96,95,
Expert298	1	1020202	35923	4654	40,50,75,25,105,66,35,83,15,117,15,55,25,47,51,85,70,5,72,80,90,0,55,111,30,55,40,40,55,10,5,21,75,110,10,
Expert299	1	1022331	33420	8073	20,90,0,50,20,111,35,15,35,15,91,50,45,100,100,45,45,55,60,95,10,70,56,41,5,106,95,30,61,70,40,50,116,81,105,115,
Expert300	1	1019871	32715	2878	30,110,40,105,76,80,95,20,0,65,96,85,70,71,45,81,35,120,55,115,15,120,90,115,106,35,115,80,75,80,5,61,120,45,5,5,85,100,10,
Expert301	1	1025703	32751	6294	35,105,26,110,60,41,55,81,75,125,5,17,0,80,65,115,20,45,22,40,5,10,120,105,116,30,6,80,
Expert302	1	1043840	33089	4519	35,25,25,40,90,60,80,80,80,55,75,65,40,95,5,105,20,17,0,45,20,21,40,5,110,10,110,100,80,96,5,30,
Expert303	1	1018803	32173	8607	65,5,115,17,15,40,100,0,61,72,65,80,95,116,65,5,65,45,75,20,12,30,70,60,95,112,95,30,5,50,105,
Expert304	1	1018779	35399	5822	76,55,75,45,1,26,15,16,96,115,115,5,42,0,10,31,70,106,0,50,71,95,15,25,115,60,120,51,80,105,
Expert305	1	1016107	34265	3431	100,35,55,40,135,75,81,65,15,125,115,115,40,80,115,0,20,0,71,100,125,35,70,86,90,131,125,70,7,75,110,10,
Expert306	1	1022738	36377	3971	105,105,125,65,1,36,50,70,110,125,65,85,92,80,60,120,115,75,55,30,30,6,60,101,100,65,0,0,37,40,50,71,
Expert307	1	1019200	33454	6615	91,100,20,40,66,70,10,86,0,55,85,75,61,60,105,96,70,45,70,111,25,35,105,25,70,80,70,65,50,5,50,35,110,45,5,105,
Expert308	1	1018598	35073	1797	60,45,20,30,80,51,80,91,71,60,107,45,5,17,0,40,100,20,100,75,75,95,55,55,86,41,5,95,10,100,65,6,46,80,51,
Expert309	1	1027928	33382	1864	90,40,115,50,26,30,80,115,100,5,115,75,65,17,0,35,22,50,30,5,11,60,70,112,105,95,
Expert310	1	1018901	37552	8857	70,100,55,115,35,27,30,60,60,81,90,45,15,115,30,5,72,60,0,51,90,91,85,55,7,35,110,10,
Expert311	1	1014524	31937	9829	95,21,20,100,85,41,100,71,95,110,66,35,5,55,35,125,15,17,100,120,33,125,11,5,50,80,61,91,116,75,
Expert312	1	1038026	34245	10558	110,125,95,65,71,35,40,25,41,40,20,50,30,77,85,15,60,26,90,25,70,70,45,5,61,70,20,120,105,35,60,115,0,20,81,80,35,25,56,
Expert313	1	1034149	37646	25669	5,61,101,45,50,111,85,45,6,15,45,21,30,110,105,106,70,95,71,101,100,40,96,95,45,106,15,70,15,15,100,100,1,41,80,116,35,90,55,115,41,
Expert314	1	1028236	34784	12822	21,90,105,40,35,0,15,90,112,56,60,86,70,85,65,35,51,115,95,50,10,95,45,95,0,60,60,70,70,80,80,45,115,105,26,105,61,115,
Expert315	1	1023829	37447	5780	56,85,35,65,40,41,25,30,80,50,65,51,86,111,106,15,37,5,75,45,90,90,125,91,70,0,31,102,115,115,80,36,5,95,120,10,80,56,20,
Expert316	1	1007704	34009	2354	115,60,25,70,80,55,15,106,90,35,105,120,40,5,115,60,55,61,0,115,45,45,101,30,70,45,5,20,65,100,10,
Expert317	1	1008857	36649	5423	45,0,0,90,107,45,65,18,80,60,0,80,40,90,40,20,100,71,56,70,36,100,95,86,85,40,40,65,10,5,100,95,11,60,6,46,80,30,30,
Expert318	1	1020815	35568	2942	110,65,105,20,65,70,45,105,50,71,61,70,80,30,55,100,40,80,90,40,90,117,56,5,75,18,0,70,51,110,20,96,46,110,105,85,50,75,50,5,12,110,65,70,6,56,100,41,
Expert319	1	1010117	38161	3252	85,45,85,75,65,85,0,17,90,20,20,50,50,5,45,105,75,105,5,32,0,101,0,40,55,25,95,12,41,5,106,6,15,90,20,
Expert320	1	1018892	36848	2835	70,15,40,0,90,105,111,110,90,55,85,55,60,87,51,116,115,96,5,47,0,10,92,5,111,40,110,55,5,55,81,66,76,
Expert321	1	1041961	33483	8908	85,100,95,75,65,115,45,35,25,26,90,50,105,5,15,15,16,100,0,95,55,23,90,50,40,105,5,12,110,100,30,97,
Expert322	1	1045429	35830	2974	81,45,5,17,0,100,40,110,71,91,70,115,66,36,56,26,107,41,5,12,0,45,45,101,20,30,60,50,70,96,20,115,45,30,
Expert323	1	1022021	32667	6362	75,65,45,0,15,101,100,110,50,80,95,51,115,125,35,45,50,80,15,75,115,25,26,105,10,80,55,106,10,5,43,50,0,16,100,60,80,120,20,115,30,15,100,30,
Expert324	1	1012208	34158	6079	15,0,100,115,116,35,75,65,46,90,0,45,100,80,60,35,70,70,80,111,80,105,56,95,15,26,96,70,15,70,5,65,42,110,40,80,0,60,76,75,5,91,10,105,20,35,20,
Expert325	1	1006778	33185	22825	106,85,105,90,55,60,90,35,111,125,46,45,95,5,17,0,15,90,41,20,41,120,5,115,65,51,5,96,81,120,75,115,
Expert326	1	1034696	32821	8253	50,80,66,45,5,70,70,70,50,90,65,100,86,5,17,0,80,105,95,0,25,33,20,5,70,90,100,85,5,50,
Expert327	1	1037920	35278	9837	116,115,75,80,80,90,35,101,125,47,85,5,15,17,80,20,0,41,120,106,95,41,5,50,5,86,71,120,70,81,91,66,
Expert328	1	1024726	32621	5255	115,115,35,35,56,25,60,25,60,5,15,75,15,15,15,0,65,20,70,65,51,21,50,30,111,60,77,60,80,10,90,100,40,120,5,100,100,30,100,95,85,71,116,115,
Expert329	1	1028445	33405	3026	80,5,90,91,100,46,60,75,45,5,15,105,95,21,31,80,105,17,100,85,35,0,25,90,100,42,105,97,20,70,30,80,65,105,105,0,52,100,100,70,85,36,40,50,86,
Expert330	1	1056110	33943	11457	15,0,70,25,40,40,0,71,50,15,105,65,15,90,70,5,46,90,45,0,75,12,70,5,20,5,40,60,80,105,115,105,
Expert331	1	1025333	32369	2934	35,40,92,85,27,60,80,40,75,5,95,115,60,55,16,105,15,15,90,0,85,45,22,80,95,10,20,40,110,5,11,90,100,60,86,60,30,85,
Expert332	1	1028816	32899	3012	102,35,70,10,45,61,57,65,65,40,105,26,42,20,20,61,52,65,105,86,15,65,76,15,95,75,96,21,5,45,31,30,40,50,30,0,28,5,70,45,70,36,85,92,10,105,70,10,
Expert333	1	1027662	36221	8603	95,56,70,46,0,35,0,111,80,96,65,45,75,25,15,105,53,70,0,41,82,95,115,115,45,6,55,100,10,5,20,
Expert334	1	1021644	37229	17221	15,21,40,105,30,61,60,55,15,60,35,45,105,26,25,31,5,65,51,70,50,50,0,35,60,36,5,21,101,40,11,55,100,40,
Expert335	1	1024659	32650	4517	91,105,115,50,35,90,61,71,80,70,80,106,65,46,116,5,15,45,55,16,0,15,50,20,40,42,101,60,111,86,77,65,65,55,10,110,95,5,10,100,96,
Expert336	1	1024655	32479	2809	120,100,21,0,60,60,40,71,15,70,115,66,26,125,115,15,126,107,40,15,40,5,35,53,0,30,80,70,48,100,35,5,56,100,122,20,60,90,115,100,20,
Expert337	1	1027122	38683	4653	6,95,101,10,100,51,60,86,95,95,86,65,56,107,2,100,101,50,50,60,61,70,56,105,106,80,46,35,25,60,6,91,5,101,55,71,70,106,1,67,5,20,30,
Expert338	1	1030037	34454	3907	26,0,51,70,60,60,105,115,25,70,60,55,105,32,40,100,76,80,116,56,65,95,5,23,0,60,50,111,50,72,105,55,110,5,25,90,105,10,40,
Expert339	1	1006671	32294	9703	30,100,0,16,40,50,15,40,70,85,5,35,23,15,91,106,37,41,0,101,12,80,106,75,0,105,63,100,100,80,10,96,95,50,
Expert340	1	1021207	34911	9832	15,21,110,105,65,50,0,125,35,125,46,15,0,15,0,55,27,50,5,5,40,12,40,120,40,1,120,62,127,71,83,76,5,120,115,25,60,120,100,115,115,5,36,
Expert341	1	1011865	34227	14811	125,125,85,91,100,55,60,100,45,125,115,45,5,45,95,17,15,90,0,42,110,95,120,105,105,65,50,95,35,80,20,50,40,6,80,110,75,
Expert342	1	1010243	35940	24643	100,25,65,115,16,15,30,30,50,115,0,25,25,45,1,55,37,50,6,20,11,21,0,111,60,10,61,117,70,0,70,83,76,110,110,107,35,46,60,
Expert343	1	1008447	36036	2264	31,5,62,90,45,15,60,50,0,36,22,10,40,50,95,71,81,96,35,5,66,65,20,0,31,30,5,60,91,90,45,75,86,
Expert344	1	1015946	36017	5548	0,51,60,71,95,85,110,95,85,45,61,55,25,33,10,70,100,20,111,50,68,40,26,81,57,25,36,60,115,6,41,61,20,90,116,76,
Expert345	1	1009226	34762	10178	45,81,100,10,30,52,50,95,20,71,35,15,65,36,105,5,55,40,85,42,50,30,0,30,62,95,35,106,75,95,
Expert346	1	1015741	36794	9961	50,40,40,70,5,72,95,0,100,101,65,45,56,36,0,0,45,25,75,18,70,20,6,30,31,50,0,61,82,65,45,96,
Expert347	1	1017345	36693	3031	56,95,106,26,70,95,35,125,46,5,115,65,80,81,60,15,40,80,0,40,90,75,90,90,46,65,6,5,85,85,120,30,10,110,21,
Expert348	1	1026806	35834	1926	100,40,40,5,75,83,110,55,15,0,45,55,22,70,45,15,31,30,61,91,100,11,50,50,117,46,75,5,87,85,0,70,20,30,43,111,95,106,5,75,80,80,110,55,
Expert349	1	1018139	35124	5777	77,55,45,0,0,15,15,95,115,25,95,30,15,25,115,5,60,80,42,30,0,120,105,0,10,50,72,25,105,115,15,105,95,51,
Expert350	1	1014764	56144	1933	111,100,51,65,71,70,20,60,40,105,90,80,120,105,105,105,65,75,55,85,75,117,55,0,0,15,22,30,10,5,5,5,15,25,25,110,111,70,80,100,125,
Expert351	1	1027368	32671	6939	45,75,35,75,35,55,110,125,45,0,25,15,16,20,5,42,0,25,11,25,120,115,51,30,50,61,70,80,30,70,80,110,127,25,5,46,10,105,45,0,50,22,5,121,75,85,105,40,120,116,
Expert352	1	1038653	37526	1702	50,50,46,75,105,85,90,15,20,60,105,85,5,30,31,0,80,100,65,25,95,80,42,85,90,20,60,105,85,5,35,55,10,70,20,
Expert353	1	1026888	33786	2518	70,35,35,45,85,55,45,105,10,45,30,75,95,20,95,120,45,50,75,106,111,1,51,40,125,25,60,125,50,5,100,70,80,125,
Expert354	1	1016731	36878	4080	41,80,5,80,110,55,80,120,55,16,20,80,0,30,46,31,10,71,21,10,61,51,100,100,91,117,45,5,86,20,85,0,40,30,41,111,95,5,80,110,55,105,
Expert355	1	1020445	34868	9673	60,60,101,35,60,35,40,52,45,31,105,106,26,5,16,90,30,41,85,40,76,35,95,11,40,20,0,20,55,101,85,96,100,85,35,55,20,20,
Expert356	1	1011817	36150	6554	10,30,100,30,5,81,75,125,115,41,25,50,60,95,96,65,55,45,110,45,45,120,70,86,50,0,35,61,105,71,125,35,91,115,115,25,125,115,61,5,6,66,100,110,31,
Expert357	1	1008569	32887	3261	115,30,5,15,91,100,55,25,55,60,85,45,86,65,51,105,50,95,10,95,95,0,63,5,71,81,105,36,105,5,5,65,90,20,
Expert358	1	1017842	32166	1095	15,80,60,90,125,80,45,25,50,105,115,106,30,5,62,0,51,41,90,72,16,116,45,5,5,5,35,100,20,
Expert359	1	1009117	32387	1819	125,20,65,50,70,125,80,125,30,80,116,45,45,72,105,40,40,55,111,121,85,105,35,105,96,26,41,5,75,61,110,55,5,5,45,90,30,
Expert360	1	1010012	33218	2424	105,20,90,40,50,71,105,36,50,85,15,50,50,31,101,76,85,25,25,45,96,85,95,31,55,60,5,61,50,100,45,6,36,90,21,
Expert361	1	1019673	34621	2538	90,75,107,36,55,5,16,16,50,30,80,90,60,45,0,100,45,30,61,95,75,86,26,85,30,55,30,5,11,101,95,10,50,75,6,36,80,21,
Expert362	1	1021956	32562	831	105,25,30,60,50,111,125,80,41,71,125,106,5,31,50,20,15,110,20,50,6,100,85,65,15,30,100,120,75,
Expert363	1	1019251	32660	2945	100,46,6,15,50,90,70,20,85,30,20,45,30,90,106,17,0,101,42,105,80,75,105,105,0,62,102,96,35,80,95,60,50,5,46,
Expert364	1	1010418	32476	11983	130,115,100,45,85,51,130,95,46,5,76,15,60,75,125,15,20,80,105,15,20,30,130,126,0,75,50,0,42,90,80,50,80,71,90,110,65,65,135,80,135,5,35,135,40,
Expert365	1	1007315	36176	3653	75,110,100,40,81,91,55,15,65,90,55,86,116,70,25,45,107,30,5,70,90,71,65,0,115,37,101,10,5,75,100,20,40,
Expert366	1	1038762	33389	12307	55,15,95,96,100,40,40,60,85,75,35,60,15,55,40,106,20,21,20,101,45,60,30,10,46,105,105,90,91,70,10,60,105,5,115,
Expert367	1	1017902	33343	2405	20,15,107,41,5,120,95,110,51,15,30,120,75,16,6,55,80,55,46,25,110,60,46,0,51,10,90,0,10,70,100,126,35,101,11,
Expert368	1	1020571	33997	1384	20,100,61,45,70,30,70,90,115,50,90,100,80,50,80,116,46,5,65,16,16,60,40,0,40,110,86,110,55,20,106,55,96,40,65,40,5,12,60,110,75,6,45,45,90,51,
Expert369	1	1021022	41336	1446	15,100,115,65,70,45,56,85,25,116,15,37,41,5,75,62,70,60,0,91,101,100,95,5,15,6,45,110,20,
Expert370	1	1001664	37189	5642	101,111,56,60,70,71,65,51,117,107,45,5,16,16,45,90,50,20,63,0,41,75,55,100,35,96,95,41,65,5,11,75,101,55,5,35,
Expert371	1	1021101	33279	2589	85,55,15,110,15,40,95,96,30,5,100,75,15,6,15,35,115,51,60,90,100,80,116,37,25,90,50,1,112,90,11,70,106,105,45,11,
Expert372	1	1009942	47836	37276	90,0,90,100,110,76,36,55,110,90,125,45,100,45,0,45,25,66,15,125,80,16,20,15,5,90,5,82,0,95,121,100,10,96,6,50,31,
Expert373	1	1017659	36185	5895	46,5,17,0,40,40,90,50,71,82,65,75,55,25,96,35,95,40,5,12,80,0,47,5,90,15,30,91,50,5,20,
Expert374	1	1010336	37951	3505	101,65,55,36,15,21,80,96,100,95,76,75,0,42,91,85,25,40,5,72,105,90,25,10,30,61,30,52,86,35,5,106,
Expert375	1	1003208	33714	4668	10,70,45,85,110,35,55,20,35,120,36,105,50,40,76,106,95,111,10,0,52,20,5,30,60,100,125,70,80,126,
Expert376	1	1016943	34494	1778	100,50,70,10,90,80,30,80,127,65,116,45,45,70,70,70,40,120,40,110,25,55,86,106,36,95,105,40,40,75,5,61,111,60,55,25,70,6,45,45,90,100,31,
Expert377	1	1014756	32820	2010	100,96,100,115,36,35,0,0,110,25,15,105,16,20,5,92,110,72,115,95,80,96,0,25,10,100,115,10,30,10,20,55,115,70,5,90,60,82,40,65,5,31,110,110,107,
Expert378	1	1015287	32620	1487	35,1,0,95,30,50,70,71,55,55,15,106,15,115,26,116,30,45,60,30,5,25,62,0,40,70,37,80,110,5,35,45,65,65,111,11,50,90,105,
Expert379	1	1007313	35709	2007	80,20,30,100,80,71,51,115,91,115,115,46,5,65,17,0,15,60,40,20,41,110,95,110,55,105,40,5,85,65,11,110,75,6,45,100,50,
Expert380	1	1020797	34070	3819	1,71,90,60,45,60,55,30,56,65,25,15,115,80,65,5,80,81,0,60,91,90,100,65,65,5,50,85,110,50,10,75,36,20,75,
Expert381	1	1013051	33755	3990	20,80,55,90,47,50,65,77,0,50,50,40,95,100,100,35,15,95,86,50,95,5,70,40,70,100,25,25,6,55,80,10,
Expert382	1	1016276	34129	2707	5,35,71,80,100,117,105,85,75,75,0,75,80,101,110,30,131,66,100,25,90,57,96,125,100,5,45,85,71,130,45,5,5,105,120,20,
Expert383	1	1016374	32759	2900	36,26,46,50,50,65,90,5,90,75,85,16,105,15,115,0,15,60,55,55,41,20,30,30,40,50,65,10,50,110,80,20,5,5,10,5,100,70,96,
Expert384	1	1025103	32607	3178	15,30,15,0,41,0,51,25,15,60,75,105,15,50,5,47,0,55,10,10,110,20,10,90,50,5,120,40,5,70,80,106,
Expert385	1	1012093	32120	5660	65,105,1,15,21,80,90,116,16,35,5,101,60,100,20,15,111,110,42,115,115,115,10,105,65,106,20,40,30,0,12,111,85,6,100,95,60,71,51,86,96,
Expert386	1	1018067	33882	1143	50,85,35,15,50,90,20,100,115,35,45,45,45,30,110,105,25,95,10,6,71,63,71,1,30,80,81,35,15,90,20,100,115,35,42,55,30,110,105,25,95,10,5,55,6,15,90,20,
Expert387	1	1016925	37726	2062	41,5,80,81,80,110,0,55,55,46,15,21,15,31,60,20,30,11,71,51,101,60,91,117,45,5,87,20,0,40,111,30,41,5,95,105,80,110,55,
Expert388	1	1016955	36999	2130	35,50,71,35,40,60,26,50,90,60,90,125,5,15,85,105,115,15,15,0,15,55,20,70,55,42,50,75,10,21,50,5,10,110,80,95,31,
Expert389	1	1016552	32679	1269	70,90,20,60,20,60,57,65,35,65,16,43,61,11,51,50,66,25,75,86,25,97,10,45,76,10,5,31,50,85,31,40,0,15,15,16,45,5,36,92,70,71,21,
Expert390	1	1021118	34143	8641	0,30,0,15,110,21,85,110,125,40,125,70,90,100,55,125,15,15,6,60,90,72,1,11,121,115,80,25,100,116,10,
Expert391	1	1016521	32837	3916	70,100,110,65,95,85,45,25,35,26,50,5,80,105,16,15,70,0,55,15,100,85,21,20,80,40,20,50,70,5,105,12,30,100,110,87,
Expert392	1	1015487	46029	9883	125,10,40,35,70,86,35,85,75,1,25,25,115,50,61,125,91,75,85,25,6,46,52,40,40,1,22,5,80,95,
Expert393	1	1006854	31825	5412	30,60,121,55,80,90,80,77,86,45,45,25,51,115,50,35,15,16,20,5,125,62,50,15,30,0,41,81,71,115,101,115,71,45,85,126,
Expert394	1	1008026	33380	4844	100,90,30,90,60,87,45,65,25,35,15,15,115,115,16,45,55,30,60,20,80,5,71,71,0,50,41,82,105,111,105,45,65,95,
Expert395	1	1033915	36783	2152	85,55,60,105,95,15,20,40,21,10,100,30,110,70,86,40,95,95,85,105,5,5,5,90,20,90,90,65,50,51,60,96,95,0,25,50,1,100,90,83,105,95,5,5,115,
Expert396	1	1011222	37767	1802	106,6,5,101,15,20,65,100,72,107,1,81,90,55,45,80,35,80,6,100,101,76,75,105,90,55,25,10,75,61,90,90,105,105,0,0,86,30,85,40,
Expert397	1	1024310	37280	4588	112,20,0,85,45,45,100,67,40,70,97,75,95,45,55,60,62,40,71,40,92,80,81,107,45,45,16,116,35,36,115,71,11,
Expert398	1	1024958	38463	2967	35,25,25,60,35,60,91,46,51,5,15,75,85,115,16,0,125,105,55,15,70,22,55,40,40,40,50,75,50,6,11,110,80,31,95,
Expert399	1	1012698	38517	4791	70,100,55,80,110,90,110,125,45,35,111,60,95,35,70,105,6,86,16,15,26,25,1,65,75,30,50,32,60,70,6,40,
Expert400	1	1015040	35140	6233	125,125,75,81,90,101,115,46,125,45,5,85,18,0,80,42,35,20,110,50,40,6,100,95,86,72,110,81,91,105,66,5,105,
Expert401	1	1010930	33201	6011	36,90,26,45,45,85,51,5,15,90,75,65,105,15,15,15,0,60,55,55,42,30,50,50,65,5,11,100,30,70,21,96,
Expert402	1	1028841	32484	2319	75,85,0,101,15,91,75,100,85,55,16,5,15,45,61,60,60,0,40,10,10,80,70,71,80,15,80,15,50,5,65,90,105,106,20,5,30,
Expert403	1	1018009	36145	2258	36,100,65,110,5,17,110,100,40,70,90,40,70,15,80,56,25,60,30,90,0,30,90,80,80,76,25,45,45,106,116,105,115,31,65,5,10,10,90,80,11,0,60,38,65,5,16,102,111,110,20,41,20,
Expert404	1	1028959	32541	5258	101,110,36,111,25,56,35,25,0,15,55,85,15,75,15,5,15,30,21,90,31,10,40,70,60,115,70,105,85,20,0,10,52,15,116,106,
Expert405	1	1014593	32306	4114	50,61,81,95,115,80,125,60,75,55,46,60,0,16,25,35,26,11,65,5,41,41,60,0,16,70,15,21,50,5,100,30,45,101,80,30,50,
Expert406	1	1012211	31854	1700	100,0,110,51,45,45,60,85,125,70,0,60,35,25,60,41,55,71,116,106,60,5,120,55,80,5,90,115,5,65,100,20,
Expert407	1	1028528	36715	3157	25,45,101,65,70,92,75,30,61,87,65,50,106,117,5,6,112,55,105,40,41,50,115,115,15,115,0,40,1,110,60,110,82,80,115,66,70,115,96,
Expert408	1	1008316	31873	1825	85,100,100,110,0,40,41,50,70,90,25,116,25,115,105,30,15,65,106,0,31,111,51,95,86,30,5,102,60,95,110,70,95,46,5,5,35,80,10,
Expert409	1	1020967	34170	2235	41,75,5,81,110,56,15,81,15,30,70,0,45,60,45,21,31,20,10,10,50,101,60,50,116,91,115,45,45,5,75,86,85,85,70,30,20,40,0,42,5,75,81,112,106,95,55,
Expert410	1	1020817	33187	6231	36,25,100,100,75,115,25,46,51,5,95,85,65,17,15,0,55,60,55,42,50,50,31,5,65,21,6,11,110,70,106,
Expert411	1	1028224	35022	6308	120,36,90,100,26,65,115,45,65,115,45,15,115,50,15,50,75,5,83,0,70,56,110,40,60,10,90,40,125,10,55,5,85,55,75,85,110,110,31,20,20,
Expert412	1	1025227	32591	8044	15,31,25,0,40,40,90,90,105,85,90,75,17,40,85,70,95,55,5,37,0,35,90,75,10,45,85,11,10,70,95,40,5,31,100,30,90,20,77,
Expert413	1	1025913	37126	5266	45,45,55,60,35,101,115,60,91,127,87,95,116,6,26,25,1,65,32,110,122,95,65,50,51,60,41,60,90,127,115,6,101,
Expert414	1	1007276	35998	5530	105,65,90,115,65,56,1,35,25,17,20,45,15,30,6,50,51,1,35,10,61,71,90,82,40,106,75,5,36,
Expert415	1	1011021	33043	3357	10,65,80,55,90,30,72,50,115,106,61,105,45,116,45,51,75,50,40,40,102,75,26,95,110,66,95,36,95,40,85,40,7,46,80,90,31,
Expert416	1	1038010	33213	9719	110,85,75,46,0,15,100,110,50,85,15,65,35,36,60,115,25,105,26,11,7,55,40,41,50,15,100,100,70,15,15,110,1,65,20,20,100,33,90,60,80,117,
Expert417	1	1012918	33366	1752	20,40,60,75,95,15,20,40,1,100,75,76,101,50,65,51,36,85,106,105,35,6,45,27,40,1,25,102,31,55,70,55,10,60,70,90,70,70,65,85,51,107,35,35,85,
Expert418	1	1027761	32635	5567	50,102,95,60,45,115,35,27,90,50,5,85,105,17,0,75,15,55,100,95,23,50,90,105,5,11,110,85,10,40,100,96,30,95,
Expert419	1	1015360	34470	5350	95,102,50,35,70,35,35,0,55,0,105,15,90,110,111,56,30,75,106,0,30,60,45,30,50,25,50,15,60,115,97,60,30,116,15,7,35,90,20,
Expert420	1	1026624	32530	3068	70,10,95,5,35,25,65,80,40,40,26,30,50,91,25,90,77,5,41,52,0,0,70,71,97,20,35,20,85,21,60,31,91,62,86,35,90,5,75,76,
Expert421	1	1044630	35098	7163	115,55,60,70,45,101,45,25,100,76,35,91,85,115,115,15,85,36,65,5,125,53,60,30,0,30,80,81,35,5,110,111,35,96,71,105,55,105,120,10,20,
Expert422	1	1014464	34714	6154	105,40,95,20,30,110,60,110,110,136,90,100,100,127,75,5,15,135,20,75,85,17,0,40,80,72,120,105,130,120,130,90,57,95,105,85,70,5,11,120,95,116,
Expert423	1	1031017	37053	2274	60,51,60,45,45,95,85,115,100,20,70,116,15,95,5,32,0,90,110,75,25,105,90,41,65,55,40,95,100,20,70,115,95,5,35,6,10,80,20,
Expert424	1	1016551	41184	2541	100,120,10,100,50,1,25,30,75,60,25,80,95,110,25,5,5,56,46,45,51,1,20,90,86,65,65,120,45,35,21,70,6,70,92,75,1,27,30,5,40,60,60,
Expert425	1	1026730	33846	8851	30,45,30,15,110,0,121,90,50,120,65,75,75,80,107,85,71,45,105,55,125,115,70,10,0,80,80,91,25,116,55,125,36,81,125,7,85,110,20,
Expert426	1	1021517	33013	5061	90,85,35,45,90,26,75,35,105,115,45,51,65,5,18,0,60,56,42,20,50,21,50,5,65,10,110,10,30,100,30,80,70,6,96,
Expert427	1	1019205	32205	2234	35,95,25,95,110,111,75,45,15,125,105,125,56,65,5,83,0,60,51,122,92,55,5,45,85,45,10,20,30,6,70,116,115,
Expert428	1	1008369	33413	3233	35,5,16,90,15,0,40,30,80,40,61,70,56,25,71,66,25,45,45,105,85,97,86,31,5,10,11,70,105,0,36,81,90,35,5,16,21,91,40,80,40,
Expert429	1	1015056	35139	4589	45,100,45,5,75,17,110,0,50,100,15,70,50,35,41,81,91,90,35,65,86,65,55,55,26,115,116,107,41,5,75,12,70,90,10,0,45,46,110,45,75,100,5,16,101,111,50,50,21,
Expert430	1	1021918	33806	8717	80,90,116,5,51,16,50,0,40,110,70,96,65,65,105,85,85,105,0,15,25,0,55,33,20,50,5,5,100,81,90,90,40,115,
Expert431	1	1028150	36837	2262	61,51,15,46,116,95,100,20,70,115,85,95,5,32,0,90,110,75,25,105,90,42,95,100,55,20,70,65,115,95,5,35,80,5,10,20,
Expert432	1	1020540	32629	9488	15,31,0,25,41,110,55,111,105,16,15,100,60,70,95,85,40,5,115,35,95,36,0,35,110,107,45,13,40,20,
Expert433	1	1015431	38150	4221	101,75,65,36,96,5,43,0,15,20,100,95,86,85,0,53,90,5,90,81,105,25,80,90,10,30,30,60,61,70,105,105,35,
Expert434	1	1024152	33709	7993	36,80,75,25,95,46,25,51,5,65,18,0,60,100,55,21,55,20,42,51,31,65,5,11,90,70,85,6,85,
Expert435	1	1019180	34804	3515	65,115,35,26,40,105,85,5,50,5,75,15,16,1,45,55,23,50,40,6,11,30,70,80,5,100,116,
Expert436	1	1003470	32960	1346	110,40,120,30,55,25,105,110,67,115,100,20,70,80,100,50,125,115,115,5,15,100,40,30,6,110,110,120,55,
Expert437	1	1031213	32977	10733	20,45,90,70,50,30,110,60,125,100,80,126,45,5,17,0,90,40,121,115,100,85,20,55,41,5,115,10,120,75,
Expert438	1	1017780	32789	5186	60,20,50,82,55,105,75,26,90,45,25,50,50,125,117,10,5,60,5,32,61,51,20,100,1,20,41,100,70,70,71,25,125,45,86,125,
Expert439	1	1047239	33762	6200	105,95,42,5,35,15,16,0,45,92,20,50,62,55,25,95,95,95,40,5,12,30,0,60,105,70,47,80,5,91,15,105,90,20,
Expert440	1	1021975	32713	6171	120,45,65,85,25,75,25,0,15,25,40,95,15,32,121,10,111,45,65,100,20,46,65,16,70,15,41,50,115,95,35,5,21,40,20,70,0,10,10,81,62,15,115,125,115,126,
Expert441	1	1036077	33373	10176	40,92,75,80,80,107,65,5,80,16,70,95,45,80,5,15,25,25,25,1,35,85,42,80,40,50,30,5,6,60,100,95,95,
Expert442	1	1013961	34841	3039	105,0,25,65,25,80,30,50,25,40,70,65,95,5,95,5,50,51,1,91,21,61,45,35,60,95,85,95,20,5,6,25,80,30,
Expert443	1	1018240	34771	3004	45,100,110,66,26,45,15,130,35,125,80,96,55,5,72,0,50,92,135,55,40,5,75,120,20,60,10,115,20,135,5,85,
Expert444	1	1020202	35838	3120	71,101,46,115,36,55,25,25,55,61,85,95,135,125,5,16,16,80,0,66,51,40,50,30,22,61,85,30,40,5,11,5,120,90,105,
Expert445	1	1018877	32178	8609	35,35,55,100,115,46,0,25,17,20,5,42,110,0,25,105,25,52,100,10,61,71,117,25,5,46,45,10,50,0,21,10,20,110,110,5,96,40,110,35,105,105,5,75,
Expert446	1	1024020	33653	4529	46,15,20,15,0,100,101,20,30,61,120,30,120,111,57,66,105,10,40,70,5,80,65,51,116,105,80,71,50,60,90,90,115,127,
Expert447	1	1016021	34879	8989	55,115,100,115,15,115,60,15,95,85,21,96,40,15,2,35,45,25,26,40,6,90,10,10,90,80,65,110,10,90,111,0,52,117,95,60,87,95,65,95,110,105,25,50,70,5,17,0,0,45,106,55,23,40,50,30,
Expert448	1	1020339	35779	3994	65,35,110,45,90,25,50,25,5,100,101,70,80,92,111,65,85,77,80,75,115,95,105,116,5,15,105,105,16,1,55,23,50,40,30,
Expert449	1	1016855	35153	3899	20,30,60,50,85,75,91,90,71,102,116,75,81,115,47,5,15,65,15,16,0,60,40,20,41,70,40,111,106,105,86,76,65,5,11,110,96,
Expert450	1	1006780	45345	18567	40,7,120,45,110,75,45,37,120,15,60,40,120,60,81,90,80,70,115,115,116,75,95,86,126,65,85,45,32,40,10,40,66,81,1,91,91,6,100,55,
Expert451	1	1013359	57271	3921	20,30,96,100,100,40,50,60,70,110,86,86,65,95,55,105,106,1,15,22,40,10,5,6,100,15,26,101,50,60,80,115,
Expert452	1	1018917	32398	3663	36,45,90,45,55,55,26,61,75,105,5,17,0,66,52,20,41,30,21,61,5,30,10,100,80,110,70,5,96,
Expert453	1	1012691	39350	1912	85,100,0,55,15,90,15,25,101,85,65,37,25,60,25,10,45,105,95,10,6,5,15,90,100,65,45,70,70,70,40,40,30,80,50,81,35,60,107,
Expert454	1	1034934	33002	22044	11,120,75,35,40,61,90,80,116,60,105,55,90,60,125,45,80,76,20,125,33,121,80,46,66,50,100,90,65,127,20,5,90,80,
Expert455	1	1025742	33245	2296	110,40,30,55,70,55,106,5,25,15,95,40,41,0,60,100,100,50,50,115,50,106,5,45,90,10,85,20,115,35,
Expert456	1	1012860	34536	7365	90,10,100,115,35,25,35,26,7,31,110,85,45,51,111,60,87,65,117,56,55,37,110,111,60,1,60,70,106,15,25,80,105,61,
Expert457	1	1009290	32175	6583	81,55,45,30,106,0,10,60,60,20,120,115,30,90,46,50,70,85,115,105,0,51,40,125,26,50,115,5,100,80,90,60,70,126,
Expert458	1	1019767	32414	2956	35,91,85,50,90,61,72,106,65,105,86,47,5,15,55,20,17,0,50,42,101,40,5,81,60,77,65,65,55,10,95,10,100,96,
Expert459	1	1027948	32779	5074	120,35,115,25,26,110,125,40,75,65,5,15,15,95,15,0,15,120,45,50,82,75,55,116,20,105,22,40,115,30,5,80,
Expert460	1	1006001	34304	4887	91,90,85,5,65,105,15,35,40,20,40,65,125,15,110,125,125,15,50,70,0,71,121,115,95,45,45,30,15,120,60,70,100,60,5,81,80,100,116,95,65,
Expert461	1	1024700	32686	6283	15,115,40,65,40,36,1,70,135,51,70,25,125,17,20,50,5,5,31,70,30,0,61,110,92,125,135,80,100,65,110,135,125,
Expert462	1	1023550	33952	823	96,95,0,100,81,100,61,46,100,50,51,40,86,71,40,65,85,65,65,46,56,107,6,17,5,91,90,15,100,101,52,106,105,0,0,26,32,20,20,71,
Expert463	1	1007401	38578	3181	65,110,45,25,15,35,91,65,25,55,110,85,85,45,5,70,105,71,0,40,82,45,5,115,90,75,115,100,10,50,20,20,
Expert464	1	1023670	32748	2941	0,85,115,0,25,30,100,50,126,25,45,25,5,110,80,25,121,110,105,35,15,110,120,62,125,116,10,30,100,40,126,20,85,70,90,115,0,21,120,55,120,105,35,55,70,20,5,35,110,80,90,106,60,
Expert465	1	1016237	33240	1172	50,95,25,70,81,25,96,65,15,30,45,66,1,31,91,85,76,30,5,60,85,40,50,85,6,35,70,10,
Expert466	1	1011305	34810	20360	125,75,15,35,110,56,40,75,1,25,82,90,70,117,17,80,5,20,5,52,90,0,25,10,70,30,26,
Expert467	1	1009225	33273	4509	20,101,66,35,5,15,80,115,100,50,70,116,35,50,50,105,45,85,50,10,0,95,31,61,95,105,86,110,26,30,55,30,110,40,110,95,105,
Expert468	1	1010521	36376	30230	35,25,15,45,25,55,60,71,80,0,111,107,120,115,5,77,0,10,120,50,111,110,100,120,5,100,86,5,91,35,46,35,
Expert469	1	1011493	33822	1161	105,95,85,0,71,66,55,35,25,25,70,40,105,6,17,1,75,45,23,30,70,40,6,11,5,60,80,90,105,
Expert470	1	1015502	33802	3132	40,30,51,75,105,65,50,65,35,50,105,0,17,20,20,5,100,100,61,15,45,85,31,95,85,100,31,10,40,71,95,95,
Expert471	1	1007608	35699	1658	71,45,101,95,35,115,45,35,25,25,56,61,5,85,18,0,65,80,65,52,40,60,22,85,31,60,5,11,5,110,90,105,40,
Expert472	1	1011382	33472	1363	76,100,35,75,45,1,15,100,55,15,96,15,5,32,21,1,40,10,60,71,70,110,16,50,105,105,95,40,50,50,10,80,105,40,
Expert473	1	1010357	34229	2214	5,40,15,100,100,110,66,70,95,125,25,95,95,75,60,60,55,45,60,115,105,10,70,105,0,90,105,70,81,115,36,90,70,45,115,70,6,5,75,100,20,
Expert474	1	1039899	37731	9597	110,11,75,35,35,100,56,110,55,60,85,30,87,35,65,51,115,20,50,30,105,80,45,15,30,50,0,60,80,60,71,115,106,96,61,70,115,5,35,
Expert475	1	1029946	38701	2092	125,70,100,125,96,66,1,25,71,15,110,25,30,50,100,70,95,25,6,46,62,75,115,10,60,0,0,20,90,90,90,105,25,
Expert476	1	1012238	34150	3567	120,120,85,75,56,65,25,105,10,30,30,110,65,65,70,95,106,40,0,70,70,60,115,36,20,60,50,70,50,82,55,116,126,
Expert477	1	1008859	34136	3300	5,15,121,20,95,85,65,35,40,40,65,115,100,120,115,17,50,0,115,72,112,105,45,125,45,30,61,80,81,65,125,90,70,90,105,6,125,105,
Expert478	1	1020415	35963	3311	46,55,60,70,102,76,90,35,90,86,36,65,25,5,50,51,15,115,50,0,60,31,80,81,95,35,5,55,35,5,95,110,10,71,106,20,
Expert479	1	1042489	32924	5072	101,75,0,40,80,80,65,65,126,10,20,130,90,55,65,70,40,105,125,0,71,60,60,135,91,25,135,70,5,110,120,100,110,135,86,
Expert480	1	1012032	37220	1372	25,25,70,0,41,0,50,70,50,61,95,36,86,16,96,51,5,46,5,20,22,1,61,41,56,71,55,55,6,46,85,26,91,11,
Expert481	1	1027530	36632	6962	35,35,50,5,17,90,0,30,90,30,50,71,81,80,75,65,55,25,97,30,5,12,0,35,80,36,90,90,40,20,5,15,90,50,
Expert482	1	1039738	34647	69978	65,100,56,70,110,66,82,46,90,55,35,61,90,117,80,107,60,77,5,85,15,20,17,60,0,80,70,70,111,95,45,71,
Expert483	1	1006576	41433	7538	85,90,70,50,27,55,96,30,0,80,30,0,102,60,56,46,30,20,55,75,95,0,21,61,106,85,15,86,20,105,7,25,80,10,
Expert484	1	1008408	34154	17730	56,55,75,45,36,60,35,40,70,72,65,51,80,80,105,116,105,66,5,75,18,0,70,60,61,75,100,20,10,60,55,100,85,5,45,10,100,45,
Expert485	1	1008744	33887	5365	105,15,80,20,50,0,115,46,116,0,75,65,15,35,15,0,55,27,25,50,5,11,60,10,0,30,80,70,90,70,91,85,105,110,105,90,75,45,
Expert486	1	1033354	35000	26105	66,75,115,45,35,36,40,50,70,70,61,80,80,95,116,71,57,75,5,16,16,20,70,0,51,110,51,110,5,75,65,11,85,110,45,45,
Expert487	1	1012286	35739	4042	100,65,5,40,86,30,95,30,40,50,77,55,45,35,90,36,80,0,60,40,105,51,71,61,26,16,86,97,51,5,45,30,31,105,40,30,60,0,57,90,5,90,11,
Expert488	1	1021950	38181	3001	61,5,25,15,40,110,122,100,85,77,80,26,56,0,125,0,115,0,35,65,16,22,5,110,120,85,70,105,15,30,5,52,71,80,0,80,90,90,106,90,66,85,
Expert489	1	1015704	38301	1439	55,0,25,110,120,105,121,75,46,45,55,70,60,125,115,20,7,25,25,110,120,37,75,20,66,82,60,40,100,60,90,101,45,70,125,125,125,
Expert490	1	1011468	36862	1849	80,10,80,76,90,30,110,125,125,25,46,5,105,55,62,50,40,120,115,35,95,15,60,0,40,72,85,45,25,5,65,10,90,30,
Expert491	1	1009394	33657	2238	110,125,85,105,0,60,75,26,25,5,90,110,75,45,5,52,1,20,40,71,115,95,21,5,65,70,100,80,120,115,45,
Expert492	1	1037735	35835	19474	71,5,15,80,90,115,120,40,90,116,85,75,16,0,15,70,82,102,95,55,25,65,45,35,126,125,75,80,5,11,100,11,70,0,87,5,120,15,121,30,20,40,
Expert493	1	1018059	35230	12644	55,45,100,72,40,65,65,25,116,50,115,25,5,85,41,30,75,105,31,40,0,21,62,111,10,95,25,96,75,
Expert494	1	1012785	32339	2146	75,55,20,90,100,47,50,65,87,0,51,40,110,35,15,105,96,50,110,5,40,80,60,80,110,105,70,26,105,6,55,90,10,
Expert495	1	1016561	33531	4739	30,60,111,55,81,77,86,90,46,25,52,35,80,17,20,5,100,60,115,15,30,61,50,80,70,115,40,0,40,115,72,45,85,
Expert496	1	1026206	41391	8561	55,45,5,15,55,25,75,17,90,70,0,51,101,82,105,66,45,95,36,96,25,51,75,5,105,13,70,0,56,80,91,30,55,20,30,
Expert497	1	1044458	35228	2686	95,35,5,16,80,100,41,15,60,0,60,30,71,95,70,55,66,45,25,45,105,55,25,85,86,106,30,30,5,10,11,0,35,80,70,36,5,80,15,15,102,80,95,21,40,40,
Expert498	1	1017559	32142	14753	0,25,15,25,125,30,0,46,71,16,70,5,65,36,36,60,0,76,41,40,10,20,70,66,50,30,90,10,101,20,10,111,70,125,
Expert499	1	1017372	38246	2967	45,61,91,105,125,35,35,85,115,26,45,51,75,5,18,0,70,56,20,41,21,40,51,75,30,5,30,11,110,80,6,95,
Expert500	1	1029620	33772	6480	30,55,55,75,91,90,86,25,125,70,50,126,46,71,95,35,65,115,70,106,40,40,81,121,115,35,115,40,40,95,6,5,45,100,20,
Expert501	1	1018489	35704	13093	20,110,95,85,55,56,30,46,60,80,70,80,80,51,115,91,101,116,80,77,5,85,18,80,0,20,70,71,70,85,10,5,111,10,95,105,110,55,
Expert502	1	1024319	33101	10576	21,40,60,105,95,30,55,62,35,25,70,45,16,95,26,30,95,80,65,30,5,52,70,60,50,0,35,36,91,5,55,21,90,11,105,41,5,105,
Expert503	1	1026351	40838	2738	25,15,41,0,50,65,50,100,95,25,30,101,80,70,70,65,80,80,66,75,35,75,20,90,107,56,5,46,45,10,0,50,51,100,95,25,5,30,41,101,70,70,61,96,60,75,86,
Expert504	1	1035658	33500	4369	30,30,10,1,100,72,105,80,46,90,105,105,61,60,101,95,15,60,55,5,35,35,35,0,65,12,70,60,5,30,50,80,96,
Expert505	1	1013276	32739	5061	36,91,26,46,51,5,115,85,75,105,65,15,17,0,55,22,60,55,42,30,50,50,65,10,5,10,100,80,70,110,96,30,
Expert506	1	1011459	36722	2731	60,25,25,0,95,0,40,40,50,85,50,71,60,36,16,105,95,106,50,45,45,86,50,6,95,22,41,20,1,71,61,57,6,55,25,80,80,45,45,25,101,11,
Expert507	1	1038316	34021	13034	105,60,86,116,0,95,15,20,96,85,30,1,111,65,110,47,115,116,6,35,91,100,25,36,0,45,62,90,40,80,70,60,107,10,
Expert508	1	1032834	35589	5115	100,35,75,45,50,95,96,25,50,5,5,63,55,0,0,92,70,101,55,70,25,56,40,95,70,96,5,42,0,92,52,95,107,96,
Expert509	1	1019936	35900	9031	30,45,61,25,81,55,90,60,75,15,35,90,105,75,36,65,5,53,0,60,31,70,71,35,5,55,85,5,100,95,10,20,
Expert510	1	1021823	34549	12565	90,26,100,35,66,35,17,126,46,125,50,50,75,5,83,90,70,0,56,55,110,55,75,5,120,86,40,121,10,20,10,20,40,31,
Expert511	1	1011696	39426	5253	81,46,16,25,115,95,95,105,76,36,55,5,63,50,0,31,70,71,35,5,35,55,65,65,85,5,110,5,20,11,
Expert512	1	1034994	40478	2027	31,65,115,25,40,55,71,105,70,45,16,36,105,35,105,41,76,6,63,53,1,71,81,92,85,5,15,6,45,100,20,
Expert513	1	1010521	32093	2724	90,81,65,0,25,15,70,30,90,70,55,90,25,25,87,15,32,40,10,82,22,85,86,16,70,5,20,6,11,80,60,95,50,96,
Expert514	1	1035870	33376	11562	0,70,100,110,0,90,46,60,91,35,125,25,35,125,137,61,5,55,82,100,75,50,5,110,125,5,66,130,30,30,
Expert515	1	1010962	36227	4816	20,55,5,15,55,95,15,16,90,120,0,61,101,50,50,111,76,35,35,86,110,106,66,126,26,46,125,51,95,5,11,11,0,90,110,58,95,5,20,16,20,122,40,40,61,31,
Expert516	1	1016309	41050	4904	55,60,105,5,105,15,17,20,0,35,61,50,70,105,45,50,95,50,65,25,95,25,25,61,5,55,10,11,51,40,100,100,95,
Expert517	1	1015572	32279	5537	5,60,5,25,30,15,30,41,120,86,90,116,100,115,95,76,16,15,27,70,50,70,90,1,90,100,50,90,110,80,80,127,45,60,90,
Expert518	1	1026337	32735	6726	100,90,55,75,85,25,60,85,35,26,40,70,95,5,16,16,90,0,75,45,20,85,22,40,70,95,5,12,61,90,100,77,30,
Expert519	1	1011996	32184	22202	0,90,40,15,40,25,0,80,81,75,60,105,16,80,110,5,110,46,45,0,85,12,80,5,40,70,90,106,20,5,5,55,
Expert520	1	1028308	36222	10375	75,115,0,90,15,30,20,0,90,125,90,60,86,85,70,100,126,66,55,5,27,30,10,0,25,50,61,61,80,120,105,5,120,80,70,47,76,96,
Expert521	1	1025176	32455	5770	50,90,91,35,85,26,45,50,25,80,95,65,5,105,18,90,85,0,55,75,20,40,20,21,80,95,50,10,5,30,11,90,100,87,
Expert522	1	1030107	33701	8383	90,1,50,35,50,105,90,105,105,25,15,70,40,110,0,70,67,75,5,47,0,71,101,96,10,70,35,25,60,50,95,35,
Expert523	1	1023392	35776	11543	66,85,36,120,5,15,20,16,0,30,30,80,110,61,106,96,15,75,81,45,35,52,50,121,40,30,60,87,35,70,10,91,35,85,45,35,45,6,45,56,81,70,70,80,40,126,100,125,66,
Expert524	1	1104056	35714	17254	100,90,36,5,15,20,110,65,15,15,100,40,50,66,65,70,30,97,95,75,35,0,15,61,115,61,25,55,40,31,71,82,115,76,46,107,31,65,5,11,11,0,80,60,36,101,36,5,65,16,100,41,70,90,55,115,
Expert525	1	1055390	38028	9772	80,50,120,50,5,82,110,65,0,65,55,70,100,15,71,60,125,21,90,125,20,30,40,10,90,100,60,125,117,70,57,5,75,88,70,0,20,53,110,5,75,110,95,105,81,110,65,
Expert526	1	1018440	32520	7567	85,75,45,105,121,0,95,45,50,16,110,120,85,65,36,105,27,35,60,125,10,115,10,6,55,41,40,5,50,70,17,110,111,120,20,65,30,100,1,20,32,60,80,125,126,
Expert527	1	1022260	36770	4160	41,85,90,130,5,92,0,45,80,120,56,45,15,15,31,30,10,50,22,10,50,71,110,61,125,101,110,137,126,45,5,45,85,97,0,95,30,80,41,121,20,41,115,5,85,105,90,90,120,55,
Expert528	1	1022580	32839	4232	35,35,5,15,65,100,15,120,41,16,115,60,0,71,80,30,30,91,90,81,75,75,45,106,56,45,25,115,105,25,127,30,30,65,5,12,90,10,0,35,100,80,60,35,120,35,5,120,35,65,16,120,100,100,20,20,41,115,
Expert529	1	1036661	33930	2727	61,20,70,45,90,90,30,51,81,125,70,100,100,126,117,45,45,5,65,18,20,0,60,41,111,105,85,120,85,56,96,40,65,120,40,105,5,11,110,10,60,75,6,46,90,51,
Expert530	1	1048440	33849	26748	0,116,16,45,25,105,30,45,0,105,105,62,55,5,37,0,35,50,66,42,101,10,111,60,58,70,66,15,30,81,16,50,5,5,46,71,65,50,116,31,51,10,90,20,60,90,115,
Expert531	1	1026931	33829	5647	25,100,80,5,25,55,90,40,16,90,30,30,55,55,20,15,55,0,60,88,25,15,65,50,52,20,60,20,60,72,45,106,66,36,95,96,20,55,10,20,5,12,70,50,0,27,25,55,5,16,90,45,91,30,60,80,30,5,105,
Expert532	1	1036100	43550	9794	6,35,115,51,60,50,35,60,71,80,106,105,125,85,76,66,65,71,25,80,1,80,100,90,46,16,35,116,81,76,5,5,62,71,60,0,90,0,86,90,30,10,85,5,5,65,110,110,10,20,
Expert533	1	1087408	38481	11650	80,40,70,35,15,115,105,20,40,55,60,80,125,21,90,115,90,10,30,76,75,35,15,35,25,25,120,66,50,80,100,65,127,5,52,0,120,120,120,62,125,30,21,10,30,70,72,95,80,35,126,
Expert534	1	1041499	35232	9110	120,100,66,70,45,116,20,50,72,30,55,110,60,60,125,41,91,81,125,125,106,56,5,75,17,20,15,70,0,51,120,96,46,115,51,75,5,11,121,65,85,6,10,55,70,55,110,41,
Expert535	1	1059325	36958	14301	80,110,15,65,71,90,91,75,100,55,75,60,25,116,125,85,126,115,65,72,45,95,36,15,35,40,75,40,5,81,81,0,70,61,102,95,65,6,15,5,45,120,20,
Expert536	1	1089263	38079	12258	55,5,20,17,0,120,61,50,91,102,111,85,76,36,110,96,65,85,46,65,126,26,125,51,5,11,100,10,0,56,20,55,5,16,122,30,20,61,30,41,
Expert537	1	1114819	41278	17469	110,120,1,35,25,15,55,111,120,81,90,65,100,80,65,125,126,45,117,50,0,25,72,10,90,121,70,100,37,100,80,7,75,90,15,126,75,55,112,90,100,75,75,1,121,120,87,6,20,40,
Expert538	1	1031642	33067	9108	70,45,95,85,65,25,25,0,25,70,40,15,15,32,121,70,10,45,20,66,80,46,15,16,41,35,125,105,110,105,70,5,21,40,50,20,0,80,11,62,90,15,125,90,125,
Expert539	1	1040596	40647	2364	40,60,75,91,30,86,56,25,60,25,41,90,40,70,20,101,85,70,70,96,95,76,25,47,20,70,70,91,80,106,66,20,45,90,35,75,90,75,6,111,50,5,50,82,55,55,1,71,96,95,30,40,61,
Expert540	1	1022108	32496	3053	25,35,115,115,40,105,50,120,77,56,5,17,0,45,112,120,62,80,125,116,115,40,5,11,60,10,50,0,50,70,25,70,70,55,105,126,6,25,5,45,110,30,
Expert541	1	1029297	35000	12481	50,5,111,75,40,96,105,40,50,60,85,86,65,15,55,46,45,0,100,90,50,61,81,72,36,26,95,115,15,107,61,5,55,43,50,70,0,66,95,10,101,65,21,115,
Expert542	1	1041778	35729	6911	46,75,25,5,17,0,15,70,120,40,110,40,51,81,91,100,65,101,90,86,56,35,65,25,35,127,116,25,115,41,5,75,12,100,90,10,70,0,48,120,5,30,111,15,30,75,15,110,121,51,
Expert543	1	1043133	37847	8177	125,30,40,80,55,100,126,75,65,82,115,15,70,120,20,45,0,70,35,90,115,105,35,70,85,15,35,40,40,70,5,85,5,60,60,120,60,60,0,80,46,30,115,90,45,11,
Expert544	1	1015872	36290	4082	40,40,65,5,70,80,71,70,100,0,45,55,15,21,91,20,10,30,50,60,80,45,107,46,5,75,65,75,76,60,40,20,0,41,65,40,5,71,102,55,96,85,
Expert545	1	1051248	36557	7793	65,41,50,66,15,0,25,40,40,0,0,61,55,82,56,66,5,30,48,0,60,60,10,60,32,75,85,65,18,60,35,75,80,75,36,40,65,66,5,41,40,0,61,60,32,85,51,26,50,67,5,86,
Expert546	1	1036180	32858	5214	40,55,82,90,50,46,0,0,35,25,15,60,80,0,40,97,45,5,95,85,10,65,20,30,6,41,55,86,85,50,46,2,60,35,41,25,60,40,70,55,5,81,80,115,25,50,91,70,60,100,115,120,36,115,
Expert547	1	1162491	38899	33788	80,35,120,41,50,35,90,5,115,115,35,85,16,120,50,16,90,0,80,31,115,102,75,96,25,56,45,45,30,85,127,30,5,10,12,80,0,65,36,100,40,35,5,15,40,120,20,121,51,
Expert548	1	1113545	38812	30093	41,0,120,80,60,91,120,56,70,102,75,51,97,55,127,65,5,5,18,0,30,85,65,51,73,115,90,0,55,61,90,115,105,37,50,105,26,60,75,75,10,60,121,115,50,
Expert549	1	1169273	37784	24297	41,60,50,75,76,0,40,15,40,0,90,0,90,71,55,56,76,5,47,0,10,90,71,70,65,45,25,32,30,95,75,85,18,70,35,90,36,75,40,60,76,85,5,85,42,0,71,51,70,50,32,76,95,75,96,26,
Expert550	1	1029620	34147	1622	120,25,120,75,105,15,45,120,50,61,82,65,65,125,75,106,37,55,115,5,43,0,50,31,100,72,35,5,45,110,101,120,60,35,60,85,86,65,65,127,6,10,20,
Expert551	1	1024654	34815	5527	41,75,5,83,100,120,70,0,45,56,45,16,32,60,22,90,11,51,60,106,110,125,90,110,126,46,75,5,85,87,70,0,30,41,20,41,75,80,5,120,116,80,121,55,95,
Expert552	1	1017424	33985	7968	55,120,90,55,75,115,25,105,41,0,60,86,85,65,5,46,45,0,20,100,60,110,15,70,60,50,71,115,105,106,60,95,81,116,36,5,6,65,100,10,
Expert553	1	1029261	32871	11408	81,55,45,60,20,61,135,70,120,115,30,70,90,120,90,136,50,45,5,15,45,85,15,20,30,120,85,15,60,85,0,42,80,125,80,35,40,5,130,10,131,55,125,55,110,125,95,
Expert554	1	1036892	33862	7038	5,35,51,60,70,115,97,75,65,57,60,70,0,91,70,81,46,16,115,125,36,70,25,105,106,70,65,50,5,52,0,60,80,76,75,31,5,10,115,101,55,100,10,20,
Expert555	1	1040862	34341	12183	60,70,101,100,75,85,20,45,115,75,91,125,90,125,30,50,70,81,116,125,46,65,5,15,17,60,40,0,40,120,120,85,110,20,41,70,105,5,106,85,75,65,11,75,120,95,95,
Expert556	1	1065224	36785	16456	80,35,110,36,85,5,40,17,40,110,15,51,91,80,100,75,0,31,101,96,56,45,25,117,45,31,5,85,13,80,100,0,36,65,35,5,15,110,41,20,50,111,50,
Expert557	1	1101524	35643	8250	110,25,35,40,15,40,111,125,40,30,75,60,90,60,80,81,65,75,126,36,5,50,45,50,35,60,61,115,105,50,0,31,70,71,35,5,55,86,100,120,120,10,120,116,20,
Expert558	1	1067457	34003	7342	80,5,15,30,75,81,45,90,107,16,0,50,20,15,51,101,95,100,40,70,70,70,40,62,46,105,25,87,50,5,11,60,70,11,0,55,80,80,90,106,56,5,15,80,20,55,100,30,100,97,
Expert559	1	1078656	34201	7836	111,105,85,76,56,0,15,40,0,92,70,65,115,25,16,35,90,15,20,6,50,50,70,80,102,85,75,55,55,0,25,0,95,12,110,30,75,96,5,120,100,95,70,20,5,115,116,
Expert560	1	1088572	37267	20573	5,27,60,85,40,0,91,125,90,80,55,100,126,75,25,55,81,0,80,70,95,120,70,45,105,116,45,65,45,35,71,35,5,91,5,86,22,20,0,95,30,120,80,95,40,61,95,115,
Expert561	1	1185853	39049	20684	75,40,1,15,30,0,45,21,121,50,105,120,116,95,47,65,112,15,71,95,105,16,6,116,83,0,111,0,12,90,75,116,100,75,115,40,40,40,111,125,25,91,40,100,110,15,5,15,126,
Expert562	1	1018395	32052	3073	0,111,30,0,15,21,110,65,106,70,85,86,40,75,100,60,85,55,101,17,5,35,106,35,36,20,0,101,12,80,106,10,65,105,70,50,30,80,81,75,5,31,100,100,116,115,
Expert563	1	1052557	33086	17098	55,61,45,110,35,110,70,46,45,75,116,67,110,110,50,73,116,81,60,105,55,61,111,126,41,125,56,5,76,80,75,50,15,20,105,16,60,0,52,5,10,122,45,71,116,85,85,115,
Expert564	1	1009690	32113	2793	110,30,50,40,10,125,70,61,125,25,25,95,40,40,5,35,115,52,40,105,0,21,122,35,66,105,115,15,15,96,115,21,80,5,105,6,26,110,10,90,10,
Expert565	1	1039914	33496	4356	25,50,0,50,60,60,25,35,35,40,70,71,45,31,65,65,65,56,35,35,43,50,50,30,30,61,60,95,35,15,87,96,35,15,75,107,51,45,5,21,60,21,0,55,40,80,57,5,100,80,25,45,100,75,25,100,80,11,
Expert566	1	1049523	44482	3001	125,125,16,75,30,40,1,81,100,55,25,65,15,65,80,5,35,36,115,0,85,10,20,50,105,35,60,86,5,5,45,12,40,1,80,80,100,55,80,
Expert567	1	1022013	33570	8257	60,70,85,102,76,92,115,20,30,70,80,50,80,115,115,125,46,5,126,45,65,18,0,60,41,121,110,110,40,20,85,40,70,107,75,5,65,11,85,75,110,96,
Expert568	1	1042912	34041	3926	110,95,25,45,15,95,111,50,61,81,76,80,95,65,65,115,37,105,55,5,43,50,30,0,30,91,90,70,71,36,5,45,100,110,61,85,85,85,66,115,10,115,115,20,
Expert569	1	1080845	34194	9068	40,110,25,5,15,80,90,25,55,16,100,30,56,20,85,55,30,60,87,65,50,25,0,15,45,52,21,115,60,60,71,82,70,66,36,115,97,115,107,21,55,10,5,12,50,70,0,80,27,25,55,5,15,100,15,92,101,31,5,45,
Expert570	1	1075172	33665	7523	15,100,120,66,100,55,55,115,86,25,35,41,41,30,80,20,80,52,85,25,125,105,60,125,45,26,75,5,93,0,70,21,102,26,5,95,110,30,5,80,56,
Expert571	1	1043520	38784	5664	30,75,80,30,5,81,60,80,110,0,45,50,70,15,20,60,35,21,101,10,50,40,91,115,116,36,5,35,85,75,20,85,86,70,0,30,30,31,75,5,111,81,105,95,110,45,
Expert572	1	1059890	35294	6545	45,105,55,45,75,80,126,60,30,25,32,20,121,71,92,105,76,86,25,125,35,25,105,5,25,65,50,115,52,0,60,21,80,81,100,25,5,55,110,101,120,70,25,70,95,96,76,125,126,
Expert573	1	1105075	39608	13890	70,41,5,72,100,110,56,0,45,63,15,50,115,20,90,20,45,81,30,20,90,10,50,107,45,115,5,115,45,65,78,0,20,60,43,100,65,5,71,95,101,55,85,
Expert574	1	1029914	38004	6529	25,106,30,25,5,45,15,50,115,16,15,110,0,70,35,102,91,90,50,70,82,76,55,25,107,30,5,66,25,115,12,80,10,115,115,0,37,5,15,102,50,
Expert575	1	1066079	33699	2816	25,80,70,25,5,80,100,45,15,16,90,30,45,0,46,50,20,78,55,15,40,25,41,50,40,70,80,21,30,50,62,55,70,35,70,106,55,35,96,95,86,20,45,10,85,20,5,11,105,40,10,70,60,0,27,80,80,90,25,45,5,16,91,30,80,30,
Expert576	1	1046577	34208	6556	25,35,105,105,41,71,110,67,75,5,17,0,45,75,100,101,110,51,50,115,107,25,40,80,5,12,50,0,71,61,25,95,60,75,116,5,6,45,100,30,
Expert577	1	1035835	32776	3448	100,65,55,120,25,55,85,35,40,40,40,30,80,50,126,51,105,85,35,36,15,5,45,115,75,92,90,70,30,0,30,102,36,80,5,95,5,110,10,20,56,
Expert578	1	1058641	37832	9322	66,85,90,55,6,27,0,40,91,80,115,60,115,25,75,0,115,55,80,80,95,106,80,45,50,110,50,65,35,35,46,90,90,50,86,50,5,5,21,21,0,80,96,110,40,95,5,31,105,
Expert579	1	1054482	34439	4189	95,20,30,61,45,71,100,125,51,81,95,100,111,126,45,95,5,15,45,65,20,15,16,60,0,41,121,115,105,86,56,105,90,41,115,65,10,5,10,120,75,10,6,60,45,45,100,50,50,
Expert580	1	1057391	38805	3749	80,55,110,110,5,15,20,100,110,75,91,126,30,90,70,115,105,25,10,0,50,125,87,55,55,65,5,15,16,30,20,0,100,15,60,110,52,70,45,80,121,46,75,80,65,75,10,120,96,95,70,115,105,115,115,50,
Expert581	1	1055109	36732	7319	31,65,70,5,71,50,60,70,0,36,100,45,15,22,10,50,40,80,91,105,80,116,106,36,65,5,77,0,20,75,60,33,110,65,5,101,85,71,100,96,45,
Expert582	1	1070031	37166	7405	45,5,15,15,110,120,50,50,81,15,0,40,92,75,101,65,100,65,86,56,75,35,35,26,127,115,116,40,40,5,12,0,46,121,90,45,110,20,110,30,30,5,16,110,120,51,20,
Expert583	1	1139412	39122	9293	30,40,1,0,45,15,21,110,111,75,95,65,106,50,46,5,45,100,70,70,95,101,16,15,106,80,5,82,0,100,100,11,90,76,10,0,107,42,100,91,101,16,116,25,40,115,
Expert584	1	1216893	41341	14026	100,115,5,17,20,0,110,50,111,81,105,66,71,70,15,70,115,90,60,90,60,86,115,55,85,66,36,57,30,60,106,30,115,5,6,111,110,75,11,10,70,116,115,25,10,2,111,60,83,116,65,95,
Expert585	1	1110490	35791	12841	70,60,25,85,60,55,26,5,100,15,45,36,100,110,16,0,35,40,75,95,96,0,41,30,115,106,40,6,11,30,10,0,90,21,51,80,50,25,70,65,80,5,116,
Expert586	1	1030040	34306	4539	31,65,5,73,110,45,91,0,15,60,45,15,36,22,10,40,10,40,95,115,50,50,81,100,115,95,115,36,5,65,76,75,20,75,60,30,0,32,65,111,5,71,110,45,90,106,6,85,
Expert587	1	1027629	35354	4887	36,46,5,15,75,110,15,120,50,80,16,0,70,41,101,50,80,90,100,90,90,65,85,35,65,55,85,26,55,117,127,40,40,5,75,12,10,0,70,46,120,90,111,45,100,120,20,45,75,5,20,16,110,120,51,
Expert588	1	1037959	36339	2945	100,90,10,101,55,70,115,35,70,65,40,70,51,82,65,105,55,25,116,25,15,25,45,95,5,32,30,40,0,20,21,111,61,50,87,55,60,105,26,5,35,105,90,70,
Expert589	1	1050911	35904	7757	45,35,100,26,112,125,65,70,90,85,85,126,56,71,70,51,115,35,120,95,45,80,80,115,20,105,106,51,120,75,5,61,120,115,35,6,60,55,70,55,100,40,40,
Expert590	1	1031371	36609	2803	46,75,80,115,55,60,25,115,33,111,20,71,90,90,86,90,76,26,25,65,115,105,35,5,53,0,60,21,82,26,5,55,100,110,71,97,76,117,
Expert591	1	1062898	34687	6789	41,75,5,80,101,82,70,120,55,55,16,0,46,22,32,11,51,61,110,125,105,91,126,105,46,75,5,87,85,20,0,30,70,43,75,80,121,115,5,95,80,100,120,55,5,115,
Expert592	1	1045371	34795	8074	15,101,22,100,55,65,10,81,75,76,85,46,85,62,80,60,41,80,71,70,35,86,16,96,107,26,95,40,65,50,40,5,52,70,35,60,0,48,65,90,5,56,91,10,25,10,
Expert593	1	1031178	36420	12135	35,0,15,81,75,40,100,101,110,56,60,98,65,35,51,115,50,45,106,115,15,28,105,10,110,10,70,55,85,5,32,50,30,0,61,71,70,116,65,45,
Expert594	1	1096378	38083	15587	25,135,65,40,50,90,110,135,135,15,75,85,91,90,30,0,55,45,80,80,100,126,130,16,45,115,15,80,80,25,45,51,96,6,70,72,90,130,0,56,40,10,125,21,100,55,
Expert595	1	1060000	35512	10099	40,15,40,25,0,101,67,106,95,5,47,0,101,10,35,75,100,45,52,85,105,18,100,80,56,55,40,70,105,106,5,42,0,101,100,52,62,107,5,85,11,86,20,30,
Expert596	1	1123671	37929	11832	60,110,70,46,52,82,40,115,65,15,50,20,115,105,20,80,30,91,21,10,40,75,76,115,106,5,45,6,102,55,61,60,50,107,1,40,25,70,60,95,0,101,71,45,70,106,
Expert597	1	1197438	42270	15934	51,5,72,0,55,120,65,15,22,10,110,40,65,81,80,61,90,101,115,30,90,126,80,115,125,57,5,85,76,76,0,80,50,20,52,85,70,120,5,105,70,121,65,95,
Expert598	1	1023542	37772	10209	35,45,51,70,80,66,65,85,75,57,40,70,70,83,91,125,101,60,60,45,116,126,45,115,45,5,85,18,0,80,42,20,40,120,5,85,11,65,121,95,105,
Expert599	1	1039856	33728	17919	115,0,16,96,20,105,36,95,0,52,5,25,45,27,0,40,55,90,55,32,90,100,50,111,10,46,60,45,55,45,20,70,17,70,56,36,5,20,20,41,5,61,41,50,10,80,105,80,117,106,
Expert600	1	1015280	35312	3051	90,60,100,80,10,40,125,55,125,60,80,75,25,110,30,100,125,75,25,5,25,65,50,51,60,20,120,115,45,15,95,50,0,20,71,70,25,5,55,85,90,5,120,10,40,106,
Expert601	1	1052127	34216	8356	30,60,80,115,105,60,55,70,60,35,136,80,22,131,76,20,30,80,65,66,36,5,40,51,25,100,50,35,61,135,125,50,60,0,85,31,71,70,85,35,5,55,120,90,10,115,40,135,135,
Expert602	1	1034948	35422	2432	115,25,15,55,60,35,41,40,130,131,30,71,92,85,76,35,135,115,45,115,85,35,125,35,65,50,5,52,0,60,31,80,81,110,35,5,55,111,120,130,35,71,96,95,76,136,135,10,20,
Expert603	1	1031476	32715	4923	50,111,80,50,60,46,1,75,91,35,25,15,50,125,0,40,85,86,85,95,45,6,55,10,20,30,5,40,40,65,55,56,60,45,45,1,35,91,25,70,0,41,115,40,65,81,50,120,5,25,100,51,60,115,115,70,36,90,
Expert604	1	1052841	35525	5980	20,120,110,66,70,45,106,50,70,30,71,55,61,100,41,90,90,125,80,80,117,126,56,75,5,15,17,70,50,0,20,120,50,110,95,110,45,95,45,105,51,5,75,11,10,70,85,110,65,6,55,55,100,40,40,
Expert605	1	1070812	37074	11142	55,55,35,85,20,5,18,0,35,120,80,51,61,90,112,90,102,96,65,75,65,25,125,75,46,126,25,51,5,85,12,10,0,110,80,100,58,21,120,41,5,35,85,16,121,61,
Expert606	1	1051199	34145	17598	70,110,96,86,45,51,0,25,16,70,101,31,31,111,20,10,56,55,40,70,65,16,65,80,55,27,5,80,50,36,5,15,41,51,115,105,40,20,70,0,20,50,10,0,10,60,62,15,91,5,25,115,115,
Expert607	1	1158428	39623	11987	41,5,65,83,110,55,0,15,45,22,30,10,70,95,50,115,100,116,95,60,47,5,65,85,86,20,0,85,60,43,110,105,105,65,5,81,111,55,75,
Expert608	1	1075296	36728	7097	95,100,125,5,115,17,0,76,80,120,20,50,105,121,15,35,82,126,55,65,35,57,31,121,87,10,100,127,7,120,121,10,10,82,127,25,10,1,70,0,70,90,65,121,92,75,126,
Expert609	1	1177611	41264	21982	50,50,100,5,110,70,110,71,65,15,0,55,21,100,65,40,83,20,10,91,61,105,117,105,56,55,5,85,75,77,0,20,80,50,52,85,70,5,110,95,70,111,65,5,30,
Expert610	1	1018582	37511	2154	0,100,30,110,40,95,100,25,85,100,57,106,60,80,20,90,115,105,5,62,0,100,100,110,95,25,85,100,70,52,105,80,71,20,90,115,45,106,36,45,7,100,110,95,
Expert611	1	1008730	32374	2221	86,85,20,1,100,115,10,45,0,60,50,27,115,90,80,31,60,70,5,115,25,80,90,15,55,15,90,80,101,60,56,20,111,75,55,60,106,95,10,40,110,105,
Expert612	1	1039933	34333	3390	46,75,91,90,125,70,55,60,70,100,101,85,125,40,85,125,75,35,35,5,25,15,35,65,115,50,52,0,60,30,120,31,81,70,106,120,45,105,76,80,35,35,5,55,95,110,95,5,10,5,20,
Expert613	1	1038568	32699	7456	85,15,41,35,0,50,50,25,102,95,115,15,16,50,90,65,105,5,48,0,55,100,95,13,50,90,105,30,40,5,20,110,41,100,75,97,
Expert614	1	1026977	32467	2962	75,0,95,100,0,25,31,51,100,116,26,45,5,90,70,25,111,105,35,15,91,110,62,80,115,95,10,30,100,116,20,75,96,0,40,20,20,111,105,35,20,5,35,90,60,70,80,106,56,
Expert615	1	1047954	41506	8996	15,41,102,50,70,110,110,5,90,110,70,65,70,58,75,36,60,75,0,0,106,115,25,105,0,15,45,15,71,70,5,100,110,65,50,95,15,50,20,5,32,50,45,0,60,60,82,65,95,45,95,
Expert616	1	1084598	43820	9203	55,100,100,0,35,0,25,15,100,111,80,80,90,80,116,66,105,45,105,50,115,10,105,0,71,71,5,90,100,111,25,35,36,116,80,6,76,15,55,101,90,90,75,0,0,75,110,85,110,110,86,6,20,40,
Expert617	1	1065632	34041	4779	91,105,30,41,31,106,95,65,85,55,85,0,40,95,25,26,5,15,80,80,50,25,90,80,90,90,75,17,70,97,20,55,86,85,0,22,101,5,90,81,100,90,80,90,65,36,46,77,
Expert618	1	1052486	34389	12041	40,25,30,70,100,50,40,0,16,120,30,130,110,85,50,91,85,25,15,6,60,60,60,1,10,20,81,95,80,55,135,35,125,11,135,25,7,15,120,50,
Expert619	1	1121220	35161	16623	105,90,111,55,5,15,55,65,16,120,75,66,20,50,110,95,0,15,51,30,62,55,25,70,70,82,75,125,35,125,75,35,45,26,50,116,65,25,115,50,5,13,60,80,45,0,57,5,111,15,30,110,30,90,70,101,125,
Expert620	1	1151577	36730	19860	125,105,45,45,5,65,17,105,50,20,0,75,66,41,110,40,30,61,71,82,55,76,35,35,116,95,15,115,60,45,27,41,5,65,12,80,10,0,45,60,111,46,5,15,125,110,25,30,70,30,5,100,55,125,
Expert621	1	1103908	34536	11702	5,15,110,36,40,50,70,40,5,85,35,115,25,15,100,91,100,115,25,16,26,0,111,30,40,80,30,30,75,117,40,0,60,61,111,105,96,105,60,110,35,35,80,5,5,105,5,65,90,50,
Expert622	1	1217183	39839	6607	80,36,41,50,90,5,127,35,85,15,111,50,16,15,90,0,40,100,80,30,31,75,121,101,95,85,75,55,66,10,120,95,87,35,115,115,55,46,45,30,25,115,30,5,12,0,35,100,110,36,5,40,15,110,40,110,50,20,50,
Expert623	1	1185273	38049	34700	0,15,125,80,116,30,0,15,60,45,80,125,45,60,25,115,55,60,5,38,0,50,66,41,111,20,10,40,121,60,56,70,86,56,65,30,45,91,66,5,17,51,31,125,5,70,30,115,45,71,50,0,50,10,10,0,61,82,15,125,80,101,65,125,
Expert624	1	1253925	43606	11936	100,75,65,91,85,85,115,85,105,20,41,90,30,60,50,71,116,105,5,17,40,0,15,20,101,100,62,106,105,85,96,5,5,45,5,46,102,65,12,60,107,1,25,90,80,10,0,101,81,80,106,75,95,
Expert625	1	1028817	35039	3493	95,55,126,15,15,20,110,105,125,20,40,15,60,85,0,35,106,1,45,25,26,40,5,101,80,65,120,115,5,12,25,0,100,120,120,53,126,5,17,0,55,105,105,20,110,125,60,85,105,70,0,45,22,40,50,5,100,80,30,90,65,5,120,117,
