2500
Easy001 4
1 2 2 2
0 2 3 3
1 2 4 4
0 3 4 0
Easy002 6
1 2 2 0
0 2 0 0
1 2 3 4
0 2 2 4
0 3 5 0
1 3 5 3
Easy003 6
1 2 2 0
0 2 5 1
0 2 1 3
1 2 4 2
0 3 2 0
0 3 4 3
Easy004 6
1 2 2 0
0 2 2 1
1 2 4 2
1 2 4 4
0 3 5 0
1 3 0 2
Easy005 5
1 2 2 0
0 2 2 0
0 3 5 3
0 3 2 2
1 3 5 0
Easy006 9
1 2 2 2
1 2 0 0
1 2 0 2
0 2 4 0
1 2 1 2
0 2 4 2
1 2 4 4
0 3 5 0
0 3 2 3
Easy007 8
1 2 2 2
0 2 4 0
1 2 1 2
0 2 4 2
0 2 3 4
1 2 4 4
0 3 5 0
0 3 2 3
Easy008 9
1 2 2 0
0 2 3 0
1 2 0 4
0 2 3 2
0 2 4 2
0 2 0 4
0 2 4 4
0 3 5 1
1 3 4 1
Easy009 10
1 2 2 2
1 2 0 1
0 2 3 0
1 2 0 4
0 2 1 1
0 2 4 1
1 2 3 0
0 2 2 3
0 3 5 1
0 3 4 3
Easy010 8
1 2 2 2
1 2 0 0
0 2 2 0
1 2 0 4
0 2 4 2
1 2 4 0
0 2 5 4
1 3 4 2
Easy011 8
1 2 2 3
1 2 0 1
0 2 2 2
0 2 4 3
0 2 2 4
1 2 5 4
0 3 5 0
0 3 3 3
Easy012 10
1 2 2 2
0 2 2 0
1 2 0 3
0 2 5 0
0 2 4 1
0 2 5 2
1 2 3 2
0 2 3 4
1 2 4 4
1 3 4 0
Easy013 8
1 2 2 0
1 2 4 1
1 2 4 3
0 2 5 4
1 2 5 1
1 2 5 3
0 3 2 0
0 3 3 0
Easy014 9
1 2 2 3
1 2 0 1
1 2 0 3
0 2 5 0
1 2 1 1
0 2 2 2
0 2 5 2
0 2 3 4
1 2 4 4
Easy015 8
1 2 2 3
0 2 3 0
1 2 1 4
0 2 2 2
0 2 5 2
1 2 3 3
1 3 4 0
1 3 4 3
Easy016 9
1 2 2 0
0 2 2 0
0 2 3 0
1 2 0 4
0 2 4 1
0 2 3 2
0 2 5 2
0 3 2 2
0 3 4 3
Easy017 10
1 2 2 3
0 2 3 0
1 2 1 4
0 2 5 2
1 2 4 0
1 2 4 2
1 2 4 4
1 3 0 0
0 3 0 1
1 3 3 1
Easy018 8
1 2 2 2
1 2 3 4
0 2 2 4
0 2 3 4
1 2 4 4
1 2 5 4
0 3 4 0
0 3 5 0
Easy019 8
1 2 2 1
0 2 2 0
0 2 3 1
0 2 1 4
0 2 5 4
1 3 0 3
1 3 3 3
1 3 4 2
Easy020 10
1 2 2 2
0 2 0 0
1 2 0 4
0 2 4 1
0 2 5 1
1 2 3 4
1 2 4 4
1 3 0 1
0 3 0 2
0 3 3 3
Easy021 8
1 2 2 0
0 2 5 1
1 2 3 3
0 2 3 4
0 2 4 4
1 2 5 1
0 3 2 2
0 3 0 3
Easy022 9
1 2 2 1
0 2 2 0
1 2 0 4
0 2 3 2
0 2 4 2
0 2 1 3
0 2 5 4
1 3 1 3
1 3 4 2
Easy023 9
1 2 2 3
1 2 0 0
1 2 0 2
0 2 3 3
0 2 0 4
1 2 5 4
0 3 5 0
1 3 3 0
1 3 5 1
Easy024 9
1 2 2 0
1 2 0 1
0 2 4 2
0 2 5 2
1 2 5 2
1 2 5 4
0 3 3 0
0 3 0 3
1 3 4 3
Easy025 8
1 2 2 1
0 2 5 2
0 2 5 4
1 2 5 3
1 3 0 3
1 3 1 3
0 3 4 2
0 3 2 3
Easy026 8
1 2 2 0
0 2 3 0
0 2 5 0
0 2 2 2
0 2 2 4
1 3 0 0
0 3 4 0
1 3 5 3
Easy027 9
1 2 2 1
0 2 2 0
0 2 3 0
1 2 0 4
0 2 4 1
0 2 5 1
0 2 3 2
0 3 0 1
0 3 5 3
Easy028 8
1 2 2 2
0 2 4 0
0 2 4 2
0 2 2 4
1 2 4 4
1 2 5 4
0 3 5 0
1 3 1 1
Easy029 8
1 2 2 0
0 2 5 2
1 2 4 1
1 2 4 4
1 2 5 4
1 3 0 0
0 3 4 0
0 3 0 3
Easy030 9
1 2 2 2
1 2 0 1
0 2 5 0
0 2 5 2
0 2 3 3
0 2 2 4
1 2 4 4
1 2 5 4
0 3 4 0
Easy031 9
1 2 2 0
0 2 5 1
1 2 3 3
0 2 0 4
1 2 5 2
1 2 5 4
0 3 4 0
0 3 1 3
1 3 4 3
Easy032 9
1 2 2 2
1 2 0 1
1 2 0 4
0 2 4 1
0 2 4 3
1 2 5 4
0 3 0 0
0 3 5 2
0 3 3 3
Easy033 10
1 2 2 0
0 2 0 0
0 2 5 0
0 2 2 2
0 2 3 2
1 2 3 0
0 2 0 4
1 2 4 4
1 3 1 1
1 3 4 1
Easy034 8
1 2 2 1
0 2 0 0
0 2 2 0
0 2 3 2
0 2 1 3
0 2 5 4
1 3 0 3
1 3 4 2
Easy035 8
1 2 2 0
1 2 3 4
1 2 4 3
0 2 5 4
1 2 5 1
1 2 5 3
0 3 3 1
0 3 2 2
Easy036 8
1 2 2 3
1 2 2 1
0 2 2 4
1 2 4 4
0 3 0 0
0 3 5 1
1 3 3 0
1 3 5 3
Easy037 10
1 2 2 0
0 2 2 0
1 2 1 0
1 2 4 2
1 2 4 4
1 2 5 2
1 2 5 4
0 3 5 1
0 3 1 3
1 3 3 2
Easy038 9
1 2 2 0
1 2 0 2
0 2 5 1
0 2 3 2
1 2 3 4
1 2 5 2
1 2 5 4
0 3 4 0
1 3 4 3
Easy039 9
1 2 2 1
0 2 1 0
0 2 4 1
0 2 3 3
0 2 2 4
1 2 4 4
1 3 0 2
0 3 5 0
1 3 5 3
Easy040 8
1 2 2 2
1 2 0 3
0 2 4 1
0 2 0 3
1 2 3 1
0 2 2 4
0 3 5 0
1 3 4 3
Easy041 9
1 2 2 3
0 2 3 0
1 2 0 4
0 2 5 2
0 2 0 4
1 2 4 4
1 2 5 1
0 3 2 0
0 3 3 3
Easy042 8
1 2 2 1
0 2 5 1
0 2 5 3
1 2 5 4
1 3 0 3
0 3 4 1
0 3 2 3
0 3 3 3
Easy043 10
1 2 2 2
1 2 0 4
0 2 0 1
0 2 5 2
0 2 0 3
1 2 4 4
1 3 0 0
1 3 1 1
0 3 4 1
0 3 3 3
Easy044 8
1 2 2 0
0 2 1 3
0 2 3 4
1 2 5 0
1 2 5 4
0 3 5 0
1 3 1 0
1 3 3 3
Easy045 9
1 2 2 2
1 2 0 2
1 2 0 4
0 2 4 1
0 2 4 3
1 2 4 1
1 2 5 4
0 3 5 1
0 3 3 3
Easy046 9
1 2 2 3
1 2 2 1
0 2 4 3
0 2 1 4
1 2 5 2
1 2 5 4
1 3 0 2
0 3 5 0
1 3 3 0
Easy047 9
1 2 2 1
0 2 2 0
0 2 3 0
1 2 0 4
0 2 3 2
1 2 4 0
1 2 4 2
0 2 5 4
1 3 3 0
Easy048 8
1 2 2 0
0 2 4 2
0 2 3 4
1 2 4 4
1 2 5 1
1 2 5 4
0 3 2 0
0 3 5 0
Easy049 9
1 2 2 1
0 2 2 0
0 2 3 0
1 2 0 4
0 2 4 1
0 2 5 2
1 2 3 3
1 2 4 4
1 3 4 0
Easy050 9
1 2 2 3
0 2 3 0
1 2 0 4
1 2 1 4
0 2 2 2
0 2 5 2
1 2 4 3
0 2 5 4
1 3 4 0
Easy051 9
1 2 2 2
0 2 2 0
1 2 1 3
0 2 4 2
1 2 4 4
1 2 5 2
1 2 5 4
0 3 5 0
1 3 4 1
Easy052 10
1 2 2 0
1 2 0 0
1 2 0 2
0 2 4 0
0 2 5 0
0 2 2 2
0 2 2 4
1 2 5 3
1 3 1 0
0 3 3 1
Easy053 9
1 2 2 0
0 2 4 1
0 2 5 1
1 2 4 4
1 2 5 2
0 3 3 0
0 3 0 3
1 3 3 3
1 3 4 1
Easy054 8
1 2 2 0
0 2 1 0
0 2 4 2
0 2 1 3
0 2 5 4
0 3 2 0
1 3 0 3
1 3 4 2
Easy055 9
1 2 2 1
0 2 2 0
0 2 3 0
1 2 0 4
0 2 0 1
0 2 4 2
0 2 4 4
0 3 5 1
0 3 3 2
Easy056 10
1 2 2 0
0 2 1 0
1 2 0 2
0 2 3 2
0 2 1 3
1 2 3 4
1 2 4 2
0 2 4 4
0 3 2 1
0 3 0 3
Easy057 8
1 2 2 0
1 2 0 4
0 2 0 4
1 2 4 1
0 2 4 4
1 2 5 1
0 3 2 0
0 3 3 3
Easy058 9
1 2 2 1
0 2 0 0
0 2 2 0
0 2 3 2
0 2 4 2
0 2 3 4
1 2 5 4
1 3 1 3
0 3 5 2
Easy059 11
1 2 2 1
0 2 2 0
0 2 3 0
1 2 0 4
1 2 1 4
0 2 3 2
0 2 4 2
0 2 5 2
0 2 4 4
0 2 5 4
1 3 5 1
Easy060 10
1 2 2 3
0 2 3 0
1 2 0 4
1 2 1 1
0 2 5 1
0 2 2 2
0 2 2 4
0 3 0 0
1 3 3 3
1 3 4 3
Easy061 8
1 2 2 0
1 2 0 2
1 2 1 2
0 2 3 2
0 2 3 4
1 2 4 4
0 3 4 0
0 3 5 0
Easy062 8
1 2 2 0
1 2 1 2
0 2 5 2
1 2 4 4
0 3 4 0
0 3 3 2
0 3 0 3
1 3 5 3
Easy063 12
1 2 2 2
0 2 4 1
0 2 5 1
0 2 2 3
0 2 3 3
1 2 3 4
1 2 4 4
1 2 5 0
1 2 5 2
1 2 5 4
1 3 0 0
1 3 0 3
Easy064 8
1 2 2 3
0 2 3 0
1 2 0 4
0 2 5 1
0 2 5 3
0 2 4 4
0 3 1 0
1 3 4 0
Easy065 8
1 2 2 0
1 2 0 4
0 2 5 1
0 2 2 2
0 2 0 4
1 2 4 4
1 3 1 0
1 3 4 1
Easy066 8
1 2 2 3
0 2 1 0
0 2 1 2
1 2 3 2
0 2 3 4
1 2 5 0
1 2 5 4
0 3 5 2
Easy067 9
1 2 2 0
0 2 5 2
1 2 4 2
0 2 4 4
0 2 5 4
0 3 2 0
1 3 0 3
1 3 1 3
1 3 5 0
Easy068 9
1 2 2 1
0 2 2 0
0 2 3 1
1 2 1 4
0 2 4 2
0 2 1 3
0 2 5 4
1 3 0 3
1 3 4 2
Easy069 9
1 2 2 3
1 2 0 1
1 2 3 0
1 2 3 3
0 2 1 4
1 2 5 2
1 2 5 4
0 3 2 2
0 3 5 2
Easy070 8
1 2 2 0
1 2 1 0
0 2 4 2
0 2 5 2
1 2 5 3
0 3 3 0
0 3 0 3
1 3 4 3
Easy071 9
1 2 2 1
0 2 2 0
0 2 3 2
0 2 5 2
0 2 3 4
1 2 5 1
1 2 5 4
1 3 1 3
0 3 4 2
Easy072 8
1 2 2 0
0 2 0 0
0 2 4 2
1 2 4 4
1 2 5 4
0 3 5 0
1 3 1 2
0 3 3 3
Easy073 10
1 2 2 2
0 2 2 0
0 2 3 0
1 2 0 4
0 2 4 1
1 2 3 0
1 2 4 0
0 3 1 0
0 3 5 1
0 3 4 3
Easy074 8
1 2 2 1
1 2 0 4
0 2 4 1
0 2 3 2
0 2 2 4
0 3 0 0
0 3 5 1
1 3 4 3
Easy075 9
1 2 2 3
0 2 3 0
0 2 0 2
1 2 3 4
0 2 0 4
1 2 5 4
0 3 5 0
1 3 1 0
1 3 5 1
Easy076 8
1 2 2 0
0 2 0 0
0 2 5 2
1 2 4 4
0 3 4 0
1 3 1 1
0 3 3 2
1 3 5 3
Easy077 10
1 2 2 0
0 2 0 0
1 2 0 2
0 2 4 1
0 2 3 2
1 2 3 4
0 2 3 4
1 2 5 4
0 3 5 0
1 3 1 1
Easy078 8
1 2 2 2
0 2 1 1
0 2 5 2
1 2 3 0
0 2 3 3
0 2 1 4
0 3 4 0
1 3 5 2
Easy079 8
1 2 2 0
0 2 5 0
1 2 1 1
0 2 2 2
0 2 0 3
1 2 4 4
1 3 0 0
1 3 4 1
Easy080 9
1 2 2 0
1 2 1 0
0 2 4 1
0 2 5 2
1 2 3 2
1 2 5 3
0 3 3 0
0 3 0 3
1 3 4 3
Easy081 10
1 2 2 2
1 2 0 0
1 2 0 2
1 2 0 4
1 2 1 2
0 2 5 1
0 2 4 2
0 2 3 4
1 2 4 4
0 3 2 3
Easy082 8
1 2 2 0
0 2 2 0
1 2 0 4
0 2 5 1
0 2 2 2
0 2 1 4
1 2 4 2
0 2 4 4
Easy083 9
1 2 2 1
0 2 4 0
0 2 4 2
0 2 0 4
0 2 2 4
1 2 4 4
0 3 5 1
0 3 3 2
1 3 5 3
Easy084 9
1 2 2 3
0 2 2 0
0 2 3 0
1 2 0 4
0 2 2 2
0 2 5 2
1 2 4 4
0 3 1 0
0 3 3 3
Easy085 10
1 2 2 1
1 2 0 4
0 2 5 1
1 2 3 0
1 2 3 2
0 2 5 3
0 2 0 4
0 2 2 4
0 3 3 0
1 3 5 3
Easy086 9
1 2 2 0
1 2 1 0
0 2 4 2
0 2 5 4
1 2 5 1
1 2 5 3
0 3 3 0
0 3 0 3
1 3 4 2
Easy087 8
1 2 2 2
0 2 4 1
0 2 0 2
1 2 3 1
0 2 2 4
1 2 5 4
0 3 5 0
0 3 3 3
Easy088 9
1 2 2 3
1 2 1 3
0 2 3 3
0 2 0 4
1 2 5 4
1 3 0 2
0 3 5 0
1 3 3 0
1 3 5 1
Easy089 9
1 2 2 1
0 2 2 0
1 2 0 3
0 2 4 1
1 2 3 4
1 2 4 3
0 2 5 4
0 3 3 1
1 3 4 0
Easy090 11
1 2 2 3
1 2 0 0
1 2 0 2
0 2 4 0
0 2 5 0
1 2 3 3
1 2 4 1
0 2 3 4
1 2 5 4
0 3 2 1
0 3 5 2
Easy091 8
1 2 2 2
1 2 1 0
0 2 5 1
0 2 1 2
1 2 4 0
1 2 5 4
0 3 4 2
0 3 2 3
Easy092 8
1 2 2 3
0 2 3 0
1 2 0 4
0 2 5 2
1 2 4 0
0 2 5 4
1 2 5 0
0 3 1 0
Easy093 9
1 2 2 2
0 2 5 0
0 2 1 2
0 2 5 2
1 2 4 0
1 2 5 4
0 3 4 0
1 3 1 0
0 3 2 3
Easy094 8
1 2 2 3
1 2 0 2
0 2 3 3
1 2 4 4
1 2 5 4
0 3 5 0
1 3 1 1
0 3 2 2
Easy095 8
1 2 2 0
1 2 0 2
1 2 0 4
0 2 5 1
0 2 2 2
1 3 1 0
1 3 4 0
1 3 4 3
Easy096 8
1 2 2 1
0 2 2 0
1 2 1 3
0 2 4 2
1 2 4 4
0 3 5 1
0 3 3 2
1 3 5 3
Easy097 8
1 2 2 0
1 2 0 3
0 2 4 1
1 2 3 4
1 2 4 2
0 2 4 4
0 3 2 1
1 3 5 0
Easy098 9
1 2 2 1
0 2 2 0
0 2 3 2
0 2 4 2
0 2 3 4
1 2 5 4
1 3 0 3
1 3 1 3
0 3 5 2
Easy099 9
1 2 2 3
1 2 0 0
1 2 0 3
0 2 5 0
0 2 5 2
0 2 3 3
1 2 4 4
1 2 5 1
0 3 2 0
Easy100 9
1 2 2 2
0 2 2 0
1 2 1 3
0 2 1 2
0 2 4 2
1 2 4 0
0 2 5 4
1 3 0 3
1 3 4 2
Easy101 8
1 2 2 3
1 2 0 3
0 2 5 0
0 2 5 2
1 2 4 4
1 2 5 1
0 3 2 0
0 3 3 3
Easy102 10
1 2 2 3
0 2 0 0
0 2 3 0
1 2 0 4
1 2 1 1
0 2 5 1
0 2 2 2
0 2 2 4
1 2 4 4
0 3 3 3
Easy103 8
1 2 2 0
0 2 0 0
1 2 0 4
0 2 2 2
0 2 5 4
1 3 0 1
1 3 3 3
1 3 4 1
Easy104 9
1 2 2 3
0 2 4 0
0 2 5 0
0 2 5 2
1 2 4 1
0 2 3 4
1 2 4 4
0 3 2 0
1 3 5 0
Easy105 9
1 2 2 2
1 2 0 3
0 2 4 1
0 2 5 1
1 2 3 3
0 2 2 4
0 2 3 4
1 2 4 4
1 3 0 0
Easy106 9
1 2 2 0
1 2 0 4
0 2 4 2
1 2 4 3
0 2 5 4
1 2 5 1
1 2 5 3
0 3 3 1
0 3 2 2
Easy107 9
1 2 2 2
0 2 2 0
1 2 0 4
0 2 4 1
0 2 5 2
0 2 2 4
0 3 0 0
1 3 3 0
1 3 4 3
Easy108 10
1 2 2 1
0 2 4 0
0 2 4 2
0 2 2 3
1 2 4 4
1 2 5 0
1 2 5 2
1 3 0 1
1 3 1 1
0 3 3 2
Easy109 9
1 2 2 1
0 2 4 0
1 2 1 2
0 2 3 2
0 2 4 2
0 2 5 2
0 2 3 4
1 2 4 4
0 3 2 3
Easy110 10
1 2 2 2
1 2 1 0
1 2 1 2
0 2 4 1
0 2 5 1
0 2 3 4
1 2 4 4
1 3 0 0
1 3 0 3
0 3 2 3
Easy111 11
1 2 2 3
0 2 3 0
1 2 0 4
1 2 1 0
0 2 2 1
0 2 5 2
0 2 2 4
1 2 5 0
0 3 1 2
1 3 3 2
1 3 4 3
Easy112 9
1 2 2 2
1 2 0 0
0 2 5 0
0 2 4 1
0 2 2 3
1 2 3 4
1 2 4 0
1 2 4 3
1 3 0 2
Easy113 9
1 2 2 0
1 2 0 4
1 2 1 4
0 2 4 2
0 2 5 2
0 2 4 4
0 2 5 4
0 3 2 0
1 3 5 0
Easy114 10
1 2 2 2
0 2 4 1
0 2 5 1
0 2 2 3
1 2 3 4
0 2 3 4
1 2 4 4
1 2 5 0
1 3 0 0
1 3 0 3
Easy115 11
1 2 2 1
0 2 2 0
0 2 3 0
1 2 0 4
0 2 4 1
0 2 3 2
0 2 2 4
1 2 4 3
1 2 5 3
0 3 0 0
1 3 3 0
Easy116 9
1 2 2 3
1 2 1 2
0 2 3 3
1 2 4 1
1 2 4 4
0 3 0 0
1 3 0 1
0 3 5 0
1 3 5 3
Easy117 9
1 2 2 2
1 2 0 0
0 2 5 0
1 2 1 2
0 2 4 1
1 2 3 4
0 2 2 4
1 3 0 2
1 3 4 3
Easy118 11
1 2 2 0
1 2 0 1
1 2 0 4
1 2 1 1
0 2 4 1
0 2 5 1
0 2 2 2
0 2 2 4
1 2 4 3
0 3 3 0
0 3 5 3
Easy119 9
1 2 2 2
1 2 0 0
0 2 2 0
1 2 0 4
0 2 1 1
0 2 4 2
0 2 4 4
0 3 0 1
0 3 5 1
Easy120 9
1 2 2 0
0 2 5 1
0 2 0 3
1 2 3 4
1 2 4 1
0 2 4 4
0 2 5 4
0 3 2 1
1 3 5 1
Easy121 8
1 2 2 2
0 2 1 0
0 2 2 0
0 2 4 2
0 2 5 4
1 3 0 3
0 3 1 2
1 3 4 2
Easy122 10
1 2 2 0
1 2 0 0
0 2 5 0
0 2 2 1
0 2 4 2
0 2 1 4
1 2 4 2
1 2 4 4
1 3 0 2
1 3 3 0
Easy123 9
1 2 2 2
0 2 1 0
1 2 0 2
0 2 4 0
0 2 4 2
0 2 2 4
0 2 3 4
1 2 4 4
0 3 5 0
Easy124 9
1 2 2 2
0 2 2 0
1 2 0 4
0 2 4 2
0 2 5 2
1 2 3 0
0 2 2 3
0 3 1 0
1 3 4 3
Easy125 10
1 2 2 2
0 2 2 0
1 2 0 3
0 2 4 1
1 2 3 2
1 2 3 4
1 2 4 4
0 3 5 0
1 3 4 1
1 3 5 3
Easy126 8
1 2 2 2
0 2 2 0
0 2 4 1
0 2 5 1
1 2 3 0
0 2 4 3
0 3 0 0
1 3 0 3
Easy127 9
1 2 2 0
1 2 0 1
0 2 5 0
0 2 2 2
0 2 5 2
0 2 2 4
1 2 4 4
0 3 3 2
1 3 5 3
Easy128 12
1 2 2 2
0 2 0 0
0 2 2 0
0 2 3 0
1 2 0 4
0 2 4 1
0 2 5 1
0 2 4 3
0 2 5 3
0 3 1 0
0 3 0 2
1 3 3 1
Easy129 8
1 2 2 2
0 2 0 0
1 2 0 2
0 2 2 4
0 2 3 4
1 2 4 4
0 3 4 0
0 3 5 0
Easy130 9
1 2 2 1
0 2 2 0
1 2 0 4
0 2 4 3
1 2 4 0
1 2 4 2
0 2 5 4
1 2 5 2
0 3 3 0
Easy131 8
1 2 2 2
0 2 4 0
0 2 0 1
0 2 4 2
0 2 5 2
0 2 2 3
1 2 4 4
0 3 1 0
Easy132 9
1 2 2 1
1 2 0 0
1 2 0 2
0 2 4 0
0 2 5 0
0 2 2 4
1 3 1 0
0 3 3 1
1 3 4 3
Easy133 11
1 2 2 1
0 2 5 0
0 2 0 1
0 2 4 1
0 2 0 3
1 2 3 1
0 2 2 4
1 2 4 3
1 2 5 4
0 3 3 0
0 3 5 2
Easy134 10
1 2 2 1
0 2 2 0
1 2 1 3
0 2 3 2
0 2 4 2
1 2 4 4
1 2 5 2
1 2 5 4
0 3 5 0
1 3 4 1
Easy135 10
1 2 2 0
0 2 0 0
1 2 0 1
0 2 4 0
0 2 2 1
0 2 5 2
1 2 3 3
0 2 2 4
1 3 3 0
1 3 4 3
Easy136 8
1 2 2 3
1 2 1 2
1 2 2 1
0 2 2 4
1 2 4 4
0 3 5 1
1 3 3 0
1 3 5 3
Easy137 9
1 2 2 0
1 2 0 2
1 2 0 4
1 2 1 3
0 2 4 2
1 2 4 2
0 2 4 4
0 3 2 1
1 3 5 0
Easy138 10
1 2 2 2
0 2 2 0
1 2 0 3
0 2 4 1
0 2 2 3
1 2 3 4
0 2 4 4
1 2 5 1
0 3 5 0
0 3 3 3
Easy139 9
1 2 2 0
0 2 1 0
1 2 0 4
0 2 3 2
0 2 4 2
1 2 3 0
0 2 4 4
1 2 5 2
1 3 1 2
Easy140 9
1 2 2 1
0 2 0 0
0 2 2 0
0 2 3 1
0 2 4 2
0 2 1 4
0 2 5 4
1 3 0 3
1 3 4 2
Easy141 9
1 2 2 0
1 2 0 3
0 2 5 0
0 2 3 2
0 2 4 2
0 2 3 4
1 2 4 4
1 3 0 0
1 3 1 2
Easy142 8
1 2 2 1
0 2 2 0
1 2 1 3
0 2 4 2
1 2 4 0
0 2 4 4
0 3 0 0
0 3 5 0
Easy143 9
1 2 2 2
0 2 2 0
1 2 0 4
0 2 4 1
0 2 1 2
1 2 3 4
1 2 4 0
0 2 5 4
1 3 4 2
Easy144 9
1 2 2 2
1 2 0 0
1 2 0 2
0 2 3 3
1 2 4 1
1 2 4 4
0 3 4 0
0 3 5 0
1 3 5 3
Easy145 9
1 2 2 1
1 2 0 2
1 2 1 2
0 2 3 2
0 2 5 2
0 2 3 4
1 2 5 4
0 3 4 2
0 3 2 3
Easy146 11
1 2 2 3
1 2 0 1
0 2 3 0
1 2 0 4
1 2 1 1
1 2 1 4
0 2 2 2
0 2 5 2
0 2 2 4
1 2 4 3
0 2 5 4
Easy147 9
1 2 2 0
0 2 2 2
0 2 3 2
0 2 0 4
0 2 4 4
0 2 5 4
1 3 0 2
1 3 1 2
1 3 4 1
Easy148 9
1 2 2 0
0 2 3 1
1 2 1 4
1 2 4 0
1 2 4 2
0 2 4 4
0 3 2 0
1 3 0 3
0 3 5 2
Easy149 9
1 2 2 1
0 2 2 0
0 2 3 1
0 2 4 1
1 2 4 0
0 2 5 4
1 3 0 3
1 3 3 3
1 3 4 2
Easy150 10
1 2 2 1
0 2 1 0
1 2 0 2
0 2 5 0
1 2 1 2
0 2 3 2
0 2 3 4
1 2 5 4
0 3 4 0
0 3 2 3
Easy151 10
1 2 2 2
0 2 2 0
0 2 3 0
1 2 0 4
0 2 5 1
1 2 3 0
0 2 2 3
1 2 4 0
0 3 1 0
0 3 5 3
Easy152 8
1 2 2 1
1 2 0 1
0 2 4 0
0 2 5 0
0 2 2 4
0 3 3 0
1 3 1 0
1 3 4 3
Easy153 9
1 2 2 3
0 2 4 0
0 2 5 0
0 2 5 2
1 2 3 1
1 2 4 4
1 2 5 1
0 3 2 0
0 3 3 3
Easy154 8
1 2 2 3
0 2 4 0
0 2 4 3
1 2 4 1
1 2 5 4
0 3 2 0
0 3 5 0
0 3 3 3
Easy155 11
1 2 2 0
1 2 0 1
1 2 0 4
0 2 4 1
0 2 5 1
0 2 2 2
1 2 3 3
0 2 2 4
1 2 4 3
0 3 3 0
0 3 5 3
Easy156 10
1 2 2 1
0 2 0 0
0 2 2 0
0 2 3 1
1 2 1 4
0 2 4 2
0 2 1 3
0 2 5 4
1 3 0 3
1 3 4 2
Easy157 9
1 2 2 0
0 2 3 2
0 2 5 2
1 2 4 0
1 2 4 2
1 2 5 1
0 3 2 0
1 3 0 3
1 3 3 0
Easy158 9
1 2 2 0
1 2 0 0
0 2 5 0
1 2 1 3
0 2 4 2
0 2 5 2
1 2 4 4
0 3 2 0
0 3 3 2
Easy159 9
1 2 2 0
1 2 0 2
0 2 5 1
1 2 3 4
1 2 5 4
0 3 4 0
0 3 3 1
0 3 0 3
1 3 4 2
Easy160 10
1 2 2 3
1 2 1 0
0 2 2 1
0 2 0 2
1 2 3 1
0 2 3 3
0 2 0 4
1 2 5 1
0 3 5 0
1 3 5 3
Easy161 9
1 2 2 0
0 2 5 2
0 2 0 4
1 2 4 2
1 2 4 4
1 2 5 2
1 2 5 4
1 3 0 1
0 3 4 0
Easy162 10
1 2 2 2
1 2 0 3
0 2 4 1
0 2 5 2
1 2 3 3
0 2 2 4
0 2 3 4
1 2 4 4
1 2 5 0
1 3 0 0
Easy163 10
1 2 2 1
0 2 1 0
1 2 0 2
1 2 0 4
1 2 1 4
0 2 5 2
0 2 5 4
1 2 5 3
0 3 4 2
0 3 2 3
Easy164 9
1 2 2 1
0 2 5 1
1 2 3 4
0 2 0 4
1 2 5 1
1 2 5 4
0 3 4 0
0 3 0 1
1 3 4 3
Easy165 9
1 2 2 2
0 2 5 0
0 2 5 2
0 2 3 4
1 2 4 4
1 2 5 4
1 3 0 2
0 3 4 1
0 3 2 3
Easy166 10
1 2 2 1
1 2 0 4
0 2 4 1
1 2 3 1
0 2 2 4
1 2 4 4
1 3 0 0
0 3 5 1
0 3 3 2
1 3 5 3
Easy167 10
1 2 2 2
0 2 2 0
0 2 3 0
1 2 0 4
0 2 4 1
0 2 5 1
0 2 4 3
1 2 4 0
0 3 1 0
1 3 3 0
Easy168 9
1 2 2 0
0 2 3 0
0 2 4 0
0 2 5 0
0 2 2 1
1 2 3 0
0 2 2 3
1 2 3 3
1 3 0 0
Easy169 8
1 2 2 2
1 2 0 2
0 2 3 4
1 2 4 4
1 2 5 0
0 3 1 0
0 3 4 0
0 3 5 0
Easy170 9
1 2 2 3
0 2 2 0
0 2 3 0
1 2 0 4
0 2 5 1
0 2 2 2
0 3 0 0
1 3 3 3
1 3 4 0
Easy171 9
1 2 2 1
1 2 0 3
0 2 4 1
1 2 3 4
0 2 0 4
1 2 4 4
0 3 5 0
0 3 3 2
1 3 5 3
Easy172 10
1 2 2 0
0 2 2 0
1 2 0 4
0 2 4 2
1 2 4 0
1 2 4 3
0 2 5 4
1 2 5 3
0 3 3 0
0 3 2 2
Easy173 9
1 2 2 2
1 2 0 3
0 2 5 0
0 2 4 1
1 2 3 4
0 2 2 4
1 2 4 4
1 3 0 0
0 3 3 3
Easy174 8
1 2 2 0
1 2 0 0
1 2 0 2
1 2 3 3
0 2 3 4
1 2 5 4
0 3 5 2
0 3 1 3
Easy175 9
1 2 2 1
0 2 0 0
0 2 2 0
0 2 3 2
0 2 3 4
1 2 5 4
1 3 0 3
1 3 1 3
0 3 5 2
Easy176 9
1 2 2 2
1 2 0 0
0 2 2 0
1 2 1 3
0 2 4 2
1 2 4 4
1 2 5 4
0 3 5 0
0 3 3 3
Easy177 10
1 2 2 1
1 2 0 0
1 2 0 2
0 2 5 0
1 2 1 2
0 2 3 2
0 2 3 4
1 2 5 4
0 3 4 0
0 3 2 3
Easy178 9
1 2 2 0
1 2 0 1
1 2 0 4
0 2 4 2
1 2 4 1
1 2 4 3
0 2 5 4
0 3 3 0
0 3 2 1
Easy179 11
1 2 2 2
1 2 0 3
0 2 4 1
0 2 5 2
1 2 3 3
0 2 2 4
0 2 3 4
1 2 4 4
1 2 5 0
1 2 5 4
1 3 0 0
Easy180 10
1 2 2 1
0 2 3 0
1 2 0 4
1 2 1 4
0 2 3 2
0 2 5 2
0 2 5 4
1 2 5 3
0 3 4 2
0 3 2 3
Easy181 8
1 2 2 1
0 2 5 2
0 2 0 4
0 2 2 4
1 2 4 4
0 3 4 0
0 3 3 2
1 3 5 3
Easy182 9
1 2 2 2
0 2 2 0
1 2 0 4
1 2 1 4
0 2 4 2
0 2 5 2
0 2 2 3
0 3 1 0
1 3 4 3
Easy183 9
1 2 2 1
0 2 2 0
0 2 3 1
0 2 5 2
1 2 4 0
1 2 4 2
0 2 4 4
1 3 0 3
1 3 3 2
Easy184 11
1 2 2 3
0 2 0 0
0 2 3 0
1 2 0 4
1 2 1 1
0 2 5 1
0 2 2 2
0 2 2 4
1 2 4 4
0 3 1 2
0 3 3 3
Easy185 11
1 2 2 3
0 2 3 0
1 2 0 4
1 2 1 1
0 2 2 2
0 2 5 2
0 2 2 4
1 2 4 4
1 2 5 0
0 3 0 0
0 3 3 3
Easy186 9
1 2 2 2
1 2 0 3
0 2 5 0
1 2 3 0
0 2 3 3
0 2 1 4
1 3 0 0
0 3 4 1
1 3 5 3
Easy187 9
1 2 2 3
0 2 3 0
0 2 5 0
0 2 2 1
0 2 5 2
0 2 2 3
1 2 3 3
0 2 3 4
1 2 4 4
Easy188 9
1 2 2 2
0 2 4 1
1 2 3 0
1 2 4 4
1 2 5 4
0 3 0 0
0 3 5 0
1 3 1 1
0 3 3 3
Easy189 10
1 2 2 0
0 2 4 1
1 2 3 4
1 2 4 3
0 2 5 4
1 2 5 0
1 2 5 2
1 3 0 3
0 3 3 1
1 3 3 0
Easy190 9
1 2 2 1
0 2 5 2
0 2 0 4
0 2 1 4
1 2 5 2
1 2 5 4
0 3 0 1
0 3 4 2
1 3 3 1
Easy191 11
1 2 2 2
0 2 2 0
1 2 0 3
0 2 4 1
1 2 3 2
1 2 3 4
1 2 4 4
1 2 5 1
0 3 5 0
1 3 4 1
1 3 5 3
Easy192 9
1 2 2 3
1 2 0 0
0 2 4 0
0 2 4 3
1 2 4 1
1 2 5 4
0 3 2 0
0 3 5 1
0 3 3 3
Easy193 10
1 2 2 2
1 2 1 2
0 2 5 2
1 2 4 1
0 2 3 4
1 2 4 4
1 2 5 4
1 3 0 1
0 3 4 0
1 3 3 1
Easy194 9
1 2 2 1
0 2 2 0
1 2 1 0
0 2 0 2
0 2 0 4
1 2 5 1
0 3 5 2
1 3 3 1
1 3 5 3
Easy195 8
1 2 2 0
0 2 1 0
0 2 5 1
1 2 3 1
0 2 2 4
1 2 5 4
0 3 4 2
0 3 0 3
Easy196 8
1 2 2 2
0 2 5 2
1 2 3 1
0 2 3 3
0 2 1 4
0 2 2 4
0 3 4 0
1 3 5 3
Easy197 9
1 2 2 0
1 2 0 1
1 2 0 3
1 2 1 4
0 2 4 2
0 2 4 4
0 2 5 4
0 3 2 1
1 3 5 0
Easy198 9
1 2 2 2
0 2 5 2
1 2 3 1
0 2 3 3
0 2 1 4
0 2 2 4
1 2 4 4
0 3 4 0
1 3 5 3
Easy199 10
1 2 2 3
0 2 3 0
0 2 1 1
1 2 1 4
0 2 5 2
0 2 5 4
1 3 0 0
1 3 3 0
1 3 4 0
1 3 5 0
Easy200 8
1 2 2 2
0 2 2 0
1 2 0 4
0 2 4 2
0 2 2 4
0 2 4 4
0 3 0 0
0 3 5 1
Easy201 9
1 2 2 3
0 2 1 0
0 2 1 2
1 2 3 2
0 2 4 3
0 2 3 4
1 2 5 1
1 2 5 4
0 3 5 2
Easy202 8
1 2 2 0
0 2 4 0
1 2 3 4
1 2 4 2
0 2 4 4
1 3 0 0
0 3 2 1
1 3 5 0
Easy203 9
1 2 2 0
0 2 3 1
0 2 4 1
0 2 2 2
0 2 0 4
0 2 5 4
1 3 0 1
1 3 3 3
1 3 4 2
Easy204 10
1 2 2 0
1 2 0 2
1 2 0 4
1 2 1 4
1 2 4 0
1 2 4 2
0 2 4 4
1 2 5 1
0 3 2 1
0 3 3 1
Easy205 9
1 2 2 0
1 2 3 2
1 2 3 4
0 2 3 4
1 2 5 4
1 3 0 0
0 3 5 0
1 3 1 0
0 3 1 3
Easy206 8
1 2 2 3
0 2 2 2
1 2 3 4
0 2 3 4
1 2 4 4
0 3 0 0
0 3 5 0
1 3 1 2
Easy207 10
1 2 2 0
0 2 3 2
0 2 5 2
1 2 4 2
1 2 4 4
1 2 5 2
1 2 5 4
0 3 4 0
0 3 0 3
0 3 1 3
Easy208 10
1 2 2 3
0 2 3 0
0 2 1 1
1 2 1 4
0 2 5 2
0 2 5 4
1 2 5 0
1 3 0 0
1 3 3 0
1 3 4 1
Easy209 8
1 2 2 2
0 2 0 1
0 2 1 1
0 2 5 1
0 2 3 3
1 2 3 4
0 3 4 0
0 3 2 3
Easy210 10
1 2 2 3
1 2 0 0
1 2 0 2
1 2 0 4
1 2 1 2
0 2 5 2
0 2 3 4
1 2 4 4
1 2 5 1
0 3 2 2
Easy211 9
1 2 2 0
0 2 2 0
1 2 0 3
0 2 2 2
0 2 3 2
1 2 4 1
0 2 3 4
0 2 4 4
0 3 0 3
Easy212 8
1 2 2 2
1 2 1 2
0 2 5 1
1 2 3 4
0 2 3 4
1 2 4 4
0 3 4 0
0 3 2 3
Easy213 11
1 2 2 0
1 2 0 0
1 2 0 2
0 2 4 0
0 2 5 0
0 2 2 2
0 2 2 4
1 2 4 3
1 2 5 4
0 3 3 1
0 3 5 2
Easy214 9
1 2 2 1
0 2 2 0
0 2 3 1
0 2 4 1
0 2 5 1
0 2 4 4
0 3 0 0
1 3 0 3
1 3 5 0
Easy215 10
1 2 2 1
1 2 0 1
1 2 0 4
0 2 4 1
0 2 0 2
0 2 2 3
1 2 3 3
0 3 3 0
0 3 5 1
1 3 5 1
Easy216 12
1 2 2 3
1 2 0 0
1 2 0 2
1 2 0 4
0 2 2 1
1 2 1 3
0 2 5 1
0 2 3 3
1 2 3 4
1 2 4 4
1 3 5 0
1 3 5 3
Easy217 12
1 2 2 0
1 2 0 1
1 2 0 4
1 2 1 1
0 2 4 1
0 2 5 1
0 2 2 2
1 2 3 3
0 2 2 4
1 2 4 3
0 3 3 0
0 3 5 3
Easy218 8
1 2 2 2
0 2 2 0
1 2 0 3
0 2 4 1
0 2 5 1
0 2 4 3
1 2 4 0
0 3 0 0
Easy219 9
1 2 2 2
0 2 2 0
0 2 4 1
0 2 5 1
1 2 3 0
0 2 3 3
0 2 4 3
0 3 0 0
1 3 0 3
Easy220 12
1 2 2 2
1 2 1 1
0 2 4 1
0 2 5 1
0 2 2 3
1 2 3 4
0 2 3 4
1 2 4 4
1 2 5 4
1 3 0 0
1 3 0 3
1 3 5 0
Easy221 11
1 2 2 0
0 2 0 0
0 2 4 0
0 2 3 3
1 2 3 4
0 2 4 4
1 2 5 0
1 2 5 2
1 3 0 1
0 3 5 0
0 3 2 2
Easy222 9
1 2 2 3
1 2 1 0
1 2 1 3
0 2 2 4
0 2 3 4
1 2 4 4
1 2 5 0
0 3 5 0
0 3 1 2
Easy223 9
1 2 2 0
0 2 5 0
0 2 2 2
0 2 1 4
0 2 2 4
1 2 5 4
1 3 0 0
0 3 4 0
0 3 3 3
Easy224 11
1 2 2 3
1 2 0 0
1 2 0 2
1 2 0 4
0 2 5 2
1 2 3 3
0 2 3 4
1 2 4 4
1 2 5 1
1 2 5 4
0 3 2 1
Easy225 9
1 2 2 0
1 2 0 2
0 2 3 2
1 2 4 2
1 2 4 4
0 3 4 0
0 3 5 0
0 3 0 3
1 3 5 3
Easy226 10
1 2 2 0
0 2 2 0
0 2 3 0
1 2 0 4
1 2 1 4
0 2 2 2
0 2 3 2
1 2 4 2
0 2 4 4
0 3 1 3
Easy227 11
1 2 2 1
0 2 2 0
0 2 3 0
1 2 0 4
0 2 3 2
0 2 4 2
0 2 2 4
1 2 4 3
0 2 5 4
0 3 0 0
1 3 3 0
Easy228 8
1 2 2 2
0 2 2 0
1 2 3 4
0 2 2 4
1 2 4 4
0 3 4 0
0 3 5 0
0 3 3 3
Easy229 10
1 2 2 0
1 2 1 4
0 2 4 2
0 2 5 2
0 2 3 4
0 2 4 4
0 2 5 4
0 3 2 0
1 3 0 3
1 3 5 0
Easy230 8
1 2 2 0
1 2 3 0
1 2 3 2
0 2 1 4
1 2 5 2
1 2 5 4
1 3 1 0
0 3 5 2
Easy231 11
1 2 2 3
0 2 4 0
0 2 1 2
0 2 1 4
1 2 4 2
1 2 4 4
1 2 5 2
1 2 5 4
0 3 5 0
1 3 1 0
0 3 0 3
Easy232 9
1 2 2 1
0 2 2 0
0 2 4 1
0 2 3 2
1 2 4 2
1 2 4 4
1 3 0 3
0 3 5 1
1 3 5 3
Easy233 10
1 2 2 0
0 2 3 0
0 2 4 0
0 2 5 0
0 2 2 1
0 2 0 3
1 2 3 1
1 2 3 3
0 2 2 4
1 3 0 0
Easy234 9
1 2 2 0
0 2 5 0
0 2 2 2
0 2 3 3
1 2 3 4
0 2 2 4
1 2 5 4
1 3 0 0
0 3 4 0
Easy235 8
1 2 2 0
1 2 0 0
1 2 0 2
0 2 4 0
0 2 2 2
0 2 2 4
0 2 3 4
1 2 4 4
Easy236 10
1 2 2 2
1 2 0 3
1 2 1 2
0 2 4 1
0 2 2 3
1 2 3 4
1 2 4 4
1 3 0 0
0 3 5 0
1 3 5 3
Easy237 10
1 2 2 2
1 2 0 0
0 2 2 0
0 2 1 1
1 2 3 1
0 2 3 3
1 2 4 4
1 2 5 2
1 2 5 4
0 3 5 1
Easy238 9
1 2 2 1
1 2 0 1
1 2 0 3
0 2 5 0
0 2 3 1
0 2 4 1
0 2 2 4
0 3 0 0
1 3 4 3
Easy239 9
1 2 2 2
0 2 5 1
1 2 3 0
0 2 3 3
0 2 1 4
0 3 0 0
1 3 0 2
0 3 4 1
1 3 5 3
Easy240 9
1 2 2 1
1 2 0 3
0 2 5 0
0 2 3 1
0 2 4 1
0 2 3 4
1 2 4 4
1 3 0 0
0 3 2 3
Easy241 10
1 2 2 0
0 2 3 2
0 2 5 3
1 2 4 1
1 2 4 3
1 2 5 2
1 2 5 4
0 3 2 0
1 3 0 3
1 3 3 0
Easy242 10
1 2 2 3
0 2 3 0
0 2 1 1
1 2 1 4
0 2 0 2
0 2 5 2
0 2 5 4
1 3 0 0
1 3 3 1
1 3 4 0
Easy243 9
1 2 2 0
1 2 0 4
1 2 3 0
1 2 3 2
0 2 1 4
1 2 5 2
1 2 5 4
0 3 5 1
1 3 4 3
Easy244 8
1 2 2 2
1 2 0 2
1 2 3 4
0 2 3 4
1 2 4 4
0 3 4 0
0 3 5 0
0 3 2 3
Easy245 9
1 2 2 2
0 2 2 0
1 2 0 3
0 2 4 1
1 2 3 4
1 2 4 4
1 2 5 4
0 3 5 0
0 3 3 3
Easy246 11
1 2 2 3
1 2 0 0
0 2 4 0
0 2 1 2
0 2 1 4
1 2 4 2
1 2 4 4
1 2 5 2
1 2 5 4
0 3 5 0
1 3 1 0
Easy247 10
1 2 2 0
1 2 0 0
1 2 0 2
0 2 4 0
0 2 5 0
0 2 2 2
0 2 2 4
1 3 1 0
0 3 3 1
1 3 5 3
Easy248 10
1 2 2 2
0 2 2 0
1 2 0 3
0 2 4 1
1 2 3 4
1 2 4 4
1 2 5 1
0 3 5 0
1 3 4 1
1 3 5 3
Easy249 9
1 2 2 0
0 2 4 2
1 2 4 1
1 2 4 3
0 2 5 4
1 2 5 1
1 2 5 3
0 3 2 0
0 3 3 0
Easy250 9
1 2 2 2
0 2 4 0
0 2 1 2
0 2 4 2
0 2 2 4
1 2 4 4
0 3 0 0
0 3 5 0
1 3 5 3
Easy251 11
1 2 2 3
0 2 3 0
1 2 0 4
1 2 1 4
0 2 5 2
0 2 0 3
1 2 4 4
0 3 0 0
1 3 3 1
1 3 4 1
1 3 5 0
Easy252 10
1 2 2 3
1 2 0 0
1 2 1 3
0 2 3 3
0 2 0 4
1 2 5 4
1 3 0 2
0 3 5 0
1 3 3 0
1 3 5 1
Easy253 10
1 2 2 0
0 2 5 2
0 2 0 3
1 2 4 1
0 2 3 4
0 2 4 4
0 2 5 4
0 3 2 0
1 3 1 3
1 3 5 0
Easy254 10
1 2 2 0
0 2 0 0
1 2 0 1
0 2 3 0
0 2 2 1
0 2 5 1
1 2 3 0
0 2 2 3
1 3 3 3
1 3 4 3
Easy255 10
1 2 2 1
1 2 0 3
0 2 5 0
0 2 4 1
0 2 3 2
1 2 3 4
0 2 3 4
1 2 4 4
1 3 0 0
0 3 0 1
Easy256 10
1 2 2 2
1 2 0 0
0 2 2 0
0 2 3 0
0 2 1 1
1 2 1 4
0 2 4 2
1 2 4 0
0 2 4 4
0 3 5 2
Easy257 10
1 2 2 2
1 2 0 0
1 2 1 0
0 2 1 2
0 2 1 4
0 2 2 4
1 2 5 4
0 3 4 0
0 3 5 0
0 3 3 3
Easy258 9
1 2 2 0
0 2 4 1
1 2 4 1
1 2 4 3
0 2 5 4
0 3 3 0
0 3 0 3
1 3 3 3
1 3 5 2
Easy259 8
1 2 2 2
1 2 0 2
0 2 5 1
1 2 3 4
0 2 3 4
1 2 5 4
0 3 4 0
0 3 2 3
Easy260 9
1 2 2 3
1 2 0 0
1 2 0 2
1 2 0 4
0 2 5 1
0 2 3 4
1 2 4 4
1 3 1 0
0 3 2 2
Easy261 9
1 2 2 0
0 2 5 2
1 2 3 0
1 2 3 2
0 2 0 4
1 2 5 2
1 2 5 4
0 3 4 1
1 3 4 3
Easy262 10
1 2 2 1
0 2 2 0
1 2 0 4
0 2 4 1
0 2 4 3
1 2 4 2
1 2 5 3
0 3 3 0
0 3 5 1
1 3 3 1
Easy263 10
1 2 2 1
0 2 2 0
0 2 3 0
1 2 0 4
0 2 5 2
1 2 4 1
1 2 4 3
0 2 5 4
0 3 4 1
1 3 5 2
Easy264 11
1 2 2 3
1 2 0 4
1 2 1 0
0 2 0 2
0 2 0 4
1 2 4 1
1 2 5 4
0 3 2 0
0 3 5 2
1 3 3 1
1 3 5 1
Easy265 9
1 2 2 1
1 2 0 0
0 2 0 1
0 2 4 1
1 2 4 4
0 3 5 0
0 3 3 2
0 3 0 3
1 3 5 3
Easy266 8
1 2 2 2
0 2 0 1
0 2 5 1
0 2 2 3
0 2 3 4
1 2 4 4
1 3 0 0
0 3 4 0
Easy267 10
1 2 2 0
0 2 1 0
1 2 0 2
0 2 5 0
0 2 2 1
0 2 5 2
0 2 2 4
0 2 3 4
1 2 4 4
1 3 3 1
Easy268 9
1 2 2 0
0 2 4 1
0 2 5 1
1 2 3 4
1 2 4 2
0 2 4 4
0 2 5 4
0 3 2 1
1 3 5 0
Easy269 9
1 2 2 0
1 2 0 2
0 2 4 1
0 2 5 1
0 2 0 4
1 2 5 2
0 3 3 1
1 3 3 0
1 3 4 1
Easy270 10
1 2 2 2
1 2 1 0
0 2 1 2
0 2 1 4
0 2 2 4
1 2 5 4
1 3 0 0
0 3 4 0
0 3 5 2
0 3 3 3
Easy271 8
1 2 2 0
1 2 1 0
0 2 1 3
0 2 3 4
1 2 4 4
1 2 5 1
0 3 5 0
1 3 3 3
Easy272 10
1 2 2 2
0 2 5 0
1 2 1 0
1 2 1 2
0 2 0 2
0 2 1 2
1 2 4 0
1 2 5 3
0 3 4 0
0 3 2 3
Easy273 8
1 2 2 2
0 2 4 0
0 2 4 2
0 2 2 4
1 2 4 4
0 3 0 0
0 3 1 0
0 3 5 0
Easy274 11
1 2 2 0
1 2 0 0
1 2 0 2
0 2 4 0
1 2 1 0
1 2 1 2
0 2 2 2
0 2 2 4
1 2 4 4
0 3 3 2
1 3 5 3
Easy275 8
1 2 2 0
0 2 0 0
1 2 0 1
0 2 2 1
0 2 4 3
0 2 5 4
1 3 0 3
1 3 4 0
Easy276 9
1 2 2 2
0 2 5 2
1 2 4 1
0 2 3 4
1 2 4 4
1 2 5 1
1 2 5 4
1 3 0 3
0 3 4 1
Easy277 10
1 2 2 2
0 2 4 0
1 2 1 2
0 2 4 2
0 2 3 4
1 2 4 4
1 2 5 4
1 3 0 1
0 3 5 1
0 3 2 3
Easy278 11
1 2 2 1
0 2 4 0
1 2 1 2
0 2 3 2
0 2 4 2
0 2 2 3
0 2 3 4
1 2 4 4
0 3 0 0
0 3 5 0
1 3 5 0
Easy279 10
1 2 2 0
1 2 0 2
0 2 4 0
0 2 4 2
0 2 0 4
1 2 4 4
0 3 5 0
0 3 3 2
1 3 3 0
1 3 5 1
Easy280 9
1 2 2 0
0 2 1 0
1 2 0 2
0 2 4 0
0 2 5 0
0 2 2 1
0 2 3 1
1 2 4 4
0 3 3 3
Easy281 10
1 2 2 0
1 2 0 2
0 2 5 0
0 2 2 2
0 2 5 2
0 2 2 4
1 2 4 4
0 3 4 0
0 3 3 2
1 3 5 3
Easy282 9
1 2 2 2
0 2 3 0
1 2 0 4
0 2 0 1
0 2 4 1
0 2 2 3
0 3 1 0
0 3 5 1
1 3 4 3
Easy283 10
1 2 2 1
1 2 0 4
1 2 1 2
0 2 4 1
0 2 5 1
1 2 4 4
1 2 5 3
1 3 0 1
0 3 3 2
0 3 2 3
Easy284 11
1 2 2 0
1 2 0 0
1 2 0 2
0 2 4 0
1 2 1 0
1 2 1 2
0 2 3 2
0 2 1 3
1 2 3 4
1 2 4 2
0 3 5 0
Easy285 9
1 2 2 0
1 2 1 4
1 2 4 0
1 2 4 2
0 2 4 4
0 2 5 4
0 3 3 0
1 3 3 3
1 3 5 1
Easy286 8
1 2 2 2
1 2 0 0
0 2 5 0
0 2 4 1
0 2 2 4
1 3 0 2
0 3 1 1
1 3 4 3
Easy287 12
1 2 2 2
0 2 0 0
0 2 2 0
0 2 3 0
1 2 0 4
0 2 4 1
0 2 5 1
0 2 4 3
1 2 5 0
0 3 1 0
1 3 3 0
0 3 5 3
Easy288 9
1 2 2 2
0 2 2 0
1 2 3 0
1 2 3 2
0 2 3 4
1 2 5 0
1 2 5 4
1 3 1 3
0 3 5 2
Easy289 11
1 2 2 1
0 2 2 0
1 2 0 4
0 2 4 1
1 2 3 4
0 2 4 4
0 2 5 4
1 2 5 0
1 2 5 2
0 3 3 1
1 3 4 1
Easy290 9
1 2 2 0
1 2 0 2
1 2 0 4
0 2 3 1
0 2 4 2
0 2 4 4
0 2 5 4
0 3 2 1
1 3 5 1
Easy291 10
1 2 2 1
0 2 2 0
0 2 3 2
0 2 1 3
0 2 4 3
1 2 4 2
1 2 5 4
1 3 0 3
1 3 1 3
0 3 5 2
Easy292 10
1 2 2 0
0 2 3 0
1 2 0 4
0 2 0 3
1 2 3 3
1 2 4 1
0 2 4 4
0 2 5 4
0 3 2 0
1 3 5 0
Easy293 9
1 2 2 2
0 2 1 1
0 2 5 2
1 2 3 2
0 2 2 4
1 2 4 4
0 3 4 1
0 3 1 3
1 3 5 3
Easy294 9
1 2 2 0
1 2 0 0
1 2 0 2
0 2 4 0
1 2 1 2
0 2 2 2
0 2 2 4
1 2 4 4
0 3 3 3
Easy295 9
1 2 2 0
0 2 5 1
1 2 3 0
1 2 3 2
0 2 0 4
1 2 4 4
1 2 5 1
1 2 5 3
0 3 4 1
Easy296 9
1 2 2 0
0 2 2 1
0 2 2 3
1 2 3 3
0 2 3 4
0 2 5 4
1 3 0 0
0 3 4 0
1 3 5 0
Easy297 8
1 2 2 2
0 2 1 0
0 2 5 2
0 2 2 3
1 2 4 3
0 3 4 0
0 3 1 2
1 3 5 0
Easy298 10
1 2 2 0
0 2 2 2
0 2 3 2
0 2 5 2
0 2 0 4
1 2 4 2
1 2 4 4
0 3 4 1
0 3 1 3
1 3 5 3
Easy299 10
1 2 2 0
0 2 2 0
1 2 0 4
0 2 4 2
1 2 4 3
0 2 5 4
1 2 5 1
1 2 5 3
0 3 3 0
0 3 2 2
Easy300 10
1 2 2 3
1 2 0 0
1 2 0 2
0 2 4 0
0 2 0 1
0 2 2 1
1 2 3 0
1 2 4 4
0 3 5 0
0 3 3 3
Easy301 9
1 2 2 1
0 2 4 2
0 2 5 3
1 2 4 0
0 2 2 4
1 2 4 3
0 3 3 1
1 3 3 0
1 3 5 3
Easy302 9
1 2 2 3
1 2 0 0
1 2 0 2
0 2 5 0
0 2 5 2
0 2 2 4
0 2 3 4
1 2 4 4
1 3 3 2
Easy303 10
1 2 2 0
1 2 1 4
0 2 3 2
0 2 5 2
1 2 4 2
1 2 4 4
1 2 5 2
0 3 2 0
1 3 0 3
1 3 3 0
Easy304 10
1 2 2 2
0 2 4 0
0 2 1 1
0 2 4 2
0 2 2 3
0 2 3 4
1 2 4 4
0 3 0 0
0 3 5 0
1 3 5 0
Easy305 11
1 2 2 0
0 2 1 0
1 2 0 4
0 2 3 2
1 2 3 4
0 2 1 4
1 2 4 2
0 2 4 4
0 2 5 4
0 3 2 1
0 3 0 3
Easy306 10
1 2 2 2
0 2 5 1
1 2 4 1
0 2 3 4
1 2 4 4
1 2 5 4
1 3 0 3
1 3 1 1
0 3 4 1
1 3 3 1
Easy307 10
1 2 2 0
0 2 1 0
1 2 0 2
0 2 3 3
1 2 3 4
1 2 4 1
0 2 4 4
1 2 5 1
0 3 2 1
0 3 0 3
Easy308 9
1 2 2 1
0 2 0 2
0 2 4 2
0 2 0 4
0 2 2 4
1 2 4 4
0 3 5 0
0 3 3 2
1 3 5 3
Easy309 9
1 2 2 1
1 2 0 3
0 2 5 0
0 2 3 1
0 2 4 2
0 2 2 3
0 2 3 4
1 2 4 4
1 3 0 0
Easy310 10
1 2 2 0
1 2 0 1
1 2 3 0
1 2 3 2
0 2 1 4
1 2 4 4
1 2 5 2
1 2 5 4
1 3 0 3
0 3 5 1
Easy311 10
1 2 2 0
1 2 0 2
1 2 1 2
0 2 2 2
0 2 3 3
0 2 2 4
1 2 4 4
0 3 4 0
0 3 5 0
1 3 5 3
Easy312 10
1 2 2 2
0 2 2 0
1 2 0 3
1 2 1 3
0 2 4 2
1 2 4 4
1 2 5 2
1 2 5 4
0 3 5 1
1 3 4 1
Easy313 9
1 2 2 1
0 2 1 0
0 2 2 0
0 2 4 1
0 2 5 1
0 2 4 3
1 2 5 0
1 3 0 3
0 3 0 1
Easy314 9
1 2 2 0
0 2 0 0
0 2 2 2
1 2 3 4
1 2 5 4
0 3 4 0
0 3 5 0
1 3 1 1
0 3 3 3
Easy315 9
1 2 2 2
0 2 4 0
0 2 0 1
0 2 4 2
0 2 5 2
0 2 2 4
1 2 4 4
1 2 5 0
0 3 1 0
Easy316 9
1 2 2 0
1 2 0 0
1 2 0 2
0 2 4 0
0 2 2 2
0 2 2 4
0 2 3 4
1 2 4 4
0 3 5 0
Easy317 10
1 2 2 0
0 2 0 0
0 2 3 1
1 2 1 4
1 2 4 0
1 2 4 2
0 2 4 4
0 3 2 0
1 3 0 3
0 3 5 2
Easy318 11
1 2 2 2
0 2 2 0
1 2 0 4
0 2 4 1
1 2 3 3
0 2 3 4
1 2 4 4
0 3 0 0
0 3 1 0
0 3 5 1
0 3 2 3
Easy319 10
1 2 2 0
1 2 0 1
1 2 0 3
1 2 1 0
1 2 1 2
0 2 4 1
0 2 2 2
0 2 2 4
0 2 3 4
1 2 4 4
Easy320 10
1 2 2 2
1 2 0 2
1 2 1 2
1 2 3 4
0 2 2 4
1 2 4 4
1 2 5 4
0 3 4 0
0 3 5 0
0 3 3 3
Easy321 11
1 2 2 0
0 2 3 2
0 2 5 2
0 2 1 4
1 2 4 2
1 2 4 4
1 2 5 2
1 2 5 4
1 3 0 3
0 3 4 1
1 3 3 0
Easy322 10
1 2 2 3
0 2 2 0
1 2 0 4
1 2 1 0
1 2 3 2
0 2 4 3
0 2 3 4
1 2 5 4
0 3 5 1
0 3 1 3
Easy323 8
1 2 2 0
0 2 1 0
1 2 0 2
0 2 4 0
0 2 2 1
0 2 4 2
0 2 2 4
0 3 3 2
Easy324 9
1 2 2 0
0 2 2 0
1 2 0 4
1 2 1 4
0 2 2 2
0 2 4 4
0 2 5 4
0 3 0 3
1 3 4 1
Easy325 10
1 2 2 2
0 2 5 0
0 2 1 2
0 2 5 2
1 2 4 0
1 2 5 4
1 3 0 0
0 3 4 0
1 3 1 0
0 3 2 3
Easy326 10
1 2 2 2
1 2 0 0
0 2 0 1
0 2 4 1
0 2 2 4
1 2 4 4
1 2 5 4
1 3 0 2
0 3 5 0
0 3 3 3
Easy327 10
1 2 2 0
0 2 3 0
1 2 0 4
0 2 4 1
0 2 3 2
1 2 3 4
1 2 4 2
0 2 4 4
0 3 2 1
1 3 5 1
Easy328 10
1 2 2 1
1 2 1 2
0 2 3 2
0 2 2 3
0 2 3 4
1 2 4 4
1 2 5 1
1 2 5 4
0 3 4 0
0 3 5 0
Easy329 10
1 2 2 0
0 2 1 4
1 2 4 2
1 2 4 4
1 2 5 2
1 2 5 4
0 3 5 0
0 3 4 1
0 3 0 3
1 3 3 1
Easy330 8
1 2 2 0
0 2 1 0
1 2 0 2
0 2 3 2
0 2 1 4
0 3 4 0
0 3 5 0
1 3 4 3
Easy331 11
1 2 2 0
1 2 0 2
0 2 4 0
1 2 1 2
0 2 2 2
0 2 3 2
0 2 4 2
0 2 2 4
0 2 3 4
1 2 4 4
0 3 5 0
Easy332 11
1 2 2 3
1 2 0 0
1 2 0 2
0 2 5 0
1 2 1 2
0 2 5 2
1 2 3 3
0 2 3 4
1 2 4 4
1 2 5 1
0 3 2 2
Easy333 9
1 2 2 2
0 2 1 0
1 2 0 2
0 2 0 1
0 2 5 2
0 2 2 4
0 2 3 4
1 2 4 4
0 3 4 0
Easy334 9
1 2 2 0
1 2 0 3
0 2 5 0
0 2 4 1
1 2 3 1
1 2 3 4
1 3 0 0
0 3 0 3
1 3 4 2
Easy335 10
1 2 2 1
0 2 0 1
0 2 1 4
1 2 4 3
1 2 5 2
1 2 5 4
0 3 5 0
0 3 4 1
0 3 0 3
1 3 3 1
Easy336 9
1 2 2 2
0 2 1 1
0 2 5 2
0 2 0 4
0 2 5 4
1 2 5 3
1 3 0 3
0 3 4 1
0 3 2 3
Easy337 11
1 2 2 1
0 2 2 0
1 2 0 4
0 2 4 2
1 2 3 2
1 2 4 3
0 2 5 4
1 2 5 0
1 2 5 2
0 3 3 0
1 3 4 0
Easy338 11
1 2 2 1
1 2 0 0
0 2 5 0
0 2 3 1
0 2 4 1
1 2 3 3
1 2 4 3
1 2 5 4
1 3 0 2
0 3 5 2
0 3 2 3
Easy339 10
1 2 2 2
0 2 5 0
1 2 1 0
0 2 1 2
0 2 5 2
1 2 4 0
1 2 5 3
1 3 0 0
0 3 4 0
0 3 2 3
Easy340 9
1 2 2 2
0 2 4 1
0 2 5 1
0 2 3 4
1 2 4 4
1 3 0 0
1 3 0 3
1 3 1 0
0 3 2 3
Easy341 9
1 2 2 2
0 2 4 0
0 2 4 2
0 2 2 4
0 2 3 4
1 2 4 4
0 3 0 0
0 3 1 0
0 3 5 0
Easy342 8
1 2 2 2
0 2 2 0
0 2 2 3
1 2 3 3
1 2 4 3
0 3 4 0
0 3 5 3
1 3 5 0
Easy343 8
1 2 2 2
1 2 0 0
0 2 5 0
0 2 4 1
1 2 4 4
1 3 0 2
1 3 1 0
0 3 2 3
Easy344 10
1 2 2 0
1 2 1 0
0 2 5 1
0 2 0 4
0 2 1 4
1 2 4 2
1 2 4 4
0 3 4 1
1 3 3 0
1 3 5 3
Easy345 10
1 2 2 0
0 2 0 0
1 2 0 1
1 2 3 0
1 2 3 2
0 2 1 4
1 2 5 2
1 2 5 4
1 3 0 3
0 3 5 1
Easy346 10
1 2 2 2
0 2 3 0
1 2 0 4
0 2 4 1
0 2 5 1
1 2 3 0
0 2 2 3
0 3 1 0
0 3 5 3
1 3 5 0
Easy347 9
1 2 2 2
0 2 2 0
0 2 3 0
1 2 0 4
0 2 4 2
1 2 4 0
0 2 4 4
0 3 0 0
0 3 5 1
Easy348 11
1 2 2 3
1 2 0 0
1 2 0 2
1 2 0 4
0 2 5 1
0 2 3 3
1 2 4 4
1 2 5 2
1 2 5 4
1 3 1 0
0 3 2 2
Easy349 11
1 2 2 3
1 2 0 0
0 2 4 0
0 2 1 1
0 2 3 3
1 2 4 1
1 2 4 4
1 2 5 1
0 3 5 0
1 3 3 0
1 3 5 3
Easy350 10
1 2 2 0
0 2 0 0
0 2 5 1
0 2 3 2
0 2 3 4
1 2 4 4
1 2 5 4
1 3 0 1
0 3 4 0
0 3 0 3
Easy351 11
1 2 2 1
1 2 0 3
0 2 3 2
0 2 4 2
1 2 3 0
0 2 3 4
1 2 4 4
1 2 5 4
0 3 0 0
0 3 5 0
1 3 1 2
Easy352 9
1 2 2 2
0 2 2 0
0 2 4 1
0 2 5 1
1 2 3 0
0 2 4 3
0 3 0 0
1 3 0 3
1 3 5 2
Easy353 9
1 2 2 3
1 2 1 0
0 2 2 2
0 2 3 4
1 2 4 4
1 3 0 0
0 3 5 0
1 3 1 2
0 3 0 2
Easy354 10
1 2 2 2
1 2 0 0
0 2 2 0
1 2 0 3
0 2 1 1
0 2 4 1
1 2 3 1
0 2 4 3
0 3 5 0
0 3 0 1
Easy355 9
1 2 2 1
0 2 2 0
0 2 0 1
1 2 1 3
0 2 4 2
1 2 4 4
1 2 5 4
0 3 5 1
0 3 3 3
Easy356 10
1 2 2 0
0 2 0 0
1 2 0 4
1 2 3 0
1 2 3 2
0 2 1 4
1 2 5 2
1 2 5 4
1 3 0 1
0 3 5 2
Easy357 10
1 2 2 0
0 2 5 0
0 2 4 2
0 2 5 2
0 2 0 4
0 2 4 4
1 3 0 2
0 3 3 2
1 3 3 0
1 3 5 1
Easy358 9
1 2 2 1
1 2 1 0
0 2 0 2
0 2 0 4
1 2 5 4
0 3 3 0
0 3 4 0
0 3 5 0
1 3 4 3
Easy359 11
1 2 2 3
0 2 1 1
0 2 2 1
0 2 0 2
0 2 1 3
0 2 2 3
0 2 3 4
1 2 4 4
1 2 5 4
0 3 5 0
1 3 3 3
Easy360 11
1 2 2 0
1 2 0 3
1 2 1 2
0 2 3 2
0 2 3 4
1 2 4 4
1 2 5 1
1 2 5 4
0 3 5 0
0 3 4 1
0 3 0 3
Easy361 9
1 2 2 2
1 2 0 1
0 2 1 1
1 2 1 2
0 2 5 2
0 2 2 4
0 2 3 4
1 2 4 4
0 3 4 1
Easy362 9
1 2 2 1
1 2 0 3
0 2 3 2
0 2 3 4
1 2 4 4
1 2 5 4
0 3 5 0
0 3 4 1
0 3 2 3
Easy363 10
1 2 2 1
0 2 2 0
1 2 0 3
0 2 3 1
0 2 4 1
0 2 3 3
0 2 2 4
1 2 4 4
0 3 5 0
1 3 5 3
Easy364 12
1 2 2 2
0 2 2 0
0 2 3 0
1 2 0 4
0 2 4 2
0 2 5 2
0 2 3 3
0 2 2 4
1 2 4 4
1 2 5 0
1 2 5 3
0 3 1 0
Easy365 9
1 2 2 0
1 2 0 3
0 2 5 1
0 2 4 2
0 2 3 3
1 2 4 4
1 2 5 2
0 3 2 0
1 3 3 0
Easy366 9
1 2 2 3
1 2 1 0
0 2 0 2
0 2 2 2
0 2 3 3
1 2 4 4
1 3 0 0
0 3 5 0
1 3 1 2
Easy367 9
1 2 2 1
1 2 0 0
0 2 0 2
0 2 0 4
0 2 2 4
1 2 4 4
0 3 5 1
0 3 3 2
1 3 5 3
Easy368 9
1 2 2 2
1 2 0 0
0 2 1 2
0 2 3 3
1 2 4 1
1 2 4 4
1 2 5 4
0 3 4 0
0 3 5 0
Easy369 11
1 2 2 0
1 2 0 0
1 2 0 2
0 2 5 0
0 2 3 1
0 2 2 2
0 2 3 3
0 2 2 4
1 2 4 4
0 3 4 0
1 3 5 3
Easy370 11
1 2 2 2
0 2 1 0
0 2 4 0
0 2 1 2
0 2 4 2
0 2 2 3
0 2 3 4
1 2 4 4
0 3 0 0
0 3 5 0
1 3 5 0
Easy371 9
1 2 2 1
1 2 0 4
1 2 3 0
1 2 3 2
0 2 1 4
1 2 4 4
1 2 5 2
1 2 5 4
0 3 5 1
Easy372 10
1 2 2 0
1 2 0 2
1 2 0 4
1 2 3 0
0 2 2 3
1 2 3 3
0 2 1 4
1 2 5 2
1 2 5 4
0 3 5 2
Easy373 10
1 2 2 1
0 2 3 1
0 2 4 1
0 2 3 3
1 2 3 4
0 2 0 4
0 2 2 4
1 2 4 4
0 3 5 0
1 3 5 3
Easy374 9
1 2 2 2
1 2 0 0
0 2 5 0
0 2 1 1
0 2 4 1
1 3 0 2
0 3 0 1
0 3 2 3
1 3 3 3
Easy375 10
1 2 2 1
0 2 2 0
0 2 0 1
0 2 3 2
0 2 0 3
0 2 3 4
1 2 5 4
1 3 0 3
1 3 1 3
0 3 5 2
Easy376 9
1 2 2 0
1 2 0 3
0 2 4 1
0 2 5 1
0 2 4 3
1 2 4 2
1 2 5 4
0 3 2 0
1 3 3 0
Easy377 9
1 2 2 0
1 2 0 1
0 2 4 1
0 2 2 2
0 2 2 4
1 2 4 4
1 2 5 4
0 3 5 0
0 3 3 3
Easy378 11
1 2 2 1
1 2 3 0
0 2 4 3
0 2 5 3
0 2 1 4
1 2 4 2
1 2 5 2
1 2 5 4
0 3 0 0
1 3 0 3
0 3 3 1
Easy379 10
1 2 2 3
1 2 0 2
1 2 0 4
1 2 3 0
1 2 3 2
0 2 4 3
0 2 3 4
1 2 5 4
0 3 0 0
0 3 5 1
Easy380 9
1 2 2 2
0 2 2 0
1 2 0 4
0 2 0 1
1 2 1 3
0 2 4 2
1 2 4 4
0 3 5 1
0 3 3 3
Easy381 10
1 2 2 3
1 2 0 0
1 2 0 2
0 2 4 0
0 2 0 1
0 2 2 1
1 2 4 4
0 3 5 1
0 3 3 3
1 3 5 0
Easy382 10
1 2 2 3
1 2 0 3
0 2 3 4
1 2 4 4
1 2 5 1
1 2 5 4
0 3 0 0
0 3 5 0
1 3 1 2
0 3 2 2
Easy383 10
1 2 2 2
1 2 0 0
1 2 0 2
0 2 2 3
0 2 3 4
1 2 4 4
0 3 4 0
0 3 5 0
0 3 0 1
1 3 5 0
Easy384 10
1 2 2 0
0 2 3 0
1 2 0 4
0 2 5 1
1 2 3 0
0 2 4 3
0 2 0 4
1 2 5 2
1 2 5 4
0 3 2 2
Easy385 8
1 2 2 2
0 2 2 0
0 2 2 3
1 2 3 4
1 2 4 4
0 3 4 0
0 3 3 3
1 3 5 0
Easy386 10
1 2 2 0
1 2 0 4
1 2 1 3
0 2 4 3
0 2 0 4
1 2 4 1
1 2 5 1
1 2 5 3
0 3 2 0
0 3 3 2
Easy387 8
1 2 2 2
0 2 5 1
1 2 3 4
1 2 4 4
1 2 5 4
0 3 4 0
0 3 2 3
0 3 3 3
Easy388 10
1 2 2 0
1 2 0 1
0 2 4 0
0 2 5 0
0 2 2 2
0 2 1 4
0 2 2 4
0 3 3 0
1 3 1 0
1 3 5 3
Easy389 9
1 2 2 2
0 2 2 0
1 2 0 3
0 2 4 1
0 2 4 3
0 2 3 4
0 3 0 0
0 3 5 0
1 3 4 0
Easy390 10
1 2 2 2
1 2 1 0
1 2 1 2
0 2 3 3
1 2 4 1
1 2 4 4
1 3 0 1
0 3 4 0
0 3 5 0
1 3 5 3
Easy391 10
1 2 2 2
1 2 0 0
0 2 2 0
0 2 3 0
1 2 0 4
0 2 4 1
0 2 5 1
0 2 4 3
0 2 5 3
1 3 3 1
Easy392 10
1 2 2 1
0 2 1 0
0 2 2 0
1 2 0 3
0 2 5 0
0 2 3 1
0 2 4 1
1 2 4 4
0 3 0 0
0 3 3 3
Easy393 9
1 2 2 1
0 2 3 2
0 2 4 2
0 2 3 4
1 2 4 4
1 2 5 4
1 3 0 2
0 3 5 1
0 3 2 3
Easy394 9
1 2 2 1
0 2 0 1
0 2 3 1
0 2 5 1
0 2 0 3
0 2 1 3
1 2 3 4
0 3 4 0
0 3 2 3
Easy395 10
1 2 2 1
1 2 0 0
1 2 0 2
1 2 1 2
0 2 3 2
0 2 2 4
0 2 3 4
1 2 4 4
0 3 4 0
0 3 5 0
Easy396 10
1 2 2 2
0 2 2 0
1 2 0 4
0 2 4 2
0 2 5 2
0 2 2 4
1 2 5 0
1 2 5 3
0 3 1 0
1 3 4 3
Easy397 9
1 2 2 0
0 2 0 0
0 2 4 1
0 2 2 2
1 2 3 4
1 2 5 4
0 3 5 0
1 3 1 1
0 3 3 3
Easy398 9
1 2 2 1
0 2 2 0
1 2 1 0
0 2 1 3
0 2 3 4
1 2 4 4
1 2 5 1
0 3 5 1
1 3 3 2
Easy399 8
1 2 2 2
0 2 1 1
0 2 5 3
0 2 0 4
0 2 2 4
1 2 5 4
0 3 4 2
1 3 3 0
Easy400 10
1 2 2 2
1 2 0 0
0 2 5 0
0 2 1 1
0 2 3 3
1 2 4 0
0 2 2 4
1 2 4 4
0 3 4 0
1 3 5 3
Easy401 10
1 2 2 1
0 2 2 0
0 2 3 1
0 2 4 2
1 2 3 1
0 2 3 3
1 2 4 4
1 3 0 3
0 3 5 1
1 3 5 3
Easy402 9
1 2 2 0
0 2 1 0
1 2 0 2
0 2 4 0
0 2 2 1
0 2 3 1
1 2 4 3
0 2 5 4
0 3 2 3
Easy403 10
1 2 2 0
0 2 3 0
1 2 0 4
1 2 3 4
0 2 4 4
0 2 5 4
1 2 5 0
1 2 5 2
0 3 2 1
1 3 4 1
Easy404 10
1 2 2 2
0 2 1 0
0 2 2 0
0 2 5 1
0 2 4 2
1 2 3 2
0 2 4 4
0 3 0 0
1 3 0 3
0 3 1 2
Easy405 10
1 2 2 0
1 2 0 4
0 2 4 3
1 2 4 0
1 2 4 2
0 2 5 4
1 2 5 1
1 2 5 3
0 3 2 0
0 3 3 0
Easy406 9
1 2 2 1
0 2 1 0
0 2 2 0
0 2 3 1
1 2 3 1
1 2 3 3
1 2 5 4
1 3 0 3
0 3 5 2
Easy407 11
1 2 2 3
0 2 3 0
1 2 0 4
0 2 2 1
0 2 5 1
0 2 4 3
1 2 4 0
1 2 5 0
0 3 1 0
1 3 3 0
0 3 5 3
Easy408 10
1 2 2 2
0 2 5 2
0 2 0 3
0 2 2 4
0 2 3 4
1 2 4 4
1 2 5 0
1 2 5 4
0 3 4 1
1 3 3 1
Easy409 10
1 2 2 3
1 2 0 0
1 2 0 2
0 2 5 0
0 2 5 2
1 2 3 3
0 2 3 4
1 2 4 4
0 3 2 2
1 3 5 0
Easy410 9
1 2 2 3
1 2 0 1
0 2 4 0
0 2 2 2
1 2 4 4
1 2 5 4
0 3 5 0
1 3 1 1
0 3 3 3
Easy411 10
1 2 2 1
1 2 0 3
0 2 5 0
0 2 3 2
0 2 4 2
0 2 2 4
0 2 3 4
1 2 4 4
1 3 0 0
1 3 1 2
Easy412 10
1 2 2 0
0 2 0 0
0 2 3 2
0 2 5 2
0 2 0 4
0 2 3 4
1 2 4 4
1 2 5 4
1 3 0 3
0 3 4 1
Easy413 9
1 2 2 2
0 2 2 0
1 2 0 4
0 2 5 1
0 2 4 2
0 2 2 4
1 2 5 0
0 3 0 0
1 3 4 3
Easy414 11
1 2 2 1
1 2 1 1
0 2 3 1
0 2 4 1
1 2 3 1
0 2 3 3
1 2 3 4
0 2 2 4
1 2 4 4
0 3 5 0
1 3 5 3
Easy415 9
1 2 2 3
0 2 1 0
1 2 0 3
0 2 0 4
0 2 3 4
1 2 4 4
1 2 5 1
0 3 2 0
0 3 5 0
Easy416 11
1 2 2 0
1 2 0 2
0 2 3 1
0 2 5 1
0 2 2 2
0 2 3 3
1 2 3 4
1 2 5 1
1 2 5 3
0 3 4 0
1 3 1 0
Easy417 10
1 2 2 1
0 2 2 0
1 2 1 3
0 2 5 1
0 2 3 2
0 2 4 2
0 2 3 4
1 2 4 4
1 3 0 3
1 3 3 0
Easy418 10
1 2 2 2
0 2 0 0
0 2 4 0
0 2 0 2
0 2 4 2
0 2 5 2
0 2 2 3
1 2 4 4
0 3 1 0
1 3 5 0
Easy419 9
1 2 2 0
0 2 0 0
1 2 0 1
0 2 4 0
0 2 5 1
0 2 2 2
0 2 2 4
0 3 1 3
1 3 4 3
Easy420 11
1 2 2 3
0 2 0 0
0 2 3 0
1 2 0 4
0 2 2 1
0 2 5 1
0 2 3 3
0 2 2 4
1 2 4 4
0 3 1 0
1 3 3 0
Easy421 9
1 2 2 0
0 2 0 0
1 2 0 1
0 2 4 0
0 2 2 1
1 2 4 3
0 2 5 4
0 3 3 0
0 3 2 3
Easy422 11
1 2 2 0
1 2 0 2
0 2 5 0
0 2 2 1
0 2 5 2
0 2 2 3
1 2 3 3
0 2 3 4
1 2 4 4
1 2 5 4
0 3 4 0
Easy423 10
1 2 2 0
0 2 5 2
1 2 3 0
1 2 3 2
0 2 0 4
1 2 5 2
1 2 5 4
1 3 1 0
0 3 4 1
1 3 4 3
Easy424 9
1 2 2 0
0 2 3 0
0 2 5 2
1 2 3 2
0 2 2 4
1 2 5 4
1 3 0 0
0 3 4 2
0 3 0 3
Easy425 10
1 2 2 0
1 2 0 0
1 2 0 2
0 2 4 0
0 2 5 0
0 2 3 1
0 2 3 4
1 2 4 4
1 2 5 1
0 3 2 2
Easy426 10
1 2 2 2
0 2 0 0
0 2 4 2
1 2 3 1
0 2 2 4
1 2 4 4
1 2 5 0
0 3 5 0
0 3 0 2
0 3 3 3
Easy427 11
1 2 2 1
0 2 2 0
1 2 1 4
0 2 4 2
1 2 3 2
1 2 4 3
0 2 5 4
1 2 5 0
1 2 5 2
0 3 3 0
1 3 4 0
Easy428 11
1 2 2 1
1 2 0 3
0 2 5 0
0 2 3 1
0 2 4 1
0 2 2 3
0 2 3 3
1 2 3 4
1 2 4 4
1 2 5 3
1 3 0 0
Easy429 10
1 2 2 2
0 2 0 0
1 2 0 2
0 2 2 3
0 2 3 4
1 2 4 4
0 3 4 0
0 3 5 0
0 3 0 2
1 3 5 0
Easy430 12
1 2 2 1
1 2 0 0
1 2 0 2
0 2 4 0
1 2 1 2
0 2 2 3
1 2 3 4
1 2 4 0
0 2 4 4
1 2 5 0
1 2 5 2
0 3 3 2
Easy431 11
1 2 2 0
1 2 0 2
0 2 4 0
1 2 1 2
0 2 2 2
0 2 4 2
0 2 2 4
0 2 3 4
1 2 4 4
1 2 5 4
0 3 5 0
Easy432 10
1 2 2 3
0 2 3 0
1 2 0 4
0 2 5 1
0 2 2 2
1 2 3 0
0 3 0 0
0 3 1 0
0 3 5 3
1 3 4 0
Easy433 10
1 2 2 0
1 2 0 1
0 2 3 1
0 2 4 1
0 2 5 1
1 2 4 3
0 2 5 4
1 3 0 3
0 3 2 2
1 3 5 1
Easy434 10
1 2 2 0
0 2 3 1
0 2 5 2
1 2 3 0
1 2 3 2
0 2 1 4
1 2 4 2
1 2 4 4
1 2 5 4
0 3 4 1
Easy435 10
1 2 2 2
0 2 1 0
0 2 2 0
0 2 4 1
0 2 1 2
0 2 5 2
0 2 4 3
0 3 0 0
1 3 0 3
1 3 5 0
Easy436 9
1 2 2 3
0 2 4 0
0 2 2 1
0 2 0 3
1 2 4 4
1 2 5 4
1 3 0 0
0 3 5 0
0 3 3 3
Easy437 10
1 2 2 0
1 2 1 0
0 2 5 1
1 2 3 0
1 2 3 2
0 2 0 4
1 2 4 1
1 2 4 3
1 3 0 3
0 3 4 1
Easy438 12
1 2 2 2
0 2 0 0
1 2 0 2
0 2 5 0
0 2 5 2
0 2 2 3
1 2 3 3
0 2 3 4
1 2 4 4
1 2 5 1
1 2 5 4
0 3 4 0
Easy439 9
1 2 2 0
0 2 1 0
0 2 4 0
1 2 1 2
0 2 5 1
0 2 2 2
0 2 4 2
0 2 2 4
0 3 3 2
Easy440 10
1 2 2 2
0 2 2 0
0 2 4 1
0 2 5 1
1 2 3 2
0 2 4 3
0 2 3 4
1 2 5 4
0 3 0 0
1 3 0 3
Easy441 9
1 2 2 0
1 2 0 0
1 2 0 2
0 2 4 0
0 2 5 1
0 2 2 2
0 2 2 4
1 2 4 4
1 3 1 0
Easy442 11
1 2 2 0
0 2 3 0
1 2 0 4
0 2 4 1
1 2 4 0
1 2 4 2
0 2 5 4
1 2 5 0
0 3 2 1
1 3 3 3
1 3 5 2
Easy443 12
1 2 2 1
0 2 2 0
1 2 0 4
1 2 1 4
0 2 4 2
0 2 5 2
0 2 4 4
0 2 5 4
1 2 5 0
1 2 5 2
0 3 3 0
1 3 4 1
Easy444 9
1 2 2 2
0 2 2 0
1 2 3 4
0 2 2 4
1 2 4 4
1 2 5 4
0 3 4 0
0 3 5 0
0 3 3 3
Easy445 8
1 2 2 1
0 2 2 0
0 2 3 2
0 2 5 2
0 2 1 4
0 2 5 4
1 3 0 3
1 3 4 2
Easy446 10
1 2 2 0
0 2 4 1
0 2 5 1
1 2 3 4
1 2 4 3
0 2 5 4
1 2 5 1
1 2 5 3
0 3 3 1
0 3 2 2
Easy447 10
1 2 2 0
1 2 1 0
0 2 3 2
0 2 5 2
1 2 4 2
1 2 4 4
1 2 5 2
1 2 5 4
0 3 4 0
0 3 0 3
Easy448 9
1 2 2 2
0 2 2 0
1 2 0 4
0 2 4 1
1 2 4 3
0 2 5 4
0 3 0 0
1 3 3 0
1 3 4 0
Easy449 11
1 2 2 3
1 2 0 0
1 2 1 0
0 2 2 2
0 2 3 3
1 2 3 4
1 2 4 4
1 2 5 1
1 2 5 3
0 3 5 0
1 3 1 2
Easy450 10
1 2 2 2
0 2 0 0
1 2 0 2
0 2 1 1
0 2 3 3
0 2 2 4
1 2 4 4
0 3 4 0
0 3 5 0
1 3 5 3
Easy451 10
1 2 2 3
0 2 3 0
1 2 0 4
0 2 5 2
1 2 4 1
1 2 4 3
0 2 5 4
0 3 2 0
0 3 0 2
1 3 5 0
Easy452 11
1 2 2 2
1 2 0 0
0 2 1 1
0 2 0 2
1 2 3 1
0 2 3 3
0 2 2 4
1 2 4 4
1 2 5 3
0 3 4 0
0 3 5 0
Easy453 10
1 2 2 1
0 2 1 0
0 2 2 0
0 2 4 1
0 2 5 1
0 2 3 2
1 2 3 0
0 2 4 3
0 3 0 0
1 3 0 3
Easy454 11
1 2 2 2
0 2 2 0
0 2 3 0
1 2 0 4
0 2 0 1
0 2 1 1
0 2 4 1
0 2 5 2
0 2 4 3
0 2 5 4
1 3 3 1
Easy455 11
1 2 2 0
1 2 0 0
0 2 5 0
1 2 1 0
1 2 1 2
0 2 4 1
0 2 2 2
1 2 3 4
1 2 4 0
1 2 4 2
1 3 0 2
Easy456 9
1 2 2 1
1 2 0 2
0 2 4 2
0 2 2 4
1 2 4 4
1 2 5 0
0 3 0 0
0 3 5 0
0 3 3 2
Easy457 10
1 2 2 2
0 2 2 0
1 2 0 4
0 2 4 1
0 2 5 1
0 2 3 4
1 2 5 0
0 3 0 0
0 3 4 3
1 3 4 0
Easy458 8
1 2 2 0
0 2 3 0
0 2 5 0
0 2 2 2
0 2 2 4
1 2 4 3
1 3 0 0
0 3 5 2
Easy459 10
1 2 2 1
1 2 0 1
0 2 0 1
1 2 1 2
0 2 2 4
1 2 4 4
0 3 4 1
0 3 5 1
0 3 3 2
1 3 5 3
Easy460 10
1 2 2 3
1 2 0 0
1 2 0 2
0 2 4 0
0 2 2 1
1 2 4 4
1 2 5 4
0 3 5 0
0 3 0 2
0 3 3 3
Easy461 11
1 2 2 2
1 2 1 2
0 2 5 1
0 2 0 3
1 2 3 4
1 2 4 1
0 2 3 4
1 2 4 4
1 2 5 4
1 3 0 1
0 3 4 0
Easy462 12
1 2 2 3
0 2 0 0
1 2 1 1
1 2 1 3
0 2 1 2
0 2 2 2
0 2 2 4
0 2 3 4
1 2 4 4
1 2 5 4
0 3 5 0
1 3 3 3
Easy463 11
1 2 2 3
1 2 0 0
0 2 4 0
0 2 1 1
1 2 1 2
0 2 3 3
0 2 0 4
1 2 5 4
0 3 5 1
1 3 3 0
1 3 5 1
Easy464 11
1 2 2 2
1 2 1 2
0 2 5 2
1 2 4 1
0 2 3 4
1 2 4 4
1 2 5 1
1 2 5 4
1 3 0 3
0 3 4 1
1 3 3 1
Easy465 9
1 2 2 0
1 2 1 2
0 2 5 2
0 2 0 4
1 2 4 4
0 3 4 0
0 3 3 2
1 3 3 0
1 3 5 3
Easy466 9
1 2 2 2
1 2 0 2
1 2 1 2
1 2 3 4
0 2 3 4
1 2 4 4
0 3 4 0
0 3 5 0
0 3 2 3
Easy467 12
1 2 2 2
1 2 0 1
1 2 1 0
1 2 1 2
0 2 5 1
0 2 0 2
1 2 3 1
0 2 3 3
0 2 2 4
1 2 4 4
0 3 4 1
1 3 5 3
Easy468 9
1 2 2 2
0 2 2 0
1 2 0 3
0 2 4 2
1 2 3 0
0 2 4 4
0 3 1 0
0 3 5 0
1 3 5 0
Easy469 10
1 2 2 1
0 2 2 0
1 2 0 3
0 2 3 2
0 2 2 4
0 2 3 4
1 2 4 4
1 2 5 4
0 3 5 0
0 3 4 1
Easy470 11
1 2 2 0
0 2 3 1
1 2 1 4
0 2 4 3
1 2 4 0
1 2 4 2
1 2 5 2
1 2 5 4
0 3 2 0
1 3 0 3
0 3 5 2
Easy471 10
1 2 2 0
0 2 1 0
1 2 0 2
0 2 5 0
0 2 0 4
1 2 4 4
0 3 4 0
0 3 3 2
1 3 3 0
1 3 5 3
Easy472 11
1 2 2 0
0 2 0 0
0 2 5 1
0 2 3 2
1 2 3 4
0 2 3 4
1 2 4 4
1 2 5 4
1 3 0 1
0 3 4 0
0 3 0 3
Easy473 9
1 2 2 2
0 2 2 0
1 2 0 3
0 2 5 1
0 2 4 2
1 2 3 0
0 2 4 4
0 3 0 0
0 3 1 0
Easy474 9
1 2 2 1
0 2 5 2
0 2 3 3
0 2 1 4
0 2 2 4
1 2 4 4
0 3 4 1
1 3 3 0
1 3 5 3
Easy475 11
1 2 2 2
0 2 0 1
0 2 5 1
0 2 0 3
0 2 1 3
1 2 3 2
1 2 3 4
0 2 2 4
1 2 4 3
1 2 5 3
0 3 4 0
Easy476 9
1 2 2 1
0 2 4 2
0 2 5 2
0 2 2 4
1 2 5 0
1 2 5 3
0 3 0 0
0 3 3 0
1 3 4 3
Easy477 10
1 2 2 1
1 2 0 2
1 2 1 2
0 2 3 2
0 2 5 2
0 2 3 4
1 2 4 4
1 2 5 4
0 3 4 0
0 3 2 3
Easy478 10
1 2 2 0
0 2 0 0
1 2 0 1
0 2 4 0
0 2 2 1
0 2 5 1
0 2 4 2
0 2 5 3
0 3 1 3
0 3 2 3
Easy479 9
1 2 2 0
0 2 2 1
0 2 0 3
0 2 3 4
1 2 5 4
1 3 0 0
0 3 5 0
0 3 1 3
1 3 3 2
Easy480 11
1 2 2 2
0 2 2 0
0 2 4 1
0 2 5 1
1 2 3 0
0 2 3 3
0 2 4 3
0 2 5 3
0 3 0 0
1 3 0 3
1 3 5 3
Easy481 8
1 2 2 1
0 2 0 1
0 2 5 3
0 2 1 4
0 2 2 4
0 3 4 2
1 3 3 0
1 3 5 3
Easy482 10
1 2 2 2
0 2 2 0
1 2 0 4
1 2 1 4
0 2 4 2
0 2 5 2
0 2 2 3
0 3 0 0
0 3 1 0
1 3 4 3
Easy483 10
1 2 2 1
0 2 0 0
1 2 0 1
0 2 4 0
0 2 2 4
1 2 4 4
1 2 5 0
0 3 5 0
0 3 0 2
0 3 3 3
Easy484 9
1 2 2 1
1 2 1 2
0 2 3 2
0 2 3 4
1 2 4 4
1 2 5 4
1 3 0 1
0 3 4 0
0 3 2 3
Easy485 8
1 2 2 0
0 2 3 0
0 2 2 2
1 2 4 0
0 2 2 4
1 2 4 3
0 2 5 4
1 3 0 0
Easy486 11
1 2 2 2
1 2 0 0
1 2 0 2
0 2 0 1
1 2 1 2
0 2 5 2
1 2 3 0
0 2 2 4
1 2 4 4
0 3 4 0
0 3 3 3
Easy487 10
1 2 2 2
0 2 0 0
0 2 1 1
1 2 1 2
0 2 5 2
0 2 3 3
0 2 2 4
1 2 4 4
0 3 4 0
1 3 5 3
Easy488 11
1 2 2 1
1 2 0 0
1 2 0 2
0 2 4 0
1 2 1 0
1 2 1 2
0 2 5 1
0 2 3 2
0 2 3 4
1 2 4 4
0 3 2 3
Easy489 10
1 2 2 0
0 2 5 0
0 2 2 1
0 2 2 3
0 2 3 3
1 2 3 4
1 2 5 0
1 2 5 2
1 3 0 0
0 3 4 0
Easy490 11
1 2 2 0
0 2 3 0
1 2 0 4
0 2 3 2
0 2 4 2
1 2 4 1
1 2 4 3
0 2 5 4
1 2 5 3
0 3 2 0
1 3 3 0
Easy491 9
1 2 2 2
0 2 2 0
1 2 0 3
0 2 5 1
0 2 4 2
0 2 4 4
0 3 0 0
0 3 1 0
0 3 2 3
Easy492 10
1 2 2 3
0 2 3 3
0 2 4 3
0 2 1 4
1 2 5 2
1 2 5 4
1 3 0 2
0 3 5 0
1 3 1 2
1 3 3 0
Easy493 9
1 2 2 0
0 2 1 0
1 2 0 2
0 2 4 0
0 2 3 1
0 2 5 1
0 2 2 2
0 2 4 2
0 2 2 4
Easy494 10
1 2 2 0
0 2 3 0
1 2 0 4
0 2 4 1
1 2 4 1
0 2 5 4
1 2 5 0
0 3 2 0
1 3 3 3
1 3 5 2
Easy495 10
1 2 2 0
0 2 0 0
1 2 0 1
0 2 3 0
0 2 4 0
0 2 5 0
0 2 2 2
0 2 3 2
0 2 2 4
0 3 5 2
Easy496 11
1 2 2 1
1 2 0 1
0 2 3 1
0 2 4 1
0 2 3 3
1 2 3 4
0 2 0 4
0 2 2 4
1 2 4 4
0 3 5 0
1 3 5 3
Easy497 11
1 2 2 1
0 2 0 0
0 2 5 1
0 2 0 2
0 2 3 2
1 2 3 4
0 2 3 4
1 2 4 4
1 2 5 4
1 3 0 1
0 3 4 0
Easy498 9
1 2 2 0
0 2 1 0
0 2 4 3
1 2 4 0
1 2 4 2
0 2 5 4
1 2 5 2
1 3 0 3
0 3 3 1
Easy499 10
1 2 2 0
0 2 1 0
1 2 0 2
0 2 4 0
0 2 2 1
0 2 5 2
0 2 2 4
0 3 0 3
1 3 3 1
1 3 4 3
Easy500 10
1 2 2 0
1 2 0 4
1 2 3 0
1 2 3 3
0 2 1 4
1 2 5 2
1 2 5 4
1 3 0 1
1 3 1 0
0 3 5 2
Easy501 9
1 2 2 0
0 2 1 0
1 2 0 2
0 2 4 0
0 2 5 0
0 2 3 2
0 2 3 4
0 3 2 1
0 3 4 2
Easy502 10
1 2 2 1
0 2 5 1
0 2 0 2
0 2 0 4
0 2 1 4
1 2 4 2
1 2 4 4
0 3 4 1
1 3 3 1
1 3 5 3
Easy503 10
1 2 2 0
1 2 0 0
1 2 0 2
0 2 4 0
0 2 5 0
0 2 3 2
0 2 3 4
1 2 4 4
0 3 2 2
1 3 5 0
Easy504 9
1 2 2 0
0 2 3 0
0 2 5 0
0 2 2 1
0 2 0 4
1 2 5 3
1 3 0 0
0 3 4 0
0 3 2 3
Easy505 8
1 2 2 2
0 2 5 1
0 2 2 4
1 2 4 4
1 2 5 4
1 3 0 3
0 3 4 1
1 3 3 0
Easy506 9
1 2 2 1
0 2 4 1
1 2 3 0
0 2 2 3
1 2 4 3
1 2 5 2
0 3 0 0
0 3 3 0
0 3 5 2
Easy507 11
1 2 2 1
0 2 2 0
1 2 0 4
1 2 1 4
0 2 4 2
1 2 4 3
0 2 5 4
1 2 5 0
1 2 5 2
0 3 3 0
1 3 4 0
Easy508 9
1 2 2 0
1 2 3 0
1 2 3 2
0 2 1 4
1 2 5 2
1 2 5 4
1 3 0 3
1 3 1 0
0 3 5 1
Easy509 10
1 2 2 1
0 2 1 0
0 2 5 0
0 2 3 1
0 2 4 1
0 2 2 4
1 2 5 0
0 3 0 0
1 3 0 2
1 3 4 3
Easy510 10
1 2 2 1
0 2 1 0
0 2 2 0
1 2 0 4
0 2 3 2
0 2 1 3
1 2 4 2
0 2 4 4
0 2 5 4
1 3 1 3
Easy511 10
1 2 2 0
1 2 0 0
1 2 0 2
0 2 5 0
0 2 2 2
0 2 0 4
1 2 4 1
0 2 3 4
1 2 4 4
0 3 4 0
Easy512 9
1 2 2 2
0 2 4 0
0 2 4 2
0 2 2 4
1 2 4 4
1 2 5 0
0 3 0 0
0 3 1 0
0 3 5 0
Easy513 10
1 2 2 2
0 2 3 0
1 2 0 4
0 2 4 1
0 2 5 1
0 2 2 3
0 2 5 3
1 2 4 0
1 2 5 0
0 3 1 0
Easy514 11
1 2 2 0
0 2 0 0
1 2 0 1
0 2 3 0
0 2 5 0
0 2 2 1
1 2 4 2
1 2 4 4
0 3 4 0
0 3 1 3
1 3 5 3
Easy515 10
1 2 2 2
0 2 2 0
0 2 5 1
0 2 4 2
0 2 4 4
1 2 5 0
1 2 5 2
0 3 0 0
0 3 1 0
1 3 0 3
Easy516 9
1 2 2 2
0 2 5 0
1 2 1 0
0 2 1 2
1 2 4 1
0 2 3 4
1 2 4 4
1 2 5 4
0 3 4 0
Easy517 9
1 2 2 2
0 2 0 1
0 2 1 1
0 2 5 3
0 2 1 4
0 2 2 4
1 2 5 4
0 3 4 2
1 3 3 1
Easy518 10
1 2 2 0
1 2 0 0
1 2 0 2
0 2 5 0
0 2 0 4
1 2 4 4
0 3 4 0
0 3 3 2
1 3 3 0
1 3 5 3
Easy519 9
1 2 2 0
0 2 0 0
0 2 2 0
1 2 0 4
1 2 1 3
0 2 2 2
0 2 4 4
0 2 5 4
1 3 4 0
Easy520 11
1 2 2 2
0 2 1 0
0 2 2 0
0 2 5 1
0 2 4 2
0 2 3 4
0 2 4 4
0 3 0 0
1 3 0 3
0 3 1 2
1 3 5 0
Easy521 11
1 2 2 1
1 2 0 0
0 2 5 1
0 2 1 3
1 2 3 2
1 2 3 4
0 2 3 4
1 2 4 4
0 3 4 0
0 3 0 2
1 3 5 0
Easy522 9
1 2 2 0
0 2 1 0
1 2 0 2
0 2 3 2
1 2 3 4
0 2 1 4
0 3 4 0
0 3 5 0
1 3 4 3
Easy523 9
1 2 2 0
0 2 0 0
1 2 0 1
0 2 4 0
0 2 2 1
0 2 5 1
0 2 4 2
0 3 1 3
0 3 2 3
Easy524 9
1 2 2 0
1 2 1 0
1 2 3 0
1 2 3 2
0 2 1 4
1 2 5 2
1 2 5 4
1 3 0 3
0 3 5 1
Easy525 10
1 2 2 1
0 2 1 0
0 2 2 0
1 2 0 3
0 2 5 0
0 2 3 1
0 2 2 3
1 2 4 4
0 3 0 0
0 3 3 3
Easy526 10
1 2 2 2
0 2 3 0
0 2 0 1
0 2 5 1
1 2 3 0
0 2 2 4
1 2 4 4
1 2 5 4
1 3 0 0
0 3 4 0
Easy527 9
1 2 2 0
0 2 2 2
0 2 3 2
0 2 5 2
0 2 5 4
1 3 0 2
1 3 1 3
0 3 0 3
1 3 4 1
Easy528 9
1 2 2 0
0 2 0 0
1 2 0 1
0 2 2 1
0 2 4 1
0 2 5 4
1 3 0 3
0 3 1 3
1 3 4 2
Easy529 10
1 2 2 0
1 2 0 2
0 2 3 2
0 2 5 2
0 2 1 4
1 2 4 2
1 2 4 4
1 2 5 4
0 3 4 0
1 3 1 1
Easy530 9
1 2 2 1
0 2 2 0
0 2 2 3
1 2 3 4
1 2 4 3
0 2 5 4
0 3 4 0
0 3 3 1
1 3 5 1
Easy531 10
1 2 2 2
0 2 2 0
1 2 0 3
1 2 1 3
0 2 4 2
1 2 4 0
0 2 4 4
0 3 0 0
0 3 1 0
0 3 5 0
Easy532 9
1 2 2 0
1 2 0 0
1 2 0 2
0 2 3 2
0 2 1 4
1 2 5 4
0 3 4 0
0 3 5 0
1 3 4 3
Easy533 11
1 2 2 2
0 2 0 0
0 2 1 0
0 2 0 2
0 2 5 2
1 2 3 2
0 2 2 4
1 2 4 4
0 3 4 1
0 3 1 2
1 3 5 3
Easy534 9
1 2 2 2
0 2 4 1
1 2 3 4
0 2 2 4
1 2 5 4
1 3 0 2
0 3 5 0
0 3 0 3
0 3 3 3
Easy535 8
1 2 2 0
0 2 2 1
0 2 3 1
0 2 5 2
0 2 0 3
0 2 5 4
1 3 0 2
1 3 4 1
Easy536 10
1 2 2 0
0 2 0 0
1 2 0 1
0 2 3 0
0 2 2 1
0 2 1 3
1 2 4 2
1 2 4 4
0 3 4 0
0 3 5 0
Easy537 10
1 2 2 2
1 2 0 0
1 2 0 2
0 2 0 1
1 2 1 2
0 2 5 1
1 2 3 3
0 2 2 4
1 2 4 3
0 3 4 0
Easy538 9
1 2 2 2
0 2 1 1
0 2 5 1
0 2 5 3
0 2 0 4
0 2 2 4
1 2 5 4
0 3 4 2
1 3 3 0
Easy539 10
1 2 2 2
0 2 2 0
0 2 1 1
0 2 4 1
0 2 5 1
1 2 3 0
0 2 4 3
0 2 1 4
0 3 0 0
1 3 0 3
Easy540 10
1 2 2 0
1 2 1 2
0 2 5 1
1 2 4 1
0 2 3 4
1 2 4 4
1 2 5 4
1 3 0 3
0 3 4 1
0 3 0 3
Easy541 11
1 2 2 0
0 2 0 0
1 2 1 1
0 2 3 1
0 2 5 2
0 2 3 4
1 2 4 4
1 2 5 4
1 3 0 1
0 3 4 0
1 3 3 2
Easy542 11
1 2 2 0
0 2 0 0
1 2 0 1
0 2 3 0
0 2 2 1
0 2 5 1
1 2 3 0
0 2 5 3
0 2 1 4
1 2 4 2
0 3 4 2
Easy543 11
1 2 2 3
1 2 0 0
0 2 4 0
1 2 1 0
0 2 1 2
1 2 4 1
0 2 3 4
1 2 4 4
0 3 5 0
1 3 3 3
1 3 5 0
Easy544 9
1 2 2 0
0 2 5 0
0 2 2 1
0 2 4 1
1 2 3 2
1 2 3 4
0 2 5 4
1 3 0 2
1 3 4 2
Easy545 10
1 2 2 0
1 2 0 2
1 2 0 4
0 2 5 1
0 2 2 2
0 2 3 2
1 2 3 4
0 2 2 4
1 2 4 3
1 3 1 0
Easy546 10
1 2 2 0
0 2 1 0
1 2 0 4
1 2 3 3
0 2 3 4
1 2 4 4
1 2 5 1
1 3 1 2
0 3 5 1
0 3 2 2
Easy547 11
1 2 2 3
0 2 3 0
1 2 0 4
0 2 2 1
1 2 1 4
0 2 5 2
0 2 2 3
0 2 3 3
0 2 4 3
0 2 5 4
0 3 0 0
Easy548 10
1 2 2 2
0 2 3 0
1 2 0 4
0 2 5 1
1 2 3 0
0 2 5 3
1 2 4 0
0 2 2 4
1 2 5 0
0 3 1 0
Easy549 11
1 2 2 2
0 2 1 0
0 2 2 0
0 2 4 1
0 2 5 1
0 2 4 3
0 2 3 4
1 2 5 0
1 3 0 3
0 3 0 1
0 3 1 2
Easy550 8
1 2 2 0
0 2 4 0
0 2 5 0
0 2 2 1
0 2 5 2
1 3 0 0
1 3 3 2
1 3 4 3
Easy551 11
1 2 2 0
1 2 0 2
1 2 1 2
0 2 2 2
0 2 3 2
0 2 5 2
0 2 2 4
0 2 3 4
1 2 4 4
1 2 5 4
0 3 4 0
Easy552 10
1 2 2 1
1 2 0 0
0 2 5 0
0 2 3 1
0 2 4 1
0 2 2 4
1 2 5 0
1 3 0 2
0 3 0 1
1 3 4 3
Easy553 10
1 2 2 1
1 2 0 0
1 2 0 2
0 2 4 0
0 2 5 0
1 2 1 2
0 2 3 2
0 2 2 4
0 2 3 4
1 2 4 4
Easy554 9
1 2 2 0
0 2 0 0
1 2 0 1
0 2 4 0
0 2 2 1
0 2 4 2
0 2 2 3
0 3 3 0
0 3 5 0
Easy555 10
1 2 2 2
0 2 3 0
1 2 0 4
0 2 2 4
1 2 4 3
1 2 5 0
1 2 5 3
0 3 4 1
1 3 3 0
0 3 5 3
Easy556 11
1 2 2 0
0 2 5 0
1 2 1 0
1 2 1 2
0 2 3 2
1 2 3 4
1 2 4 1
1 2 4 3
1 2 5 4
1 3 0 1
0 3 4 0
Easy557 9
1 2 2 1
0 2 0 1
0 2 3 3
0 2 5 3
0 2 1 4
0 2 2 4
0 3 4 1
1 3 3 0
1 3 5 3
Easy558 11
1 2 2 2
1 2 0 2
1 2 1 2
1 2 3 4
1 2 4 0
0 2 2 4
0 2 3 4
1 2 4 4
1 2 5 4
0 3 4 0
0 3 5 0
Easy559 11
1 2 2 1
1 2 0 0
0 2 2 0
0 2 0 1
1 2 1 4
0 2 4 3
1 2 4 0
1 2 4 2
0 2 5 4
1 2 5 3
0 3 3 0
Easy560 11
1 2 2 2
1 2 0 2
1 2 1 0
1 2 1 2
0 2 3 3
0 2 1 4
0 2 2 4
1 2 4 4
0 3 4 0
0 3 5 0
1 3 5 3
Easy561 9
1 2 2 2
1 2 0 3
0 2 5 0
0 2 5 2
0 2 2 4
1 2 4 4
1 2 5 4
0 3 4 1
1 3 3 0
Easy562 9
1 2 2 1
0 2 2 0
0 2 5 1
0 2 3 2
1 2 3 4
0 2 1 4
0 2 5 4
1 3 0 3
1 3 4 2
Easy563 11
1 2 2 0
1 2 0 4
1 2 1 0
0 2 5 1
0 2 4 2
0 2 5 3
1 2 4 1
0 2 3 4
1 2 5 4
0 3 2 0
1 3 3 1
Easy564 11
1 2 2 2
1 2 0 0
0 2 0 1
0 2 1 2
0 2 3 3
0 2 1 4
0 2 2 4
1 2 4 4
0 3 4 0
0 3 5 0
1 3 5 3
Easy565 11
1 2 2 2
0 2 2 0
1 2 0 4
0 2 1 1
0 2 4 2
1 2 3 1
0 2 3 3
1 2 4 1
0 2 4 4
1 3 1 3
0 3 5 2
Easy566 10
1 2 2 0
0 2 1 0
1 2 0 2
0 2 4 0
0 2 2 1
0 2 3 1
0 2 4 2
0 2 0 4
0 3 5 1
0 3 3 3
Easy567 11
1 2 2 1
1 2 1 3
0 2 5 2
0 2 0 4
0 2 1 4
1 2 5 2
1 2 5 4
1 3 0 2
0 3 0 1
0 3 4 2
1 3 3 1
Easy568 10
1 2 2 1
0 2 0 0
1 2 0 2
1 2 1 2
0 2 3 2
0 2 2 4
0 2 3 4
1 2 4 4
0 3 4 0
0 3 5 0
Easy569 8
1 2 2 0
0 2 5 0
0 2 2 1
0 2 4 1
1 2 3 4
0 2 5 4
1 3 0 2
1 3 4 2
Easy570 10
1 2 2 2
0 2 1 0
1 2 0 2
0 2 2 3
0 2 3 4
1 2 4 4
0 3 0 0
0 3 4 0
0 3 5 0
1 3 5 0
Easy571 10
1 2 2 2
1 2 0 0
0 2 0 2
0 2 1 2
0 2 5 2
1 2 4 0
1 2 5 4
0 3 4 0
1 3 1 0
0 3 2 3
Easy572 11
1 2 2 1
1 2 0 0
1 2 0 2
0 2 4 0
0 2 3 1
0 2 3 3
1 2 3 4
0 2 1 4
0 3 5 0
0 3 0 1
0 3 2 3
Easy573 10
1 2 2 2
1 2 0 3
0 2 5 0
1 2 1 0
1 2 1 2
0 2 0 4
1 2 4 1
0 2 3 4
1 2 4 4
0 3 4 1
Easy574 11
1 2 2 2
1 2 0 0
1 2 0 2
0 2 1 1
1 2 1 2
0 2 3 3
0 2 2 4
1 2 4 4
0 3 4 0
0 3 5 0
1 3 5 3
Easy575 10
1 2 2 0
1 2 1 0
0 2 2 1
0 2 3 1
1 2 3 2
0 2 4 3
0 2 3 4
1 2 5 4
0 3 5 2
0 3 1 3
Easy576 9
1 2 2 2
0 2 1 0
0 2 5 2
0 2 2 3
1 2 4 4
0 3 0 0
0 3 4 0
0 3 1 2
1 3 5 0
Easy577 10
1 2 2 0
0 2 1 0
1 2 0 2
1 2 0 4
0 2 2 1
0 2 5 1
0 2 0 4
1 2 4 1
0 2 3 4
0 3 4 3
Easy578 10
1 2 2 2
0 2 2 0
1 2 0 4
0 2 4 2
1 2 4 3
0 2 5 4
1 2 5 0
1 2 5 2
0 3 0 0
1 3 4 0
Easy579 10
1 2 2 2
1 2 0 0
1 2 1 1
0 2 0 2
0 2 1 2
0 2 5 2
1 2 4 0
1 2 5 3
0 3 4 2
0 3 2 3
Easy580 10
1 2 2 3
1 2 0 1
1 2 1 0
0 2 0 2
0 2 2 2
1 2 3 3
0 2 3 4
1 2 4 4
0 3 5 0
1 3 1 2
Easy581 9
1 2 2 2
0 2 1 1
1 2 1 2
0 2 5 1
0 2 2 4
1 2 4 3
1 2 5 3
0 3 4 1
1 3 3 0
Easy582 11
1 2 2 0
0 2 0 0
1 2 0 1
0 2 4 0
0 2 5 1
0 2 3 2
1 2 3 0
0 2 0 4
1 2 5 1
1 2 5 3
0 3 2 2
Easy583 8
1 2 2 3
0 2 2 1
0 2 4 3
0 2 2 4
1 2 5 4
0 3 5 2
1 3 3 0
0 3 3 3
Easy584 10
1 2 2 0
0 2 1 0
1 2 0 2
0 2 4 0
0 2 5 0
0 2 2 1
0 2 3 2
0 2 0 4
0 2 3 4
0 3 4 2
Easy585 10
1 2 2 0
1 2 0 0
1 2 0 2
0 2 4 0
0 2 3 1
1 2 4 2
0 2 4 4
1 2 5 2
0 3 2 1
1 3 3 3
Easy586 10
1 2 2 2
0 2 0 0
1 2 0 2
0 2 2 4
0 2 3 4
1 2 4 4
1 2 5 0
0 3 1 0
0 3 4 0
0 3 5 0
Easy587 8
1 2 2 0
0 2 5 0
0 2 2 1
0 2 3 1
1 2 3 2
0 2 5 4
1 3 0 2
1 3 4 2
Easy588 8
1 2 2 0
0 2 3 0
0 2 2 2
0 2 3 2
0 2 4 3
0 2 1 4
1 2 4 2
0 3 5 3
Easy589 10
1 2 2 2
1 2 0 2
1 2 1 2
0 2 5 1
1 2 3 4
0 2 3 4
1 2 4 4
1 2 5 4
0 3 4 0
0 3 2 3
Easy590 10
1 2 2 1
0 2 3 0
1 2 1 4
0 2 5 3
1 2 4 0
0 2 2 4
1 2 5 0
1 2 5 4
0 3 4 2
1 3 3 1
Easy591 10
1 2 2 0
1 2 0 4
1 2 3 0
1 2 3 2
0 2 1 4
1 2 4 4
1 2 5 2
1 2 5 4
1 3 1 0
0 3 5 1
Easy592 11
1 2 2 0
0 2 0 0
1 2 0 1
0 2 2 1
0 2 3 2
0 2 5 2
0 2 1 4
1 2 4 2
0 2 5 4
0 3 4 0
1 3 5 2
Easy593 10
1 2 2 3
1 2 0 0
0 2 0 2
0 2 4 3
0 2 0 4
0 2 1 4
1 2 5 4
0 3 2 0
0 3 5 1
0 3 3 3
Easy594 9
1 2 2 2
0 2 0 1
1 2 1 3
0 2 4 2
0 2 2 4
1 2 4 4
0 3 5 1
1 3 3 0
0 3 3 3
Easy595 11
1 2 2 0
1 2 0 0
1 2 0 3
0 2 5 0
1 2 1 3
0 2 3 2
1 2 3 4
0 2 3 4
1 2 4 4
1 2 5 1
0 3 2 0
Easy596 9
1 2 2 0
1 2 0 2
0 2 4 0
0 2 2 2
0 2 2 4
0 2 3 4
1 2 4 4
0 3 5 0
1 3 1 0
Easy597 11
1 2 2 0
1 2 0 0
0 2 5 0
1 2 1 2
0 2 4 1
0 2 1 3
1 2 3 4
0 2 5 4
1 3 0 2
0 3 2 2
1 3 5 0
Easy598 10
1 2 2 2
0 2 0 0
0 2 1 1
0 2 0 2
0 2 5 3
0 2 1 4
0 2 2 4
1 2 5 3
0 3 4 2
1 3 3 1
Easy599 10
1 2 2 1
1 2 0 0
0 2 3 0
0 2 0 1
0 2 5 1
0 2 2 3
1 2 3 4
1 2 4 0
1 2 4 4
0 3 4 0
Easy600 9
1 2 2 2
0 2 0 1
1 2 1 2
0 2 5 3
0 2 2 4
1 2 4 3
1 2 5 4
0 3 4 1
1 3 3 1
Easy601 10
1 2 2 1
0 2 1 0
0 2 2 0
0 2 4 1
0 2 5 1
0 2 4 3
0 3 0 0
1 3 0 3
1 3 3 0
1 3 5 3
Easy602 10
1 2 2 2
0 2 3 0
1 2 0 4
1 2 1 0
0 2 5 1
0 2 1 2
0 2 5 3
1 2 5 4
0 3 4 2
1 3 4 0
Easy603 10
1 2 2 2
1 2 0 0
0 2 4 1
0 2 3 4
1 2 4 4
1 2 5 4
1 3 0 2
0 3 5 0
1 3 1 0
0 3 2 3
Easy604 9
1 2 2 0
0 2 2 1
0 2 3 1
0 2 5 2
0 2 0 3
1 2 3 2
0 2 5 4
1 3 0 2
1 3 4 1
Easy605 9
1 2 2 0
0 2 0 0
1 2 0 1
1 2 1 1
0 2 5 1
1 2 3 4
0 3 4 0
0 3 2 2
0 3 3 3
Easy606 11
1 2 2 0
1 2 0 0
0 2 4 1
0 2 2 2
1 2 3 4
1 2 4 0
1 2 4 2
0 2 5 4
1 3 0 2
1 3 1 0
1 3 5 0
Easy607 9
1 2 2 2
1 2 1 2
0 2 5 2
0 2 3 4
1 2 4 4
1 3 0 2
0 3 1 1
0 3 4 1
1 3 5 0
Easy608 9
1 2 2 0
0 2 3 0
0 2 2 2
0 2 3 2
0 2 4 2
0 2 1 4
1 2 4 2
0 2 4 4
0 2 5 4
Easy609 8
1 2 2 0
1 2 1 0
0 2 5 2
0 2 1 4
1 3 0 3
0 3 4 2
1 3 3 0
1 3 5 3
Easy610 9
1 2 2 0
0 2 4 0
0 2 4 2
1 2 3 2
1 2 4 3
1 2 5 0
0 3 2 0
0 3 5 3
1 3 5 2
Easy611 10
1 2 2 0
0 2 2 0
1 2 0 3
0 2 2 2
0 2 3 2
1 2 3 4
0 2 3 4
1 2 4 4
1 2 5 4
0 3 5 0
Easy612 8
1 2 2 1
1 2 1 4
0 2 4 3
0 2 2 4
1 2 5 4
0 3 3 0
0 3 5 2
1 3 3 1
Easy613 10
1 2 2 0
1 2 3 0
0 2 4 3
0 2 0 4
1 2 4 1
0 2 5 4
1 2 5 1
1 2 5 3
0 3 2 1
0 3 3 2
Easy614 10
1 2 2 0
0 2 0 0
0 2 1 0
1 2 1 2
0 2 5 1
0 2 2 2
0 2 3 3
1 2 3 4
0 3 4 0
1 3 5 3
Easy615 11
1 2 2 0
0 2 4 1
0 2 5 1
1 2 3 0
0 2 4 3
0 2 5 3
0 2 1 4
1 3 0 3
1 3 1 1
0 3 3 2
1 3 5 3
Easy616 10
1 2 2 2
0 2 5 0
1 2 3 0
1 2 3 2
0 2 2 4
1 2 4 3
1 2 5 4
1 3 0 2
0 3 4 1
0 3 5 2
Easy617 10
1 2 2 2
0 2 0 1
0 2 1 1
0 2 5 1
0 2 5 3
0 2 1 4
0 2 2 4
1 2 5 4
0 3 4 1
1 3 3 1
Easy618 11
1 2 2 1
1 2 0 2
1 2 1 2
0 2 5 1
0 2 3 2
1 2 3 4
0 2 3 4
1 2 4 4
1 2 5 4
0 3 4 0
0 3 2 3
Easy619 10
1 2 2 2
1 2 0 0
0 2 5 0
1 2 1 0
1 2 1 2
0 2 4 1
0 2 1 2
0 2 2 3
1 3 0 2
1 3 4 3
Easy620 11
1 2 2 0
0 2 0 0
0 2 3 1
0 2 5 2
1 2 3 0
1 2 3 2
0 2 3 4
1 2 4 4
1 2 5 4
1 3 0 3
0 3 4 1
Easy621 11
1 2 2 2
1 2 1 1
0 2 5 1
0 2 1 2
0 2 5 3
0 2 0 4
0 2 1 4
1 2 5 4
1 3 0 0
0 3 4 0
0 3 2 3
Easy622 10
1 2 2 0
0 2 1 0
1 2 1 2
0 2 4 1
0 2 2 2
0 2 4 3
1 2 4 2
1 2 5 4
0 3 5 0
0 3 0 3
Easy623 9
1 2 2 3
0 2 2 0
1 2 1 3
0 2 3 3
1 2 4 4
1 2 5 0
1 2 5 2
0 3 1 0
0 3 5 0
Easy624 9
1 2 2 2
1 2 0 2
1 2 0 4
0 2 5 1
0 2 2 4
1 2 5 0
1 2 5 3
0 3 4 2
1 3 3 0
Easy625 11
1 2 2 1
1 2 0 0
1 2 0 2
0 2 5 0
0 2 0 1
1 2 1 1
1 2 1 3
0 2 3 2
0 2 2 4
0 2 3 4
1 2 4 4
Medium001 11
1 2 2 2
0 2 2 0
0 2 4 1
0 2 5 1
1 2 3 0
0 2 4 3
0 2 5 3
1 2 5 4
0 3 0 0
1 3 0 3
0 3 3 3
Medium002 11
1 2 2 0
1 2 0 0
1 2 0 2
0 2 4 0
1 2 1 0
0 2 3 1
0 2 4 2
0 3 5 0
0 3 0 3
1 3 3 1
1 3 4 3
Medium003 11
1 2 2 0
0 2 1 0
1 2 0 2
0 2 5 0
0 2 2 1
0 2 3 1
0 2 5 2
1 2 5 4
0 3 4 0
0 3 0 3
0 3 3 3
Medium004 10
1 2 2 0
0 2 0 0
0 2 4 0
1 2 1 1
0 2 5 1
0 2 2 2
0 2 4 2
1 2 3 0
0 2 2 4
0 3 3 0
Medium005 11
1 2 2 0
0 2 0 0
1 2 0 1
0 2 2 2
0 2 4 2
1 2 4 4
1 2 5 4
1 3 0 3
1 3 1 2
0 3 5 1
0 3 3 3
Medium006 11
1 2 2 0
1 2 0 0
1 2 0 2
0 2 4 0
0 2 2 2
1 2 3 3
0 2 3 4
0 2 5 4
1 2 5 1
1 3 1 1
1 3 4 0
Medium007 11
1 2 2 1
0 2 2 0
0 2 3 0
1 2 0 4
0 2 5 2
0 2 1 4
1 2 4 3
0 2 5 4
0 3 4 1
1 3 3 0
1 3 5 2
Medium008 10
1 2 2 3
1 2 0 0
0 2 4 0
0 2 0 1
1 2 1 2
0 2 2 2
1 2 4 4
0 3 5 0
0 3 0 3
0 3 3 3
Medium009 11
1 2 2 2
0 2 2 0
1 2 0 3
0 2 4 1
1 2 3 0
0 2 2 3
1 2 3 4
1 2 4 4
0 3 0 0
0 3 5 0
1 3 5 0
Medium010 11
1 2 2 2
0 2 5 0
1 2 3 0
1 2 3 2
0 2 1 4
0 2 2 4
1 2 4 3
1 2 5 4
1 3 0 2
0 3 4 1
0 3 5 2
Medium011 10
1 2 2 2
0 2 2 0
1 2 3 0
1 2 3 2
0 2 5 3
0 2 2 4
0 2 3 4
1 2 5 4
1 3 0 3
0 3 4 2
Medium012 11
1 2 2 1
0 2 0 0
1 2 0 1
0 2 3 0
0 2 0 2
0 2 3 2
1 2 3 1
0 2 2 4
1 2 4 3
1 2 5 0
0 3 5 2
Medium013 10
1 2 2 2
1 2 0 2
1 2 0 4
0 2 5 1
0 2 5 3
0 2 2 4
1 2 5 0
1 2 5 4
0 3 4 2
1 3 3 0
Medium014 11
1 2 2 2
0 2 0 0
0 2 3 0
1 2 0 4
1 2 3 0
1 2 3 2
0 2 0 4
0 2 1 4
0 3 4 1
0 3 5 3
1 3 4 2
Medium015 10
1 2 2 3
1 2 0 0
0 2 5 0
0 2 2 1
0 2 5 2
1 2 4 4
1 3 0 2
0 3 0 2
0 3 3 3
1 3 5 0
Medium016 9
1 2 2 0
0 2 0 0
0 2 1 0
1 2 0 2
0 2 5 1
1 2 3 4
0 3 4 0
0 3 2 1
0 3 3 1
Medium017 11
1 2 2 2
0 2 0 0
0 2 0 2
0 2 3 3
1 2 3 4
0 2 5 4
1 2 5 0
1 2 5 2
0 3 4 0
1 3 1 1
1 3 4 0
Medium018 10
1 2 2 2
1 2 0 1
0 2 3 0
0 2 1 1
0 2 5 2
1 2 3 0
0 2 2 3
0 3 4 1
1 3 4 3
1 3 5 0
Medium019 11
1 2 2 0
0 2 0 0
1 2 0 1
0 2 3 0
0 2 4 0
0 2 2 1
1 2 3 4
1 2 4 3
0 2 5 4
1 3 3 1
1 3 4 0
Medium020 11
1 2 2 0
0 2 0 0
0 2 1 0
1 2 0 2
0 2 4 0
0 2 2 1
0 2 5 1
0 2 3 2
0 2 3 4
0 3 4 2
0 3 2 3
Medium021 11
1 2 2 0
0 2 5 0
0 2 2 2
0 2 5 2
0 2 1 4
0 2 2 4
1 2 5 4
0 3 3 0
0 3 4 0
1 3 1 0
0 3 0 3
Medium022 10
1 2 2 2
0 2 3 0
1 2 0 4
0 2 5 1
0 2 2 3
1 2 4 0
0 3 1 0
0 3 4 1
0 3 5 3
1 3 5 2
Medium023 11
1 2 2 0
0 2 3 0
1 2 0 4
0 2 4 1
0 2 5 1
0 2 2 2
0 2 5 3
1 2 4 1
0 3 3 2
0 3 0 3
1 3 5 3
Medium024 11
1 2 2 0
0 2 3 0
0 2 4 1
0 2 3 2
1 2 3 4
0 2 0 4
0 2 1 4
0 2 2 4
1 2 4 3
0 3 5 0
1 3 5 3
Medium025 11
1 2 2 0
0 2 1 0
1 2 0 2
0 2 5 0
0 2 2 1
0 2 3 1
0 2 5 2
0 2 0 4
1 2 5 4
0 3 4 0
0 3 3 3
Medium026 11
1 2 2 3
1 2 0 4
1 2 1 2
0 2 2 2
1 2 3 0
0 2 3 3
0 2 2 4
1 2 4 4
1 2 5 0
0 3 1 0
0 3 5 1
Medium027 10
1 2 2 2
0 2 3 0
0 2 0 2
0 2 5 2
1 2 4 0
0 2 3 4
1 2 5 4
1 3 0 0
0 3 4 1
0 3 2 3
Medium028 11
1 2 2 2
1 2 0 1
1 2 0 3
0 2 4 2
1 2 3 0
0 2 2 3
1 2 4 4
0 3 0 0
0 3 5 0
0 3 3 3
1 3 5 0
Medium029 11
1 2 2 0
0 2 1 0
1 2 0 2
1 2 3 4
1 2 4 1
0 2 4 4
0 2 5 4
1 2 5 1
0 3 2 1
0 3 0 3
0 3 3 3
Medium030 8
1 2 2 0
0 2 4 2
0 2 0 4
1 2 4 1
0 2 4 4
0 3 2 0
0 3 5 0
0 3 3 3
Medium031 11
1 2 2 1
0 2 1 0
0 2 2 0
1 2 0 4
0 2 3 2
0 2 1 3
0 2 5 3
1 2 4 2
0 2 4 4
1 2 5 0
1 3 1 3
Medium032 11
1 2 2 2
1 2 0 4
0 2 0 1
0 2 5 2
1 2 3 0
0 2 2 3
0 2 3 3
0 2 1 4
0 2 5 4
0 3 4 1
1 3 5 2
Medium033 10
1 2 2 0
0 2 3 0
0 2 4 0
0 2 5 0
0 2 2 2
0 2 3 2
0 2 0 4
1 2 4 1
1 2 4 3
1 3 0 0
Medium034 11
1 2 2 0
0 2 0 0
1 2 0 1
0 2 5 1
0 2 1 3
1 2 3 3
0 2 5 3
0 2 3 4
1 3 0 3
0 3 2 1
1 3 5 0
Medium035 10
1 2 2 0
0 2 2 0
0 2 4 1
0 2 2 2
0 2 3 2
0 2 4 3
0 2 1 4
1 2 4 2
1 2 5 4
0 3 5 0
Medium036 9
1 2 2 0
0 2 0 0
0 2 1 0
1 2 0 2
0 2 3 1
1 2 3 3
0 3 4 0
0 3 2 1
0 3 5 3
Medium037 9
1 2 2 1
1 2 0 0
0 2 2 0
0 2 5 1
0 2 3 4
1 2 5 4
0 3 4 0
0 3 0 1
1 3 3 2
Medium038 10
1 2 2 0
0 2 0 0
0 2 1 0
1 2 0 2
0 2 4 0
0 2 2 1
0 2 5 1
0 2 4 2
1 2 3 0
0 2 2 3
Medium039 11
1 2 2 2
0 2 0 0
0 2 3 0
1 2 0 4
0 2 5 2
0 2 2 4
1 2 4 4
1 2 5 0
0 3 4 1
0 3 0 2
1 3 3 1
Medium040 11
1 2 2 2
0 2 2 0
1 2 0 3
0 2 5 0
0 2 4 2
1 2 3 1
0 2 2 4
0 2 4 4
1 2 5 0
0 3 0 0
0 3 3 3
Medium041 10
1 2 2 0
1 2 0 0
1 2 0 2
0 2 4 0
0 2 3 1
0 2 4 2
1 2 5 2
0 3 0 3
1 3 3 1
1 3 4 2
Medium042 10
1 2 2 0
0 2 3 0
0 2 5 0
0 2 2 1
0 2 5 2
0 2 2 4
1 3 0 0
0 3 4 0
0 3 1 3
1 3 5 3
Medium043 11
1 2 2 0
0 2 0 0
1 2 0 1
1 2 0 3
0 2 5 1
0 2 2 2
0 2 3 2
0 2 1 4
1 2 4 2
0 3 4 2
1 3 5 3
Medium044 10
1 2 2 0
0 2 4 0
0 2 5 0
0 2 2 1
0 2 2 3
1 2 3 3
0 2 3 4
1 2 4 4
1 3 0 0
1 3 5 0
Medium045 11
1 2 2 0
0 2 0 0
1 2 0 1
0 2 4 0
0 2 2 1
0 2 4 2
0 2 3 4
1 2 5 4
0 3 5 1
1 3 3 1
1 3 5 0
Medium046 11
1 2 2 2
1 2 0 0
0 2 0 1
0 2 4 1
0 2 2 3
1 2 3 3
0 2 3 4
1 2 4 4
1 3 0 2
1 3 1 1
1 3 5 0
Medium047 10
1 2 2 2
1 2 1 3
0 2 4 2
1 2 3 0
0 2 2 3
1 2 4 4
1 2 5 1
0 3 0 0
0 3 5 1
0 3 3 3
Medium048 9
1 2 2 0
0 2 2 0
0 2 4 1
0 2 2 2
0 2 0 3
1 2 4 1
0 2 4 4
0 3 5 1
0 3 3 3
Medium049 10
1 2 2 0
1 2 1 3
0 2 3 2
0 2 0 3
1 2 3 4
0 2 4 4
0 2 5 4
1 2 5 0
0 3 2 1
1 3 4 1
Medium050 10
1 2 2 0
0 2 0 0
0 2 1 0
1 2 0 2
0 2 4 0
1 2 1 2
0 2 2 2
0 2 4 3
0 2 2 4
0 3 3 2
Medium051 11
1 2 2 1
0 2 1 0
0 2 2 0
1 2 0 4
0 2 3 2
0 2 1 3
0 2 4 3
1 2 4 2
0 2 5 4
1 3 1 3
1 3 5 0
Medium052 11
1 2 2 1
0 2 1 0
0 2 2 0
1 2 0 3
0 2 3 1
0 2 4 2
0 2 4 4
0 3 0 0
0 3 5 0
0 3 3 3
1 3 5 0
Medium053 9
1 2 2 3
1 2 0 3
0 2 5 0
0 2 5 2
0 2 3 4
1 2 4 4
1 3 0 0
0 3 2 1
0 3 0 3
Medium054 10
1 2 2 3
0 2 4 0
0 2 0 1
1 2 1 2
0 2 2 2
1 2 3 4
1 2 4 4
1 3 0 1
0 3 5 0
0 3 3 3
Medium055 11
1 2 2 1
0 2 3 1
0 2 4 2
1 2 3 0
0 2 2 3
1 2 4 3
1 2 5 3
0 3 0 0
1 3 0 3
0 3 5 3
1 3 5 0
Medium056 11
1 2 2 1
0 2 1 0
0 2 2 0
0 2 0 2
0 2 3 2
0 2 1 3
1 2 4 2
0 2 4 4
0 2 5 4
1 2 5 0
1 3 1 3
Medium057 9
1 2 2 0
0 2 0 0
1 2 0 1
0 2 4 0
0 2 2 2
0 3 5 0
0 3 4 2
0 3 3 3
1 3 4 0
Medium058 9
1 2 2 0
0 2 3 0
0 2 5 0
0 2 2 1
0 2 5 2
0 2 0 4
1 3 0 0
1 3 3 0
1 3 4 3
Medium059 11
1 2 2 2
1 2 0 0
0 2 5 0
1 2 1 0
0 2 0 2
0 2 5 2
0 2 0 4
1 2 5 3
1 3 0 2
0 3 4 1
0 3 2 3
Medium060 11
1 2 2 0
0 2 5 0
0 2 2 1
0 2 4 1
0 2 5 2
0 2 0 3
1 2 3 2
1 3 0 0
0 3 3 0
0 3 4 3
1 3 5 1
Medium061 10
1 2 2 0
0 2 0 0
1 2 0 1
1 2 1 1
1 2 1 3
0 2 2 2
0 2 5 4
0 3 3 2
1 3 4 0
1 3 5 2
Medium062 11
1 2 2 2
1 2 0 0
0 2 5 0
0 2 1 1
0 2 5 2
0 2 1 4
0 2 2 4
1 2 4 4
1 2 5 4
0 3 4 1
1 3 3 0
Medium063 11
1 2 2 3
0 2 3 0
1 2 0 4
0 2 5 1
0 2 2 2
0 2 4 4
0 2 5 4
1 2 5 0
0 3 1 1
1 3 3 3
1 3 4 0
Medium064 10
1 2 2 0
1 2 0 0
1 2 0 2
0 2 4 0
0 2 3 1
0 2 4 2
0 3 0 3
1 3 3 1
1 3 4 3
1 3 5 2
Medium065 11
1 2 2 0
0 2 1 0
1 2 0 2
0 2 4 0
0 2 5 0
1 2 1 2
0 2 3 2
0 2 4 2
0 2 5 2
0 2 3 4
1 2 5 1
Medium066 10
1 2 2 0
0 2 0 0
0 2 1 0
1 2 0 2
0 2 4 0
0 2 2 1
1 2 4 3
0 2 5 4
0 3 3 1
0 3 2 3
Medium067 11
1 2 2 2
0 2 2 0
0 2 4 1
0 2 5 1
1 2 3 0
0 2 4 3
0 2 5 3
0 3 0 0
1 3 0 3
0 3 3 3
1 3 5 0
Medium068 10
1 2 2 2
0 2 0 0
1 2 0 4
0 2 5 2
0 2 2 4
1 2 4 4
1 2 5 0
0 3 4 1
0 3 0 2
1 3 3 1
Medium069 11
1 2 2 1
0 2 2 0
1 2 0 4
1 2 1 4
1 2 4 0
1 2 4 2
0 2 4 4
0 2 5 4
1 2 5 0
0 3 0 0
0 3 3 0
Medium070 10
1 2 2 2
0 2 1 1
0 2 2 4
1 2 4 4
1 2 5 0
1 2 5 3
0 3 0 0
0 3 4 1
0 3 5 1
1 3 3 0
Medium071 11
1 2 2 0
1 2 0 4
1 2 1 3
0 2 5 1
0 2 3 2
1 2 3 4
0 2 0 4
1 2 4 2
0 2 4 4
0 3 2 1
1 3 5 1
Medium072 11
1 2 2 2
1 2 0 0
0 2 2 0
1 2 0 4
1 2 1 0
0 2 4 1
0 2 3 4
1 2 5 4
0 3 1 2
0 3 5 2
1 3 3 2
Medium073 11
1 2 2 0
0 2 1 0
1 2 0 2
0 2 4 0
0 2 5 0
0 2 2 1
0 2 3 2
0 2 3 4
1 2 5 4
0 3 4 2
0 3 0 3
Medium074 11
1 2 2 1
1 2 0 0
1 2 0 2
0 2 4 0
0 2 3 2
0 2 2 3
1 2 3 4
0 2 3 4
1 2 4 4
0 3 5 0
1 3 1 1
Medium075 11
1 2 2 2
1 2 0 0
0 2 3 0
0 2 0 2
0 2 0 4
0 2 2 4
1 2 4 3
0 3 4 0
0 3 5 0
1 3 1 0
1 3 5 3
Medium076 10
1 2 2 1
0 2 1 0
1 2 0 2
0 2 3 2
1 2 3 0
0 2 2 3
1 2 4 3
0 3 0 0
1 3 1 3
0 3 5 3
Medium077 11
1 2 2 0
0 2 0 0
1 2 0 4
0 2 4 1
0 2 5 2
0 2 1 3
0 2 2 4
0 2 4 4
1 2 5 0
0 3 3 0
1 3 3 2
Medium078 11
1 2 2 1
0 2 1 0
1 2 0 2
0 2 4 0
0 2 3 2
1 2 3 0
0 2 2 3
0 2 1 4
0 3 0 0
0 3 5 0
1 3 4 3
Medium079 10
1 2 2 2
0 2 1 1
0 2 5 1
1 2 3 0
0 2 2 3
0 2 3 3
0 2 1 4
0 3 0 0
0 3 4 2
1 3 5 2
Medium080 10
1 2 2 1
0 2 3 0
1 2 0 4
0 2 0 1
0 2 3 2
0 2 0 4
0 2 2 4
1 2 5 3
0 3 4 2
1 3 3 0
Medium081 11
1 2 2 3
0 2 0 0
0 2 3 0
1 2 0 4
0 2 2 1
0 2 5 2
0 2 2 4
1 2 5 0
0 3 1 0
1 3 3 0
1 3 4 3
Medium082 11
1 2 2 0
1 2 0 0
1 2 0 2
0 2 4 0
1 2 1 0
0 2 4 2
0 2 3 4
1 2 5 4
0 3 5 1
0 3 0 3
1 3 3 1
Medium083 11
1 2 2 1
0 2 2 0
0 2 3 0
1 2 0 4
0 2 1 4
1 2 4 4
1 2 5 2
1 2 5 4
0 3 4 1
0 3 5 1
1 3 3 0
Medium084 11
1 2 2 1
0 2 2 0
1 2 1 3
0 2 5 1
0 2 3 2
0 2 4 2
0 2 3 4
1 2 4 4
1 2 5 4
1 3 0 3
1 3 3 0
Medium085 11
1 2 2 0
1 2 0 0
0 2 3 0
0 2 5 0
0 2 2 2
0 2 3 2
1 2 3 4
0 2 0 4
1 2 4 2
0 2 4 4
1 3 1 0
Medium086 10
1 2 2 1
0 2 5 0
0 2 5 2
1 2 3 0
0 2 2 3
0 2 1 4
1 2 4 4
1 3 0 0
0 3 4 0
1 3 5 2
Medium087 11
1 2 2 2
1 2 0 0
1 2 0 2
0 2 5 0
1 2 1 0
0 2 4 2
0 2 5 2
0 2 2 4
1 2 4 4
1 3 1 2
0 3 0 2
Medium088 11
1 2 2 3
1 2 1 0
0 2 0 2
0 2 2 2
1 2 3 3
0 2 3 4
1 2 4 4
1 2 5 0
1 3 0 3
1 3 1 2
0 3 5 1
Medium089 11
1 2 2 0
0 2 0 0
0 2 1 0
0 2 2 0
1 2 0 3
0 2 5 0
0 2 3 1
1 2 4 4
1 2 5 1
0 3 2 2
0 3 3 3
Medium090 11
1 2 2 3
0 2 0 1
0 2 2 1
1 2 3 0
1 2 3 2
0 2 4 3
0 2 1 4
1 2 5 2
1 2 5 4
1 3 0 0
0 3 5 0
Medium091 11
1 2 2 0
1 2 0 1
1 2 1 0
1 2 3 0
1 2 3 2
0 2 4 3
0 2 1 4
1 2 5 2
1 2 5 4
1 3 0 3
0 3 5 2
Medium092 10
1 2 2 3
0 2 4 0
0 2 0 1
1 2 1 2
0 2 2 2
1 2 4 4
1 3 0 0
0 3 5 0
0 3 0 3
0 3 3 3
Medium093 11
1 2 2 0
0 2 3 0
0 2 2 2
0 2 3 2
0 2 4 2
0 2 5 2
1 2 3 0
0 2 1 4
1 2 4 2
0 2 4 4
0 2 5 4
Medium094 11
1 2 2 1
1 2 0 1
0 2 3 0
1 2 0 4
0 2 3 2
0 2 2 4
1 2 4 3
0 2 5 4
1 2 5 3
0 3 4 1
1 3 3 0
Medium095 11
1 2 2 0
0 2 1 0
1 2 1 3
0 2 4 3
0 2 0 4
1 2 4 1
0 2 3 4
1 2 5 1
1 2 5 4
0 3 2 0
0 3 5 0
Medium096 10
1 2 2 0
0 2 0 0
0 2 2 0
0 2 3 0
1 2 0 4
1 2 1 4
0 2 2 2
0 2 4 4
0 2 5 4
1 3 4 0
Medium097 11
1 2 2 0
0 2 0 0
1 2 0 2
0 2 5 0
0 2 2 1
0 2 5 2
0 2 1 3
0 2 3 4
1 2 4 4
0 3 4 0
1 3 3 2
Medium098 9
1 2 2 0
0 2 2 0
0 2 2 2
1 2 3 0
0 2 0 4
1 2 4 1
0 3 4 3
0 3 5 3
1 3 5 1
Medium099 10
1 2 2 3
0 2 0 0
0 2 3 0
1 2 0 4
1 2 1 4
0 2 2 2
0 2 5 2
1 2 4 3
0 2 5 4
1 3 4 0
Medium100 11
1 2 2 2
1 2 0 0
1 2 0 2
0 2 5 0
1 2 1 0
0 2 1 2
0 2 5 2
1 2 4 0
1 2 5 3
0 3 4 0
0 3 2 3
Medium101 11
1 2 2 0
0 2 3 0
0 2 4 0
0 2 2 1
0 2 3 2
0 2 0 4
1 2 4 1
1 2 4 3
0 2 5 4
1 3 0 0
1 3 3 0
Medium102 9
1 2 2 0
0 2 4 0
0 2 5 0
0 2 2 1
0 2 3 1
0 2 0 4
1 2 4 1
1 2 4 3
1 3 0 0
Medium103 11
1 2 2 0
0 2 1 0
0 2 2 0
1 2 0 3
1 2 1 3
0 2 2 2
0 2 3 2
1 2 4 1
0 2 3 4
0 2 4 4
0 3 0 3
Medium104 11
1 2 2 2
0 2 3 0
1 2 1 4
0 2 5 2
1 2 3 0
0 2 2 3
0 2 1 4
0 2 5 4
0 3 0 0
0 3 4 2
1 3 5 2
Medium105 11
1 2 2 0
0 2 0 0
0 2 1 0
0 2 4 0
1 2 1 2
0 2 2 2
0 2 4 2
0 2 5 2
0 2 2 4
0 2 5 4
0 3 3 2
Medium106 11
1 2 2 2
0 2 0 0
0 2 2 0
1 2 3 0
1 2 3 2
0 2 1 4
0 2 3 4
1 2 5 4
1 3 0 3
1 3 1 3
0 3 5 2
Medium107 8
1 2 2 0
1 2 0 4
0 2 4 2
0 2 0 3
1 2 4 1
0 2 4 4
1 2 5 2
0 3 2 0
Medium108 10
1 2 2 2
0 2 0 1
0 2 2 4
1 2 4 4
1 2 5 0
1 2 5 4
1 3 0 2
0 3 4 1
0 3 5 1
1 3 3 0
Medium109 11
1 2 2 0
1 2 0 4
1 2 1 3
0 2 3 2
0 2 0 3
1 2 3 4
0 2 4 4
0 2 5 4
1 2 5 0
0 3 2 1
1 3 4 1
Medium110 10
1 2 2 0
0 2 1 0
0 2 5 0
0 2 2 1
0 2 4 2
0 2 0 4
1 2 4 1
1 3 0 2
1 3 3 0
1 3 4 3
Medium111 11
1 2 2 2
1 2 0 0
0 2 2 0
1 2 0 3
0 2 1 1
0 2 5 2
1 2 3 0
0 2 3 3
1 2 4 4
0 3 4 1
1 3 5 2
Medium112 11
1 2 2 0
0 2 0 0
1 2 1 1
0 2 3 1
0 2 4 1
0 2 5 1
0 2 2 2
1 2 3 0
0 2 1 4
1 2 4 2
0 2 4 4
Medium113 11
1 2 2 0
1 2 0 4
1 2 1 0
0 2 2 1
1 2 3 1
1 2 3 3
0 2 1 4
1 2 5 2
1 2 5 4
1 3 0 1
0 3 5 2
Medium114 9
1 2 2 0
0 2 2 0
0 2 2 2
1 2 3 0
0 2 0 4
1 2 4 1
0 3 5 0
0 3 3 3
0 3 4 3
Medium115 9
1 2 2 0
0 2 0 0
1 2 0 1
0 2 3 0
0 2 4 0
0 2 2 2
0 2 5 3
1 2 4 3
1 3 4 0
Medium116 10
1 2 2 2
0 2 2 0
0 2 3 0
1 2 0 4
0 2 4 1
1 2 4 0
0 3 0 0
0 3 5 3
1 3 4 2
1 3 5 0
Medium117 8
1 2 2 0
0 2 2 2
0 2 4 2
0 2 1 4
1 2 4 2
0 2 4 4
0 3 3 0
0 3 5 3
Medium118 10
1 2 2 0
0 2 0 0
1 2 0 1
1 2 1 4
0 2 4 2
0 2 5 2
0 2 2 4
1 3 0 3
1 3 3 0
1 3 4 3
Medium119 10
1 2 2 0
0 2 0 0
0 2 1 0
1 2 0 2
0 2 4 0
0 2 2 1
0 2 4 2
0 2 2 4
0 3 3 1
0 3 5 1
Medium120 11
1 2 2 1
1 2 0 4
1 2 1 4
0 2 4 2
0 2 5 3
1 2 4 0
0 2 2 4
1 2 4 3
0 3 3 0
1 3 3 1
1 3 5 3
Medium121 11
1 2 2 0
1 2 0 3
0 2 5 0
0 2 3 1
1 2 3 1
1 2 4 2
1 2 4 4
1 2 5 4
1 3 0 0
0 3 0 3
1 3 3 3
Medium122 9
1 2 2 0
0 2 5 0
0 2 2 1
0 2 5 2
0 2 2 3
1 2 3 3
0 2 3 4
1 2 4 4
1 3 0 0
Medium123 11
1 2 2 1
0 2 2 0
1 2 0 4
0 2 4 1
1 2 4 3
0 2 5 4
1 2 5 3
0 3 0 0
0 3 3 0
1 3 4 0
1 3 5 0
Medium124 10
1 2 2 0
0 2 5 0
1 2 1 2
0 2 2 2
0 2 5 2
0 2 0 4
1 2 4 2
1 2 4 4
1 3 0 0
0 3 4 0
Medium125 10
1 2 2 0
0 2 0 0
1 2 0 1
0 2 4 0
1 2 1 1
0 2 2 2
0 2 4 2
0 2 5 2
0 2 2 4
0 3 3 0
Medium126 8
1 2 2 0
0 2 4 2
0 2 1 3
1 2 4 2
0 2 4 4
0 3 2 0
0 3 3 0
0 3 5 3
Medium127 10
1 2 2 0
0 2 1 0
0 2 2 0
1 2 0 3
0 2 2 2
1 2 4 1
0 2 3 4
0 2 4 4
0 3 5 0
0 3 0 3
Medium128 10
1 2 2 0
0 2 0 0
0 2 4 1
0 2 2 3
1 2 3 4
1 2 4 4
1 3 0 2
0 3 5 0
0 3 3 2
1 3 5 3
Medium129 10
1 2 2 2
0 2 2 0
0 2 4 1
0 2 5 1
1 2 3 0
0 2 4 3
0 3 0 0
1 3 0 3
0 3 3 3
1 3 5 0
Medium130 8
1 2 2 0
0 2 2 0
0 2 2 2
0 2 1 3
1 2 4 2
0 3 3 0
0 3 4 3
0 3 5 3
Medium131 10
1 2 2 1
1 2 0 0
0 2 2 0
1 2 0 4
0 2 3 1
0 2 4 1
0 2 5 2
0 2 4 3
0 3 0 1
1 3 3 1
Medium132 10
1 2 2 2
0 2 3 0
1 2 0 4
0 2 1 1
0 2 3 3
0 2 2 4
1 2 5 3
0 3 4 2
1 3 3 0
0 3 5 3
Medium133 10
1 2 2 2
1 2 0 0
0 2 2 0
0 2 1 1
0 2 4 2
0 2 3 3
1 2 4 1
1 2 4 4
0 3 5 1
1 3 3 0
Medium134 10
1 2 2 0
0 2 0 0
1 2 0 1
0 2 4 0
0 2 2 2
0 2 4 2
0 2 2 4
0 3 5 0
0 3 1 3
1 3 5 3
Medium135 10
1 2 2 0
0 2 0 0
1 2 0 1
0 2 4 0
0 2 2 1
1 2 4 4
0 3 5 0
0 3 1 3
0 3 2 3
1 3 5 3
Medium136 9
1 2 2 0
0 2 0 0
1 2 0 1
0 2 4 0
0 2 2 1
1 2 4 4
0 3 5 1
0 3 2 3
1 3 5 3
Medium137 10
1 2 2 0
0 2 0 0
1 2 0 1
0 2 4 0
0 2 2 2
1 2 3 0
1 2 3 4
1 2 4 3
0 2 5 4
1 3 4 0
Medium138 10
1 2 2 0
1 2 0 3
0 2 5 0
0 2 3 1
1 2 3 1
1 2 4 4
1 2 5 4
1 3 0 0
0 3 0 3
1 3 3 3
Medium139 10
1 2 2 2
1 2 0 0
0 2 0 1
0 2 1 1
0 2 3 3
0 2 0 4
0 2 2 4
1 2 5 3
0 3 4 2
1 3 3 0
Medium140 10
1 2 2 0
0 2 0 0
1 2 0 1
0 2 4 0
0 2 2 2
1 2 3 4
0 2 2 4
0 3 5 0
0 3 1 3
1 3 4 3
Medium141 9
1 2 2 0
0 2 3 0
0 2 4 0
0 2 2 2
0 2 0 3
1 2 4 2
1 2 4 4
1 3 0 0
0 3 5 0
Medium142 10
1 2 2 0
0 2 3 0
0 2 5 0
0 2 2 1
1 2 3 0
0 2 2 3
0 2 0 4
1 2 4 3
1 3 0 0
0 3 5 2
Medium143 10
1 2 2 3
0 2 3 0
1 2 0 4
1 2 1 0
1 2 3 2
0 2 4 3
0 2 3 4
1 2 5 4
0 3 1 2
0 3 5 2
Medium144 10
1 2 2 2
0 2 5 2
0 2 2 4
0 2 3 4
1 2 4 4
1 2 5 0
1 2 5 4
1 3 0 3
0 3 4 1
1 3 3 0
Medium145 10
1 2 2 2
1 2 0 3
1 2 1 3
0 2 4 2
0 2 3 3
1 2 4 4
1 2 5 0
1 2 5 2
0 3 1 0
0 3 5 0
Medium146 10
1 2 2 1
0 2 0 0
0 2 2 0
0 2 3 1
1 2 1 4
0 2 5 2
0 2 5 4
1 3 0 3
0 3 0 2
1 3 4 1
Medium147 10
1 2 2 0
1 2 0 0
1 2 0 2
0 2 4 0
0 2 5 0
0 2 2 2
0 2 5 2
0 2 2 4
1 2 4 4
1 3 1 0
Medium148 10
1 2 2 3
1 2 0 0
1 2 0 2
1 2 0 4
0 2 5 2
1 2 3 3
0 2 3 4
1 2 4 4
0 3 2 1
1 3 5 0
Medium149 10
1 2 2 0
0 2 1 0
0 2 0 3
0 2 4 3
1 2 4 1
0 2 3 4
1 2 5 1
0 3 2 0
1 3 0 3
0 3 5 1
Medium150 10
1 2 2 2
1 2 0 0
0 2 3 0
0 2 4 0
0 2 1 1
0 2 3 3
1 2 4 4
0 3 5 0
1 3 3 0
1 3 5 3
Medium151 10
1 2 2 0
1 2 0 0
1 2 0 2
0 2 4 0
0 2 3 1
0 2 5 1
0 2 4 2
1 2 5 3
0 3 0 3
1 3 3 1
Medium152 10
1 2 2 1
0 2 3 0
1 2 0 4
0 2 3 2
0 2 2 4
1 2 4 3
0 2 5 4
1 2 5 3
0 3 4 1
1 3 3 0
Medium153 10
1 2 2 0
0 2 0 0
0 2 1 0
0 2 4 0
1 2 1 2
0 2 5 1
0 2 2 2
0 2 4 3
0 2 2 4
0 3 3 2
Medium154 10
1 2 2 2
1 2 0 1
0 2 3 0
0 2 1 1
0 2 5 2
1 2 3 0
0 2 2 3
1 2 5 4
0 3 4 1
1 3 4 3
Medium155 10
1 2 2 2
1 2 1 1
0 2 5 2
1 2 3 0
0 2 2 3
0 2 3 3
0 2 1 4
0 3 0 0
0 3 4 0
1 3 5 2
Medium156 10
1 2 2 2
0 2 2 0
1 2 1 3
0 2 1 2
0 2 4 2
1 2 4 0
0 2 3 4
0 2 4 4
0 3 0 0
0 3 5 0
Medium157 10
1 2 2 0
0 2 1 0
1 2 0 2
0 2 4 0
0 2 5 0
0 2 2 1
0 2 3 1
0 2 5 2
1 2 3 0
0 2 3 3
Medium158 10
1 2 2 1
1 2 0 4
1 2 3 0
0 2 2 3
1 2 4 4
1 2 5 0
0 3 0 0
0 3 3 0
0 3 4 1
0 3 5 1
Medium159 10
1 2 2 1
0 2 3 0
1 2 1 4
0 2 3 2
1 2 4 0
0 2 2 4
1 2 5 3
0 3 4 2
1 3 3 0
0 3 5 3
Medium160 10
1 2 2 1
0 2 3 0
1 2 1 4
0 2 3 2
1 2 4 0
0 2 2 4
0 2 5 4
1 2 5 3
0 3 4 2
1 3 3 0
Medium161 10
1 2 2 3
0 2 4 0
0 2 1 2
0 2 4 3
1 2 4 1
1 2 5 4
1 3 0 0
0 3 2 1
0 3 5 2
0 3 3 3
Medium162 10
1 2 2 0
0 2 1 0
0 2 2 0
1 2 0 3
0 2 2 2
1 2 3 0
0 2 3 4
0 2 4 4
0 2 5 4
1 3 4 0
Medium163 9
1 2 2 0
1 2 1 3
0 2 2 2
0 2 3 2
0 2 0 4
1 2 4 2
1 2 4 4
1 3 0 0
0 3 5 0
Medium164 10
1 2 2 0
0 2 0 0
0 2 1 0
0 2 2 0
1 2 0 3
1 2 1 4
0 2 2 2
0 2 4 4
0 2 5 4
1 3 4 0
Medium165 10
1 2 2 0
0 2 0 0
0 2 1 0
1 2 0 2
0 2 4 0
1 2 1 2
0 2 5 1
0 2 2 2
0 2 4 2
0 2 2 4
Medium166 9
1 2 2 0
0 2 3 0
0 2 5 0
1 2 1 1
0 2 2 2
0 2 5 2
0 2 2 4
1 2 4 4
1 3 0 0
Medium167 10
1 2 2 0
0 2 1 0
1 2 0 2
0 2 4 0
0 2 5 0
0 2 2 1
0 2 3 1
0 2 4 2
1 2 3 0
0 2 3 3
Medium168 10
1 2 2 0
0 2 3 0
0 2 2 2
0 2 3 2
0 2 4 2
0 2 5 2
0 2 1 4
1 2 4 2
0 2 4 4
0 2 5 4
Medium169 10
1 2 2 0
0 2 3 0
0 2 4 0
0 2 5 0
0 2 2 1
0 2 0 4
1 2 4 1
1 3 0 0
1 3 3 0
1 3 4 3
Medium170 10
1 2 2 2
0 2 3 0
1 2 0 4
0 2 1 1
0 2 5 3
0 2 2 4
1 2 5 0
1 2 5 4
0 3 4 2
1 3 3 0
Medium171 10
1 2 2 0
0 2 1 0
1 2 0 2
0 2 4 0
0 2 2 2
0 2 4 2
0 2 2 4
0 3 5 1
0 3 0 3
1 3 5 3
Medium172 10
1 2 2 0
0 2 1 0
1 2 0 2
0 2 4 0
0 2 2 1
0 2 3 1
0 2 5 1
1 2 3 1
0 2 3 3
0 3 4 2
Medium173 10
1 2 2 0
0 2 3 0
0 2 4 0
0 2 5 0
0 2 2 2
1 2 3 0
0 2 0 4
1 2 4 2
1 2 4 4
1 3 0 0
Medium174 10
1 2 2 0
0 2 3 0
0 2 4 0
0 2 5 0
0 2 2 2
0 2 0 4
1 2 4 1
1 3 0 0
1 3 1 0
1 3 4 3
Medium175 9
1 2 2 0
0 2 0 0
0 2 5 0
0 2 2 2
1 2 4 4
0 3 4 0
1 3 1 1
0 3 3 2
1 3 5 3
Medium176 10
1 2 2 1
1 2 0 3
0 2 4 2
1 2 3 0
0 2 2 3
1 2 4 3
1 2 5 0
0 3 0 0
0 3 5 0
0 3 3 1
Medium177 9
1 2 2 0
0 2 2 0
0 2 2 2
1 2 3 3
0 2 0 4
1 2 4 1
0 2 3 4
0 3 4 0
0 3 5 3
Medium178 10
1 2 2 2
0 2 0 1
1 2 1 3
0 2 4 2
0 2 2 4
1 2 4 4
1 2 5 4
0 3 5 1
1 3 3 0
0 3 3 3
Medium179 10
1 2 2 0
0 2 0 0
0 2 2 0
0 2 3 1
0 2 5 1
0 2 1 3
1 2 3 2
0 2 5 4
1 3 0 3
1 3 4 2
Medium180 10
1 2 2 0
0 2 0 0
1 2 0 1
1 2 0 3
0 2 2 2
0 2 3 2
0 2 3 4
0 2 4 4
0 2 5 4
1 3 4 0
Medium181 10
1 2 2 2
0 2 2 0
0 2 3 0
1 2 0 4
0 2 0 1
0 2 4 1
1 2 4 0
1 3 3 0
0 3 5 3
1 3 4 2
Medium182 10
1 2 2 2
0 2 3 0
1 2 0 4
0 2 5 1
1 2 3 0
1 2 3 2
0 2 5 3
0 2 1 4
0 3 4 2
1 3 5 3
Medium183 10
1 2 2 0
0 2 0 0
1 2 0 1
0 2 4 0
0 2 5 1
0 2 2 2
1 2 4 3
0 2 5 4
1 3 3 3
1 3 4 0
Medium184 10
1 2 2 0
0 2 3 0
0 2 3 2
0 2 4 2
0 2 1 3
1 2 4 2
0 2 4 4
1 2 5 2
0 3 2 0
0 3 5 3
Medium185 9
1 2 2 1
1 2 0 4
1 2 1 1
0 2 4 1
0 2 2 4
1 2 4 4
0 3 3 0
0 3 5 1
1 3 3 1
Medium186 10
1 2 2 0
0 2 0 0
1 2 1 1
0 2 2 2
0 2 3 4
0 2 4 4
0 2 5 4
1 3 0 1
1 3 1 3
1 3 4 0
Medium187 10
1 2 2 0
0 2 0 0
0 2 2 0
1 2 0 4
0 2 2 2
0 2 5 2
1 2 3 0
0 2 4 4
0 2 5 4
1 3 4 0
Medium188 10
1 2 2 3
0 2 3 0
1 2 0 4
0 2 2 2
0 2 5 2
0 2 5 4
1 2 5 0
0 3 1 0
0 3 4 3
1 3 4 0
Medium189 10
1 2 2 2
0 2 0 1
0 2 1 1
0 2 5 1
0 2 5 3
0 2 2 4
0 2 3 4
1 2 5 4
0 3 4 1
1 3 3 1
Medium190 10
1 2 2 0
0 2 1 0
1 2 0 2
0 2 4 0
0 2 2 1
0 2 4 2
0 2 5 2
0 2 0 4
1 2 4 4
1 3 3 0
Medium191 10
1 2 2 1
0 2 3 0
1 2 0 4
1 2 1 1
0 2 3 2
0 2 2 4
1 2 4 3
0 3 4 1
1 3 3 0
0 3 5 3
Medium192 10
1 2 2 2
0 2 2 0
1 2 0 3
0 2 4 1
0 2 1 2
1 2 4 0
0 2 3 4
0 3 0 0
0 3 5 0
0 3 4 3
Medium193 10
1 2 2 2
0 2 0 1
0 2 2 4
1 2 4 3
1 2 5 0
1 2 5 3
0 3 1 0
0 3 4 1
1 3 3 0
0 3 5 3
Medium194 10
1 2 2 1
0 2 2 0
0 2 3 1
1 2 1 4
0 2 5 2
0 2 1 3
1 2 3 3
0 2 5 4
1 3 0 3
1 3 4 2
Medium195 10
1 2 2 1
0 2 2 0
0 2 3 1
1 2 3 2
0 2 2 4
0 2 5 4
1 2 5 3
1 3 0 3
0 3 4 2
0 3 1 3
Medium196 10
1 2 2 0
0 2 4 1
0 2 4 3
0 2 0 4
1 2 4 1
1 2 5 1
1 2 5 3
0 3 2 0
1 3 0 3
0 3 3 2
Medium197 10
1 2 2 2
0 2 2 0
1 2 0 4
0 2 4 2
1 2 3 0
0 2 2 3
0 2 4 4
0 3 0 0
0 3 5 3
1 3 5 0
Medium198 10
1 2 2 0
1 2 0 4
0 2 4 2
0 2 0 3
0 2 2 4
1 2 4 4
1 2 5 0
0 3 3 0
0 3 5 1
1 3 3 1
Medium199 10
1 2 2 0
0 2 0 0
1 2 1 4
0 2 5 2
0 2 0 3
0 2 4 4
0 2 5 4
0 3 2 0
1 3 4 1
1 3 5 0
Medium200 10
1 2 2 2
0 2 2 0
1 2 0 3
0 2 4 1
0 2 4 3
1 2 4 0
0 3 0 0
0 3 5 0
0 3 3 3
1 3 5 0
Medium201 10
1 2 2 0
0 2 1 0
0 2 2 0
1 2 0 4
0 2 2 2
1 2 4 1
0 2 4 4
0 2 5 4
0 3 0 3
0 3 3 3
Medium202 10
1 2 2 3
0 2 0 0
1 2 0 2
0 2 4 0
0 2 2 1
1 2 3 4
0 3 5 0
0 3 0 2
0 3 3 3
1 3 5 0
Medium203 8
1 2 2 2
0 2 2 0
1 2 0 4
0 2 1 2
0 2 4 2
0 2 4 4
0 3 5 3
1 3 4 0
Medium204 10
1 2 2 3
1 2 0 1
0 2 3 0
0 2 0 1
0 2 2 1
0 2 3 4
1 2 5 4
0 3 1 1
0 3 5 1
1 3 3 2
Medium205 10
1 2 2 2
1 2 0 2
1 2 0 4
0 2 5 2
0 2 2 4
0 2 3 4
1 2 4 4
1 2 5 4
0 3 4 1
1 3 3 1
Medium206 10
1 2 2 2
0 2 2 0
0 2 3 0
1 2 0 4
0 2 4 1
1 2 4 0
1 2 5 0
0 3 0 0
0 3 5 2
1 3 4 2
Medium207 10
1 2 2 0
0 2 1 0
1 2 0 2
0 2 4 0
0 2 2 1
0 2 5 1
0 2 4 2
0 2 2 3
1 2 5 2
0 3 3 1
Medium208 10
1 2 2 0
0 2 1 0
0 2 2 0
1 2 0 3
0 2 5 0
1 2 1 3
0 2 2 2
0 2 3 4
0 2 4 4
1 3 4 0
Medium209 10
1 2 2 1
1 2 1 0
0 2 4 1
0 2 0 2
1 2 3 1
1 2 4 0
0 2 2 4
0 3 5 0
1 3 3 3
1 3 5 3
Medium210 9
1 2 2 0
0 2 0 0
0 2 4 0
0 2 2 2
1 2 4 4
0 3 5 0
1 3 1 1
0 3 3 2
1 3 5 3
Medium211 9
1 2 2 0
0 2 2 0
0 2 3 1
0 2 2 2
1 2 3 0
0 2 0 4
1 2 4 1
0 3 4 2
1 3 5 2
Medium212 10
1 2 2 0
0 2 4 0
0 2 5 0
0 2 2 1
1 2 3 0
0 2 2 3
0 2 1 4
1 2 4 3
1 3 0 0
0 3 5 2
Medium213 8
1 2 2 1
0 2 0 4
0 2 1 4
1 2 4 2
0 3 3 0
0 3 0 1
0 3 5 2
1 3 5 3
Medium214 10
1 2 2 0
0 2 3 0
0 2 2 1
0 2 4 1
0 2 3 2
0 2 1 3
0 2 4 3
1 2 4 2
1 2 5 4
0 3 5 2
Medium215 10
1 2 2 1
1 2 0 0
0 2 2 0
0 2 0 1
0 2 3 2
0 2 4 2
1 2 4 0
0 2 5 4
1 3 1 3
1 3 4 2
Medium216 10
1 2 2 0
0 2 5 0
0 2 2 1
0 2 5 2
0 2 0 4
0 2 1 4
1 2 5 4
1 3 0 0
0 3 4 0
0 3 2 3
Medium217 9
1 2 2 1
0 2 5 2
0 2 3 3
0 2 2 4
1 2 5 0
1 2 5 4
1 3 0 3
0 3 4 2
1 3 3 0
Medium218 8
1 2 2 0
0 2 2 0
0 2 2 2
0 2 1 4
1 2 4 3
1 2 5 2
0 3 3 1
0 3 5 3
Medium219 8
1 2 2 0
0 2 2 0
0 2 3 0
1 2 1 4
0 2 2 2
0 2 4 4
0 3 5 3
1 3 4 0
Medium220 10
1 2 2 0
1 2 0 0
1 2 0 2
0 2 4 0
0 2 3 1
0 2 4 2
1 2 4 4
1 2 5 2
0 3 0 3
1 3 3 1
Medium221 10
1 2 2 0
0 2 0 0
0 2 1 0
1 2 0 2
0 2 4 0
0 2 2 1
0 2 3 1
0 2 4 2
0 2 5 2
0 2 2 3
Medium222 10
1 2 2 0
0 2 0 0
1 2 0 2
1 2 0 4
1 2 1 1
0 2 2 2
1 2 3 3
0 2 4 4
0 3 5 3
1 3 4 0
Medium223 10
1 2 2 0
1 2 0 0
0 2 2 0
1 2 0 4
1 2 1 4
0 2 2 2
1 2 3 3
0 2 3 4
0 3 5 3
1 3 4 0
Medium224 10
1 2 2 1
1 2 0 0
0 2 5 0
0 2 4 1
0 2 5 2
0 2 2 4
1 3 0 2
1 3 1 0
0 3 3 1
1 3 4 3
Medium225 10
1 2 2 0
1 2 0 0
1 2 0 2
0 2 4 0
0 2 3 1
0 2 4 2
0 2 5 2
0 3 0 3
1 3 3 1
1 3 4 3
Medium226 10
1 2 2 0
0 2 1 0
1 2 4 1
0 2 3 4
0 2 4 4
1 2 5 1
1 3 0 3
0 3 2 1
0 3 0 3
0 3 5 3
Medium227 9
1 2 2 0
0 2 2 0
0 2 2 2
0 2 3 2
1 2 3 0
0 2 1 4
1 2 4 2
0 3 4 2
1 3 5 2
Medium228 9
1 2 2 0
0 2 2 1
0 2 3 2
1 2 3 4
1 2 4 3
0 2 5 4
1 3 0 0
1 3 1 3
1 3 4 0
Medium229 9
1 2 2 2
1 2 0 1
0 2 1 1
0 2 3 3
0 2 2 4
1 2 5 3
0 3 4 2
1 3 3 0
0 3 5 3
Medium230 10
1 2 2 0
0 2 0 0
1 2 0 1
0 2 2 2
1 2 3 4
0 2 3 4
0 2 4 4
0 2 5 4
1 3 0 3
1 3 4 0
Medium231 10
1 2 2 0
0 2 0 0
1 2 0 2
0 2 4 0
0 2 2 1
0 2 4 2
1 2 3 2
0 2 3 4
0 3 5 2
1 3 4 0
Medium232 10
1 2 2 0
0 2 5 0
1 2 1 3
0 2 5 2
0 2 0 4
1 2 4 1
0 2 4 4
1 3 0 0
0 3 2 1
0 3 3 3
Medium233 10
1 2 2 2
1 2 0 0
1 2 1 0
0 2 1 2
0 2 2 3
1 2 3 4
0 2 1 4
0 2 5 4
0 3 4 0
1 3 5 2
Medium234 9
1 2 2 2
0 2 2 0
0 2 5 3
0 2 2 4
0 2 3 4
1 2 5 4
1 3 0 3
0 3 4 1
1 3 3 1
Medium235 10
1 2 2 1
0 2 2 0
0 2 3 1
1 2 1 4
0 2 4 2
0 2 5 2
0 2 5 4
1 3 0 3
0 3 1 3
1 3 4 2
Medium236 10
1 2 2 1
0 2 2 0
1 2 0 3
0 2 4 1
1 2 3 4
0 2 2 4
1 2 5 0
0 3 0 0
0 3 5 0
0 3 3 2
Medium237 10
1 2 2 0
1 2 0 1
0 2 4 1
0 2 5 1
0 2 2 2
1 2 3 4
0 2 5 4
1 3 0 3
1 3 1 1
1 3 4 0
Medium238 8
1 2 2 0
0 2 2 0
0 2 4 1
0 2 2 2
0 2 1 4
1 2 4 2
0 3 3 0
0 3 5 3
Medium239 10
1 2 2 1
1 2 0 4
0 2 0 1
0 2 4 1
0 2 2 4
1 2 4 4
0 3 3 0
0 3 5 1
1 3 3 2
1 3 5 3
Medium240 10
1 2 2 0
0 2 0 0
1 2 0 1
1 2 0 3
0 2 2 2
0 2 3 2
1 2 3 4
0 2 4 4
0 2 5 4
1 3 4 1
Medium241 10
1 2 2 1
0 2 2 0
1 2 0 4
0 2 4 1
1 2 4 3
0 2 5 4
1 2 5 0
0 3 3 0
0 3 0 1
1 3 4 0
Medium242 10
1 2 2 0
1 2 0 1
1 2 1 0
0 2 2 1
0 2 1 3
1 2 3 2
1 2 3 4
1 2 5 0
1 2 5 2
0 3 5 0
Medium243 9
1 2 2 0
0 2 2 0
0 2 2 2
1 2 3 0
0 2 0 4
1 2 4 1
0 3 3 2
0 3 5 3
1 3 5 2
Medium244 10
1 2 2 2
1 2 1 0
0 2 1 2
0 2 2 3
1 2 3 4
1 2 4 0
1 2 4 3
0 2 5 4
0 3 4 0
1 3 5 2
Medium245 9
1 2 2 0
0 2 2 0
0 2 2 2
0 2 5 2
1 2 3 0
0 2 0 4
1 2 4 1
0 3 4 2
1 3 5 1
Medium246 10
1 2 2 0
0 2 2 0
0 2 2 2
0 2 3 2
0 2 4 2
1 2 3 0
0 2 0 4
0 2 1 4
1 2 4 2
0 2 4 4
Medium247 10
1 2 2 2
0 2 2 0
0 2 0 1
0 2 5 3
0 2 0 4
0 2 2 4
1 2 5 4
1 3 0 3
0 3 4 2
1 3 3 0
Medium248 10
1 2 2 3
1 2 0 0
1 2 0 2
0 2 4 0
0 2 0 1
0 2 2 1
0 2 3 3
1 2 4 4
0 3 5 1
1 3 3 0
Medium249 10
1 2 2 1
0 2 3 0
1 2 0 4
0 2 3 2
0 2 1 4
0 2 2 4
0 2 5 4
1 2 5 3
0 3 4 1
1 3 3 0
Medium250 10
1 2 2 1
0 2 1 0
1 2 0 2
0 2 5 0
0 2 3 2
1 2 3 4
0 2 1 4
0 2 2 4
0 3 4 0
1 3 4 3
Medium251 10
1 2 2 3
0 2 0 0
1 2 0 1
0 2 4 0
0 2 2 1
1 2 4 4
0 3 5 0
0 3 0 2
0 3 3 3
1 3 5 0
Medium252 9
1 2 2 1
0 2 5 2
0 2 2 4
1 2 4 4
1 2 5 0
0 3 0 0
1 3 0 3
0 3 4 1
1 3 3 1
Medium253 9
1 2 2 0
0 2 3 0
0 2 4 0
0 2 2 2
0 2 1 4
0 2 2 4
1 2 4 3
0 2 5 4
1 3 1 0
Medium254 8
1 2 2 0
0 2 2 1
1 2 3 0
0 2 2 3
0 2 1 4
1 2 5 2
0 3 3 2
0 3 4 3
Medium255 10
1 2 2 1
0 2 0 0
0 2 2 0
0 2 3 2
0 2 5 2
1 2 3 1
0 2 5 4
1 3 0 3
0 3 0 2
1 3 4 1
Medium256 10
1 2 2 2
0 2 2 0
1 2 0 3
0 2 4 1
0 2 4 3
1 2 5 4
0 3 0 0
0 3 5 0
0 3 3 3
1 3 4 0
Medium257 10
1 2 2 3
1 2 0 4
0 2 2 2
1 2 3 0
0 2 3 3
1 2 4 4
0 3 0 0
0 3 1 0
1 3 1 2
0 3 5 1
Medium258 10
1 2 2 0
0 2 0 0
0 2 4 0
1 2 1 2
0 2 2 2
1 2 4 3
1 2 5 2
1 2 5 4
0 3 5 2
1 3 4 0
Medium259 8
1 2 2 1
1 2 0 0
0 2 2 0
0 2 0 1
0 2 2 4
1 2 4 3
0 3 4 0
0 3 5 0
Medium260 10
1 2 2 0
0 2 2 0
0 2 4 1
0 2 2 2
0 2 4 3
0 2 0 4
1 2 4 1
0 3 5 0
0 3 3 2
1 3 5 3
Medium261 9
1 2 2 0
0 2 3 0
0 2 5 0
0 2 2 2
0 2 2 4
1 2 4 3
1 3 0 0
0 3 4 0
0 3 5 2
Medium262 10
1 2 2 0
0 2 3 0
0 2 3 2
0 2 1 4
0 2 2 4
1 2 4 3
0 2 5 4
1 2 5 3
0 3 4 1
1 3 3 0
Medium263 9
1 2 2 3
0 2 2 1
0 2 4 3
0 2 2 4
1 2 5 4
1 3 0 0
0 3 5 0
1 3 3 0
0 3 3 3
Medium264 10
1 2 2 2
0 2 3 0
1 2 3 2
0 2 2 4
0 2 5 4
1 2 5 0
1 2 5 3
1 3 0 0
0 3 1 1
0 3 4 2
Medium265 10
1 2 2 0
0 2 0 0
1 2 0 2
1 2 0 4
0 2 2 2
1 2 4 4
1 3 1 2
0 3 5 1
0 3 3 2
1 3 5 3
Medium266 9
1 2 2 0
0 2 5 0
0 2 2 2
0 2 5 2
0 2 2 4
1 2 5 4
0 3 3 0
0 3 4 0
1 3 1 0
Medium267 10
1 2 2 0
0 2 1 0
1 2 0 2
0 2 4 0
0 2 5 0
0 2 3 1
1 2 3 0
0 2 3 3
0 3 4 2
1 3 5 2
Medium268 10
1 2 2 1
0 2 1 0
1 2 0 2
0 2 4 0
0 2 5 1
0 2 3 2
0 2 3 4
1 2 5 4
0 3 4 2
0 3 2 3
Medium269 10
1 2 2 0
0 2 0 0
0 2 3 1
0 2 5 1
1 2 3 0
1 2 3 2
0 2 1 4
1 3 0 3
0 3 4 2
1 3 5 2
Medium270 9
1 2 2 0
0 2 2 0
0 2 5 1
0 2 2 2
1 2 3 0
0 2 1 4
1 2 4 2
0 3 4 2
1 3 5 2
Medium271 10
1 2 2 1
0 2 5 1
0 2 5 3
0 2 0 4
0 2 1 4
0 2 2 4
1 2 5 4
0 3 0 1
0 3 4 2
1 3 3 1
Medium272 10
1 2 2 0
0 2 0 0
1 2 0 1
0 2 5 0
1 2 1 1
1 2 1 3
0 2 2 2
1 2 5 3
0 3 3 2
1 3 4 0
Medium273 9
1 2 2 2
0 2 3 0
0 2 5 0
0 2 5 2
0 2 2 4
1 3 0 0
0 3 4 0
0 3 0 1
1 3 4 3
Medium274 9
1 2 2 1
0 2 3 0
0 2 3 2
1 2 3 0
0 2 1 4
1 2 4 3
0 2 5 4
0 3 4 1
0 3 2 3
Medium275 8
1 2 2 0
0 2 5 2
1 2 3 0
0 2 1 4
1 2 4 2
1 2 5 2
0 3 2 1
0 3 4 3
Medium276 10
1 2 2 2
0 2 5 0
0 2 5 2
0 2 2 3
1 2 5 0
1 2 5 2
1 3 0 0
0 3 4 0
0 3 0 1
1 3 4 3
Medium277 10
1 2 2 0
0 2 4 0
0 2 5 0
0 2 2 1
0 2 2 3
1 2 3 3
0 2 3 4
1 2 4 4
1 2 5 1
1 3 0 0
Medium278 10
1 2 2 0
0 2 5 0
1 2 1 2
0 2 2 2
0 2 5 2
1 2 3 3
0 2 2 4
0 2 3 4
1 2 4 4
1 3 0 1
Medium279 10
1 2 2 0
0 2 0 0
0 2 1 0
1 2 0 2
0 2 4 0
0 2 5 1
0 2 2 2
0 2 4 2
0 2 2 4
0 3 3 1
Medium280 10
1 2 2 1
0 2 1 0
1 2 0 2
0 2 5 0
0 2 3 1
0 2 5 2
1 2 3 1
0 2 3 3
0 2 2 4
1 3 5 3
Medium281 10
1 2 2 0
0 2 1 0
1 2 0 2
0 2 4 0
0 2 2 1
0 2 4 2
0 2 5 2
0 2 2 4
0 3 3 2
1 3 5 3
Medium282 10
1 2 2 0
0 2 3 0
1 2 1 1
1 2 1 4
0 2 2 2
0 2 0 4
1 2 4 1
1 2 4 3
1 3 0 0
0 3 5 3
Medium283 10
1 2 2 1
1 2 0 0
0 2 2 0
1 2 1 3
0 2 0 2
0 2 0 4
1 2 4 4
0 3 5 0
0 3 3 2
1 3 5 3
Medium284 10
1 2 2 1
1 2 0 4
1 2 1 1
0 2 5 2
0 2 2 4
1 2 4 4
1 2 5 4
0 3 3 0
0 3 4 1
1 3 3 1
Medium285 10
1 2 2 2
1 2 1 2
0 2 5 2
1 2 3 0
0 2 2 3
1 2 4 4
0 3 0 0
0 3 4 1
0 3 3 3
1 3 5 0
Medium286 10
1 2 2 1
0 2 1 0
1 2 0 2
0 2 4 0
0 2 3 2
1 2 3 4
0 2 1 4
0 2 2 4
0 3 5 0
1 3 4 3
Medium287 8
1 2 2 2
0 2 4 0
0 2 5 0
0 2 1 1
0 2 4 2
0 2 2 4
1 2 4 4
1 3 0 1
Medium288 8
1 2 2 0
0 2 4 2
0 2 1 4
1 2 4 2
0 2 4 4
1 2 5 2
0 3 3 1
0 3 5 2
Medium289 10
1 2 2 2
0 2 2 0
1 2 0 4
0 2 5 1
0 2 1 4
1 2 4 4
0 3 0 0
0 3 4 1
1 3 3 0
1 3 5 2
Medium290 8
1 2 2 3
0 2 2 1
1 2 3 0
0 2 2 3
0 2 1 4
1 2 4 4
0 3 5 1
0 3 3 3
Medium291 10
1 2 2 2
0 2 0 0
0 2 3 0
1 2 0 4
1 2 3 0
1 2 3 2
0 2 1 4
0 3 4 1
0 3 5 3
1 3 4 2
Medium292 10
1 2 2 2
0 2 1 0
1 2 0 3
1 2 3 0
0 2 2 3
1 2 4 3
0 2 5 4
0 3 0 0
0 3 4 1
1 3 5 0
Medium293 9
1 2 2 1
0 2 4 0
0 2 5 0
0 2 2 4
1 2 5 0
1 3 0 0
0 3 3 0
0 3 0 2
1 3 4 3
Medium294 9
1 2 2 0
0 2 4 2
0 2 0 3
1 2 4 1
0 2 4 4
1 2 5 2
0 3 2 0
1 3 0 3
0 3 3 2
Medium295 10
1 2 2 0
1 2 0 0
1 2 0 2
0 2 4 0
0 2 3 1
0 2 4 2
1 2 4 4
0 3 0 3
1 3 3 1
1 3 5 2
Medium296 9
1 2 2 0
1 2 0 0
0 2 2 0
0 2 2 2
0 2 5 2
0 2 1 3
1 2 4 2
0 2 4 4
1 3 1 3
Medium297 10
1 2 2 0
0 2 0 0
1 2 0 1
1 2 0 3
0 2 2 2
1 2 3 4
0 2 4 4
0 3 5 0
1 3 1 1
1 3 4 0
Medium298 10
1 2 2 0
0 2 0 0
1 2 0 1
0 2 2 2
0 2 3 4
0 2 4 4
0 2 5 4
1 3 0 3
1 3 3 3
1 3 4 0
Medium299 10
1 2 2 0
0 2 4 0
0 2 5 0
0 2 2 1
0 2 2 3
1 2 3 4
1 2 4 4
1 2 5 1
1 3 0 1
0 3 3 3
Medium300 10
1 2 2 0
0 2 5 0
0 2 2 2
0 2 5 2
0 2 1 4
0 2 2 4
1 2 4 4
1 3 0 0
0 3 4 0
1 3 5 3
Medium301 10
1 2 2 0
1 2 0 2
0 2 4 0
0 2 2 2
1 2 3 4
0 2 5 4
1 2 5 3
1 3 1 1
0 3 3 2
1 3 4 0
Medium302 10
1 2 2 0
0 2 0 0
1 2 0 1
0 2 3 0
0 2 4 0
0 2 2 1
0 2 2 4
0 3 5 1
0 3 1 3
1 3 4 3
Medium303 10
1 2 2 2
1 2 0 0
0 2 5 0
0 2 1 1
1 2 1 2
0 2 4 2
1 2 3 0
0 2 2 3
1 3 0 2
1 3 4 3
Medium304 9
1 2 2 1
0 2 2 0
1 2 0 3
0 2 5 2
0 2 1 4
0 3 0 0
0 3 4 2
1 3 3 0
1 3 5 3
Medium305 10
1 2 2 0
0 2 3 0
0 2 5 0
1 2 1 0
0 2 2 1
0 2 2 3
0 2 0 4
1 2 4 3
1 3 0 0
0 3 5 2
Medium306 10
1 2 2 0
0 2 1 0
1 2 0 2
0 2 4 0
0 2 2 1
1 2 4 4
0 3 5 0
0 3 0 3
0 3 2 3
1 3 5 3
Medium307 10
1 2 2 2
0 2 2 0
0 2 3 0
1 2 0 4
0 2 4 1
0 2 0 2
1 2 4 0
0 3 5 2
1 3 4 2
1 3 5 3
Medium308 10
1 2 2 0
0 2 0 0
0 2 2 0
0 2 3 1
1 2 1 4
0 2 5 2
0 2 1 4
0 2 5 4
1 3 0 3
1 3 4 2
Medium309 9
1 2 2 0
0 2 0 0
0 2 4 0
0 2 2 2
1 2 4 4
1 2 5 4
1 3 1 1
0 3 5 1
0 3 3 3
Medium310 10
1 2 2 0
0 2 0 0
1 2 0 1
1 2 0 3
0 2 2 1
0 2 3 1
0 2 4 1
0 3 5 0
0 3 1 3
1 3 4 2
Medium311 9
1 2 2 0
0 2 0 0
1 2 0 1
0 2 4 0
0 2 2 1
0 2 4 4
0 3 3 3
0 3 5 3
1 3 4 0
Medium312 10
1 2 2 2
0 2 3 0
1 2 0 4
0 2 1 4
0 2 2 4
1 2 4 3
0 3 4 1
0 3 5 2
1 3 3 0
1 3 5 3
Medium313 10
1 2 2 0
0 2 0 0
1 2 0 1
1 2 1 2
0 2 2 2
0 2 5 3
0 2 3 4
0 2 4 4
1 3 0 3
1 3 4 0
Medium314 8
1 2 2 0
0 2 3 2
0 2 1 4
1 2 4 2
1 2 5 2
0 3 5 0
0 3 2 1
0 3 4 3
Medium315 10
1 2 2 1
1 2 0 0
1 2 0 2
0 2 4 0
0 2 3 2
1 2 3 4
0 2 1 4
0 2 2 4
0 3 5 0
1 3 4 3
Medium316 10
1 2 2 1
1 2 0 4
0 2 0 1
0 2 2 3
1 2 3 3
0 2 4 4
1 3 0 0
0 3 3 0
0 3 5 3
1 3 5 0
Medium317 8
1 2 2 0
0 2 2 2
0 2 1 4
0 2 2 4
1 2 4 3
0 3 3 0
0 3 5 2
1 3 5 3
Medium318 10
1 2 2 0
0 2 2 0
0 2 2 2
1 2 3 0
0 2 0 4
1 2 4 1
0 3 3 2
0 3 4 2
0 3 5 3
1 3 5 2
Medium319 10
1 2 2 2
0 2 2 0
1 2 0 4
0 2 5 1
0 2 4 2
0 2 4 4
1 2 5 0
0 3 0 0
0 3 3 3
1 3 4 0
Medium320 9
1 2 2 0
0 2 4 0
0 2 5 0
0 2 2 1
0 2 4 2
0 2 1 4
1 2 4 4
1 3 0 0
1 3 3 0
Medium321 9
1 2 2 3
0 2 2 0
0 2 2 2
1 2 3 0
0 2 0 4
1 2 4 4
1 2 5 1
0 3 5 1
0 3 3 3
Medium322 9
1 2 2 0
0 2 4 0
0 2 5 1
0 2 2 2
1 2 3 4
0 2 5 4
1 3 1 1
0 3 3 3
1 3 4 0
Medium323 10
1 2 2 0
0 2 0 0
1 2 0 1
0 2 2 1
0 2 0 4
1 2 4 1
1 3 0 3
0 3 3 2
0 3 5 2
1 3 5 3
Medium324 10
1 2 2 1
1 2 0 1
1 2 0 3
0 2 5 0
0 2 3 2
0 2 4 2
0 2 1 4
0 2 2 4
1 3 3 0
1 3 4 3
Medium325 10
1 2 2 2
0 2 3 0
1 2 0 4
1 2 3 0
1 2 3 2
0 2 1 4
1 2 5 4
0 3 4 1
0 3 5 1
1 3 4 2
Medium326 10
1 2 2 0
0 2 0 0
1 2 0 1
0 2 4 0
1 2 1 2
0 2 2 2
0 2 5 2
1 2 4 3
0 2 5 4
1 3 4 0
Medium327 9
1 2 2 0
0 2 2 1
0 2 4 2
1 2 3 0
0 2 2 3
0 2 0 4
1 2 4 4
0 3 5 0
0 3 3 3
Medium328 9
1 2 2 0
0 2 2 0
0 2 2 2
0 2 0 4
1 2 4 1
1 2 5 4
0 3 5 0
0 3 4 2
0 3 3 3
Medium329 10
1 2 2 0
1 2 1 0
0 2 2 1
0 2 1 3
1 2 3 2
1 2 3 4
1 2 5 0
1 2 5 2
1 3 0 2
0 3 5 0
Medium330 8
1 2 2 2
0 2 5 2
1 2 3 0
0 2 1 4
0 2 3 4
1 2 4 4
0 3 4 1
0 3 2 3
Medium331 10
1 2 2 0
0 2 5 0
0 2 2 1
0 2 1 3
0 2 2 3
1 2 3 4
1 2 4 4
1 3 0 0
0 3 4 0
1 3 5 0
Medium332 10
1 2 2 1
0 2 5 0
0 2 5 2
1 2 3 1
0 2 1 4
0 2 2 4
1 3 0 0
0 3 4 0
1 3 4 3
1 3 5 3
Medium333 10
1 2 2 0
0 2 5 0
1 2 1 3
0 2 3 2
1 2 3 4
0 2 4 4
1 2 5 2
1 3 0 0
0 3 2 1
1 3 4 1
Medium334 9
1 2 2 0
1 2 0 0
0 2 5 0
0 2 5 2
0 2 0 4
1 2 4 1
0 2 4 4
1 3 0 2
0 3 2 1
Medium335 10
1 2 2 0
0 2 1 0
1 2 0 2
0 2 4 0
0 2 2 2
0 2 2 4
1 2 4 4
0 3 5 0
0 3 0 3
1 3 5 3
Medium336 9
1 2 2 0
0 2 0 0
1 2 0 1
1 2 0 4
0 2 2 4
0 2 3 4
1 2 5 4
0 3 4 2
1 3 3 1
Medium337 10
1 2 2 2
0 2 3 0
1 2 0 4
0 2 1 1
0 2 5 3
0 2 1 4
0 2 2 4
1 2 5 4
0 3 4 2
1 3 3 0
Medium338 10
1 2 2 2
0 2 2 0
1 2 0 3
0 2 0 1
0 2 4 1
0 2 4 3
1 2 5 4
0 3 5 2
1 3 3 0
0 3 3 3
Medium339 9
1 2 2 0
1 2 0 3
0 2 5 2
0 2 0 4
1 2 4 1
1 3 0 0
0 3 2 1
0 3 3 3
0 3 4 3
Medium340 9
1 2 2 0
0 2 2 0
0 2 5 1
0 2 2 2
0 2 0 3
1 2 4 1
0 3 3 2
0 3 4 2
1 3 5 3
Medium341 10
1 2 2 0
0 2 3 0
0 2 2 2
0 2 3 2
0 2 4 2
0 2 1 4
1 2 4 2
0 2 4 4
0 3 0 3
0 3 5 3
Medium342 9
1 2 2 0
0 2 3 0
0 2 3 2
0 2 1 4
1 2 4 2
1 2 5 2
0 3 2 1
0 3 4 2
0 3 5 3
Medium343 10
1 2 2 0
0 2 0 0
1 2 0 1
1 2 0 4
0 2 2 2
1 2 3 3
0 2 4 4
0 3 3 0
0 3 5 3
1 3 4 0
Medium344 9
1 2 2 0
0 2 5 0
0 2 2 2
0 2 5 2
0 2 0 4
0 2 2 4
0 2 3 4
1 2 4 4
1 3 0 2
Medium345 10
1 2 2 1
0 2 4 2
0 2 0 3
1 2 3 1
0 2 2 4
1 2 4 3
1 2 5 3
0 3 0 0
0 3 3 0
0 3 5 3
Medium346 10
1 2 2 0
0 2 0 0
1 2 0 4
0 2 4 1
0 2 4 3
1 2 4 2
1 2 5 4
0 3 2 0
0 3 5 2
1 3 3 0
Medium347 10
1 2 2 3
1 2 0 2
0 2 4 0
0 2 2 1
0 2 2 3
1 2 3 4
0 3 0 0
0 3 5 0
0 3 3 3
1 3 5 0
Medium348 10
1 2 2 2
1 2 0 0
0 2 2 0
0 2 1 1
0 2 3 4
1 2 5 4
0 3 5 0
0 3 0 1
0 3 4 2
1 3 3 1
Medium349 9
1 2 2 0
0 2 4 1
0 2 4 3
0 2 5 3
0 2 1 4
1 2 4 2
1 2 5 2
1 2 5 4
0 3 3 0
Medium350 9
1 2 2 0
0 2 0 0
0 2 2 0
1 2 0 3
0 2 2 2
1 2 3 0
0 2 4 4
0 3 5 3
1 3 4 1
Medium351 10
1 2 2 1
1 2 0 4
0 2 0 1
1 2 3 2
0 2 2 4
1 2 5 4
0 3 3 0
0 3 4 1
0 3 5 2
0 3 0 3
Medium352 10
1 2 2 0
0 2 0 0
1 2 0 2
0 2 4 0
0 2 2 1
0 2 4 2
1 2 3 2
0 2 3 4
0 2 5 4
1 3 4 0
Medium353 10
1 2 2 0
0 2 0 0
1 2 0 1
0 2 4 0
0 2 2 2
1 2 3 0
0 3 5 0
0 3 4 2
0 3 3 3
1 3 4 0
Medium354 9
1 2 2 0
0 2 1 0
1 2 1 4
0 2 5 2
0 2 4 4
0 2 5 4
0 3 2 0
1 3 4 0
1 3 5 0
Medium355 10
1 2 2 1
1 2 0 4
1 2 1 4
0 2 4 2
0 2 2 4
1 2 4 3
0 2 5 4
1 3 0 0
0 3 3 0
1 3 3 1
Medium356 9
1 2 2 1
0 2 2 0
1 2 0 4
0 2 4 1
0 2 2 4
1 2 4 4
0 3 3 0
0 3 5 1
1 3 3 2
Medium357 10
1 2 2 0
0 2 3 0
0 2 4 0
0 2 5 0
0 2 2 1
1 2 3 1
1 2 3 3
0 2 2 4
1 2 4 4
1 3 0 0
Medium358 10
1 2 2 0
0 2 1 0
1 2 0 2
0 2 5 0
0 2 2 1
0 2 3 1
0 2 5 2
1 2 3 1
0 2 3 3
0 3 4 1
Medium359 10
1 2 2 2
1 2 0 4
0 2 5 2
0 2 2 4
1 2 4 4
1 2 5 0
1 2 5 4
0 3 0 0
0 3 4 1
1 3 3 0
Medium360 10
1 2 2 0
0 2 2 0
0 2 2 2
0 2 3 2
1 2 3 0
0 2 1 4
1 2 4 2
1 2 5 2
0 3 5 0
0 3 4 3
Medium361 10
1 2 2 2
0 2 2 0
0 2 3 0
1 2 0 4
0 2 5 1
0 2 1 4
1 2 4 4
0 3 4 1
1 3 3 0
1 3 5 3
Medium362 10
1 2 2 0
0 2 2 0
0 2 2 2
1 2 3 0
0 2 0 4
1 2 4 1
0 2 4 4
0 3 3 2
0 3 5 3
1 3 5 1
Medium363 10
1 2 2 0
0 2 0 0
1 2 0 1
0 2 4 0
0 2 2 1
0 2 5 2
0 2 3 4
1 2 4 4
1 3 3 1
1 3 4 0
Medium364 10
1 2 2 2
0 2 0 0
0 2 2 0
1 2 1 3
0 2 4 2
1 2 4 4
0 3 5 1
0 3 0 2
0 3 3 3
1 3 5 0
Medium365 10
1 2 2 0
0 2 0 0
1 2 0 1
0 2 3 0
1 2 0 4
0 2 3 2
0 2 2 4
1 2 5 3
0 3 4 2
1 3 3 0
Medium366 10
1 2 2 0
0 2 5 0
0 2 2 1
0 2 5 2
0 2 0 3
0 2 2 4
0 2 3 4
1 2 4 4
1 3 0 0
1 3 3 2
Medium367 10
1 2 2 2
1 2 1 2
0 2 2 4
1 2 4 4
1 2 5 0
1 2 5 4
0 3 0 0
0 3 4 1
0 3 5 1
1 3 3 0
Medium368 10
1 2 2 1
0 2 1 0
0 2 3 0
1 2 1 4
0 2 3 2
1 2 3 4
1 2 4 3
0 2 5 4
0 3 0 0
0 3 2 3
Medium369 10
1 2 2 0
1 2 0 1
1 2 0 3
0 2 5 0
0 2 5 2
1 2 3 3
0 2 0 4
0 2 3 4
1 2 4 4
0 3 2 1
Medium370 10
1 2 2 2
0 2 2 0
1 2 0 3
0 2 4 1
0 2 0 3
0 2 2 3
1 2 3 4
0 3 5 0
0 3 3 3
1 3 5 0
Medium371 10
1 2 2 0
0 2 1 0
0 2 4 1
1 2 3 4
1 2 4 2
0 2 4 4
1 3 0 2
0 3 5 0
0 3 2 1
1 3 5 0
Medium372 9
1 2 2 2
1 2 0 0
0 2 2 0
0 2 1 1
1 2 3 0
0 2 2 3
1 2 4 4
0 3 4 0
1 3 5 0
Medium373 9
1 2 2 0
1 2 0 3
0 2 0 4
1 2 4 1
0 2 4 4
1 2 5 1
1 3 0 0
0 3 2 1
0 3 3 3
Medium374 9
1 2 2 1
1 2 0 0
1 2 0 2
0 2 4 0
0 2 3 1
0 2 0 2
1 2 4 0
0 3 2 3
1 3 3 3
Medium375 10
1 2 2 0
0 2 1 0
1 2 0 2
0 2 4 0
0 2 5 1
0 2 3 2
0 2 4 2
0 2 3 4
1 2 5 1
0 3 2 1
Medium376 10
1 2 2 2
0 2 2 0
1 2 0 3
0 2 5 1
0 2 3 3
0 2 1 4
0 3 0 0
0 3 4 2
1 3 3 0
1 3 5 3
Medium377 10
1 2 2 0
0 2 0 0
1 2 0 1
0 2 5 1
0 2 2 2
1 2 4 4
0 3 4 0
1 3 1 1
0 3 3 2
1 3 5 3
Medium378 10
1 2 2 0
0 2 0 0
1 2 0 2
1 2 0 4
1 2 4 0
0 2 2 4
0 2 3 4
1 2 5 4
0 3 4 2
1 3 3 1
Medium379 10
1 2 2 0
0 2 2 0
0 2 3 1
0 2 2 2
1 2 3 0
0 2 1 4
1 2 4 2
0 3 4 2
0 3 5 3
1 3 5 2
Medium380 10
1 2 2 2
0 2 5 1
1 2 3 0
0 2 2 3
0 2 3 4
1 2 4 4
0 3 0 0
1 3 0 3
0 3 4 1
1 3 5 0
Medium381 10
1 2 2 0
1 2 0 1
1 2 1 4
0 2 4 2
1 2 3 2
0 2 3 4
1 2 5 4
1 3 0 3
0 3 5 2
0 3 1 3
Medium382 10
1 2 2 1
0 2 1 0
1 2 1 2
1 2 3 0
0 2 2 3
1 2 4 3
0 2 5 4
0 3 0 0
0 3 4 1
1 3 5 0
Medium383 10
1 2 2 0
0 2 0 0
1 2 0 1
0 2 2 1
0 2 5 3
0 2 1 4
1 2 4 2
0 3 4 1
1 3 3 0
1 3 5 3
Medium384 9
1 2 2 0
0 2 0 0
1 2 0 1
0 2 2 2
1 2 4 4
1 3 1 2
0 3 5 1
0 3 3 2
1 3 5 3
Medium385 10
1 2 2 0
0 2 1 0
1 2 0 3
0 2 5 2
0 2 3 3
1 2 4 1
0 2 5 4
0 3 2 0
0 3 0 3
1 3 5 1
Medium386 9
1 2 2 0
0 2 1 0
0 2 5 2
0 2 2 4
1 2 4 4
1 2 5 0
1 3 0 3
0 3 4 1
1 3 3 0
Medium387 10
1 2 2 1
0 2 2 4
0 2 3 4
1 2 4 4
1 2 5 0
1 2 5 4
1 3 0 3
0 3 4 1
0 3 5 1
1 3 3 0
Medium388 10
1 2 2 3
1 2 0 1
1 2 0 3
0 2 5 0
0 2 2 2
0 2 5 2
0 2 3 3
0 2 2 4
1 2 4 4
0 3 0 3
Medium389 10
1 2 2 2
1 2 0 3
0 2 0 1
0 2 0 3
0 2 5 3
0 2 2 4
0 2 3 4
1 2 5 4
0 3 4 2
1 3 3 1
Medium390 9
1 2 2 0
0 2 2 2
0 2 4 2
0 2 1 4
1 2 4 2
0 2 4 4
0 3 3 0
0 3 0 3
0 3 5 3
Medium391 10
1 2 2 0
0 2 5 0
0 2 2 1
0 2 2 3
0 2 3 3
1 2 3 4
1 2 4 4
1 2 5 4
1 3 0 0
0 3 4 0
Medium392 9
1 2 2 0
0 2 4 0
0 2 5 0
0 2 2 1
0 2 2 3
0 2 3 4
1 2 4 4
1 3 0 0
1 3 3 3
Medium393 9
1 2 2 1
1 2 0 4
0 2 4 1
0 2 0 2
0 2 2 4
1 2 5 4
0 3 3 0
0 3 5 2
1 3 3 2
Medium394 9
1 2 2 0
0 2 0 0
0 2 2 0
0 2 3 0
1 2 1 4
0 2 2 2
0 2 4 4
0 3 5 3
1 3 4 0
Medium395 10
1 2 2 1
1 2 0 0
0 2 5 0
1 2 1 0
0 2 3 1
0 2 4 1
0 2 2 4
1 3 0 2
0 3 0 2
1 3 4 3
Medium396 10
1 2 2 1
0 2 2 0
1 2 1 0
0 2 3 1
0 2 4 1
0 2 0 2
1 2 4 0
0 2 5 4
1 3 0 3
1 3 4 2
Medium397 10
1 2 2 2
0 2 1 0
1 2 0 2
0 2 5 0
0 2 2 3
0 2 3 4
1 2 4 4
0 3 4 0
0 3 1 2
1 3 5 0
Medium398 8
1 2 2 0
0 2 3 0
0 2 0 4
1 2 4 1
1 2 5 1
1 3 0 0
0 3 2 1
0 3 4 2
Medium399 10
1 2 2 0
1 2 0 4
1 2 1 3
0 2 3 2
1 2 3 4
0 2 4 4
0 2 5 4
1 2 5 2
0 3 2 1
1 3 4 1
Medium400 10
1 2 2 0
0 2 0 0
1 2 0 1
0 2 3 0
0 2 4 0
0 2 5 1
0 2 2 2
0 2 5 3
1 2 4 3
1 3 4 0
Medium401 10
1 2 2 0
0 2 0 0
1 2 0 1
1 2 0 4
0 2 5 3
0 2 2 4
1 2 4 3
1 2 5 4
0 3 4 1
1 3 3 0
Medium402 8
1 2 2 0
0 2 0 0
0 2 1 4
1 2 4 2
0 3 3 0
0 3 0 3
0 3 5 3
1 3 5 2
Medium403 10
1 2 2 0
0 2 0 0
0 2 2 0
0 2 3 0
1 2 1 4
0 2 2 2
1 2 3 0
0 2 4 4
0 3 5 3
1 3 4 0
Medium404 9
1 2 2 0
0 2 3 0
0 2 5 0
0 2 2 2
0 2 5 2
0 2 2 4
1 2 5 4
0 3 4 0
1 3 1 0
Medium405 9
1 2 2 0
0 2 2 0
0 2 3 0
0 2 2 2
0 2 3 2
0 2 4 3
0 2 1 4
1 2 4 2
0 3 5 3
Medium406 10
1 2 2 0
0 2 2 0
0 2 4 1
0 2 2 2
0 2 0 3
0 2 4 3
1 2 4 1
1 2 5 4
0 3 5 0
0 3 3 3
Medium407 10
1 2 2 2
1 2 1 2
0 2 5 2
0 2 2 4
0 2 3 4
1 2 4 4
1 2 5 4
1 3 0 3
0 3 4 1
1 3 3 1
Medium408 10
1 2 2 2
1 2 0 4
0 2 2 4
1 2 4 4
1 2 5 0
1 2 5 4
0 3 0 0
0 3 4 1
0 3 5 1
1 3 3 0
Medium409 9
1 2 2 0
1 2 0 3
0 2 0 4
1 2 4 1
0 2 4 4
1 3 0 0
0 3 2 1
0 3 5 1
0 3 3 3
Medium410 10
1 2 2 3
0 2 4 0
1 2 1 0
0 2 2 1
0 2 0 2
0 2 0 4
1 2 4 4
1 3 0 0
0 3 5 1
0 3 3 3
Medium411 10
1 2 2 2
0 2 3 0
1 2 1 4
0 2 0 2
0 2 5 3
1 2 4 0
0 2 2 4
1 2 5 4
0 3 4 2
1 3 3 1
Medium412 10
1 2 2 2
1 2 0 3
1 2 1 3
0 2 4 2
1 2 3 0
0 2 2 3
1 2 4 4
0 3 0 0
0 3 5 0
0 3 3 3
Medium413 10
1 2 2 0
1 2 0 4
0 2 4 1
0 2 4 3
0 2 0 4
1 2 4 1
1 2 5 1
1 2 5 3
0 3 2 0
0 3 3 0
Medium414 10
1 2 2 2
0 2 2 0
1 2 3 0
1 2 3 2
0 2 5 3
0 2 0 4
0 2 3 4
1 2 5 4
1 3 0 3
0 3 4 2
Medium415 10
1 2 2 1
1 2 0 3
0 2 5 0
0 2 5 2
0 2 2 4
1 2 4 4
1 2 5 0
0 3 0 0
0 3 4 1
1 3 3 0
Medium416 10
1 2 2 0
0 2 4 0
0 2 5 0
0 2 2 1
0 2 4 2
0 2 5 2
0 2 1 4
1 2 4 4
1 3 0 0
1 3 3 0
Medium417 10
1 2 2 0
0 2 3 0
0 2 4 0
0 2 5 0
0 2 2 1
0 2 5 2
0 2 0 4
1 2 4 2
0 2 4 4
1 3 0 0
Medium418 10
1 2 2 1
1 2 0 4
0 2 0 1
0 2 4 2
0 2 0 3
0 2 2 4
1 2 4 3
0 3 3 0
1 3 3 1
0 3 5 3
Medium419 10
1 2 2 2
1 2 0 0
1 2 0 2
0 2 2 3
0 2 3 4
1 2 4 4
0 3 4 0
0 3 5 0
0 3 1 1
1 3 5 0
Medium420 10
1 2 2 2
0 2 0 0
1 2 1 2
0 2 5 2
0 2 2 3
1 2 4 4
0 3 4 1
0 3 0 2
0 3 3 3
1 3 5 0
Medium421 9
1 2 2 0
0 2 2 0
0 2 2 2
1 2 3 0
0 2 0 4
1 2 4 2
1 2 5 1
0 3 5 1
0 3 4 3
Medium422 10
1 2 2 0
0 2 3 0
0 2 5 0
0 2 2 2
0 2 0 4
0 2 2 4
1 2 4 3
1 3 0 0
0 3 4 0
0 3 5 2
Medium423 9
1 2 2 0
1 2 0 0
0 2 5 0
0 2 5 2
0 2 1 4
1 2 4 2
1 2 5 2
0 3 2 0
0 3 4 3
Medium424 10
1 2 2 2
1 2 1 2
0 2 5 1
0 2 2 4
1 2 4 4
1 2 5 4
1 3 0 3
0 3 4 1
1 3 3 0
0 3 3 3
Medium425 10
1 2 2 2
0 2 5 2
0 2 2 4
1 2 4 4
1 2 5 0
1 2 5 4
0 3 0 0
1 3 0 3
0 3 4 1
1 3 3 0
Medium426 10
1 2 2 2
0 2 2 0
1 2 0 4
0 2 4 1
1 2 3 0
1 2 4 3
0 3 0 0
0 3 5 3
1 3 4 0
1 3 5 0
Medium427 10
1 2 2 1
0 2 4 0
0 2 5 0
0 2 2 4
1 2 5 0
1 2 5 3
1 3 0 0
0 3 3 0
0 3 0 1
1 3 4 3
Medium428 9
1 2 2 1
1 2 1 4
0 2 4 2
0 2 0 3
0 2 2 4
1 2 5 4
0 3 3 0
0 3 5 2
1 3 3 1
Medium429 10
1 2 2 0
0 2 5 0
0 2 2 2
0 2 5 2
0 2 0 4
0 2 2 4
1 2 5 4
0 3 3 0
0 3 4 0
1 3 1 0
Medium430 9
1 2 2 0
0 2 5 0
0 2 4 3
0 2 0 4
1 2 4 1
1 2 5 1
0 3 2 0
0 3 5 2
0 3 3 3
Medium431 10
1 2 2 1
1 2 1 3
0 2 0 2
0 2 0 4
0 2 2 4
1 2 4 4
1 3 0 0
0 3 5 0
0 3 3 2
1 3 5 3
Medium432 10
1 2 2 0
0 2 2 0
0 2 2 2
1 2 3 0
0 2 0 4
1 2 4 1
1 2 5 1
0 3 5 0
0 3 4 2
0 3 3 3
Medium433 10
1 2 2 0
1 2 0 2
0 2 4 0
0 2 2 2
1 2 3 4
0 2 5 4
1 3 1 1
0 3 3 3
1 3 4 0
1 3 5 0
Medium434 9
1 2 2 0
0 2 5 0
0 2 2 1
0 2 3 1
0 2 5 2
1 2 5 3
1 3 0 0
0 3 4 0
0 3 2 3
Medium435 10
1 2 2 0
0 2 0 0
1 2 0 2
1 2 0 4
0 2 5 1
0 2 2 4
1 2 5 0
1 2 5 3
0 3 4 2
1 3 3 0
Medium436 9
1 2 2 0
0 2 3 2
0 2 4 2
0 2 5 2
0 2 0 4
1 2 4 1
0 2 3 4
0 2 4 4
0 3 2 0
Medium437 8
1 2 2 1
0 2 4 1
0 2 4 3
0 2 1 4
1 2 4 2
0 3 3 0
0 3 5 2
1 3 5 3
Medium438 10
1 2 2 0
1 2 0 2
0 2 5 1
0 2 5 3
0 2 2 4
0 2 3 4
1 2 5 4
0 3 4 2
0 3 0 3
1 3 3 1
Medium439 9
1 2 2 2
0 2 3 0
0 2 5 0
0 2 2 4
1 2 5 0
1 3 0 0
0 3 4 0
0 3 0 1
1 3 4 3
Medium440 10
1 2 2 0
0 2 3 0
0 2 4 0
0 2 5 0
0 2 2 2
0 2 0 3
1 2 4 1
1 2 5 3
1 3 0 0
0 3 3 2
Medium441 8
1 2 2 1
0 2 0 2
0 2 0 4
0 2 1 4
1 2 4 2
0 3 3 0
0 3 5 3
1 3 5 2
Medium442 10
1 2 2 0
0 2 3 0
0 2 5 0
0 2 2 2
0 2 5 2
0 2 0 4
0 2 2 4
1 2 4 4
1 3 0 0
1 3 1 0
Medium443 10
1 2 2 1
0 2 2 0
0 2 3 1
0 2 4 1
0 2 5 2
1 2 3 1
0 2 1 4
0 2 5 4
1 3 0 3
1 3 4 2
Medium444 10
1 2 2 0
0 2 0 0
0 2 1 0
0 2 2 0
1 2 0 3
0 2 2 2
0 2 5 3
0 2 3 4
0 2 4 4
1 3 4 0
Medium445 10
1 2 2 0
0 2 0 0
0 2 1 0
1 2 1 4
0 2 5 2
0 2 4 4
0 2 5 4
0 3 2 0
1 3 4 0
1 3 5 0
Medium446 10
1 2 2 0
0 2 2 1
0 2 5 1
0 2 5 3
0 2 0 4
0 2 1 4
0 2 2 4
1 2 5 4
0 3 4 2
1 3 3 0
Medium447 10
1 2 2 2
0 2 2 0
0 2 3 0
1 2 0 4
0 2 0 1
0 2 4 2
1 2 4 0
1 2 5 4
0 3 5 2
1 3 4 2
Medium448 10
1 2 2 0
0 2 0 0
1 2 0 1
0 2 4 0
1 2 1 1
0 2 2 2
0 2 5 2
1 2 3 0
1 2 4 3
1 3 4 0
Medium449 10
1 2 2 1
1 2 1 2
0 2 5 3
1 2 4 0
0 2 2 4
1 2 4 3
1 2 5 4
1 3 0 3
0 3 4 1
1 3 3 0
Medium450 10
1 2 2 1
1 2 0 4
1 2 1 1
0 2 4 2
0 2 2 4
1 2 4 4
1 2 5 4
0 3 3 0
0 3 5 1
1 3 3 1
Medium451 10
1 2 2 0
0 2 2 0
0 2 4 1
0 2 2 2
0 2 1 4
1 2 4 2
0 2 4 4
1 2 5 2
0 3 3 0
0 3 5 2
Medium452 10
1 2 2 1
0 2 1 0
0 2 2 0
0 2 4 1
0 2 4 3
0 2 0 4
1 2 5 4
1 3 0 3
0 3 5 1
1 3 3 0
Medium453 10
1 2 2 0
0 2 2 0
0 2 4 1
0 2 2 2
1 2 3 0
0 2 0 4
1 2 4 1
1 2 5 2
0 3 5 0
0 3 3 2
Medium454 10
1 2 2 0
0 2 0 0
1 2 0 1
0 2 3 0
0 2 4 0
0 2 2 1
1 2 3 4
1 2 4 3
0 2 5 4
1 3 4 0
Medium455 8
1 2 2 0
1 2 3 4
0 2 0 4
1 2 4 1
0 2 4 4
0 3 5 0
0 3 2 1
0 3 3 3
Medium456 10
1 2 2 0
0 2 4 0
0 2 2 2
0 2 0 4
1 2 4 1
1 2 4 3
0 2 5 4
1 2 5 2
1 3 0 0
0 3 3 0
Medium457 10
1 2 2 2
0 2 3 0
1 2 0 4
0 2 1 1
0 2 5 1
0 2 0 3
0 2 2 4
1 2 5 3
0 3 4 1
1 3 3 1
Medium458 10
1 2 2 1
0 2 5 0
0 2 4 2
0 2 5 2
1 2 3 0
1 2 3 2
0 2 2 4
1 3 0 0
0 3 3 0
1 3 4 3
Medium459 10
1 2 2 3
1 2 0 3
0 2 5 0
0 2 5 2
0 2 3 4
1 2 4 4
1 3 0 0
0 3 2 1
0 3 0 2
1 3 5 0
Medium460 10
1 2 2 0
0 2 0 0
1 2 0 1
1 2 1 1
0 2 4 1
0 2 2 2
0 2 1 4
0 2 5 4
1 3 0 3
1 3 4 2
Medium461 10
1 2 2 0
0 2 4 0
0 2 2 1
0 2 4 2
0 2 0 4
1 2 4 1
1 2 5 3
1 3 0 0
0 3 5 0
0 3 3 2
Medium462 9
1 2 2 0
1 2 0 3
0 2 2 2
0 2 0 4
1 2 4 1
1 3 0 0
0 3 5 0
0 3 3 2
1 3 5 3
Medium463 10
1 2 2 0
0 2 0 0
1 2 0 1
1 2 0 3
0 2 2 1
0 2 4 1
0 2 3 2
0 2 5 4
0 3 1 3
1 3 4 2
Medium464 10
1 2 2 1
0 2 1 0
0 2 2 0
0 2 0 1
0 2 4 1
0 2 4 3
1 3 0 3
0 3 5 1
1 3 3 0
1 3 5 3
Medium465 9
1 2 2 0
1 2 0 0
0 2 0 4
1 2 4 1
0 2 3 4
1 2 5 1
1 3 0 2
0 3 2 1
0 3 4 3
Medium466 10
1 2 2 0
0 2 0 0
1 2 0 1
0 2 4 0
0 2 2 2
1 2 4 4
1 2 5 4
0 3 5 0
1 3 1 1
0 3 3 3
Medium467 10
1 2 2 1
1 2 0 0
0 2 2 0
0 2 3 1
1 2 3 0
1 2 3 2
0 2 1 4
1 2 5 2
1 3 0 3
0 3 5 3
Medium468 10
1 2 2 3
0 2 3 0
1 2 0 4
1 2 1 1
0 2 1 2
0 2 2 2
0 2 5 2
0 2 5 4
0 3 4 3
1 3 4 0
Medium469 10
1 2 2 2
1 2 0 0
0 2 5 0
0 2 4 1
0 2 5 2
0 2 2 4
1 3 0 2
1 3 1 1
1 3 4 3
1 3 5 3
Medium470 10
1 2 2 0
0 2 0 0
1 2 0 1
0 2 4 0
0 2 2 1
1 2 3 4
0 2 4 4
0 3 5 0
0 3 3 3
1 3 4 0
Medium471 10
1 2 2 2
0 2 1 0
1 2 1 2
0 2 5 1
0 2 2 3
1 2 4 4
0 3 0 0
0 3 4 0
0 3 1 2
1 3 5 0
Medium472 10
1 2 2 2
1 2 1 0
0 2 0 2
0 2 1 2
0 2 2 3
1 2 3 4
0 2 1 4
0 2 5 4
0 3 4 0
1 3 5 2
Medium473 10
1 2 2 0
0 2 1 0
1 2 1 4
0 2 5 2
0 2 4 4
0 2 5 4
0 3 2 0
1 3 0 3
1 3 4 0
1 3 5 0
Medium474 10
1 2 2 0
0 2 3 0
0 2 4 0
0 2 2 1
1 2 3 1
0 2 0 4
1 2 4 2
1 2 4 4
1 3 0 0
0 3 5 0
Medium475 9
1 2 2 2
0 2 2 0
0 2 3 0
1 2 0 4
0 2 5 1
0 2 1 4
0 3 4 2
1 3 3 0
1 3 5 3
Medium476 10
1 2 2 1
0 2 0 1
0 2 1 4
0 2 2 4
1 2 4 3
0 2 5 4
1 3 0 0
0 3 4 0
0 3 3 1
0 3 0 3
Medium477 10
1 2 2 2
1 2 0 0
0 2 2 0
0 2 2 3
1 2 3 4
0 2 3 4
0 2 5 4
0 3 4 0
0 3 0 1
1 3 5 0
Medium478 10
1 2 2 2
0 2 1 0
1 2 1 2
0 2 0 2
0 2 5 2
0 2 2 3
1 2 4 3
0 3 4 0
0 3 1 2
1 3 5 0
Medium479 10
1 2 2 0
0 2 0 0
0 2 1 0
1 2 0 2
0 2 4 0
0 2 2 1
0 2 4 2
1 2 3 0
0 2 2 3
0 3 3 3
Medium480 10
1 2 2 0
0 2 5 0
0 2 2 1
0 2 0 3
0 2 2 3
1 2 3 4
1 2 4 4
1 3 0 0
0 3 4 0
1 3 5 0
Medium481 10
1 2 2 3
1 2 0 3
0 2 5 0
0 2 5 2
0 2 3 4
1 2 4 4
1 2 5 1
1 3 0 0
0 3 2 1
0 3 0 3
Medium482 10
1 2 2 0
0 2 1 0
1 2 0 4
0 2 4 1
0 2 4 3
1 2 4 2
1 2 5 4
0 3 2 0
0 3 5 2
1 3 3 0
Medium483 10
1 2 2 0
0 2 5 0
0 2 2 1
0 2 5 2
0 2 2 4
0 2 3 4
1 2 4 4
1 2 5 4
1 3 0 0
1 3 3 2
Medium484 9
1 2 2 0
0 2 2 1
0 2 0 4
0 2 2 4
1 2 4 4
0 3 4 1
0 3 5 1
1 3 3 0
0 3 3 3
Medium485 10
1 2 2 1
1 2 1 1
0 2 3 2
1 2 3 0
0 2 2 3
1 2 4 3
0 3 0 0
1 3 0 3
1 3 1 3
0 3 5 3
Medium486 8
1 2 2 0
0 2 5 2
0 2 1 4
1 2 4 2
1 2 5 2
1 3 0 0
0 3 4 0
0 3 2 1
Medium487 10
1 2 2 0
0 2 1 0
1 2 0 2
0 2 4 0
0 2 5 0
0 2 3 1
0 2 4 2
1 2 3 0
0 2 3 3
1 3 5 3
Medium488 10
1 2 2 0
0 2 4 0
0 2 2 2
0 2 4 3
0 2 0 4
1 2 4 2
1 3 0 0
0 3 3 0
0 3 5 0
1 3 5 3
Medium489 9
1 2 2 3
1 2 0 0
1 2 0 3
0 2 5 0
0 2 5 2
0 2 3 4
1 2 4 4
0 3 2 0
0 3 0 2
Medium490 10
1 2 2 0
0 2 0 0
0 2 1 0
0 2 2 0
1 2 0 3
0 2 2 2
1 2 3 0
0 2 4 4
0 3 5 3
1 3 4 0
Medium491 10
1 2 2 0
0 2 3 0
0 2 5 0
1 2 1 0
0 2 2 1
0 2 4 1
1 3 0 0
0 3 5 2
0 3 0 3
1 3 4 2
Medium492 10
1 2 2 0
0 2 0 0
0 2 3 3
1 2 3 4
0 2 4 4
0 2 5 4
1 2 5 2
1 3 0 1
0 3 2 1
1 3 4 0
Medium493 10
1 2 2 2
1 2 0 2
1 2 0 4
0 2 5 3
0 2 2 4
1 2 5 0
1 2 5 4
0 3 0 0
0 3 4 2
1 3 3 0
Medium494 9
1 2 2 1
0 2 4 2
0 2 0 4
0 2 2 4
1 2 4 3
0 3 3 0
0 3 0 1
0 3 5 2
1 3 5 3
Medium495 10
1 2 2 0
0 2 2 0
0 2 2 2
1 2 3 0
0 2 3 3
0 2 0 4
1 2 4 1
0 2 5 4
0 3 4 3
1 3 5 1
Medium496 10
1 2 2 0
0 2 5 0
0 2 2 1
0 2 5 2
0 2 2 3
1 2 3 3
0 2 0 4
0 2 3 4
1 2 4 4
1 3 0 0
Medium497 10
1 2 2 0
0 2 0 0
1 2 0 1
0 2 3 0
1 2 0 4
0 2 4 1
0 2 1 3
1 2 4 2
0 3 2 1
1 3 3 3
Medium498 8
1 2 2 1
1 2 0 0
0 2 2 0
0 2 0 1
0 2 2 4
1 2 4 3
0 3 3 0
0 3 5 0
Medium499 10
1 2 2 0
1 2 0 3
0 2 4 3
0 2 0 4
1 2 4 1
1 2 5 1
1 2 5 3
1 3 0 0
0 3 2 1
0 3 3 2
Medium500 10
1 2 2 1
1 2 1 2
0 2 5 3
0 2 2 4
1 2 4 3
1 2 5 0
1 2 5 4
1 3 0 2
0 3 4 1
1 3 3 0
Medium501 10
1 2 2 2
0 2 3 0
0 2 5 0
0 2 2 4
1 2 5 0
1 2 5 4
1 3 0 0
0 3 4 0
0 3 0 2
1 3 4 3
Medium502 9
1 2 2 0
0 2 5 0
0 2 5 2
0 2 1 4
1 2 4 2
1 2 5 2
1 3 0 0
0 3 2 1
0 3 4 2
Medium503 10
1 2 2 0
0 2 3 0
0 2 4 0
0 2 5 0
0 2 2 1
0 2 0 4
1 2 4 1
1 2 4 3
1 3 0 0
1 3 3 3
Medium504 10
1 2 2 0
0 2 2 0
0 2 2 2
1 2 3 0
0 2 0 4
1 2 4 1
0 2 5 4
0 3 3 2
0 3 4 3
1 3 5 1
Medium505 8
1 2 2 0
1 2 0 0
0 2 2 0
0 2 2 2
0 2 1 4
1 2 4 2
0 3 3 0
0 3 5 3
Medium506 10
1 2 2 1
0 2 2 0
0 2 3 2
1 2 3 0
0 2 5 3
0 2 3 4
1 2 5 4
0 3 0 0
1 3 0 3
0 3 4 2
Medium507 10
1 2 2 0
0 2 3 0
0 2 4 0
0 2 5 0
0 2 2 2
0 2 0 4
0 2 2 4
1 2 4 3
1 3 0 0
0 3 5 2
Medium508 10
1 2 2 1
1 2 0 0
0 2 5 0
0 2 3 1
0 2 4 1
0 2 5 2
0 2 2 4
1 3 0 2
1 3 1 0
1 3 4 3
Medium509 10
1 2 2 1
1 2 0 1
1 2 0 3
0 2 5 0
0 2 3 1
0 2 4 2
0 2 1 3
1 2 3 2
0 2 2 4
1 3 4 3
Medium510 10
1 2 2 2
0 2 3 0
1 2 0 4
0 2 5 1
0 2 5 3
1 2 4 0
0 2 2 4
0 3 1 0
0 3 4 1
1 3 5 3
Medium511 10
1 2 2 0
0 2 0 0
1 2 0 1
0 2 2 2
0 2 3 4
0 2 4 4
0 2 5 4
1 3 0 3
1 3 1 1
1 3 4 0
Medium512 9
1 2 2 0
1 2 0 3
0 2 0 4
1 2 4 1
0 2 3 4
1 2 5 1
1 3 0 0
0 3 2 1
0 3 4 3
Medium513 10
1 2 2 2
1 2 1 2
0 2 2 4
1 2 4 4
1 2 5 0
1 2 5 4
1 3 0 3
0 3 4 1
0 3 5 1
1 3 3 0
Medium514 10
1 2 2 0
0 2 2 0
0 2 2 2
1 2 3 0
0 2 3 3
0 2 0 4
1 2 4 1
0 3 4 2
0 3 5 3
1 3 5 2
Medium515 9
1 2 2 1
1 2 0 0
0 2 2 0
0 2 0 2
0 2 2 3
1 2 4 3
0 3 3 0
0 3 5 0
1 3 5 2
Medium516 10
1 2 2 1
1 2 0 4
1 2 1 1
0 2 0 2
0 2 4 2
0 2 2 4
1 2 4 4
0 3 3 0
0 3 5 1
1 3 3 1
Medium517 10
1 2 2 0
0 2 3 0
1 2 1 1
0 2 2 2
1 2 3 3
0 2 0 4
1 2 4 1
1 2 4 3
1 3 0 0
0 3 5 3
Medium518 10
1 2 2 0
0 2 5 1
0 2 5 3
0 2 2 4
0 2 3 4
1 2 5 4
1 3 0 3
0 3 4 2
0 3 0 3
1 3 3 1
Medium519 10
1 2 2 1
1 2 3 0
0 2 2 3
0 2 0 4
0 2 1 4
1 2 5 2
0 3 0 0
0 3 3 2
0 3 4 3
0 3 5 3
Medium520 10
1 2 2 0
0 2 0 0
0 2 4 2
0 2 2 4
1 2 4 3
1 2 5 0
1 3 0 3
0 3 3 1
1 3 3 0
0 3 5 3
Medium521 10
1 2 2 2
1 2 0 0
0 2 5 0
1 2 1 0
0 2 4 1
0 2 2 4
1 2 5 0
1 3 0 2
0 3 1 2
1 3 4 3
Medium522 10
1 2 2 0
0 2 4 0
0 2 5 0
0 2 2 1
1 2 3 0
0 2 2 3
0 2 1 4
1 2 4 4
1 3 0 0
1 3 5 2
Medium523 10
1 2 2 2
0 2 5 1
1 2 3 0
0 2 2 3
0 2 3 3
0 2 1 4
1 2 5 2
1 2 5 4
1 3 0 3
0 3 4 2
Medium524 8
1 2 2 0
0 2 5 2
1 2 3 0
0 2 3 3
0 2 0 4
1 2 4 1
0 3 2 1
0 3 4 3
Medium525 10
1 2 2 0
0 2 1 0
1 2 0 2
0 2 4 0
0 2 5 0
0 2 3 1
0 2 4 2
0 2 3 3
1 3 3 0
1 3 5 3
Medium526 10
1 2 2 0
0 2 4 0
0 2 2 1
0 2 4 2
0 2 5 2
0 2 0 4
1 2 4 1
1 2 5 2
1 3 0 0
0 3 3 0
Medium527 9
1 2 2 0
0 2 3 1
1 2 3 0
0 2 3 3
0 2 0 4
1 2 4 1
1 2 5 1
0 3 2 1
0 3 4 3
Medium528 10
1 2 2 0
0 2 2 0
0 2 5 1
0 2 2 2
1 2 3 0
1 2 3 4
0 2 0 4
1 2 4 1
1 2 5 2
0 3 4 0
Medium529 10
1 2 2 0
0 2 0 0
1 2 0 1
0 2 2 2
0 2 4 2
1 2 4 4
1 3 1 2
0 3 5 1
0 3 3 2
1 3 5 3
Medium530 10
1 2 2 2
1 2 0 4
0 2 1 1
0 2 5 1
0 2 5 3
0 2 2 4
0 2 3 4
1 2 5 4
0 3 4 2
1 3 3 1
Medium531 9
1 2 2 2
1 2 0 0
0 2 2 0
0 2 0 2
0 2 2 3
1 2 3 4
1 2 4 4
0 3 4 0
1 3 5 0
Medium532 10
1 2 2 1
1 2 0 0
1 2 0 2
0 2 4 0
0 2 5 0
0 2 3 1
0 2 2 4
1 3 1 0
0 3 0 2
1 3 4 3
Medium533 10
1 2 2 2
1 2 0 4
0 2 1 1
0 2 5 2
0 2 2 4
1 2 4 4
1 2 5 0
0 3 0 0
0 3 4 1
1 3 3 0
Medium534 8
1 2 2 0
0 2 2 3
0 2 1 4
1 2 4 3
1 2 5 2
1 3 0 0
0 3 3 0
0 3 5 2
Medium535 10
1 2 2 1
0 2 2 0
0 2 3 0
1 2 0 4
0 2 5 1
0 2 5 3
0 2 2 4
1 2 5 4
0 3 4 2
1 3 3 0
Medium536 10
1 2 2 0
0 2 0 0
0 2 3 0
1 2 0 4
1 2 1 4
0 2 2 4
1 2 5 0
1 2 5 4
0 3 4 2
1 3 3 1
Medium537 9
1 2 2 0
0 2 2 2
0 2 0 3
0 2 1 3
1 2 3 4
0 2 5 4
0 3 4 0
1 3 1 0
1 3 5 0
Medium538 10
1 2 2 0
0 2 4 0
0 2 5 0
1 2 3 3
1 2 4 2
0 2 4 4
1 3 0 0
0 3 2 1
0 3 5 2
1 3 5 1
Medium539 10
1 2 2 2
0 2 0 3
0 2 5 3
0 2 1 4
0 2 2 4
0 2 3 4
1 2 5 4
0 3 0 0
0 3 4 1
1 3 3 1
Medium540 10
1 2 2 2
1 2 0 4
1 2 1 2
0 2 5 2
1 2 3 0
0 2 2 3
1 2 4 4
0 3 0 0
0 3 4 1
1 3 5 0
Medium541 10
1 2 2 0
0 2 4 0
0 2 5 0
0 2 2 2
0 2 5 2
0 2 0 4
0 2 2 4
1 2 4 4
1 3 0 0
1 3 1 0
Medium542 10
1 2 2 0
0 2 2 0
0 2 2 2
1 2 3 0
0 2 3 3
0 2 0 4
1 2 4 1
1 2 5 1
0 3 5 0
0 3 4 2
Medium543 10
1 2 2 2
1 2 0 0
0 2 2 0
0 2 1 1
0 2 5 2
0 2 3 4
1 2 5 4
0 3 0 1
0 3 4 2
1 3 3 1
Medium544 10
1 2 2 0
0 2 0 0
0 2 2 0
1 2 0 4
0 2 2 2
1 2 3 0
0 2 4 4
0 3 5 3
1 3 4 0
1 3 5 0
Medium545 9
1 2 2 0
0 2 4 2
0 2 0 3
1 2 4 1
0 2 4 4
0 3 2 0
1 3 0 3
0 3 5 1
0 3 3 2
Medium546 9
1 2 2 0
0 2 1 0
0 2 3 1
0 2 2 4
0 2 5 4
1 2 5 3
1 3 0 2
0 3 4 2
1 3 3 1
Medium547 8
1 2 2 0
1 2 3 0
0 2 0 4
1 2 4 1
0 2 3 4
1 2 5 1
0 3 2 1
0 3 4 3
Medium548 9
1 2 2 2
1 2 0 0
0 2 2 0
0 2 0 2
0 2 2 3
1 2 3 4
1 2 4 4
0 3 5 0
0 3 3 3
Medium549 10
1 2 2 3
1 2 0 2
0 2 4 0
0 2 2 2
1 2 4 4
1 2 5 4
0 3 0 0
0 3 5 0
1 3 1 1
0 3 3 3
Medium550 10
1 2 2 2
0 2 5 0
1 2 3 0
0 2 2 3
0 2 3 3
1 2 4 4
1 2 5 0
0 3 0 0
1 3 0 2
0 3 4 1
Medium551 9
1 2 2 1
0 2 3 0
1 2 0 4
0 2 3 2
0 2 2 4
1 2 4 3
0 3 0 0
1 3 3 0
0 3 5 3
Medium552 10
1 2 2 1
1 2 0 1
1 2 1 1
0 2 3 2
1 2 3 0
0 2 2 3
1 2 4 3
0 3 0 0
1 3 1 3
0 3 5 3
Medium553 10
1 2 2 0
0 2 4 0
0 2 2 2
0 2 0 4
0 2 2 4
1 2 4 4
1 3 0 0
0 3 3 0
0 3 5 0
1 3 5 3
Medium554 10
1 2 2 1
0 2 2 0
0 2 3 1
1 2 1 4
0 2 4 2
0 2 5 2
1 2 4 0
0 2 5 4
1 3 0 3
1 3 4 2
Medium555 8
1 2 2 0
0 2 2 1
0 2 4 3
0 2 1 4
1 2 4 2
1 2 5 3
0 3 3 0
0 3 5 3
Medium556 8
1 2 2 2
0 2 5 1
1 2 3 0
0 2 1 4
0 2 3 4
1 2 5 4
0 3 4 2
0 3 2 3
Medium557 10
1 2 2 0
0 2 1 0
1 2 0 2
0 2 4 0
0 2 5 0
0 2 3 1
1 2 3 2
0 2 3 4
1 2 5 4
0 3 4 2
Medium558 10
1 2 2 0
0 2 1 0
1 2 0 2
0 2 4 0
0 2 5 0
0 2 3 1
1 2 3 3
0 2 3 4
1 2 5 4
0 3 5 2
Medium559 10
1 2 2 0
1 2 0 0
1 2 0 4
0 2 5 1
0 2 0 4
1 2 4 1
0 2 3 4
0 2 4 4
0 3 2 1
0 3 5 3
Medium560 10
1 2 2 0
0 2 3 0
0 2 5 0
0 2 2 1
0 2 2 3
1 2 3 3
1 2 4 3
1 3 0 0
0 3 4 0
0 3 5 2
Medium561 10
1 2 2 0
0 2 1 0
1 2 0 2
0 2 4 0
0 2 5 0
0 2 3 1
0 2 4 2
1 2 3 1
0 2 3 3
1 2 5 2
Medium562 10
1 2 2 0
0 2 0 0
1 2 0 1
1 2 0 3
1 2 1 3
0 2 4 2
0 2 4 4
0 3 2 1
0 3 5 3
1 3 5 0
Medium563 9
1 2 2 1
0 2 2 0
1 2 0 4
0 2 4 2
0 2 2 4
1 2 5 4
0 3 3 0
0 3 5 1
1 3 3 1
Medium564 9
1 2 2 0
1 2 0 3
0 2 4 2
0 2 1 3
1 2 4 2
0 2 4 4
1 2 5 2
0 3 2 0
0 3 5 0
Medium565 10
1 2 2 0
1 2 0 0
0 2 5 0
1 2 1 3
0 2 5 2
0 2 0 4
1 2 4 1
0 2 4 4
0 3 2 0
0 3 3 3
Medium566 10
1 2 2 0
0 2 5 0
1 2 1 3
0 2 5 2
0 2 4 3
0 2 0 4
1 2 4 1
1 2 5 4
0 3 2 0
0 3 3 3
Medium567 10
1 2 2 3
1 2 0 3
0 2 5 0
0 2 5 2
0 2 3 3
0 2 0 4
1 2 4 4
1 2 5 1
1 3 0 0
0 3 2 2
Medium568 10
1 2 2 0
0 2 3 0
0 2 4 0
0 2 5 0
0 2 2 2
1 2 3 3
0 2 2 4
1 2 4 3
1 3 0 0
0 3 5 2
Medium569 10
1 2 2 0
0 2 3 0
0 2 5 0
0 2 2 2
0 2 5 2
0 2 0 4
0 2 2 4
1 2 5 4
0 3 4 0
1 3 1 0
Medium570 10
1 2 2 0
0 2 0 0
1 2 0 1
0 2 4 0
0 2 5 1
0 2 2 2
1 2 3 0
1 2 4 3
0 2 5 4
1 3 4 0
Medium571 10
1 2 2 0
0 2 2 0
0 2 5 1
0 2 2 2
0 2 3 2
1 2 3 0
0 2 1 4
1 2 4 2
0 3 4 2
1 3 5 2
Medium572 10
1 2 2 0
0 2 0 0
0 2 1 0
1 2 0 2
0 2 4 0
0 2 2 1
1 2 4 4
0 3 5 0
0 3 2 3
1 3 5 3
Medium573 10
1 2 2 2
0 2 2 0
1 2 0 3
1 2 1 3
0 2 3 3
1 2 4 4
1 2 5 0
1 2 5 2
0 3 1 0
0 3 5 1
Medium574 9
1 2 2 0
1 2 0 4
0 2 4 2
0 2 1 3
1 2 4 2
0 2 4 4
1 2 5 2
0 3 2 0
0 3 3 0
Medium575 10
1 2 2 1
1 2 0 1
0 2 3 0
1 2 0 4
0 2 3 2
0 2 2 4
0 2 5 4
1 2 5 3
0 3 4 2
1 3 3 0
Medium576 10
1 2 2 1
0 2 3 0
0 2 3 2
1 2 3 0
0 2 1 4
1 2 4 3
1 2 5 3
0 3 4 1
0 3 5 2
0 3 2 3
Medium577 9
1 2 2 0
0 2 4 0
0 2 5 0
0 2 2 1
1 2 3 0
0 2 2 3
0 2 1 4
1 2 4 4
1 3 0 0
Medium578 10
1 2 2 2
1 2 0 4
0 2 0 1
0 2 0 3
0 2 2 4
0 2 3 4
1 2 5 4
0 3 4 2
0 3 5 2
1 3 3 1
Medium579 10
1 2 2 0
0 2 0 0
1 2 0 2
1 2 0 4
0 2 2 1
0 2 5 2
0 2 3 3
0 2 4 4
0 2 5 4
1 3 4 0
Medium580 8
1 2 2 0
0 2 2 0
0 2 3 0
1 2 0 4
0 2 2 2
0 2 4 4
0 3 5 3
1 3 4 0
Medium581 8
1 2 2 0
1 2 0 1
0 2 5 2
0 2 1 4
1 2 4 2
1 2 5 2
0 3 2 1
0 3 4 3
Medium582 10
1 2 2 0
0 2 3 0
0 2 5 0
0 2 2 1
0 2 5 2
0 2 1 4
1 2 5 4
1 3 0 0
0 3 4 0
0 3 2 3
Medium583 8
1 2 2 0
0 2 5 1
0 2 5 3
0 2 1 4
1 2 4 2
1 2 5 2
0 3 3 0
0 3 4 2
Medium584 10
1 2 2 0
0 2 0 0
1 2 0 1
0 2 4 0
0 2 2 1
0 2 4 3
0 3 3 2
0 3 5 2
1 3 4 0
1 3 5 2
Medium585 8
1 2 2 0
0 2 0 4
1 2 4 1
0 2 4 4
1 2 5 1
0 3 2 0
0 3 5 0
0 3 3 2
Medium586 10
1 2 2 2
0 2 2 0
1 2 0 3
0 2 5 0
0 2 4 1
0 2 1 2
1 2 4 0
0 2 3 4
0 2 4 4
0 3 0 0
Medium587 10
1 2 2 2
1 2 0 2
1 2 0 4
0 2 3 3
0 2 5 3
0 2 2 4
1 2 5 0
1 2 5 4
0 3 4 2
1 3 3 0
Medium588 10
1 2 2 0
0 2 2 0
0 2 4 1
0 2 2 2
0 2 4 3
0 2 1 4
1 2 4 2
0 3 3 0
0 3 5 2
1 3 5 3
Medium589 10
1 2 2 0
0 2 0 0
1 2 0 1
1 2 0 3
0 2 2 2
0 2 3 4
0 2 4 4
0 2 5 4
1 3 3 3
1 3 4 0
Medium590 10
1 2 2 0
0 2 0 0
0 2 2 0
0 2 4 1
0 2 3 2
0 2 5 2
0 2 1 3
0 2 5 4
1 3 0 3
1 3 4 2
Medium591 10
1 2 2 2
0 2 1 1
1 2 1 2
0 2 1 3
0 2 2 3
1 2 3 4
1 2 4 3
0 2 5 4
0 3 4 0
1 3 5 2
Medium592 8
1 2 2 1
1 2 3 0
0 2 2 3
0 2 1 4
1 2 4 3
1 2 5 2
0 3 3 1
0 3 4 1
Medium593 9
1 2 2 0
0 2 5 0
0 2 2 2
0 2 3 3
0 2 0 4
0 2 2 4
1 2 4 4
1 3 0 0
0 3 4 0
Medium594 9
1 2 2 0
1 2 0 0
1 2 0 2
0 2 3 3
0 2 0 4
1 2 4 1
1 2 5 1
0 3 4 0
0 3 2 1
Medium595 10
1 2 2 0
1 2 0 0
0 2 3 0
0 2 5 0
0 2 2 2
0 2 5 2
0 2 0 4
0 2 2 4
1 2 4 4
1 3 1 0
Medium596 9
1 2 2 0
0 2 3 1
0 2 5 2
0 2 3 3
0 2 0 4
1 2 4 1
1 2 5 2
0 3 2 0
0 3 4 3
Medium597 10
1 2 2 3
1 2 0 3
0 2 5 0
1 2 1 3
0 2 5 2
0 2 0 4
0 2 3 4
1 2 4 4
1 3 0 0
0 3 2 1
Medium598 8
1 2 2 0
0 2 3 2
0 2 5 2
0 2 0 4
1 2 4 1
1 2 5 2
0 3 2 0
0 3 4 3
Medium599 10
1 2 2 0
0 2 4 0
0 2 5 0
0 2 2 1
0 2 3 2
0 2 5 2
0 2 0 4
1 3 0 0
1 3 3 0
1 3 4 3
Medium600 9
1 2 2 0
0 2 3 2
0 2 5 2
0 2 0 4
1 2 4 1
0 2 5 4
1 2 5 1
0 3 2 0
0 3 4 3
Medium601 10
1 2 2 0
0 2 0 0
0 2 3 0
1 2 0 4
1 2 1 4
0 2 3 2
0 2 2 4
1 2 5 3
0 3 4 2
1 3 3 0
Medium602 10
1 2 2 1
0 2 5 0
0 2 3 1
0 2 5 2
1 2 3 0
1 2 3 2
0 2 2 4
1 3 0 2
0 3 4 1
1 3 4 3
Medium603 9
1 2 2 0
1 2 0 4
0 2 5 1
0 2 0 4
1 2 4 1
0 2 5 4
1 2 5 2
0 3 2 0
0 3 3 2
Medium604 9
1 2 2 0
0 2 2 1
1 2 3 0
0 2 2 3
0 2 1 4
1 2 4 3
1 2 5 2
0 3 3 1
0 3 4 1
Medium605 9
1 2 2 0
1 2 0 3
0 2 0 3
1 2 4 2
0 2 4 4
1 2 5 1
1 3 0 0
0 3 2 1
0 3 5 1
Medium606 9
1 2 2 0
0 2 4 0
1 2 3 4
1 2 4 2
0 2 4 4
1 3 0 0
0 3 5 0
0 3 2 1
1 3 5 0
Medium607 10
1 2 2 2
0 2 2 0
1 2 0 3
0 2 1 2
0 2 4 2
1 2 4 0
0 2 3 4
0 2 4 4
0 3 0 0
0 3 5 0
Medium608 9
1 2 2 0
1 2 0 0
0 2 5 0
0 2 0 4
1 2 4 1
0 2 4 4
1 3 0 2
0 3 2 1
0 3 3 2
Medium609 10
1 2 2 2
1 2 0 2
1 2 1 2
0 2 5 2
0 2 2 3
1 2 4 4
0 3 0 0
0 3 4 0
0 3 3 3
1 3 5 0
Medium610 9
1 2 2 1
0 2 3 0
0 2 3 2
1 2 3 0
0 2 0 4
1 2 4 3
0 2 5 4
0 3 4 1
0 3 2 3
Medium611 9
1 2 2 1
0 2 0 4
0 2 1 4
0 2 2 4
1 2 4 3
0 3 3 0
0 3 0 1
0 3 5 2
1 3 5 3
Medium612 9
1 2 2 1
1 2 3 1
0 2 4 3
0 2 0 4
0 2 1 4
0 3 0 1
0 3 3 2
0 3 5 2
1 3 5 3
Medium613 10
1 2 2 1
0 2 5 0
0 2 3 2
1 2 3 0
0 2 2 3
1 2 5 1
0 3 0 0
1 3 0 2
0 3 4 1
1 3 4 3
Medium614 10
1 2 2 2
1 2 0 4
0 2 5 3
0 2 2 4
0 2 3 4
1 2 5 0
1 2 5 4
0 3 4 1
0 3 0 2
1 3 3 1
Medium615 10
1 2 2 0
0 2 3 0
0 2 5 0
0 2 2 1
0 2 5 2
0 2 0 4
1 3 0 0
0 3 4 0
1 3 3 0
1 3 4 3
Medium616 10
1 2 2 0
0 2 1 0
0 2 3 1
0 2 4 2
1 2 4 2
0 2 4 4
0 3 2 0
1 3 0 3
0 3 5 3
1 3 5 0
Medium617 10
1 2 2 3
1 2 3 1
0 2 4 3
0 2 1 4
0 2 2 4
1 2 5 4
0 3 0 0
0 3 5 2
0 3 0 3
0 3 3 3
Medium618 8
1 2 2 0
1 2 0 0
0 2 3 3
0 2 0 4
1 2 4 1
1 2 5 1
0 3 2 1
0 3 4 3
Medium619 9
1 2 2 1
0 2 5 1
0 2 4 3
0 2 5 3
0 2 1 4
1 2 4 2
1 2 5 2
1 2 5 4
0 3 3 0
Medium620 9
1 2 2 0
0 2 4 0
0 2 2 2
0 2 0 4
0 2 2 4
0 2 3 4
1 2 4 4
1 3 0 0
0 3 5 0
Medium621 8
1 2 2 0
0 2 3 1
0 2 1 4
1 2 4 3
1 2 5 2
1 3 0 0
0 3 4 0
0 3 2 1
Medium622 9
1 2 2 0
0 2 1 0
0 2 5 2
0 2 4 4
0 2 5 4
0 3 2 0
1 3 0 3
1 3 4 0
1 3 5 0
Medium623 10
1 2 2 0
0 2 0 0
1 2 0 1
0 2 4 0
0 2 2 1
1 2 5 4
0 3 5 1
0 3 4 2
0 3 3 3
1 3 4 0
Medium624 9
1 2 2 0
0 2 3 0
0 2 4 0
0 2 5 0
0 2 2 1
0 2 5 2
0 2 2 4
1 2 4 4
1 3 0 0
Medium625 10
1 2 2 2
0 2 2 0
1 2 0 3
0 2 5 0
0 2 4 1
0 2 4 3
1 2 5 4
0 3 0 0
1 3 3 0
0 3 3 3
Hard001 13
1 2 2 1
1 2 0 0
1 2 0 2
0 2 4 0
0 2 5 0
1 2 1 2
0 2 3 2
0 2 2 3
1 2 3 4
0 2 3 4
1 2 4 4
0 3 0 1
1 3 5 0
Hard002 12
1 2 2 2
1 2 0 0
0 2 2 0
0 2 3 0
1 2 0 4
1 2 1 0
0 2 4 1
0 2 5 1
0 2 4 3
1 2 5 4
0 3 0 2
1 3 3 1
Hard003 12
1 2 2 0
1 2 0 2
1 2 0 4
0 2 2 1
1 2 3 1
1 2 3 3
0 2 3 4
1 2 5 1
1 2 5 4
1 3 1 3
0 3 5 2
0 3 0 3
Hard004 13
1 2 2 0
0 2 0 0
0 2 1 0
1 2 0 2
0 2 4 0
0 2 5 0
0 2 2 1
0 2 3 1
0 2 5 2
1 2 3 0
0 2 2 3
0 2 3 3
0 3 4 2
Hard005 11
1 2 2 0
0 2 4 0
0 2 5 0
0 2 2 1
0 2 5 2
1 2 3 0
0 2 2 3
0 2 1 4
1 2 4 4
1 3 0 0
1 3 5 2
Hard006 13
1 2 2 0
0 2 0 0
0 2 1 0
1 2 0 2
1 2 0 4
0 2 2 2
0 2 0 3
1 2 3 3
0 2 4 4
1 2 5 0
1 3 1 2
0 3 5 1
1 3 4 1
Hard007 10
1 2 2 0
0 2 0 0
0 2 2 0
1 2 0 3
1 2 1 4
0 2 2 2
1 2 3 0
0 2 4 4
0 3 5 3
1 3 4 0
Hard008 12
1 2 2 1
0 2 2 0
1 2 0 3
0 2 4 1
1 2 3 4
1 2 4 3
0 2 5 4
1 2 5 0
1 2 5 2
0 3 0 0
0 3 3 1
1 3 4 0
Hard009 12
1 2 2 0
0 2 1 0
1 2 0 2
0 2 5 0
0 2 2 2
0 2 3 2
0 2 5 2
0 2 2 4
0 2 3 4
1 2 5 4
0 3 4 0
0 3 0 3
Hard010 13
1 2 2 2
0 2 5 0
0 2 1 1
1 2 1 2
0 2 0 2
0 2 5 2
0 2 0 4
0 2 2 4
1 2 4 4
1 3 0 0
0 3 4 0
0 3 1 3
1 3 5 3
Hard011 12
1 2 2 0
0 2 0 0
1 2 0 1
1 2 0 3
0 2 3 1
0 2 2 2
0 2 3 3
1 2 3 4
1 2 4 1
1 2 5 4
0 3 5 0
0 3 0 3
Hard012 13
1 2 2 1
1 2 0 0
0 2 5 0
0 2 0 1
0 2 3 1
0 2 4 1
0 2 5 2
1 2 3 0
0 2 2 3
1 2 3 3
1 3 0 2
1 3 4 3
1 3 5 0
Hard013 12
1 2 2 0
0 2 5 0
1 2 1 3
0 2 5 2
0 2 4 3
0 2 0 4
1 2 4 1
1 2 5 1
1 2 5 4
1 3 0 0
0 3 2 1
0 3 3 3
Hard014 12
1 2 2 2
0 2 3 0
1 2 0 4
0 2 0 1
0 2 1 1
0 2 3 3
0 2 1 4
0 2 2 4
0 2 5 4
1 2 5 3
0 3 4 2
1 3 3 0
Hard015 11
1 2 2 2
0 2 2 0
1 2 0 3
0 2 5 0
0 2 1 1
0 2 4 1
0 2 4 3
1 2 5 4
0 3 0 0
1 3 3 0
0 3 3 3
Hard016 11
1 2 2 0
0 2 0 0
1 2 0 1
0 2 3 0
0 2 4 0
0 2 2 1
0 2 5 1
1 2 4 3
0 2 5 4
1 3 3 3
1 3 4 0
Hard017 12
1 2 2 2
1 2 0 0
1 2 1 0
0 2 4 1
0 2 0 2
1 2 3 2
1 2 3 4
1 2 4 0
0 2 2 4
1 3 0 2
0 3 5 0
1 3 5 3
Hard018 11
1 2 2 0
0 2 0 0
1 2 0 1
0 2 4 1
0 2 2 2
0 2 3 2
1 2 3 4
0 2 5 4
1 3 0 3
1 3 1 1
1 3 4 2
Hard019 13
1 2 2 2
0 2 3 0
1 2 0 4
0 2 0 1
1 2 3 0
1 2 3 2
0 2 0 4
0 2 2 4
0 2 3 4
1 2 4 4
1 2 5 4
0 3 4 1
0 3 5 1
Hard020 12
1 2 2 2
0 2 2 0
1 2 0 4
0 2 4 1
1 2 3 0
0 2 2 3
0 2 3 3
0 2 4 3
1 2 5 2
0 3 0 0
0 3 1 0
0 3 5 3
Hard021 12
1 2 2 0
0 2 0 0
1 2 0 1
0 2 3 0
1 2 0 4
1 2 1 1
0 2 3 2
0 2 2 4
1 2 4 3
0 3 4 1
1 3 3 0
0 3 5 3
Hard022 12
1 2 2 0
1 2 0 3
1 2 1 0
0 2 4 1
0 2 1 3
0 2 3 4
1 2 4 4
1 2 5 1
1 3 0 0
0 3 5 0
0 3 0 3
1 3 3 3
Hard023 11
1 2 2 0
0 2 4 0
0 2 2 2
0 2 0 3
1 2 3 4
1 2 4 2
0 2 4 4
1 2 5 2
1 3 0 1
0 3 5 0
0 3 3 1
Hard024 11
1 2 2 3
0 2 0 0
0 2 3 0
1 2 0 4
1 2 1 4
0 2 2 2
0 2 5 2
1 2 3 3
1 2 4 3
0 2 5 4
1 3 4 0
Hard025 12
1 2 2 2
0 2 0 0
0 2 2 0
1 2 0 4
0 2 5 1
0 2 5 3
0 2 1 4
1 2 5 2
1 2 5 4
0 3 0 2
0 3 4 2
1 3 3 1
Hard026 13
1 2 2 2
0 2 0 0
0 2 2 0
1 2 0 4
0 2 5 1
0 2 5 3
0 2 1 4
1 2 4 2
1 2 5 2
1 2 5 4
0 3 0 2
0 3 4 2
1 3 3 1
Hard027 11
1 2 2 0
0 2 1 0
1 2 0 2
0 2 4 0
0 2 5 0
0 2 3 1
0 2 5 2
1 2 3 2
0 2 3 4
1 2 5 4
0 3 4 2
Hard028 11
1 2 2 1
0 2 2 0
1 2 0 3
0 2 3 1
0 2 4 2
1 2 3 0
0 2 2 3
0 2 4 4
0 3 0 0
0 3 5 3
1 3 5 1
Hard029 14
1 2 2 2
0 2 3 0
0 2 5 0
0 2 0 1
1 2 1 1
0 2 5 2
1 2 3 0
0 2 2 3
0 2 0 4
1 2 5 1
1 2 5 3
1 3 0 0
0 3 4 0
1 3 4 3
Hard030 10
1 2 2 3
0 2 4 0
0 2 2 1
1 2 3 1
1 2 4 4
1 2 5 1
1 3 0 0
0 3 5 0
0 3 0 3
0 3 3 3
Hard031 13
1 2 2 2
0 2 2 0
0 2 3 0
1 2 0 4
1 2 1 0
0 2 4 2
1 2 4 2
0 2 4 4
1 2 5 0
1 2 5 2
0 3 0 2
0 3 1 2
0 3 5 3
Hard032 12
1 2 2 2
0 2 2 0
0 2 3 0
1 2 0 4
0 2 5 2
1 2 3 0
0 2 2 3
1 2 4 0
0 2 5 4
1 2 5 1
1 2 5 3
0 3 1 0
Hard033 12
1 2 2 2
0 2 0 0
0 2 5 0
0 2 5 2
1 2 3 1
0 2 2 4
1 2 4 3
1 2 5 0
1 2 5 3
1 3 0 2
0 3 4 1
0 3 0 2
Hard034 13
1 2 2 1
0 2 1 0
0 2 5 0
0 2 3 1
0 2 4 2
0 2 5 2
1 2 3 0
1 2 3 2
0 2 0 4
0 2 2 4
1 2 5 4
1 3 0 2
1 3 4 3
Hard035 13
1 2 2 0
0 2 5 0
0 2 2 1
0 2 5 2
0 2 1 3
0 2 2 3
1 2 3 3
0 2 0 4
0 2 3 4
1 2 5 1
1 2 5 4
1 3 0 0
0 3 4 0
Hard036 13
1 2 2 0
0 2 3 0
1 2 0 4
1 2 1 0
0 2 4 1
1 2 3 1
1 2 3 3
0 2 5 3
0 2 2 4
0 2 3 4
1 2 5 4
1 3 0 0
0 3 0 3
Hard037 13
1 2 2 0
0 2 0 0
1 2 0 1
1 2 0 3
0 2 2 1
0 2 3 1
1 2 1 4
0 2 1 3
1 2 3 2
1 2 4 2
0 3 4 3
0 3 5 3
1 3 5 0
Hard038 13
1 2 2 0
1 2 0 0
0 2 5 0
0 2 3 1
0 2 4 1
0 2 5 2
0 2 0 3
1 2 3 1
1 2 3 3
0 2 2 4
1 2 5 0
1 3 0 2
1 3 4 3
Hard039 12
1 2 2 0
0 2 0 0
0 2 1 0
1 2 0 2
0 2 5 0
0 2 2 1
1 2 1 3
0 2 3 2
0 2 4 2
0 2 5 2
0 2 2 3
0 2 3 4
Hard040 13
1 2 2 3
0 2 3 0
1 2 0 4
0 2 2 1
0 2 5 1
1 2 3 2
1 2 3 4
0 2 4 4
0 2 5 4
0 3 0 1
0 3 1 1
1 3 4 0
1 3 5 0
Hard041 13
1 2 2 3
0 2 0 0
0 2 1 0
0 2 2 0
0 2 3 0
1 2 0 4
0 2 2 2
0 2 5 2
1 2 4 1
0 2 5 4
1 2 5 3
0 3 0 2
1 3 5 0
Hard042 13
1 2 2 0
1 2 0 1
0 2 4 1
0 2 2 2
1 2 3 3
0 2 0 4
1 2 4 1
0 2 3 4
1 2 5 1
1 2 5 4
1 3 0 3
1 3 1 1
0 3 5 2
Hard043 10
1 2 2 0
0 2 0 0
0 2 4 0
0 2 2 2
0 2 4 2
1 2 4 4
1 2 5 1
1 2 5 4
1 3 1 1
0 3 3 3
Hard044 10
1 2 2 0
0 2 4 0
0 2 5 0
0 2 2 1
0 2 5 2
0 2 2 4
0 2 3 4
1 2 4 4
1 3 0 0
1 3 3 2
Hard045 10
1 2 2 0
0 2 0 0
0 2 1 0
1 2 0 2
1 2 0 4
0 2 3 1
0 2 2 4
1 2 5 3
0 3 4 2
1 3 3 1
Hard046 11
1 2 2 0
0 2 4 0
0 2 5 0
0 2 2 1
0 2 5 2
0 2 0 3
1 2 4 1
0 2 3 4
1 2 4 4
1 3 0 0
1 3 3 2
Hard047 12
1 2 2 0
0 2 0 0
1 2 0 1
0 2 3 0
0 2 4 0
0 2 2 1
1 2 3 3
1 2 4 0
0 3 5 1
1 3 3 0
1 3 4 2
1 3 5 3
Hard048 13
1 2 2 0
1 2 0 0
1 2 1 0
1 2 1 2
0 2 4 1
0 2 5 1
0 2 2 2
1 2 3 4
0 2 0 4
1 2 4 1
1 2 5 1
1 3 0 2
1 3 5 3
Hard049 12
1 2 2 1
0 2 5 0
0 2 3 1
0 2 5 2
1 2 3 0
0 2 2 3
0 2 3 3
0 2 0 4
1 2 5 1
1 2 5 3
1 3 0 1
0 3 4 2
Hard050 11
1 2 2 0
0 2 0 0
1 2 0 1
1 2 0 3
0 2 2 2
1 2 3 4
0 2 4 4
0 3 5 0
1 3 1 1
1 3 4 0
1 3 5 1
Hard051 13
1 2 2 0
0 2 0 0
0 2 1 0
0 2 3 1
1 2 1 4
0 2 5 2
0 2 0 4
1 2 4 1
0 2 4 4
0 2 5 4
0 3 2 0
1 3 0 3
1 3 5 1
Hard052 12
1 2 2 0
0 2 1 0
1 2 0 2
0 2 4 0
0 2 5 0
0 2 2 1
0 2 4 2
0 2 5 2
0 2 2 4
0 3 3 1
0 3 0 3
1 3 5 3
Hard053 13
1 2 2 1
1 2 0 1
0 2 3 1
1 2 1 4
0 2 4 2
0 2 5 2
1 2 3 0
0 2 2 3
1 2 4 3
0 2 5 4
0 3 0 0
1 3 0 3
1 3 5 0
Hard054 11
1 2 2 2
1 2 0 0
0 2 2 0
0 2 1 1
0 2 3 4
1 2 4 4
1 2 5 0
0 3 0 1
0 3 4 1
0 3 5 1
1 3 3 1
Hard055 12
1 2 2 1
1 2 0 0
0 2 2 0
0 2 0 1
0 2 3 1
1 2 3 0
0 2 2 3
1 2 3 3
0 2 1 4
1 2 5 2
1 3 0 3
0 3 5 3
Hard056 12
1 2 2 3
0 2 1 1
0 2 2 1
0 2 4 3
0 2 1 4
1 2 4 2
1 2 5 2
1 2 5 4
0 3 0 0
1 3 0 1
0 3 5 0
1 3 3 0
Hard057 12
1 2 2 3
0 2 1 0
1 2 0 2
0 2 4 0
0 2 2 1
0 2 3 3
0 2 2 4
1 2 4 4
1 2 5 0
1 2 5 3
0 3 5 1
1 3 3 0
Hard058 10
1 2 2 0
0 2 0 0
1 2 0 2
0 2 4 0
0 2 2 2
1 2 3 4
1 2 4 3
0 2 5 4
0 3 3 1
1 3 4 0
Hard059 12
1 2 2 2
0 2 3 0
0 2 4 0
0 2 5 0
0 2 5 2
1 2 3 0
0 2 2 3
0 2 0 4
1 2 5 2
1 2 5 4
1 3 0 0
0 3 4 2
Hard060 13
1 2 2 0
0 2 0 0
1 2 0 1
1 2 0 3
0 2 2 1
0 2 3 1
1 2 1 4
0 2 5 2
0 2 1 3
1 2 3 2
1 2 4 2
1 2 5 0
0 3 4 3
Hard061 11
1 2 2 1
0 2 2 0
1 2 1 0
0 2 4 1
0 2 0 2
0 2 3 2
1 2 3 4
1 2 4 0
0 2 5 4
1 3 0 3
1 3 4 2
Hard062 13
1 2 2 1
0 2 0 0
0 2 2 0
0 2 3 1
1 2 1 4
0 2 4 2
0 2 5 2
0 2 1 3
0 2 5 4
1 3 0 3
0 3 0 2
1 3 4 2
1 3 5 0
Hard063 11
1 2 2 0
1 2 0 0
0 2 3 0
0 2 4 0
0 2 5 0
0 2 2 2
0 2 3 2
0 2 0 3
1 2 4 1
1 2 4 3
1 3 1 0
Hard064 11
1 2 2 1
0 2 2 0
0 2 3 1
0 2 0 2
1 2 3 2
0 2 2 4
0 2 5 4
1 2 5 3
1 3 0 3
0 3 4 2
0 3 1 3
Hard065 13
1 2 2 2
0 2 0 0
1 2 0 1
0 2 3 0
1 2 0 4
0 2 5 1
0 2 0 2
1 2 3 2
0 2 5 3
0 2 2 4
1 2 5 4
0 3 1 1
0 3 4 2
Hard066 12
1 2 2 2
0 2 0 0
0 2 2 0
1 2 0 4
0 2 1 4
1 2 4 2
1 2 5 2
1 2 5 4
0 3 4 1
0 3 0 2
0 3 5 2
1 3 3 1
Hard067 13
1 2 2 0
1 2 0 1
0 2 4 0
0 2 5 0
1 2 1 0
1 2 1 2
0 2 3 2
0 2 4 2
0 2 5 2
0 2 0 4
1 3 3 0
1 3 4 3
1 3 5 3
Hard068 12
1 2 2 1
1 2 0 4
0 2 3 1
0 2 4 2
0 2 5 2
1 2 3 0
1 2 3 2
0 2 3 4
1 2 4 4
1 2 5 4
0 3 0 0
1 3 0 1
Hard069 11
1 2 2 1
0 2 5 0
0 2 3 2
1 2 3 0
0 2 2 3
1 2 5 1
1 2 5 4
0 3 0 0
1 3 0 2
0 3 4 1
1 3 4 3
Hard070 14
1 2 2 0
0 2 1 0
1 2 0 2
0 2 4 0
0 2 5 0
0 2 2 1
0 2 3 1
0 2 4 2
1 2 3 2
0 2 2 4
0 2 3 4
1 2 5 4
0 3 5 2
0 3 0 3
Hard071 12
1 2 2 0
0 2 3 0
0 2 4 0
0 2 5 0
0 2 2 1
0 2 5 2
1 2 3 0
0 2 0 4
1 2 4 2
1 3 0 0
0 3 4 2
1 3 5 3
Hard072 12
1 2 2 0
1 2 0 0
0 2 2 0
1 2 0 4
0 2 2 2
0 2 3 2
1 2 3 4
0 2 1 4
1 2 4 2
0 2 5 4
1 2 5 2
1 3 1 3
Hard073 12
1 2 2 0
0 2 0 0
1 2 0 1
1 2 1 1
0 2 2 2
1 2 3 4
0 2 4 4
0 2 5 4
1 2 5 0
1 2 5 2
1 3 0 3
1 3 4 0
Hard074 13
1 2 2 2
0 2 2 0
0 2 3 0
1 2 0 4
0 2 4 2
1 2 3 0
1 2 4 0
0 2 4 4
1 2 5 0
1 2 5 2
0 3 0 0
0 3 1 0
0 3 5 3
Hard075 13
1 2 2 3
0 2 3 0
1 2 0 4
1 2 1 0
0 2 2 1
0 2 0 2
1 2 3 2
0 2 4 3
0 2 2 4
0 2 3 4
1 2 5 4
0 3 1 2
0 3 5 2
Hard076 12
1 2 2 1
1 2 0 3
0 2 5 0
0 2 0 1
0 2 5 2
0 2 0 3
0 2 2 4
0 2 3 4
1 2 4 4
1 2 5 4
0 3 4 1
1 3 3 1
Hard077 13
1 2 2 0
1 2 0 1
1 2 0 3
0 2 5 0
0 2 5 2
0 2 0 3
0 2 2 4
0 2 3 4
1 2 4 4
1 2 5 0
1 2 5 4
0 3 4 1
1 3 3 1
Hard078 13
1 2 2 3
0 2 0 0
0 2 3 0
1 2 0 4
0 2 5 1
0 2 0 2
1 2 3 1
0 2 4 3
1 2 4 0
0 2 2 4
0 2 5 4
1 2 5 3
0 3 1 0
Hard079 11
1 2 2 0
0 2 0 0
0 2 4 0
0 2 5 0
0 2 2 2
0 2 3 2
0 2 4 2
1 2 3 0
0 2 3 4
1 2 4 4
1 3 1 1
Hard080 12
1 2 2 2
0 2 5 0
0 2 0 1
0 2 1 1
0 2 5 2
0 2 1 3
0 2 2 3
1 2 3 3
1 2 4 4
1 3 0 0
0 3 4 0
1 3 5 0
Hard081 11
1 2 2 0
0 2 0 0
0 2 4 0
0 2 2 2
0 2 4 2
1 2 3 0
1 2 4 4
0 3 5 0
1 3 1 1
0 3 3 3
1 3 5 0
Hard082 9
1 2 2 0
0 2 2 1
1 2 3 0
0 2 2 3
0 2 1 4
1 2 4 3
1 2 5 2
0 3 3 1
0 3 5 3
Hard083 11
1 2 2 0
0 2 0 0
0 2 3 0
1 2 0 4
0 2 2 1
0 2 1 4
1 2 4 4
0 3 4 1
0 3 5 1
1 3 3 0
1 3 5 2
Hard084 12
1 2 2 0
1 2 0 1
0 2 4 1
0 2 5 1
0 2 2 2
0 2 0 3
1 2 3 4
0 2 5 4
1 3 0 3
1 3 1 0
1 3 4 1
1 3 5 0
Hard085 13
1 2 2 0
0 2 0 0
0 2 3 0
1 2 0 4
1 2 1 4
0 2 5 2
0 2 0 3
0 2 4 3
0 2 5 4
1 2 5 0
0 3 2 0
1 3 4 1
1 3 5 2
Hard086 12
1 2 2 2
0 2 3 0
1 2 0 4
0 2 1 1
0 2 5 1
1 2 3 0
0 2 2 3
0 2 1 4
1 2 5 2
0 3 0 0
0 3 4 1
1 3 4 3
Hard087 12
1 2 2 0
0 2 0 0
1 2 0 1
0 2 3 0
0 2 4 0
0 2 2 1
0 2 5 2
1 2 3 0
1 2 3 2
1 2 4 3
0 2 5 4
1 3 4 0
Hard088 13
1 2 2 3
0 2 0 0
0 2 1 0
0 2 2 0
0 2 3 0
1 2 0 4
0 2 2 2
0 2 5 2
1 2 4 1
0 2 5 4
1 2 5 0
0 3 0 2
1 3 5 2
Hard089 12
1 2 2 0
1 2 0 1
0 2 4 1
0 2 5 1
0 2 2 2
1 2 3 4
0 2 5 4
1 2 5 0
1 3 0 3
1 3 1 0
1 3 4 0
1 3 5 2
Hard090 12
1 2 2 2
1 2 0 0
0 2 2 0
0 2 5 0
1 2 1 3
0 2 4 2
0 2 5 2
0 2 1 4
0 2 3 4
1 2 4 4
1 2 5 4
1 3 3 1
Hard091 11
1 2 2 0
0 2 0 0
1 2 0 1
1 2 0 3
0 2 5 0
0 2 2 1
1 2 3 1
1 2 3 4
0 2 4 4
0 3 3 3
1 3 4 0
Hard092 13
1 2 2 0
0 2 0 0
0 2 1 0
1 2 0 2
1 2 0 4
0 2 5 2
1 2 3 0
1 2 3 2
0 2 2 4
0 2 3 4
1 2 4 4
1 2 5 0
0 3 4 1
Hard093 12
1 2 2 1
1 2 1 1
0 2 3 2
1 2 3 0
0 2 2 3
1 2 4 3
1 2 5 0
1 2 5 2
0 3 0 0
1 3 0 3
1 3 1 3
0 3 5 3
Hard094 12
1 2 2 0
0 2 0 0
1 2 0 1
1 2 0 3
0 2 2 2
0 2 3 2
0 2 4 2
1 2 3 0
0 2 1 4
0 2 5 4
1 2 5 2
1 3 4 2
Hard095 12
1 2 2 0
0 2 3 0
0 2 4 0
0 2 5 0
0 2 2 2
1 2 3 0
0 2 0 4
1 2 4 1
1 3 0 0
1 3 1 0
1 3 4 3
1 3 5 1
Hard096 12
1 2 2 3
0 2 3 0
0 2 4 0
0 2 0 2
0 2 1 2
0 2 2 2
0 2 0 4
1 2 4 2
1 2 5 4
1 3 1 0
0 3 5 2
1 3 5 1
Hard097 13
1 2 2 0
0 2 1 0
1 2 0 2
1 2 0 4
0 2 2 1
0 2 5 2
0 2 0 3
1 2 3 2
1 2 4 1
0 2 3 4
0 2 5 4
0 3 4 3
1 3 5 0
Hard098 13
1 2 2 2
0 2 0 0
1 2 0 3
0 2 5 2
1 2 3 1
0 2 3 3
0 2 2 4
1 2 4 4
1 2 5 0
1 2 5 3
0 3 1 0
0 3 4 1
0 3 0 2
Hard099 11
1 2 2 2
0 2 1 0
1 2 0 4
0 2 5 3
0 2 2 4
1 2 4 3
1 2 5 0
1 2 5 4
0 3 0 1
0 3 4 1
1 3 3 1
Hard100 10
1 2 2 0
0 2 0 0
0 2 3 0
0 2 4 0
1 2 1 1
0 2 2 2
1 2 4 3
1 2 5 4
0 3 5 2
1 3 4 0
Hard101 13
1 2 2 2
0 2 2 0
0 2 3 0
1 2 0 4
0 2 0 1
0 2 4 1
0 2 0 3
1 2 3 1
1 2 3 3
0 2 3 4
1 2 4 4
1 2 5 4
0 3 5 1
Hard102 12
1 2 2 0
0 2 3 0
0 2 4 0
0 2 5 0
0 2 2 1
0 2 5 2
1 2 3 0
0 2 2 3
1 2 3 3
0 2 0 4
1 2 4 4
1 3 0 0
Hard103 10
1 2 2 0
0 2 0 0
1 2 1 3
0 2 4 2
0 2 2 4
1 2 4 4
1 3 0 1
0 3 5 1
1 3 3 0
0 3 3 3
Hard104 12
1 2 2 2
0 2 3 0
1 2 0 4
0 2 5 1
0 2 2 3
1 2 4 0
0 2 4 4
0 2 5 4
1 2 5 0
1 2 5 2
0 3 1 1
1 3 3 3
Hard105 11
1 2 2 2
0 2 0 0
0 2 3 0
1 2 0 4
0 2 5 2
1 2 3 0
0 2 2 3
0 2 5 4
0 3 1 0
0 3 4 2
1 3 5 0
Hard106 11
1 2 2 0
0 2 0 0
1 2 0 1
0 2 3 0
0 2 4 0
1 2 1 1
0 2 2 2
0 2 5 2
1 2 4 3
0 2 5 4
1 3 4 0
Hard107 11
1 2 2 2
0 2 0 1
0 2 5 2
0 2 2 3
1 2 3 3
0 2 3 4
1 2 4 4
1 3 0 0
0 3 4 0
1 3 1 1
1 3 5 0
Hard108 11
1 2 2 0
0 2 0 0
1 2 0 1
0 2 4 0
0 2 2 1
1 2 3 0
1 2 3 2
1 2 4 3
1 2 5 3
0 3 3 0
1 3 4 0
Hard109 13
1 2 2 2
0 2 2 0
0 2 3 0
1 2 0 4
0 2 4 2
0 2 5 2
1 2 3 0
1 2 4 3
0 2 5 4
1 2 5 0
1 2 5 2
0 3 0 0
1 3 4 0
Hard110 12
1 2 2 0
0 2 1 0
1 2 0 2
1 2 0 4
0 2 2 1
1 2 1 4
0 2 3 3
1 2 4 1
0 2 5 4
0 3 4 2
0 3 0 3
1 3 5 2
Hard111 11
1 2 2 1
0 2 1 0
1 2 0 2
0 2 4 0
0 2 3 2
0 2 5 2
0 2 0 4
0 2 3 4
1 2 5 4
0 3 4 2
0 3 2 3
Hard112 12
1 2 2 0
0 2 0 0
1 2 0 1
0 2 3 0
0 2 4 0
1 2 1 1
0 2 2 2
0 2 3 2
0 2 5 2
1 2 3 0
0 2 4 3
0 2 2 4
Hard113 13
1 2 2 0
0 2 3 0
0 2 4 0
0 2 2 2
1 2 3 0
1 2 3 4
0 2 0 4
1 2 4 2
1 2 4 4
1 2 5 1
1 3 0 0
0 3 5 0
1 3 5 3
Hard114 12
1 2 2 2
0 2 2 0
0 2 3 0
1 2 0 4
1 2 1 4
0 2 4 2
0 2 5 2
1 2 4 3
0 2 5 4
1 2 5 0
0 3 0 1
1 3 4 0
Hard115 13
1 2 2 2
0 2 0 0
1 2 0 1
0 2 3 0
0 2 5 0
0 2 1 1
0 2 5 2
1 2 3 1
0 2 2 4
1 2 5 0
1 2 5 4
0 3 0 2
0 3 4 2
Hard116 12
1 2 2 3
0 2 3 0
0 2 4 0
0 2 0 1
0 2 1 1
0 2 2 1
1 2 4 1
1 2 5 4
1 3 0 0
0 3 5 0
0 3 0 3
1 3 5 1
Hard117 12
1 2 2 0
0 2 3 1
1 2 1 4
0 2 4 2
0 2 1 3
1 2 3 2
1 2 5 0
1 2 5 2
0 3 2 0
1 3 0 3
0 3 5 3
1 3 4 2
Hard118 10
1 2 2 1
0 2 3 0
1 2 0 4
0 2 3 2
0 2 2 4
1 2 4 3
1 2 5 3
0 3 0 0
1 3 3 0
0 3 5 3
Hard119 12
1 2 2 0
0 2 5 0
1 2 1 0
1 2 1 2
0 2 4 1
0 2 3 2
0 2 0 4
1 2 4 4
1 2 5 3
1 3 0 2
1 3 3 0
1 3 4 1
Hard120 12
1 2 2 0
0 2 0 0
0 2 1 0
1 2 0 2
0 2 5 0
0 2 3 1
0 2 2 2
0 2 5 2
0 2 3 3
0 2 2 4
0 3 4 0
1 3 5 3
Hard121 12
1 2 2 0
0 2 1 0
1 2 0 2
1 2 1 3
0 2 5 1
1 2 3 3
0 2 5 3
0 2 0 4
1 2 4 1
0 2 3 4
1 2 5 4
0 3 2 1
Hard122 12
1 2 2 0
0 2 1 0
1 2 0 2
0 2 4 0
0 2 5 0
1 2 3 3
1 2 4 1
0 2 3 4
1 2 5 4
0 3 2 1
0 3 5 2
0 3 0 3
Hard123 13
1 2 2 2
1 2 0 0
1 2 0 2
1 2 1 2
0 2 5 2
0 2 2 3
1 2 3 3
0 2 3 4
1 2 4 4
0 3 4 0
0 3 0 1
0 3 1 2
1 3 5 0
Hard124 12
1 2 2 0
1 2 0 3
0 2 5 0
0 2 2 1
1 2 1 3
0 2 5 2
0 2 0 4
1 2 4 1
1 2 5 4
1 3 0 0
0 3 3 2
1 3 5 1
Hard125 12
1 2 2 0
0 2 3 0
0 2 4 0
0 2 5 0
0 2 2 2
1 2 3 0
0 2 0 4
1 2 4 1
1 2 5 1
1 3 0 0
1 3 1 0
1 3 4 3
Hard126 13
1 2 2 0
0 2 0 0
1 2 0 1
0 2 3 0
0 2 4 0
0 2 2 1
1 2 3 0
1 2 4 0
0 2 2 4
1 2 5 0
1 2 5 4
0 3 5 2
1 3 3 2
Hard127 11
1 2 2 0
0 2 3 0
0 2 4 0
0 2 2 1
0 2 0 4
1 2 4 2
1 2 4 4
1 2 5 4
1 3 0 0
0 3 5 0
1 3 5 1
Hard128 11
1 2 2 0
0 2 0 0
1 2 0 1
0 2 2 2
0 2 3 3
1 2 3 4
0 2 4 4
0 2 5 4
1 2 5 2
1 3 0 3
1 3 4 0
Hard129 13
1 2 2 1
0 2 2 0
0 2 3 1
1 2 1 4
0 2 0 2
0 2 4 2
0 2 1 3
0 2 0 4
1 2 5 1
1 3 0 3
0 3 5 2
1 3 4 2
1 3 5 3
Hard130 12
1 2 2 2
0 2 2 0
1 2 0 3
0 2 5 0
1 2 1 3
0 2 1 2
0 2 4 2
0 2 5 2
1 2 4 1
0 2 3 4
0 2 4 4
0 3 0 0
Hard131 11
1 2 2 2
0 2 1 0
1 2 0 4
0 2 2 4
1 2 4 3
1 2 5 0
1 2 5 4
0 3 0 0
0 3 4 1
0 3 5 2
1 3 3 0
Hard132 13
1 2 2 0
0 2 0 0
0 2 4 1
0 2 5 1
0 2 0 3
1 2 3 1
0 2 4 3
0 2 5 3
0 2 1 4
1 3 0 3
1 3 1 1
0 3 3 2
1 3 5 3
Hard133 13
1 2 2 0
0 2 1 0
1 2 0 2
1 2 0 4
0 2 5 1
0 2 2 2
0 2 0 3
1 2 3 4
1 2 4 1
0 2 3 4
0 2 4 4
0 2 5 4
1 3 5 0
Hard134 14
1 2 2 0
1 2 0 2
1 2 0 4
1 2 1 0
1 2 1 2
0 2 4 1
0 2 5 1
0 2 3 2
0 2 4 3
0 2 5 3
0 2 0 4
1 2 5 4
1 3 3 0
1 3 4 1
Hard135 13
1 2 2 0
1 2 0 3
0 2 5 0
1 2 1 0
1 2 1 2
0 2 2 2
0 2 5 2
0 2 0 3
1 2 4 1
1 2 5 2
1 2 5 4
1 3 0 0
0 3 3 2
Hard136 12
1 2 2 1
0 2 3 2
1 2 3 0
0 2 2 3
0 2 0 4
0 2 3 4
1 2 4 4
1 2 5 1
1 2 5 4
1 3 0 2
0 3 5 0
1 3 1 2
Hard137 10
1 2 2 1
0 2 3 0
0 2 3 2
1 2 3 0
0 2 1 4
1 2 4 3
0 2 5 4
1 2 5 3
0 3 4 1
0 3 2 3
Hard138 13
1 2 2 1
1 2 0 0
0 2 2 0
0 2 3 0
0 2 0 1
0 2 3 2
1 2 3 4
0 2 1 4
1 2 4 2
1 2 5 2
1 2 5 4
0 3 5 0
0 3 0 3
Hard139 11
1 2 2 2
0 2 0 0
0 2 3 0
1 2 0 4
0 2 5 1
0 2 2 3
1 2 4 0
0 3 1 0
0 3 4 2
0 3 5 3
1 3 5 2
Hard140 13
1 2 2 0
0 2 1 0
1 2 0 3
0 2 5 0
0 2 3 1
0 2 4 1
0 2 5 2
0 2 0 3
0 2 4 3
0 2 3 4
1 2 5 4
0 3 2 0
1 3 3 1
Hard141 11
1 2 2 0
0 2 0 0
1 2 0 1
1 2 1 1
0 2 4 1
0 2 2 2
1 2 4 3
1 2 5 4
0 3 5 2
1 3 4 0
1 3 5 1
Hard142 10
1 2 2 0
0 2 2 0
0 2 3 1
0 2 2 2
1 2 3 0
1 2 3 3
0 2 1 4
1 2 5 2
1 3 0 3
0 3 5 3
Hard143 11
1 2 2 1
1 2 1 4
0 2 5 2
0 2 1 3
0 2 2 3
1 2 3 3
0 2 4 4
0 2 5 4
1 3 0 0
0 3 3 0
1 3 5 0
Hard144 12
1 2 2 2
1 2 0 0
0 2 5 0
1 2 1 1
1 2 1 3
0 2 1 2
0 2 4 2
1 2 3 2
0 2 2 4
1 2 5 0
1 3 0 2
1 3 4 3
Hard145 12
1 2 2 0
1 2 0 3
0 2 5 0
1 2 1 0
0 2 4 1
0 2 5 2
1 2 3 1
1 2 3 3
0 2 1 4
1 3 0 0
0 3 0 3
1 3 5 3
Hard146 12
1 2 2 1
0 2 0 0
1 2 1 2
0 2 3 2
0 2 2 4
0 2 3 4
1 2 4 4
1 2 5 0
1 2 5 4
0 3 4 0
0 3 5 0
0 3 0 2
Hard147 10
1 2 2 1
0 2 0 0
0 2 2 0
0 2 3 2
0 2 5 2
0 2 1 4
1 2 4 2
0 2 5 4
1 3 1 3
0 3 0 2
Hard148 12
1 2 2 1
1 2 0 0
0 2 2 0
0 2 0 1
0 2 3 2
0 2 4 2
1 2 3 0
1 2 4 0
0 2 5 4
1 2 5 1
1 3 1 3
1 3 4 2
Hard149 12
1 2 2 2
0 2 2 0
1 2 0 4
0 2 4 1
0 2 5 2
1 2 3 0
1 2 4 3
0 2 5 4
1 2 5 0
1 2 5 2
0 3 0 0
1 3 4 0
Hard150 13
1 2 2 2
1 2 0 0
0 2 3 0
0 2 5 0
0 2 0 1
0 2 1 1
1 2 3 1
0 2 2 4
1 2 4 3
1 2 5 4
0 3 4 1
0 3 5 2
0 3 0 3
Hard151 12
1 2 2 0
0 2 1 0
1 2 0 2
1 2 0 4
1 2 1 2
0 2 5 1
0 2 5 3
0 2 2 4
1 2 4 3
1 2 5 4
0 3 4 1
1 3 3 0
Hard152 12
1 2 2 0
1 2 0 1
0 2 5 0
0 2 2 2
0 2 5 2
0 2 1 4
0 2 2 4
1 2 5 4
0 3 4 0
1 3 1 0
0 3 3 1
0 3 0 3
Hard153 11
1 2 2 0
0 2 5 0
0 2 2 1
0 2 5 2
0 2 0 3
0 2 2 3
1 2 3 3
1 2 4 4
1 3 0 0
0 3 4 0
1 3 5 0
Hard154 12
1 2 2 0
0 2 1 0
1 2 0 2
1 2 0 4
0 2 2 1
0 2 3 3
1 2 4 1
1 2 5 1
1 2 5 4
0 3 4 2
0 3 5 2
0 3 0 3
Hard155 12
1 2 2 0
0 2 1 0
1 2 0 3
0 2 5 0
1 2 1 3
0 2 3 2
1 2 4 1
0 2 3 4
0 2 4 4
1 2 5 1
0 3 2 0
0 3 0 3
Hard156 13
1 2 2 2
0 2 1 0
1 2 0 2
1 2 1 2
0 2 0 2
0 2 3 3
0 2 0 4
1 2 4 4
1 2 5 1
1 2 5 3
0 3 4 0
0 3 5 0
0 3 1 2
Hard157 13
1 2 2 0
1 2 0 1
1 2 0 4
0 2 4 1
0 2 5 1
0 2 2 2
0 2 5 3
0 2 1 4
0 2 2 4
1 2 5 4
0 3 3 0
1 3 1 0
0 3 0 3
Hard158 12
1 2 2 1
0 2 3 0
1 2 0 4
0 2 3 2
0 2 2 4
1 2 4 3
0 2 5 4
1 2 5 0
1 2 5 3
0 3 0 0
0 3 4 1
1 3 3 0
Hard159 11
1 2 2 2
1 2 0 0
0 2 2 0
0 2 5 1
0 2 5 3
0 2 2 4
0 2 3 4
1 2 5 4
0 3 4 0
0 3 0 1
1 3 3 2
Hard160 12
1 2 2 0
0 2 0 0
1 2 0 1
0 2 4 0
0 2 2 1
0 2 5 1
0 2 4 2
1 2 3 0
1 2 3 2
1 2 5 3
0 3 3 0
1 3 4 0
Hard161 13
1 2 2 0
0 2 0 0
1 2 0 1
0 2 3 0
0 2 4 0
0 2 2 1
0 2 5 1
0 2 3 2
0 2 4 2
1 2 3 1
0 2 5 3
0 3 0 3
1 3 5 3
Hard162 11
1 2 2 0
0 2 0 0
1 2 0 1
1 2 0 3
0 2 5 0
0 2 3 1
0 2 2 2
0 2 3 3
1 2 3 4
0 2 4 4
1 3 4 0
Hard163 12
1 2 2 1
0 2 3 0
1 2 0 4
0 2 3 2
0 2 4 2
0 2 2 4
1 2 4 3
1 2 5 0
1 2 5 3
0 3 0 0
1 3 3 0
0 3 5 3
Hard164 12
1 2 2 0
0 2 0 0
1 2 0 1
0 2 2 1
0 2 5 1
0 2 3 2
1 2 3 0
0 2 2 3
0 2 3 4
0 2 5 4
0 3 4 3
1 3 5 0
Hard165 12
1 2 2 3
1 2 0 0
0 2 4 0
0 2 0 1
0 2 1 1
0 2 3 3
1 2 4 1
1 2 4 4
1 2 5 1
0 3 5 0
0 3 0 3
1 3 5 3
Hard166 13
1 2 2 2
0 2 2 0
1 2 0 4
0 2 4 2
1 2 3 0
0 2 2 3
0 2 3 3
1 2 4 4
1 2 5 1
1 2 5 3
0 3 0 0
0 3 1 0
0 3 5 1
Hard167 12
1 2 2 0
0 2 0 0
0 2 1 0
1 2 0 2
0 2 5 0
0 2 2 2
0 2 3 2
0 2 5 2
0 2 2 4
0 2 3 4
1 2 5 4
0 3 4 0
Hard168 12
1 2 2 2
0 2 3 0
1 2 0 4
0 2 5 1
1 2 3 0
1 2 3 2
0 2 5 3
0 2 1 4
0 2 2 4
1 2 4 3
0 3 4 1
1 3 5 3
Hard169 13
1 2 2 0
1 2 0 0
0 2 2 0
1 2 1 0
0 2 2 2
0 2 1 3
0 2 3 4
1 2 4 4
1 2 5 1
1 2 5 4
0 3 5 0
0 3 0 3
1 3 3 3
Hard170 13
1 2 2 0
0 2 0 0
1 2 0 1
1 2 1 1
1 2 1 3
0 2 4 2
0 2 1 3
1 2 3 2
0 2 2 4
1 2 4 4
1 2 5 0
1 3 0 3
0 3 5 1
Hard171 11
1 2 2 2
1 2 0 0
0 2 2 0
0 2 1 1
0 2 4 2
0 2 3 3
0 2 0 4
1 2 4 1
1 2 4 4
0 3 5 1
1 3 3 0
Hard172 12
1 2 2 2
0 2 0 0
0 2 2 0
1 2 0 4
0 2 4 2
1 2 3 0
0 2 2 3
1 2 5 1
1 2 5 3
0 3 1 0
0 3 5 1
1 3 4 3
Hard173 12
1 2 2 1
1 2 0 1
0 2 3 0
1 2 0 4
1 2 1 1
0 2 3 2
0 2 2 4
1 2 4 3
0 2 5 4
1 2 5 3
0 3 4 1
1 3 3 0
Hard174 13
1 2 2 0
0 2 0 0
0 2 3 0
1 2 0 4
1 2 1 1
0 2 5 1
0 2 2 2
1 2 3 0
0 2 1 4
0 2 5 4
0 3 4 1
1 3 4 2
1 3 5 2
Hard175 11
1 2 2 2
1 2 0 0
0 2 2 0
0 2 3 0
1 2 0 4
0 2 4 1
0 2 5 1
0 2 4 3
1 2 5 4
0 3 0 1
1 3 3 1
Hard176 13
1 2 2 1
0 2 1 0
0 2 2 0
1 2 0 3
0 2 5 0
0 2 3 1
0 2 4 2
1 2 3 0
0 2 2 3
0 2 3 3
0 2 4 4
1 2 5 1
0 3 0 0
Hard177 13
1 2 2 3
0 2 0 1
0 2 1 1
0 2 2 1
0 2 4 3
0 2 0 4
0 2 1 4
1 2 4 2
1 2 5 2
1 2 5 4
1 3 0 0
0 3 5 0
1 3 3 0
Hard178 12
1 2 2 0
1 2 0 1
1 2 0 3
0 2 5 0
0 2 2 1
0 2 3 1
0 2 5 2
1 2 3 0
0 2 2 3
1 2 3 3
0 2 0 4
1 2 4 4
Hard179 12
1 2 2 1
0 2 1 0
0 2 3 0
1 2 0 4
0 2 4 1
0 2 3 2
1 2 3 4
1 2 4 3
0 2 5 4
1 2 5 3
0 3 0 0
0 3 2 3
Hard180 9
1 2 2 2
0 2 5 3
0 2 2 4
1 2 5 0
1 2 5 4
0 3 0 0
1 3 0 2
0 3 4 2
1 3 3 0
Hard181 13
1 2 2 0
1 2 0 1
0 2 3 1
1 2 1 4
0 2 4 2
0 2 0 3
0 2 2 4
1 2 4 3
1 2 5 0
1 2 5 4
1 3 0 3
0 3 5 2
1 3 3 1
Hard182 12
1 2 2 0
0 2 1 0
1 2 0 2
1 2 0 4
0 2 2 2
0 2 0 3
1 2 3 3
0 2 4 4
1 2 5 0
1 3 1 2
0 3 5 1
1 3 4 1
Hard183 10
1 2 2 0
0 2 0 0
1 2 0 2
1 2 0 4
0 2 2 1
0 2 5 2
0 2 3 4
0 2 5 4
1 3 1 3
1 3 4 0
Hard184 13
1 2 2 2
0 2 5 0
0 2 0 1
1 2 1 1
0 2 1 2
0 2 5 2
0 2 1 4
0 2 2 4
1 2 4 4
1 3 0 0
0 3 4 0
0 3 0 3
1 3 5 3
Hard185 12
1 2 2 0
1 2 0 3
0 2 5 0
1 2 1 0
1 2 3 1
0 2 1 4
0 2 2 4
1 2 5 4
1 3 0 0
0 3 4 1
0 3 5 2
0 3 0 3
Hard186 12
1 2 2 0
0 2 3 0
1 2 0 4
0 2 5 1
1 2 3 0
1 2 3 2
0 2 5 3
0 2 0 4
0 2 2 4
1 2 5 4
1 3 1 0
0 3 4 2
Hard187 13
1 2 2 0
0 2 1 0
1 2 0 2
0 2 4 0
0 2 5 0
0 2 3 2
0 2 4 2
1 2 3 1
0 2 2 4
0 2 3 4
1 2 5 4
0 3 5 2
0 3 0 3
Hard188 13
1 2 2 3
0 2 0 0
1 2 0 2
1 2 0 4
0 2 5 1
0 2 2 2
1 2 3 0
0 2 0 4
1 2 5 1
0 3 1 0
1 3 1 2
0 3 4 3
0 3 5 3
Hard189 13
1 2 2 2
0 2 5 0
1 2 1 0
0 2 0 2
0 2 1 2
0 2 5 2
0 2 2 3
1 2 3 3
1 2 4 0
1 2 4 4
1 3 0 0
0 3 4 0
1 3 5 0
Hard190 12
1 2 2 2
1 2 0 1
1 2 0 3
1 2 1 2
0 2 4 2
1 2 3 0
0 2 2 3
1 2 4 4
1 2 5 0
0 3 0 0
0 3 5 0
0 3 3 3
Hard191 11
1 2 2 0
0 2 0 0
1 2 0 1
1 2 1 2
1 2 1 4
0 2 2 2
0 2 4 3
0 2 5 4
1 2 5 3
0 3 3 2
1 3 4 0
Hard192 13
1 2 2 2
0 2 2 0
1 2 0 3
0 2 5 0
0 2 4 1
0 2 1 2
0 2 5 2
0 2 3 3
0 2 4 3
1 2 4 0
1 2 5 3
0 3 0 0
1 3 5 0
Hard193 11
1 2 2 0
0 2 3 0
1 2 1 1
1 2 1 4
0 2 2 2
1 2 3 3
0 2 0 4
1 2 4 1
1 2 4 3
1 3 0 0
0 3 5 3
Hard194 11
1 2 2 0
1 2 0 3
0 2 5 0
0 2 2 1
0 2 0 3
1 2 4 1
0 2 5 4
1 2 5 0
1 2 5 3
1 3 0 0
0 3 3 2
Hard195 11
1 2 2 0
0 2 1 0
1 2 0 2
1 2 0 4
0 2 3 1
1 2 1 4
0 2 2 4
1 2 4 3
1 2 5 0
1 3 3 2
0 3 5 3
Hard196 13
1 2 2 2
1 2 0 0
0 2 3 0
0 2 5 0
0 2 1 1
0 2 0 2
0 2 2 3
1 2 3 4
0 2 0 4
1 2 5 2
1 2 5 4
0 3 4 0
1 3 4 3
Hard197 12
1 2 2 0
0 2 5 0
0 2 2 1
0 2 2 3
0 2 3 3
1 2 3 4
0 2 0 4
1 2 4 4
1 2 5 2
1 2 5 4
1 3 0 0
0 3 4 0
Hard198 12
1 2 2 1
0 2 0 0
1 2 0 1
0 2 0 2
0 2 1 3
0 2 5 3
0 2 2 4
0 2 3 4
1 2 5 0
1 2 5 4
0 3 4 0
1 3 3 2
Hard199 11
1 2 2 1
0 2 2 0
1 2 0 3
0 2 5 0
0 2 4 1
0 2 1 3
1 2 3 2
0 2 3 4
0 3 0 0
0 3 4 3
1 3 5 0
Hard200 11
1 2 2 0
0 2 3 0
1 2 1 1
1 2 1 4
0 2 2 2
1 2 4 1
1 2 4 3
1 2 5 4
1 3 0 0
0 3 5 2
0 3 0 3
Hard201 12
1 2 2 0
1 2 0 3
0 2 5 0
1 2 1 3
0 2 5 2
0 2 4 3
0 2 0 4
1 2 4 1
1 2 5 4
1 3 0 0
0 3 2 1
0 3 3 3
Hard202 12
1 2 2 1
0 2 1 0
1 2 0 2
0 2 4 0
0 2 5 0
0 2 3 1
0 2 5 2
1 2 3 1
0 2 3 3
0 2 2 4
0 3 4 2
1 3 5 3
Hard203 11
1 2 2 0
1 2 0 0
0 2 5 0
1 2 1 3
0 2 2 2
0 2 5 2
0 2 0 4
1 2 4 1
0 2 4 4
1 3 0 2
1 3 1 0
Hard204 12
1 2 2 0
0 2 0 0
1 2 0 1
0 2 4 0
0 2 2 1
1 2 3 0
0 2 2 3
1 2 3 3
1 2 4 0
0 2 3 4
0 3 5 3
1 3 5 0
Hard205 13
1 2 2 1
0 2 0 0
1 2 0 4
1 2 1 1
0 2 0 2
0 2 1 3
0 2 2 4
0 2 3 4
1 2 4 4
1 2 5 0
1 3 0 1
0 3 5 1
1 3 3 2
Hard206 13
1 2 2 0
1 2 0 1
0 2 3 0
1 2 0 4
0 2 2 1
0 2 4 1
1 2 3 0
0 2 2 3
1 2 3 3
0 2 0 4
0 2 3 4
1 2 5 1
0 3 5 3
Hard207 11
1 2 2 0
0 2 0 0
1 2 0 1
0 2 4 0
1 2 1 1
0 2 2 2
1 2 4 3
1 2 5 1
0 3 5 2
1 3 4 0
1 3 5 3
Hard208 12
1 2 2 2
0 2 0 0
1 2 0 2
0 2 5 2
0 2 2 3
1 2 3 3
0 2 3 4
1 2 4 4
0 3 1 0
0 3 4 0
0 3 0 2
1 3 5 0
Hard209 11
1 2 2 0
0 2 0 0
1 2 0 1
0 2 2 1
0 2 4 2
1 2 3 0
1 2 3 2
1 2 4 3
0 3 5 2
1 3 4 0
1 3 5 3
Hard210 13
1 2 2 2
1 2 0 0
0 2 3 0
0 2 5 0
0 2 0 1
0 2 1 1
0 2 5 2
1 2 3 1
0 2 2 4
1 2 4 4
0 3 4 1
0 3 0 3
1 3 5 3
Hard211 12
1 2 2 0
0 2 0 0
1 2 0 1
1 2 1 2
0 2 4 1
0 2 2 2
0 2 5 2
1 2 3 0
0 2 3 3
0 2 4 3
0 2 5 4
1 3 4 0
Hard212 14
1 2 2 2
0 2 0 0
1 2 0 1
1 2 1 1
0 2 0 2
0 2 1 2
1 2 4 0
0 2 2 4
0 2 3 4
1 2 4 4
1 2 5 0
1 2 5 4
0 3 5 1
1 3 3 2
Hard213 13
1 2 2 0
1 2 0 0
1 2 0 2
0 2 4 0
1 2 1 0
0 2 4 2
1 2 3 2
0 2 2 4
0 2 3 4
1 2 5 4
0 3 5 0
0 3 0 3
0 3 1 3
Hard214 13
1 2 2 1
1 2 0 0
0 2 2 0
0 2 0 1
0 2 3 2
0 2 4 2
1 2 3 0
0 2 5 3
1 2 4 0
1 2 5 1
1 2 5 3
1 3 1 3
1 3 4 2
Hard215 10
1 2 2 1
0 2 3 2
0 2 5 3
0 2 2 4
1 2 5 0
1 2 5 4
0 3 0 0
1 3 0 2
0 3 4 2
1 3 3 0
Hard216 12
1 2 2 2
1 2 0 0
1 2 1 0
0 2 0 2
0 2 1 2
0 2 2 3
1 2 3 3
1 2 4 0
0 2 3 4
0 3 4 0
0 3 5 3
1 3 5 0
Hard217 11
1 2 2 1
0 2 2 0
1 2 1 0
0 2 3 1
0 2 0 2
1 2 3 1
1 2 3 3
1 2 4 0
1 2 4 2
1 3 0 3
0 3 5 3
Hard218 13
1 2 2 1
1 2 0 3
0 2 5 0
0 2 3 1
0 2 0 2
0 2 5 2
0 2 0 4
0 2 1 4
1 2 5 3
1 3 0 0
1 3 1 0
0 3 4 2
0 3 2 3
Hard219 13
1 2 2 2
0 2 4 0
0 2 5 0
0 2 4 2
0 2 5 2
1 2 3 0
0 2 2 3
0 2 0 4
0 2 3 4
1 2 4 4
1 2 5 1
1 2 5 4
1 3 0 0
Hard220 12
1 2 2 2
0 2 3 0
1 2 1 0
1 2 3 4
0 2 2 4
0 2 5 4
1 2 5 0
1 2 5 3
1 3 0 0
0 3 4 0
0 3 0 2
0 3 1 2
Hard221 11
1 2 2 0
0 2 0 0
1 2 0 1
1 2 0 3
0 2 3 1
0 2 4 1
0 2 2 2
0 2 1 4
0 2 5 4
1 3 3 3
1 3 4 2
Hard222 12
1 2 2 1
1 2 0 1
1 2 1 1
0 2 4 2
1 2 3 0
1 2 3 2
0 2 1 4
1 2 5 4
0 3 0 0
1 3 0 3
0 3 5 1
1 3 4 3
Hard223 13
1 2 2 1
1 2 0 0
0 2 5 0
0 2 3 1
0 2 4 1
0 2 0 2
0 2 5 2
0 2 2 3
1 2 5 1
1 3 0 2
1 3 1 0
1 3 4 3
1 3 5 3
Hard224 13
1 2 2 0
0 2 3 0
0 2 4 0
0 2 5 0
0 2 2 2
1 2 3 0
0 2 0 4
1 2 4 1
1 2 5 2
1 2 5 4
1 3 0 0
1 3 1 0
1 3 4 3
Hard225 13
1 2 2 0
1 2 0 0
0 2 3 0
0 2 4 0
0 2 5 0
0 2 2 2
0 2 3 2
1 2 3 0
0 2 0 4
1 2 4 1
1 2 4 3
1 2 5 1
1 3 1 0
Hard226 11
1 2 2 0
0 2 0 0
0 2 1 0
0 2 2 0
1 2 0 3
0 2 2 2
1 2 3 0
0 2 4 4
0 3 5 3
1 3 4 0
1 3 5 0
Hard227 11
1 2 2 0
1 2 0 0
0 2 2 0
1 2 0 4
1 2 1 4
0 2 2 2
1 2 3 3
0 2 3 4
1 2 5 4
0 3 5 2
1 3 4 0
Hard228 13
1 2 2 3
0 2 0 0
1 2 0 1
0 2 5 0
0 2 1 1
0 2 3 3
0 2 4 3
0 2 0 4
1 2 4 1
1 2 5 4
0 3 5 2
1 3 3 0
1 3 5 1
Hard229 10
1 2 2 1
1 2 0 0
0 2 2 0
0 2 0 1
0 2 3 2
1 2 4 0
1 2 4 2
0 2 4 4
0 2 5 4
1 3 1 3
Hard230 13
1 2 2 3
0 2 0 0
1 2 0 2
1 2 1 2
0 2 2 2
0 2 3 3
0 2 2 4
1 2 4 4
1 2 5 0
1 2 5 3
0 3 1 0
0 3 5 0
0 3 0 2
Hard231 12
1 2 2 1
0 2 1 0
1 2 0 3
1 2 1 2
0 2 3 2
1 2 3 0
0 2 2 3
1 2 4 3
1 2 5 1
0 3 0 0
0 3 4 1
0 3 5 3
Hard232 13
1 2 2 1
0 2 1 0
1 2 0 2
1 2 0 4
0 2 3 1
0 2 4 2
1 2 3 0
0 2 2 3
1 2 4 3
1 2 5 1
1 2 5 3
0 3 0 0
0 3 5 3
Hard233 11
1 2 2 3
0 2 0 0
1 2 0 2
0 2 4 0
1 2 1 2
0 2 0 2
0 2 2 2
1 2 3 4
0 3 5 0
0 3 3 3
1 3 5 0
Hard234 11
1 2 2 3
1 2 0 0
1 2 0 2
0 2 5 0
1 2 1 3
0 2 2 2
0 2 5 2
0 2 0 3
0 2 3 4
1 2 4 4
1 3 1 0
Hard235 11
1 2 2 2
0 2 5 0
0 2 0 1
0 2 1 1
0 2 1 3
0 2 2 3
1 2 3 4
0 2 5 4
1 3 0 0
0 3 4 0
1 3 5 0
Hard236 11
1 2 2 2
1 2 0 0
1 2 1 0
0 2 1 2
0 2 2 3
1 2 3 4
0 2 1 4
1 2 4 3
0 2 5 4
0 3 4 0
1 3 5 2
Hard237 12
1 2 2 2
0 2 5 0
1 2 1 0
0 2 0 2
0 2 5 2
0 2 2 3
0 2 0 4
1 2 5 1
1 2 5 4
1 3 0 0
0 3 4 0
1 3 4 3
Hard238 12
1 2 2 0
0 2 0 0
0 2 1 0
0 2 2 0
1 2 0 3
0 2 5 0
1 2 1 3
0 2 2 2
1 2 3 0
0 2 3 4
0 2 4 4
1 3 4 0
Hard239 11
1 2 2 2
0 2 2 0
1 2 0 3
0 2 5 0
0 2 4 1
0 2 5 2
0 2 4 3
1 2 5 4
0 3 0 0
1 3 3 0
0 3 3 3
Hard240 11
1 2 2 3
0 2 5 0
0 2 2 1
0 2 5 2
1 2 3 1
1 2 4 4
1 2 5 1
1 2 5 4
1 3 0 0
0 3 0 1
0 3 3 3
Hard241 14
1 2 2 2
0 2 0 0
0 2 2 0
0 2 3 0
1 2 0 4
0 2 4 1
0 2 5 1
0 2 0 2
1 2 3 2
1 2 3 4
0 2 5 4
1 2 5 0
1 3 4 0
1 3 5 2
Hard242 13
1 2 2 3
1 2 0 0
1 2 0 2
0 2 4 0
1 2 1 0
0 2 0 2
0 2 1 2
0 2 4 3
0 2 0 4
1 2 5 4
0 3 5 0
0 3 2 1
0 3 3 3
Hard243 12
1 2 2 2
0 2 2 0
1 2 0 4
0 2 4 2
1 2 3 0
0 2 2 3
0 2 0 4
0 2 3 4
0 2 4 4
1 2 5 1
0 3 1 0
0 3 5 3
Hard244 12
1 2 2 2
0 2 3 0
1 2 0 4
1 2 1 0
0 2 4 1
1 2 3 1
1 2 3 3
0 2 5 3
0 2 3 4
1 2 5 4
1 3 0 0
0 3 0 3
Hard245 12
1 2 2 2
0 2 2 0
1 2 1 0
0 2 4 1
0 2 5 1
0 2 0 2
1 2 3 1
0 2 5 4
1 3 0 3
0 3 3 3
0 3 4 3
1 3 5 0
Hard246 12
1 2 2 0
1 2 0 1
0 2 4 0
0 2 5 0
0 2 2 2
0 2 5 2
0 2 1 4
0 2 2 4
1 2 5 4
0 3 3 0
1 3 1 0
0 3 0 3
Hard247 12
1 2 2 2
1 2 0 1
1 2 0 3
0 2 3 3
0 2 2 4
1 2 4 4
1 2 5 0
1 2 5 3
0 3 0 0
0 3 5 0
0 3 1 1
0 3 4 1
Hard248 11
1 2 2 0
0 2 0 0
1 2 0 1
0 2 2 2
1 2 3 4
0 2 3 4
0 2 4 4
0 2 5 4
1 3 0 3
1 3 4 0
1 3 5 0
Hard249 11
1 2 2 3
1 2 0 0
1 2 1 0
0 2 2 1
1 2 3 2
0 2 4 3
0 2 3 4
1 2 5 4
1 3 0 2
0 3 5 0
0 3 1 2
Hard250 12
1 2 2 0
0 2 0 0
1 2 0 1
0 2 2 2
0 2 3 3
1 2 3 4
0 2 4 4
0 2 5 4
1 2 5 0
1 2 5 2
1 3 0 3
1 3 4 0
Hard251 13
1 2 2 1
1 2 0 2
1 2 0 4
1 2 1 2
0 2 3 2
1 2 3 0
0 2 2 3
0 2 1 4
1 2 4 3
0 3 0 0
0 3 4 1
0 3 5 3
1 3 5 2
Hard252 12
1 2 2 2
0 2 0 0
1 2 0 1
0 2 3 0
0 2 1 1
1 2 1 4
0 2 5 2
1 2 3 0
0 2 2 3
0 2 5 4
0 3 4 2
1 3 5 2
Hard253 9
1 2 2 0
0 2 2 1
1 2 3 0
0 2 2 3
0 2 1 4
1 2 4 3
0 3 3 1
0 3 4 1
0 3 5 3
Hard254 12
1 2 2 0
0 2 1 0
0 2 5 0
0 2 2 2
0 2 3 2
0 2 4 2
1 2 3 0
0 2 0 4
1 2 4 1
1 2 4 3
1 2 5 1
1 3 1 2
Hard255 12
1 2 2 0
0 2 1 0
0 2 2 0
1 2 0 3
1 2 1 3
0 2 2 2
0 2 3 2
1 2 4 1
0 2 3 4
0 2 4 4
1 2 5 1
0 3 0 3
Hard256 12
1 2 2 3
1 2 0 4
1 2 1 2
0 2 2 2
1 2 3 0
0 2 3 3
0 2 2 4
1 2 4 4
1 2 5 0
0 3 0 0
0 3 1 0
0 3 5 1
Hard257 13
1 2 2 0
0 2 3 0
0 2 4 0
0 2 5 0
0 2 2 2
0 2 5 2
1 2 3 0
0 2 0 4
1 2 4 2
1 2 5 1
1 2 5 4
1 3 0 0
0 3 4 2
Hard258 12
1 2 2 0
0 2 0 0
1 2 0 1
0 2 2 1
0 2 4 1
0 2 1 3
1 2 3 2
1 2 3 4
0 2 5 4
1 2 5 0
1 3 0 3
1 3 4 2
Hard259 11
1 2 2 1
0 2 3 0
0 2 3 2
0 2 1 4
0 2 2 4
1 2 4 3
0 2 5 4
1 2 5 3
0 3 0 0
0 3 4 1
1 3 3 0
Hard260 10
1 2 2 2
1 2 0 0
0 2 2 0
0 2 1 1
1 2 3 0
0 2 2 3
1 2 4 3
0 3 4 0
0 3 5 3
1 3 5 0
Hard261 12
1 2 2 2
0 2 3 0
1 2 0 4
0 2 4 1
0 2 5 1
0 2 2 3
1 2 3 4
1 2 4 0
0 2 5 4
0 3 0 1
0 3 1 1
1 3 5 0
Hard262 10
1 2 2 0
0 2 1 0
0 2 2 0
1 2 0 4
0 2 4 1
0 2 2 2
1 2 3 3
0 2 3 4
0 3 5 3
1 3 4 0
Hard263 13
1 2 2 0
0 2 1 0
1 2 0 2
0 2 2 2
0 2 3 2
0 2 4 2
1 2 3 0
0 2 0 4
1 2 4 1
0 2 4 4
1 2 5 1
0 3 5 0
1 3 1 2
Hard264 9
1 2 2 0
0 2 1 0
0 2 2 0
1 2 0 3
0 2 2 2
0 2 3 4
0 2 4 4
0 3 5 0
1 3 4 0
Hard265 12
1 2 2 2
1 2 0 3
0 2 5 0
0 2 4 2
1 2 3 0
0 2 2 3
0 2 3 3
0 2 0 4
1 2 4 4
1 2 5 1
1 3 0 0
1 3 5 3
Hard266 13
1 2 2 0
1 2 0 2
1 2 0 4
1 2 1 0
1 2 1 2
0 2 4 1
0 2 5 1
0 2 3 2
0 2 4 3
0 2 0 4
1 3 3 0
1 3 4 1
1 3 5 3
Hard267 9
1 2 2 0
0 2 2 1
1 2 3 0
0 2 2 3
0 2 1 4
1 2 4 3
0 3 3 1
0 3 5 3
1 3 5 2
Hard268 11
1 2 2 0
0 2 4 0
0 2 5 0
0 2 2 1
0 2 3 1
0 2 5 2
0 2 0 3
0 2 3 4
1 2 4 4
1 3 0 1
1 3 3 2
Hard269 12
1 2 2 0
1 2 0 3
0 2 5 0
0 2 2 2
0 2 5 2
1 2 3 0
0 2 0 4
1 2 4 1
1 2 5 1
1 2 5 3
1 3 0 0
0 3 3 1
Hard270 14
1 2 2 2
0 2 0 0
1 2 0 1
0 2 3 0
0 2 5 0
0 2 1 1
0 2 5 2
1 2 3 2
0 2 2 4
1 2 4 4
1 2 5 0
1 2 5 3
0 3 4 1
0 3 0 2
Hard271 12
1 2 2 0
0 2 2 0
0 2 3 0
0 2 4 1
0 2 2 2
0 2 3 2
1 2 3 0
0 2 0 4
0 2 1 4
1 2 4 2
0 2 4 4
0 3 5 3
Hard272 11
1 2 2 3
0 2 0 0
0 2 1 0
1 2 0 2
0 2 4 0
0 2 2 1
0 2 0 2
1 2 5 4
0 3 5 0
0 3 2 3
0 3 3 3
Hard273 11
1 2 2 1
0 2 1 0
0 2 0 1
1 2 3 0
1 2 3 2
0 2 2 4
1 2 4 4
1 2 5 0
1 3 0 3
0 3 4 1
0 3 5 1
Hard274 12
1 2 2 0
0 2 1 0
1 2 0 2
1 2 0 4
0 2 5 2
0 2 0 3
0 2 4 3
1 2 4 1
0 2 3 4
0 2 5 4
0 3 2 1
1 3 5 0
Hard275 12
1 2 2 1
1 2 0 0
0 2 5 0
0 2 0 1
0 2 3 2
0 2 4 2
1 2 3 0
0 2 2 3
1 2 5 4
1 3 0 2
1 3 4 3
1 3 5 1
Hard276 12
1 2 2 1
1 2 0 0
0 2 2 0
0 2 0 1
0 2 3 2
0 2 4 2
1 2 3 0
1 2 4 0
0 2 5 4
1 3 1 3
1 3 4 2
1 3 5 0
Hard277 11
1 2 2 0
0 2 3 0
0 2 5 0
0 2 2 2
0 2 5 2
0 2 0 4
0 2 2 4
1 2 4 4
1 2 5 4
1 3 0 0
1 3 1 0
Hard278 12
1 2 2 0
0 2 0 0
0 2 3 1
1 2 1 4
0 2 5 2
0 2 0 3
0 2 4 4
0 2 5 4
0 3 2 0
1 3 0 3
1 3 4 1
1 3 5 0
Hard279 11
1 2 2 0
0 2 3 0
0 2 5 0
1 2 1 1
0 2 2 2
0 2 0 3
1 2 3 3
0 2 2 4
1 2 4 3
1 3 0 0
0 3 5 2
Hard280 10
1 2 2 0
0 2 0 0
0 2 2 0
1 2 0 4
0 2 4 1
0 2 2 2
1 2 3 3
0 2 3 4
0 3 5 3
1 3 4 0
Hard281 12
1 2 2 0
0 2 0 0
1 2 0 1
1 2 0 3
0 2 2 2
0 2 0 3
1 2 3 4
0 2 4 4
1 2 5 0
0 3 5 0
1 3 1 1
1 3 4 1
Hard282 12
1 2 2 1
0 2 1 0
0 2 3 1
1 2 1 4
0 2 0 3
0 2 2 4
1 2 4 3
1 2 5 3
0 3 0 0
1 3 0 3
1 3 3 2
0 3 5 3
Hard283 12
1 2 2 2
1 2 0 0
0 2 3 0
0 2 5 0
0 2 0 1
0 2 1 1
1 2 3 1
0 2 2 4
1 2 4 3
0 2 5 4
0 3 4 1
0 3 0 3
Hard284 12
1 2 2 0
0 2 0 0
0 2 2 0
0 2 3 1
1 2 1 4
0 2 4 2
0 2 5 2
0 2 1 3
1 2 3 2
0 2 5 4
1 3 0 3
1 3 4 2
Hard285 12
1 2 2 0
0 2 0 0
1 2 0 1
0 2 2 1
0 2 5 1
0 2 4 2
0 2 4 4
0 2 5 4
1 2 5 0
1 2 5 2
0 3 3 2
1 3 4 0
Hard286 12
1 2 2 0
0 2 0 0
0 2 1 0
1 2 0 2
0 2 4 0
0 2 5 0
0 2 2 1
0 2 3 1
1 2 3 0
0 2 2 3
0 2 3 3
0 3 4 2
Hard287 13
1 2 2 0
0 2 0 0
0 2 1 0
0 2 3 0
1 2 0 4
1 2 1 4
0 2 5 2
0 2 0 4
1 2 4 1
0 2 4 4
0 2 5 4
0 3 2 0
1 3 5 1
Hard288 12
1 2 2 2
1 2 0 0
0 2 3 0
0 2 5 0
0 2 0 1
0 2 1 1
1 2 3 1
0 2 2 4
1 2 5 4
0 3 4 1
0 3 0 3
1 3 4 3
Hard289 12
1 2 2 2
0 2 3 0
1 2 0 4
0 2 4 1
0 2 5 1
0 2 0 2
0 2 2 3
1 2 3 4
1 2 4 0
0 2 5 4
0 3 1 1
1 3 5 0
Hard290 13
1 2 2 3
0 2 0 0
0 2 3 0
1 2 0 4
1 2 1 4
0 2 2 2
0 2 5 2
1 2 3 3
1 2 4 3
0 2 5 4
1 2 5 3
1 3 4 0
1 3 5 0
Hard291 9
1 2 2 0
0 2 0 0
0 2 2 2
0 2 3 2
0 2 3 4
1 2 4 4
1 3 0 2
1 3 1 1
0 3 4 1
Hard292 12
1 2 2 3
1 2 0 1
0 2 3 0
0 2 1 1
0 2 3 3
0 2 2 4
1 2 4 4
1 2 5 0
1 2 5 3
0 3 0 0
0 3 5 1
1 3 3 0
Hard293 11
1 2 2 0
0 2 0 0
0 2 3 0
1 2 1 4
0 2 4 3
0 2 0 4
1 2 5 2
1 2 5 4
0 3 2 1
0 3 5 2
1 3 4 1
Hard294 11
1 2 2 2
0 2 0 0
0 2 3 0
1 2 1 4
0 2 5 2
0 2 2 3
1 2 4 0
0 2 5 4
0 3 1 1
0 3 4 2
1 3 5 2
Hard295 12
1 2 2 0
0 2 1 0
0 2 3 1
1 2 1 4
0 2 4 2
0 2 2 4
1 2 4 3
1 2 5 3
1 3 0 3
0 3 0 3
1 3 3 1
0 3 5 3
Hard296 13
1 2 2 0
0 2 5 0
1 2 1 0
0 2 2 1
0 2 5 2
0 2 2 3
1 2 3 3
0 2 0 4
0 2 3 4
1 2 4 4
1 2 5 1
1 2 5 4
1 3 0 0
Hard297 10
1 2 2 0
0 2 0 0
1 2 3 1
0 2 2 4
1 2 4 4
1 2 5 0
1 3 1 1
0 3 4 1
0 3 5 1
0 3 3 3
Hard298 12
1 2 2 3
1 2 0 0
1 2 0 2
0 2 4 0
0 2 1 1
0 2 0 2
0 2 4 3
0 2 0 4
1 2 5 4
0 3 2 1
0 3 5 1
0 3 3 3
Hard299 11
1 2 2 2
1 2 0 0
0 2 2 0
0 2 1 1
0 2 4 2
1 2 3 1
1 2 4 4
1 2 5 1
0 3 5 0
0 3 0 3
0 3 3 3
Hard300 12
1 2 2 0
0 2 0 0
1 2 0 1
0 2 2 1
1 2 1 3
0 2 5 1
0 2 5 3
0 2 1 4
1 2 4 2
1 3 0 3
0 3 4 2
1 3 5 3
Hard301 11
1 2 2 0
0 2 0 0
1 2 0 1
1 2 0 3
0 2 5 0
0 2 2 1
0 2 5 2
1 2 4 4
0 3 3 2
1 3 3 0
1 3 5 3
Hard302 12
1 2 2 3
1 2 0 0
1 2 0 2
0 2 5 0
1 2 1 3
0 2 2 2
0 2 5 2
1 2 3 3
0 2 0 4
0 2 3 4
1 2 4 4
1 3 1 0
Hard303 13
1 2 2 0
0 2 1 0
0 2 5 0
0 2 2 1
0 2 4 2
0 2 5 2
0 2 0 3
0 2 2 4
0 2 3 4
1 2 4 4
1 2 5 4
1 3 0 2
1 3 3 1
Hard304 13
1 2 2 0
0 2 0 0
1 2 0 4
1 2 1 1
0 2 4 1
0 2 5 1
0 2 2 2
1 2 3 0
1 2 3 3
0 2 5 3
0 3 3 0
1 3 4 0
1 3 5 3
Hard305 12
1 2 2 0
0 2 0 0
1 2 0 2
1 2 1 1
1 2 1 3
0 2 2 2
0 2 3 2
0 2 4 2
1 2 3 0
0 2 1 4
0 2 5 4
1 3 4 2
Hard306 12
1 2 2 0
0 2 0 0
0 2 1 0
1 2 0 2
0 2 4 0
0 2 5 0
0 2 2 1
0 2 3 1
0 2 4 2
1 2 3 0
0 2 2 3
0 2 3 3
Hard307 12
1 2 2 0
0 2 0 0
1 2 0 1
1 2 1 1
1 2 1 3
0 2 2 2
1 2 3 0
0 2 4 4
0 2 5 4
0 3 3 2
1 3 4 0
1 3 5 0
Hard308 11
1 2 2 0
0 2 3 0
1 2 1 4
0 2 2 2
1 2 3 3
1 2 4 1
1 2 4 3
1 2 5 2
1 3 0 0
0 3 5 2
0 3 0 3
Hard309 13
1 2 2 1
0 2 1 0
1 2 0 2
0 2 5 0
0 2 0 1
0 2 3 1
0 2 5 2
1 2 3 1
0 2 3 3
1 2 5 1
1 2 5 3
0 3 4 0
0 3 0 3
Hard310 11
1 2 2 2
0 2 0 0
1 2 1 2
0 2 0 2
1 2 3 1
0 2 2 4
1 2 4 4
1 2 5 0
0 3 5 0
0 3 4 1
0 3 3 3
Hard311 11
1 2 2 0
0 2 0 0
0 2 3 0
1 2 0 4
1 2 1 1
0 2 3 2
0 2 2 4
1 2 4 3
0 3 4 1
1 3 3 0
0 3 5 3
Hard312 11
1 2 2 1
0 2 5 0
0 2 4 2
1 2 3 0
0 2 2 3
1 2 4 3
1 2 5 0
0 3 0 0
1 3 0 1
0 3 3 1
0 3 5 2
Hard313 12
1 2 2 1
1 2 0 2
1 2 1 0
1 2 1 2
0 2 0 2
0 2 3 2
1 2 3 4
0 2 2 4
1 2 4 3
0 2 5 4
1 2 5 3
0 3 4 0
Hard314 14
1 2 2 0
1 2 0 0
1 2 0 2
0 2 4 0
0 2 5 0
1 2 1 0
0 2 2 1
0 2 0 3
1 2 3 1
1 2 3 4
0 2 5 4
1 2 5 3
0 3 3 1
1 3 4 2
Hard315 13
1 2 2 2
0 2 0 0
1 2 0 1
0 2 3 0
0 2 5 0
0 2 1 1
0 2 5 2
1 2 3 2
0 2 2 4
1 2 4 3
1 2 5 0
0 3 4 1
0 3 0 2
Hard316 13
1 2 2 2
1 2 0 0
1 2 0 2
0 2 5 0
1 2 1 0
1 2 1 2
0 2 0 2
0 2 1 2
0 2 5 2
0 2 1 4
1 2 5 4
0 3 4 0
0 3 2 3
Hard317 12
1 2 2 1
0 2 4 0
0 2 5 0
0 2 0 2
0 2 5 2
0 2 2 3
1 2 3 3
1 2 4 0
1 2 5 4
1 3 0 0
0 3 3 0
1 3 5 1
Hard318 14
1 2 2 0
1 2 0 0
1 2 0 2
0 2 4 0
0 2 5 0
1 2 1 0
0 2 2 1
0 2 0 3
1 2 3 1
1 2 3 4
0 2 5 4
0 3 3 1
1 3 4 2
1 3 5 0
Hard319 12
1 2 2 1
0 2 0 1
1 2 1 2
0 2 5 2
0 2 0 3
0 2 2 3
1 2 3 3
0 2 3 4
1 2 4 4
1 3 0 0
0 3 4 0
1 3 5 0
Hard320 13
1 2 2 2
0 2 3 0
1 2 0 4
1 2 1 1
0 2 5 1
0 2 1 2
1 2 3 2
0 2 2 4
0 2 5 4
1 2 5 0
1 2 5 3
0 3 0 0
0 3 4 2
Hard321 13
1 2 2 0
0 2 0 0
1 2 0 1
0 2 3 0
0 2 4 0
0 2 2 1
1 2 3 3
1 2 4 0
1 2 5 2
1 2 5 4
0 3 5 2
1 3 3 0
1 3 4 2
Hard322 12
1 2 2 0
0 2 0 0
0 2 1 0
1 2 0 2
1 2 0 4
0 2 3 1
0 2 2 4
1 2 4 3
1 2 5 3
0 3 4 1
1 3 3 1
0 3 5 3
Hard323 11
1 2 2 2
0 2 3 0
0 2 5 0
1 2 1 0
0 2 0 2
0 2 2 3
0 2 0 4
1 2 4 3
1 3 0 0
0 3 4 0
0 3 5 2
Hard324 10
1 2 2 0
0 2 1 0
1 2 0 2
1 2 0 4
0 2 3 1
0 2 2 4
0 2 5 4
1 2 5 3
0 3 4 2
1 3 3 1
Hard325 10
1 2 2 2
0 2 2 0
0 2 5 1
0 2 5 3
0 2 2 4
0 2 3 4
1 2 5 4
1 3 0 3
0 3 4 2
1 3 3 1
Hard326 11
1 2 2 0
0 2 0 0
1 2 1 2
0 2 5 2
0 2 2 4
1 2 4 4
1 2 5 0
1 3 0 2
0 3 4 1
1 3 3 0
0 3 3 3
Hard327 13
1 2 2 2
1 2 0 0
0 2 3 0
1 2 1 4
0 2 1 2
0 2 4 2
0 2 5 2
1 2 3 2
1 2 4 0
0 2 2 4
0 2 5 4
1 2 5 3
0 3 0 1
Hard328 13
1 2 2 2
0 2 2 0
1 2 0 4
0 2 4 1
0 2 5 1
0 2 2 3
1 2 3 3
0 2 3 4
0 2 4 4
1 2 5 1
0 3 1 2
0 3 0 3
0 3 5 3
Hard329 12
1 2 2 2
1 2 0 0
0 2 3 0
0 2 5 0
0 2 0 1
0 2 1 1
1 2 3 0
0 2 2 3
0 2 0 4
1 2 5 1
0 3 4 0
1 3 4 3
Hard330 12
1 2 2 0
0 2 1 0
1 2 0 2
0 2 4 0
0 2 3 1
0 2 4 2
1 2 3 0
0 2 3 3
0 2 0 4
1 2 5 4
0 3 5 0
1 3 5 1
Hard331 12
1 2 2 0
0 2 1 0
0 2 5 0
0 2 3 1
0 2 4 1
1 2 3 3
1 2 4 2
0 2 4 4
1 3 0 2
0 3 2 1
0 3 5 2
1 3 5 0
Hard332 12
1 2 2 0
0 2 0 0
1 2 0 1
0 2 2 1
0 2 4 2
1 2 3 0
1 2 3 2
1 2 4 3
1 2 5 1
0 3 5 2
1 3 4 0
1 3 5 3
Hard333 12
1 2 2 2
0 2 2 0
1 2 0 3
0 2 5 0
0 2 1 1
0 2 4 1
0 2 5 2
1 2 3 0
0 2 4 3
0 3 0 0
0 3 3 3
1 3 5 0
Hard334 12
1 2 2 2
0 2 0 0
0 2 2 0
1 2 0 4
0 2 5 1
0 2 4 2
1 2 4 0
0 2 4 4
1 2 5 0
1 2 5 2
0 3 1 0
0 3 5 3
Hard335 13
1 2 2 1
1 2 0 0
0 2 5 0
0 2 3 1
0 2 4 1
0 2 0 2
0 2 5 2
0 2 2 3
1 2 5 4
1 3 0 2
1 3 1 0
1 3 4 3
1 3 5 1
Hard336 11
1 2 2 2
1 2 0 4
0 2 1 1
0 2 5 2
1 2 3 0
0 2 2 3
0 2 1 4
0 3 0 0
0 3 4 1
1 3 4 3
1 3 5 2
Hard337 12
1 2 2 3
1 2 0 1
0 2 4 0
0 2 0 1
0 2 1 1
1 2 1 2
1 2 3 1
0 2 3 3
0 2 2 4
0 3 5 0
0 3 0 3
1 3 5 3
Hard338 14
1 2 2 1
1 2 0 0
1 2 0 2
0 2 5 0
0 2 3 1
0 2 5 2
1 2 3 0
0 2 2 3
0 2 0 4
1 2 5 2
1 2 5 4
0 3 4 0
1 3 1 0
1 3 4 3
Hard339 12
1 2 2 1
1 2 0 0
0 2 5 0
1 2 1 3
0 2 3 2
0 2 4 2
0 2 5 2
1 2 3 1
0 2 2 4
1 3 0 2
0 3 0 1
1 3 4 3
Hard340 12
1 2 2 0
0 2 4 0
0 2 5 0
0 2 2 2
0 2 0 3
1 2 3 3
1 2 4 2
0 2 4 4
1 2 5 2
1 3 0 0
0 3 3 0
0 3 5 2
Hard341 12
1 2 2 2
1 2 0 1
0 2 3 0
0 2 5 0
0 2 0 1
0 2 1 1
1 2 3 0
0 2 2 3
0 2 0 4
0 3 4 0
1 3 4 3
1 3 5 1
Hard342 10
1 2 2 3
1 2 0 0
0 2 2 0
0 2 0 1
0 2 2 2
1 2 3 4
1 2 4 4
0 3 5 0
0 3 3 3
1 3 5 0
Hard343 14
1 2 2 2
0 2 0 0
0 2 1 0
1 2 0 2
1 2 1 2
0 2 0 2
0 2 3 3
0 2 2 4
1 2 4 4
1 2 5 0
1 2 5 3
0 3 4 0
0 3 5 0
0 3 1 2
Hard344 10
1 2 2 0
1 2 0 3
0 2 5 0
0 2 5 2
0 2 3 3
0 2 0 4
1 2 4 1
0 2 4 4
1 3 0 0
0 3 2 1
Hard345 13
1 2 2 0
1 2 0 0
1 2 0 2
0 2 5 0
1 2 1 3
0 2 5 2
0 2 4 3
0 2 0 4
1 2 4 1
1 2 5 1
1 2 5 4
0 3 2 1
0 3 3 3
Hard346 12
1 2 2 0
1 2 0 1
0 2 3 0
0 2 5 0
0 2 2 2
0 2 5 2
0 2 0 4
0 2 2 4
1 2 5 4
0 3 4 0
1 3 1 0
0 3 1 3
Hard347 12
1 2 2 0
0 2 0 0
0 2 1 0
1 2 0 2
0 2 4 0
0 2 3 1
1 2 4 1
1 2 4 3
0 3 5 0
0 3 0 3
1 3 3 3
1 3 5 3
Hard348 11
1 2 2 2
1 2 0 2
1 2 0 4
0 2 5 1
0 2 5 3
0 2 2 4
1 2 5 0
1 2 5 4
0 3 0 0
0 3 4 2
1 3 3 0
Hard349 12
1 2 2 0
0 2 1 0
1 2 0 2
0 2 4 0
0 2 5 0
0 2 3 1
0 2 5 2
1 2 3 0
0 2 3 3
0 2 0 4
0 3 4 2
1 3 5 3
Hard350 11
1 2 2 0
1 2 1 3
0 2 5 1
0 2 4 3
0 2 5 3
0 2 0 4
1 2 4 1
1 2 5 4
0 3 2 0
1 3 0 3
0 3 3 3
Hard351 13
1 2 2 0
0 2 3 1
1 2 1 4
0 2 4 2
0 2 0 3
0 2 1 3
1 2 3 2
1 2 5 0
1 2 5 2
0 3 2 0
1 3 0 3
0 3 5 3
1 3 4 2
Hard352 12
1 2 2 0
1 2 0 0
0 2 4 0
0 2 5 0
0 2 2 2
0 2 5 2
0 2 0 3
0 2 2 4
1 2 4 4
1 2 5 0
1 2 5 4
1 3 1 0
Hard353 12
1 2 2 0
0 2 4 0
0 2 2 1
0 2 3 2
0 2 1 3
0 2 2 3
1 2 3 4
1 2 4 3
0 2 5 4
1 2 5 0
1 3 0 0
1 3 5 2
Hard354 11
1 2 2 0
0 2 0 0
0 2 3 0
0 2 4 0
1 2 1 1
0 2 2 2
1 2 4 3
1 2 5 2
1 2 5 4
0 3 5 2
1 3 4 0
Hard355 13
1 2 2 2
0 2 3 0
1 2 0 4
1 2 1 1
0 2 5 2
1 2 3 0
0 2 2 3
1 2 4 3
0 2 5 4
1 2 5 0
1 2 5 2
0 3 0 0
0 3 4 1
Hard356 11
1 2 2 0
0 2 1 0
1 2 0 2
0 2 4 0
0 2 2 1
0 2 5 1
0 2 4 2
0 2 2 4
0 3 3 2
0 3 0 3
1 3 5 3
Hard357 13
1 2 2 1
0 2 2 0
1 2 0 3
1 2 1 3
0 2 5 1
0 2 0 2
0 2 3 2
0 2 5 3
0 2 3 4
1 2 5 1
1 2 5 4
0 3 4 2
1 3 4 0
Hard358 12
1 2 2 0
0 2 0 0
1 2 0 2
1 2 0 4
0 2 5 1
0 2 3 2
0 2 4 2
0 2 4 4
1 3 1 2
0 3 2 2
0 3 5 3
1 3 5 0
Hard359 11
1 2 2 0
0 2 0 0
0 2 1 0
1 2 1 4
0 2 5 2
0 2 4 4
0 2 5 4
0 3 2 0
1 3 0 3
1 3 4 0
1 3 5 0
Hard360 11
1 2 2 0
0 2 1 0
1 2 0 2
0 2 4 0
0 2 2 1
0 2 4 2
0 2 2 4
0 3 3 1
0 3 5 2
0 3 0 3
1 3 5 3
Hard361 10
1 2 2 1
0 2 2 0
0 2 5 1
0 2 5 3
0 2 1 4
1 2 4 2
1 2 5 2
1 2 5 4
1 3 0 3
0 3 3 1
Hard362 13
1 2 2 2
1 2 0 0
0 2 3 0
1 2 0 4
0 2 1 1
0 2 4 2
0 2 5 2
0 2 0 4
0 2 4 4
0 2 5 4
1 2 5 1
0 3 0 1
1 3 3 1
Hard363 12
1 2 2 2
0 2 2 0
1 2 0 3
1 2 1 3
0 2 1 2
0 2 4 2
1 2 4 0
0 2 3 4
0 2 4 4
0 3 0 0
0 3 5 0
1 3 5 0
Hard364 11
1 2 2 2
0 2 2 0
0 2 3 0
1 2 0 4
1 2 1 4
0 2 4 2
1 2 4 0
0 3 0 0
0 3 5 3
1 3 4 2
1 3 5 0
Hard365 12
1 2 2 2
1 2 0 0
0 2 2 0
0 2 1 1
0 2 5 2
0 2 3 4
1 2 4 4
1 2 5 0
1 2 5 4
0 3 0 1
0 3 4 1
1 3 3 1
Hard366 11
1 2 2 0
0 2 0 0
0 2 1 0
1 2 0 2
1 2 0 4
0 2 5 1
0 2 2 4
1 2 4 3
1 2 5 0
0 3 4 1
1 3 3 0
Hard367 12
1 2 2 2
0 2 2 0
1 2 0 4
0 2 4 1
0 2 5 1
1 2 3 0
1 2 4 0
0 2 5 4
1 2 5 0
1 2 5 2
0 3 0 0
1 3 4 2
Hard368 11
1 2 2 2
0 2 5 0
1 2 1 2
0 2 5 2
0 2 2 3
1 2 5 0
1 2 5 2
0 3 0 0
1 3 0 1
0 3 4 0
1 3 4 3
Hard369 13
1 2 2 2
1 2 0 0
0 2 2 0
1 2 1 0
0 2 1 2
0 2 4 2
1 2 3 2
0 2 0 4
1 2 4 1
0 2 3 4
1 2 4 4
1 2 5 4
0 3 5 0
Hard370 12
1 2 2 0
1 2 0 1
0 2 3 1
1 2 1 4
0 2 4 2
0 2 0 3
0 2 2 4
1 2 4 3
1 2 5 0
1 3 0 3
1 3 3 1
0 3 5 3
Hard371 13
1 2 2 2
0 2 2 0
1 2 0 3
0 2 5 0
1 2 1 3
0 2 1 2
0 2 4 2
0 2 5 2
1 2 4 0
0 2 3 4
0 2 4 4
0 3 0 0
1 3 5 0
Hard372 11
1 2 2 1
0 2 2 0
0 2 3 1
1 2 3 0
0 2 3 3
0 2 1 4
0 2 5 4
1 2 5 2
0 3 0 0
1 3 0 3
0 3 4 3
Hard373 11
1 2 2 0
1 2 0 3
0 2 5 0
0 2 2 2
0 2 5 2
1 2 3 0
0 2 0 4
1 2 4 1
1 3 0 0
0 3 3 2
1 3 5 2
Hard374 13
1 2 2 0
0 2 0 0
1 2 0 1
0 2 2 1
0 2 3 1
1 2 1 4
1 2 3 1
0 2 4 3
0 2 5 3
1 2 5 0
1 3 0 3
1 3 4 0
1 3 5 2
Hard375 12
1 2 2 0
0 2 1 0
1 2 0 2
0 2 4 0
0 2 2 1
0 2 3 1
0 2 5 1
0 2 4 2
1 2 3 0
0 2 2 3
0 2 3 3
1 2 5 2
Hard376 13
1 2 2 3
1 2 0 0
1 2 1 3
0 2 0 2
0 2 1 2
0 2 3 3
0 2 0 4
1 2 4 1
1 2 4 4
1 2 5 1
0 3 2 0
0 3 5 0
1 3 5 3
Hard377 12
1 2 2 0
0 2 0 0
1 2 0 1
0 2 3 0
1 2 0 4
1 2 1 4
0 2 3 2
0 2 2 4
1 2 4 3
0 2 5 4
1 2 5 0
1 3 3 0
Hard378 12
1 2 2 0
0 2 5 0
0 2 2 1
0 2 5 2
0 2 1 3
0 2 2 3
1 2 3 3
0 2 3 4
1 2 5 1
1 3 0 0
0 3 4 0
0 3 0 3
Hard379 13
1 2 2 0
1 2 0 3
0 2 5 0
1 2 1 0
0 2 2 1
1 2 1 3
0 2 5 2
0 2 0 3
1 2 3 1
1 2 4 1
1 2 5 4
1 3 0 0
0 3 3 3
Hard380 12
1 2 2 2
1 2 0 0
0 2 5 0
0 2 1 1
1 2 1 3
0 2 4 2
0 2 5 2
0 2 2 4
1 2 4 4
1 2 5 0
1 3 0 2
1 3 3 0
Hard381 11
1 2 2 3
0 2 0 0
0 2 3 0
1 2 0 4
1 2 1 1
0 2 1 2
0 2 2 2
0 2 5 2
0 2 5 4
0 3 4 3
1 3 4 0
Hard382 12
1 2 2 2
1 2 0 1
1 2 0 3
0 2 0 2
0 2 4 2
1 2 3 1
0 2 2 4
1 2 4 4
1 2 5 0
0 3 5 0
1 3 1 2
0 3 3 3
Hard383 13
1 2 2 0
0 2 3 0
0 2 4 0
0 2 5 0
0 2 2 1
0 2 3 2
0 2 5 2
1 2 3 0
0 2 0 4
1 2 4 2
1 2 5 4
1 3 0 0
0 3 4 2
Hard384 12
1 2 2 0
0 2 1 0
0 2 2 0
1 2 0 4
0 2 2 2
0 2 4 3
0 2 5 3
1 2 4 1
1 2 5 4
0 3 3 2
0 3 0 3
1 3 5 1
Hard385 13
1 2 2 3
1 2 0 2
0 2 4 0
1 2 1 0
1 2 1 2
0 2 1 2
0 2 2 2
0 2 3 3
1 2 4 4
1 2 5 0
0 3 5 0
0 3 0 2
1 3 5 2
Hard386 12
1 2 2 2
1 2 0 1
1 2 1 2
0 2 4 1
1 2 3 0
1 2 3 3
0 2 3 4
1 2 4 4
1 2 5 4
1 3 0 3
0 3 5 1
0 3 2 3
Hard387 12
1 2 2 3
1 2 0 1
0 2 3 0
1 2 0 4
1 2 1 1
0 2 5 1
0 2 2 2
0 2 0 3
1 2 3 3
0 2 5 3
1 2 4 1
0 3 0 0
Hard388 12
1 2 2 1
0 2 0 1
1 2 1 4
0 2 5 2
0 2 1 3
0 2 2 3
1 2 3 3
0 2 4 4
0 2 5 4
1 3 0 0
0 3 3 0
1 3 5 0
Hard389 8
1 2 2 1
1 2 3 0
0 2 1 4
1 2 4 3
0 2 5 4
0 3 3 1
0 3 4 1
0 3 2 3
Hard390 13
1 2 2 0
0 2 1 0
0 2 2 0
1 2 0 3
0 2 5 0
1 2 1 3
0 2 2 2
0 2 3 2
1 2 4 1
0 2 3 4
0 2 4 4
1 2 5 1
0 3 0 3
Hard391 13
1 2 2 0
0 2 2 0
0 2 3 0
0 2 4 1
0 2 2 2
0 2 3 2
0 2 4 3
0 2 0 4
0 2 1 4
1 2 4 2
1 2 5 2
1 2 5 4
0 3 5 2
Hard392 12
1 2 2 2
0 2 2 0
1 2 1 0
0 2 4 1
0 2 0 2
1 2 3 4
1 2 4 0
0 2 5 4
1 2 5 3
1 3 0 3
1 3 4 2
1 3 5 0
Hard393 12
1 2 2 2
1 2 0 0
0 2 2 0
0 2 3 0
1 2 0 4
0 2 4 1
0 2 5 1
0 2 4 3
0 2 5 3
1 2 5 0
0 3 0 1
1 3 3 1
Hard394 11
1 2 2 0
0 2 0 0
1 2 0 1
1 2 0 3
0 2 2 2
1 2 3 4
0 2 4 4
1 2 5 2
0 3 5 0
1 3 1 1
1 3 4 0
Hard395 12
1 2 2 2
1 2 0 0
0 2 5 0
0 2 0 1
0 2 5 2
1 2 3 1
0 2 3 3
0 2 1 4
0 2 2 4
0 3 4 1
0 3 0 3
1 3 5 3
Hard396 14
1 2 2 0
0 2 1 0
0 2 5 0
0 2 2 1
0 2 4 2
0 2 5 2
0 2 0 3
1 2 3 1
1 2 4 2
0 2 4 4
1 2 5 0
1 2 5 2
1 3 0 2
0 3 3 1
Hard397 11
1 2 2 0
0 2 2 0
0 2 4 1
0 2 2 2
0 2 0 3
1 2 3 3
0 2 3 4
1 2 4 4
1 3 0 3
0 3 5 1
1 3 5 0
Hard398 14
1 2 2 3
0 2 0 0
0 2 1 0
1 2 0 2
1 2 0 4
1 2 1 2
1 2 3 0
0 2 3 3
0 2 0 4
1 2 4 4
1 2 5 1
1 2 5 3
0 3 5 1
0 3 2 2
Hard399 12
1 2 2 0
0 2 3 0
1 2 1 4
0 2 2 2
1 2 3 3
1 2 4 1
1 2 4 3
1 2 5 2
1 2 5 4
1 3 0 0
0 3 5 2
0 3 0 3
Hard400 12
1 2 2 3
1 2 0 1
0 2 3 0
0 2 1 1
0 2 2 1
1 2 1 4
0 2 5 2
1 2 3 0
0 2 2 3
1 2 4 0
0 2 5 4
0 3 0 0
Hard401 11
1 2 2 0
0 2 0 0
1 2 1 2
0 2 4 1
0 2 5 1
0 2 2 2
1 2 3 3
0 2 5 3
0 2 3 4
1 3 0 3
1 3 4 0
Hard402 12
1 2 2 2
1 2 0 0
0 2 2 0
1 2 0 4
1 2 1 0
0 2 4 1
0 2 0 2
0 2 3 4
1 2 5 4
0 3 1 2
0 3 5 2
1 3 3 2
Hard403 13
1 2 2 0
1 2 0 2
1 2 0 4
1 2 1 0
1 2 1 2
0 2 4 1
0 2 5 1
0 2 3 2
0 2 4 3
0 2 0 4
1 2 5 3
1 3 3 0
1 3 4 1
Hard404 12
1 2 2 0
1 2 0 0
0 2 5 0
1 2 1 0
1 2 3 1
0 2 1 4
0 2 2 4
1 2 5 4
1 3 0 2
0 3 4 1
0 3 5 2
0 3 0 3
Hard405 13
1 2 2 0
1 2 0 0
1 2 0 2
0 2 4 0
1 2 1 0
0 2 4 2
1 2 3 2
0 2 0 4
0 2 2 4
0 2 3 4
1 2 5 4
0 3 5 0
0 3 1 3
Hard406 13
1 2 2 3
1 2 0 1
0 2 4 0
0 2 1 1
1 2 1 2
0 2 2 2
0 2 1 3
0 2 3 3
1 2 4 4
1 2 5 0
0 3 0 0
0 3 5 0
1 3 5 2
Hard407 12
1 2 2 3
0 2 0 0
0 2 3 0
1 2 0 4
0 2 5 1
0 2 4 3
0 2 5 3
1 2 4 0
0 2 2 4
1 2 5 4
0 3 1 0
1 3 3 0
Hard408 12
1 2 2 0
0 2 0 0
1 2 0 1
0 2 3 0
0 2 4 0
0 2 2 1
1 2 3 3
1 2 4 0
1 2 5 4
0 3 5 2
1 3 3 0
1 3 4 2
Hard409 11
1 2 2 3
0 2 1 0
1 2 0 2
0 2 4 0
0 2 2 1
0 2 3 3
0 2 2 4
1 2 4 4
0 3 0 0
0 3 5 0
1 3 3 0
Hard410 12
1 2 2 0
0 2 3 0
0 2 4 0
0 2 5 0
0 2 2 1
0 2 5 2
1 2 3 0
0 2 0 4
1 2 4 2
1 2 5 4
1 3 0 0
0 3 4 2
Hard411 11
1 2 2 0
0 2 3 0
0 2 4 0
0 2 5 0
0 2 2 2
1 2 3 0
0 2 1 4
0 2 2 4
1 2 4 3
1 3 0 0
1 3 1 0
Hard412 10
1 2 2 2
1 2 0 0
0 2 2 0
0 2 0 1
0 2 2 3
1 2 3 4
1 2 4 4
0 3 4 0
0 3 3 3
1 3 5 0
Hard413 12
1 2 2 1
0 2 3 0
1 2 0 4
1 2 1 4
0 2 3 2
0 2 4 2
0 2 2 4
1 2 4 3
0 2 5 4
1 2 5 3
1 3 0 0
1 3 3 0
Hard414 12
1 2 2 2
0 2 0 0
0 2 2 0
1 2 0 3
0 2 5 3
0 2 1 4
1 2 4 2
1 2 5 2
1 2 5 4
0 3 0 2
0 3 4 2
1 3 3 1
Hard415 12
1 2 2 3
1 2 0 2
0 2 4 0
1 2 1 0
1 2 1 2
0 2 2 2
0 2 3 3
1 2 4 4
1 2 5 0
1 2 5 2
0 3 5 0
0 3 1 2
Hard416 11
1 2 2 1
0 2 1 0
1 2 0 2
0 2 4 0
0 2 5 0
0 2 3 1
1 2 3 1
0 2 3 3
0 2 2 4
0 3 4 2
1 3 5 3
Hard417 12
1 2 2 1
0 2 5 0
0 2 0 1
0 2 5 2
0 2 2 3
1 2 3 3
1 2 4 0
0 2 4 4
1 2 5 0
1 2 5 2
1 3 0 0
0 3 3 0
Hard418 12
1 2 2 1
0 2 5 0
1 2 1 0
1 2 1 2
0 2 0 2
0 2 3 2
0 2 5 2
0 2 2 3
1 3 0 0
0 3 4 0
1 3 4 3
1 3 5 3
Hard419 11
1 2 2 0
0 2 3 0
0 2 4 0
0 2 2 2
0 2 0 3
1 2 4 2
1 2 4 4
1 2 5 2
1 2 5 4
1 3 0 0
0 3 5 0
Hard420 13
1 2 2 0
0 2 3 0
0 2 4 1
0 2 5 1
0 2 2 2
1 2 3 0
0 2 4 3
0 2 0 4
1 2 4 2
0 2 5 4
1 3 0 0
1 3 1 0
1 3 5 2
Hard421 13
1 2 2 2
1 2 0 0
0 2 2 0
0 2 1 1
0 2 4 2
0 2 3 3
0 2 0 4
1 2 4 1
1 2 4 4
1 2 5 1
1 2 5 3
0 3 5 1
1 3 3 0
Hard422 12
1 2 2 0
1 2 0 0
0 2 3 0
0 2 4 1
0 2 2 2
1 2 3 0
0 2 4 3
0 2 0 4
1 2 4 2
0 3 5 0
1 3 1 0
1 3 5 2
Hard423 13
1 2 2 0
0 2 1 0
1 2 0 2
1 2 0 4
0 2 2 1
0 2 5 2
0 2 0 3
1 2 3 2
1 2 4 1
0 2 3 4
0 2 5 4
1 2 5 0
0 3 4 2
Hard424 12
1 2 2 0
0 2 0 0
0 2 1 0
0 2 5 1
0 2 3 3
0 2 4 3
1 2 4 1
0 2 5 4
0 3 2 0
1 3 0 3
0 3 0 3
1 3 5 1
Hard425 10
1 2 2 2
1 2 1 4
0 2 0 2
1 2 4 0
0 2 2 4
1 2 5 0
1 2 5 4
0 3 4 2
0 3 5 2
1 3 3 1
Hard426 13
1 2 2 3
0 2 0 0
0 2 3 0
1 2 0 4
0 2 2 1
0 2 5 2
1 2 3 1
0 2 4 3
0 2 5 4
1 2 5 0
0 3 0 2
1 3 4 1
1 3 5 2
Hard427 12
1 2 2 1
1 2 0 0
0 2 5 0
0 2 3 1
0 2 4 1
0 2 5 2
0 2 2 4
1 2 5 0
1 3 0 2
1 3 1 0
0 3 0 2
1 3 4 3
Hard428 11
1 2 2 0
0 2 4 0
0 2 5 0
1 2 1 2
0 2 2 2
0 2 1 3
1 2 3 3
0 2 2 4
1 2 4 3
1 3 0 0
0 3 5 2
Hard429 11
1 2 2 2
0 2 2 0
1 2 0 4
0 2 0 1
0 2 5 1
0 2 5 3
0 2 0 4
0 2 1 4
0 3 4 2
1 3 3 0
1 3 5 3
Hard430 12
1 2 2 0
1 2 0 0
0 2 2 0
0 2 2 2
1 2 3 0
0 2 0 4
1 2 4 1
0 2 3 4
0 2 4 4
1 2 5 1
1 3 1 3
0 3 5 2
Hard431 13
1 2 2 0
1 2 0 1
1 2 0 4
0 2 4 1
0 2 5 1
0 2 2 2
1 2 3 0
0 2 5 3
0 2 0 4
0 2 2 4
1 2 5 4
0 3 3 0
1 3 1 0
Hard432 11
1 2 2 1
0 2 1 0
1 2 0 2
1 2 0 4
0 2 5 1
0 2 2 4
1 2 4 3
1 2 5 0
0 3 0 0
0 3 4 1
1 3 3 0
Hard433 11
1 2 2 3
1 2 0 0
1 2 0 2
0 2 5 0
0 2 2 1
0 2 5 2
0 2 0 4
0 2 2 4
0 2 3 4
1 2 4 4
1 3 3 2
Hard434 12
1 2 2 0
0 2 3 0
0 2 2 1
0 2 3 2
0 2 5 2
1 2 3 0
0 2 2 3
0 2 0 4
0 2 1 4
1 2 4 3
0 2 5 4
1 2 5 2
Hard435 8
1 2 2 3
0 2 4 0
1 2 3 1
0 2 1 4
1 2 4 4
0 3 2 0
0 3 5 1
0 3 3 3
Hard436 13
1 2 2 3
0 2 0 0
0 2 3 0
1 2 0 4
0 2 2 1
0 2 5 2
1 2 3 1
0 2 4 3
0 2 5 4
1 2 5 3
0 3 0 2
1 3 4 1
1 3 5 0
Hard437 11
1 2 2 0
0 2 0 0
1 2 0 1
0 2 3 0
0 2 4 0
0 2 2 2
1 2 4 3
1 2 5 1
0 3 5 2
1 3 4 0
1 3 5 3
Hard438 12
1 2 2 3
0 2 3 0
1 2 0 4
1 2 1 0
0 2 2 1
0 2 0 2
1 2 3 2
0 2 4 3
0 2 3 4
1 2 5 4
0 3 1 2
0 3 5 2
Hard439 11
1 2 2 2
1 2 0 4
1 2 1 2
1 2 3 0
0 2 2 3
0 2 3 3
1 2 4 4
1 2 5 1
1 2 5 3
0 3 1 0
0 3 5 1
Hard440 13
1 2 2 0
0 2 2 1
0 2 4 2
1 2 3 0
1 2 3 2
0 2 0 4
1 2 4 1
0 2 3 4
1 2 4 4
1 2 5 1
1 2 5 4
1 3 0 0
0 3 5 1
Hard441 14
1 2 2 1
1 2 0 0
0 2 2 0
1 2 0 3
1 2 1 0
1 2 1 3
0 2 0 2
0 2 3 2
1 2 3 4
0 2 0 4
1 2 5 2
1 2 5 4
0 3 5 0
0 3 1 3
Hard442 12
1 2 2 0
0 2 0 0
0 2 3 0
1 2 0 4
1 2 1 1
0 2 3 2
0 2 2 4
1 2 4 3
1 2 5 3
0 3 4 1
1 3 3 0
0 3 5 3
Hard443 12
1 2 2 0
0 2 0 0
1 2 0 2
1 2 0 4
1 2 1 1
0 2 2 2
0 2 0 3
1 2 3 3
0 2 4 4
0 3 5 3
1 3 4 1
1 3 5 0
Hard444 12
1 2 2 2
1 2 0 0
0 2 2 0
0 2 3 0
1 2 0 4
1 2 1 0
0 2 4 1
0 2 1 2
1 2 4 1
1 2 4 3
0 2 5 4
0 3 0 2
Hard445 12
1 2 2 0
0 2 3 0
0 2 5 0
0 2 2 2
0 2 5 2
0 2 1 4
0 2 2 4
1 2 5 4
1 3 0 0
0 3 4 0
1 3 1 0
0 3 0 3
Hard446 11
1 2 2 1
1 2 0 0
1 2 0 2
0 2 4 0
0 2 5 0
0 2 3 1
0 2 5 2
0 2 2 4
1 3 1 0
0 3 0 2
1 3 4 3
Hard447 10
1 2 2 0
1 2 0 0
0 2 5 0
0 2 5 2
0 2 0 3
1 2 4 1
0 2 3 4
0 2 4 4
1 3 0 2
0 3 2 1
Hard448 11
1 2 2 2
0 2 5 0
0 2 0 1
0 2 5 2
0 2 0 3
0 2 2 4
1 2 4 4
1 2 5 4
1 3 0 0
0 3 4 1
1 3 3 1
Hard449 14
1 2 2 0
1 2 0 4
1 2 1 3
0 2 5 1
0 2 3 2
0 2 4 2
0 2 0 3
1 2 3 1
0 2 5 3
0 2 1 4
1 2 5 2
1 2 5 4
0 3 2 0
1 3 4 2
Hard450 12
1 2 2 2
0 2 5 0
1 2 1 0
1 2 1 2
0 2 1 2
0 2 2 3
1 2 3 4
1 2 4 3
0 2 5 4
1 3 0 0
0 3 4 0
1 3 5 0
Hard451 13
1 2 2 2
0 2 0 0
0 2 3 0
1 2 0 4
0 2 4 1
0 2 0 2
0 2 5 2
0 2 2 3
1 2 4 0
0 2 5 4
1 2 5 0
1 2 5 2
0 3 1 1
Hard452 13
1 2 2 1
1 2 0 0
0 2 2 0
1 2 1 0
1 2 1 3
0 2 0 2
0 2 3 2
1 2 3 4
0 2 0 4
1 2 5 2
1 2 5 4
0 3 5 0
0 3 1 3
Hard453 12
1 2 2 1
0 2 1 0
1 2 0 2
0 2 4 0
0 2 5 0
0 2 0 1
0 2 3 2
0 2 5 2
0 2 3 4
1 2 5 4
0 3 4 2
0 3 2 3
Hard454 11
1 2 2 0
0 2 0 0
1 2 1 3
0 2 4 2
0 2 2 4
1 2 4 4
1 2 5 0
1 3 0 3
0 3 5 1
1 3 3 0
0 3 3 3
Hard455 11
1 2 2 0
1 2 0 3
0 2 5 0
0 2 0 4
1 2 4 1
0 2 4 4
1 2 5 1
1 3 0 0
0 3 2 1
0 3 3 2
0 3 5 2
Hard456 12
1 2 2 2
1 2 0 0
0 2 2 0
1 2 0 3
0 2 5 0
0 2 4 1
1 2 3 1
0 2 4 3
1 2 5 4
0 3 0 1
0 3 5 2
0 3 3 3
Hard457 12
1 2 2 2
0 2 3 0
1 2 0 4
0 2 4 1
0 2 5 2
0 2 2 3
1 2 3 3
1 2 4 0
0 2 5 4
1 2 5 1
1 2 5 3
0 3 1 1
Hard458 10
1 2 2 0
0 2 1 0
1 2 0 2
1 2 0 4
0 2 3 1
0 2 2 4
1 2 5 3
0 3 4 2
1 3 3 1
0 3 5 3
Hard459 12
1 2 2 0
0 2 0 0
0 2 1 0
1 2 0 2
1 2 0 4
0 2 5 2
1 2 3 0
1 2 3 2
0 2 2 4
1 2 4 4
1 2 5 0
0 3 4 1
Hard460 12
1 2 2 0
0 2 0 0
0 2 1 0
1 2 0 2
1 2 0 4
1 2 1 4
0 2 0 3
0 2 4 4
0 3 2 1
0 3 5 3
1 3 4 1
1 3 5 0
Hard461 13
1 2 2 2
0 2 1 0
1 2 0 2
0 2 0 1
1 2 1 2
0 2 3 3
0 2 2 4
1 2 4 4
1 2 5 0
1 2 5 3
0 3 4 0
0 3 5 0
0 3 1 2
Hard462 10
1 2 2 2
0 2 3 0
0 2 5 0
1 2 1 1
0 2 5 2
0 2 2 4
1 3 0 0
0 3 4 0
0 3 0 1
1 3 4 3
Hard463 12
1 2 2 0
0 2 0 0
0 2 2 0
1 2 0 3
0 2 2 2
1 2 3 0
0 2 3 3
0 2 4 3
1 2 5 0
0 3 5 3
1 3 4 0
1 3 5 2
Hard464 11
1 2 2 0
0 2 0 0
0 2 2 1
0 2 3 1
1 2 1 4
0 2 1 3
1 2 4 2
1 2 5 0
1 3 0 1
1 3 3 2
0 3 5 3
Hard465 12
1 2 2 2
0 2 5 0
0 2 0 1
0 2 1 1
0 2 0 3
0 2 1 3
0 2 2 3
1 2 3 4
0 2 5 4
1 3 0 0
0 3 4 0
1 3 5 0
Hard466 13
1 2 2 1
0 2 0 0
0 2 1 0
0 2 2 0
1 2 0 3
0 2 5 0
0 2 3 1
0 2 5 2
1 2 4 2
0 2 4 4
1 2 5 0
0 3 0 2
1 3 3 2
Hard467 10
1 2 2 0
0 2 5 0
0 2 2 1
0 2 5 2
0 2 2 3
1 2 3 3
0 2 3 4
1 3 0 0
0 3 4 0
1 3 5 0
Hard468 13
1 2 2 3
1 2 0 2
1 2 1 2
0 2 2 2
0 2 0 3
0 2 3 3
0 2 2 4
1 2 4 4
1 2 5 0
1 2 5 3
0 3 0 0
0 3 1 0
0 3 5 0
Hard469 10
1 2 2 0
0 2 4 0
0 2 5 0
1 2 1 0
0 2 2 1
0 2 5 2
0 2 2 3
0 2 1 4
1 2 4 4
1 3 0 0
Hard470 12
1 2 2 1
1 2 0 0
1 2 0 2
0 2 4 0
0 2 3 1
0 2 0 2
0 2 2 3
1 2 4 0
1 2 5 4
0 3 5 0
1 3 3 3
1 3 5 1
Hard471 11
1 2 2 3
0 2 1 0
0 2 2 0
0 2 3 0
1 2 0 4
0 2 2 2
0 2 5 2
0 2 0 3
1 2 4 2
0 2 5 4
0 3 0 0
Hard472 13
1 2 2 2
1 2 0 2
1 2 0 4
1 2 1 2
0 2 0 3
0 2 2 4
0 2 3 4
1 2 4 4
1 2 5 0
1 2 5 4
0 3 4 1
0 3 5 1
1 3 3 1
Hard473 13
1 2 2 0
0 2 1 0
1 2 0 2
0 2 5 1
0 2 2 2
0 2 3 2
0 2 4 2
1 2 3 0
0 2 0 4
1 2 4 1
1 2 4 3
1 2 5 1
1 3 1 2
Hard474 12
1 2 2 3
1 2 0 0
1 2 0 2
0 2 4 0
0 2 0 1
0 2 2 1
0 2 0 3
0 2 3 3
1 2 3 4
1 2 5 0
0 3 5 0
1 3 5 2
Hard475 12
1 2 2 0
0 2 1 0
0 2 3 1
0 2 2 2
0 2 1 3
1 2 4 2
0 2 4 4
0 2 5 4
1 2 5 1
1 3 0 3
0 3 0 3
1 3 3 3
Hard476 13
1 2 2 0
0 2 1 0
1 2 0 2
0 2 4 0
0 2 5 0
1 2 1 2
0 2 3 2
0 2 4 2
0 2 5 2
0 2 0 4
0 2 3 4
1 2 5 1
0 3 2 2
Hard477 12
1 2 2 2
0 2 0 0
1 2 0 1
0 2 3 0
0 2 5 0
0 2 1 1
0 2 2 4
1 2 4 3
0 2 5 4
1 2 5 0
0 3 4 0
0 3 0 2
Hard478 11
1 2 2 2
0 2 1 0
1 2 0 4
0 2 5 1
0 2 5 3
0 2 2 4
1 2 5 0
1 2 5 4
0 3 0 0
0 3 4 2
1 3 3 0
Hard479 10
1 2 2 0
0 2 5 0
1 2 1 3
0 2 2 2
0 2 5 2
0 2 0 4
1 2 4 1
0 2 4 4
1 3 0 0
1 3 1 0
Hard480 12
1 2 2 3
0 2 3 0
0 2 0 1
0 2 1 1
1 2 3 1
0 2 4 3
1 2 4 1
1 2 5 1
1 3 0 0
0 3 5 2
0 3 0 3
1 3 5 3
Hard481 13
1 2 2 0
0 2 1 0
1 2 0 2
0 2 5 0
0 2 2 2
0 2 3 2
0 2 4 2
1 2 3 0
0 2 0 4
1 2 4 1
0 2 4 4
1 2 5 1
1 3 1 2
Hard482 13
1 2 2 2
1 2 0 3
0 2 5 0
1 2 1 0
0 2 1 2
0 2 5 2
1 2 3 2
0 2 1 4
0 2 2 4
1 2 5 3
1 3 0 0
0 3 4 1
0 3 0 2
Hard483 13
1 2 2 0
0 2 0 0
1 2 0 1
0 2 3 0
0 2 4 0
0 2 2 1
0 2 3 2
0 2 4 2
0 2 5 2
1 2 3 0
0 2 2 3
0 2 5 4
1 3 5 0
Hard484 11
1 2 2 1
0 2 2 0
0 2 3 1
1 2 1 4
1 2 4 1
1 2 4 3
1 2 5 1
1 2 5 3
1 3 0 3
1 3 3 2
0 3 5 3
Hard485 13
1 2 2 3
1 2 0 1
0 2 3 0
1 2 0 4
0 2 2 1
0 2 5 1
1 2 3 2
0 2 4 3
0 2 5 3
0 2 0 4
0 2 2 4
1 2 5 4
0 3 1 1
Hard486 11
1 2 2 1
0 2 3 0
1 2 0 4
0 2 3 2
0 2 2 4
1 2 4 3
0 2 5 4
1 2 5 3
0 3 0 0
0 3 4 1
1 3 3 0
Hard487 12
1 2 2 2
0 2 2 0
1 2 0 3
0 2 5 1
0 2 0 2
0 2 5 3
1 2 4 0
0 2 2 4
0 2 3 4
1 2 5 4
0 3 4 2
1 3 3 1
Hard488 12
1 2 2 1
0 2 1 0
0 2 0 1
0 2 5 2
1 2 3 0
1 2 3 2
0 2 0 4
0 2 2 4
1 2 4 4
1 2 5 4
1 3 0 2
0 3 4 1
Hard489 12
1 2 2 0
0 2 3 0
0 2 2 2
0 2 4 2
1 2 3 0
0 2 0 4
1 2 4 1
1 2 4 4
1 2 5 4
1 3 0 0
0 3 5 0
1 3 5 1
Hard490 10
1 2 2 1
0 2 4 2
1 2 3 0
0 2 2 3
0 2 0 4
1 2 4 3
0 3 0 0
0 3 3 1
0 3 5 3
1 3 5 1
Hard491 12
1 2 2 2
0 2 2 0
1 2 0 3
0 2 5 0
0 2 1 1
0 2 4 1
1 2 3 0
1 2 3 2
0 2 4 3
1 2 4 0
0 2 3 4
0 3 0 0
Hard492 12
1 2 2 2
0 2 2 0
1 2 0 4
0 2 5 1
0 2 4 2
1 2 4 0
0 2 4 4
1 2 5 0
1 2 5 2
0 3 0 0
0 3 1 0
0 3 5 3
Hard493 10
1 2 2 1
0 2 1 0
0 2 5 1
1 2 3 0
0 2 2 3
1 2 4 4
0 3 0 0
1 3 0 2
0 3 4 1
1 3 5 0
Hard494 9
1 2 2 0
0 2 4 2
0 2 1 4
1 2 4 2
0 2 4 4
1 2 5 2
0 3 2 0
0 3 3 1
0 3 5 3
Hard495 11
1 2 2 1
1 2 0 0
0 2 0 1
1 2 1 2
0 2 5 1
0 2 2 4
1 2 4 4
0 3 4 0
0 3 3 2
0 3 0 3
1 3 5 3
Hard496 12
1 2 2 0
0 2 0 0
1 2 0 1
0 2 3 0
1 2 1 1
0 2 4 1
0 2 2 2
0 2 5 2
1 2 3 0
0 2 2 4
1 2 5 0
1 3 4 3
Hard497 11
1 2 2 3
1 2 0 0
1 2 0 2
0 2 5 0
0 2 2 1
0 2 5 2
0 2 2 3
1 2 3 3
0 2 3 4
1 2 4 4
0 3 0 3
Hard498 12
1 2 2 1
0 2 3 0
1 2 0 4
1 2 1 1
0 2 3 2
1 2 3 0
0 2 2 3
1 2 4 3
1 2 5 1
0 3 0 0
0 3 4 1
0 3 5 3
Hard499 13
1 2 2 0
0 2 1 0
1 2 0 4
1 2 1 2
0 2 4 1
0 2 2 2
0 2 3 3
0 2 4 3
1 2 4 1
1 2 5 1
0 3 5 2
0 3 0 3
1 3 5 3
Hard500 12
1 2 2 2
0 2 3 0
1 2 0 4
0 2 5 1
0 2 0 2
0 2 2 3
1 2 4 0
0 2 4 4
0 2 5 4
0 3 1 1
1 3 3 3
1 3 5 0
Hard501 12
1 2 2 1
0 2 2 0
0 2 3 0
1 2 0 4
1 2 1 0
0 2 3 2
1 2 3 1
0 2 2 4
0 2 5 4
1 2 5 3
0 3 4 1
0 3 0 2
Hard502 12
1 2 2 3
0 2 0 0
1 2 0 1
0 2 4 0
0 2 5 0
1 2 1 2
0 2 2 2
0 2 5 2
1 2 4 4
0 3 0 2
0 3 3 3
1 3 5 0
Hard503 13
1 2 2 2
1 2 0 2
1 2 1 0
1 2 1 2
0 2 0 2
0 2 3 3
0 2 2 4
1 2 4 4
1 2 5 0
1 2 5 3
0 3 4 0
0 3 5 0
0 3 1 2
Hard504 12
1 2 2 1
0 2 1 0
1 2 0 3
0 2 5 0
0 2 4 1
0 2 5 2
1 2 3 3
0 2 3 4
1 2 4 4
1 2 5 0
0 3 0 0
0 3 2 3
Hard505 10
1 2 2 2
0 2 3 0
0 2 0 1
0 2 1 1
1 2 1 4
0 2 2 4
0 2 5 4
1 2 5 3
0 3 4 2
1 3 3 1
Hard506 12
1 2 2 2
0 2 1 0
1 2 0 3
0 2 5 0
0 2 5 2
0 2 2 4
1 2 4 4
1 2 5 0
1 2 5 4
0 3 0 0
0 3 4 1
1 3 3 0
Hard507 13
1 2 2 0
0 2 3 0
0 2 4 0
0 2 2 2
1 2 3 0
1 2 3 4
0 2 0 4
1 2 4 2
1 2 4 4
1 2 5 4
1 3 0 0
0 3 5 0
1 3 5 1
Hard508 12
1 2 2 0
0 2 0 0
1 2 0 1
0 2 2 1
0 2 4 2
1 2 3 0
1 2 3 2
1 2 4 3
1 2 5 1
1 2 5 3
0 3 3 0
1 3 4 0
Hard509 11
1 2 2 0
0 2 1 0
1 2 0 2
0 2 4 0
0 2 3 1
0 2 4 2
1 2 3 0
0 2 3 3
1 2 5 0
1 2 5 2
0 3 5 0
Hard510 11
1 2 2 3
0 2 0 0
1 2 0 1
0 2 4 0
1 2 1 2
0 2 2 2
1 2 4 4
0 3 5 0
0 3 0 2
0 3 3 3
1 3 5 0
Hard511 11
1 2 2 0
0 2 1 0
1 2 0 3
0 2 5 0
0 2 3 1
0 2 0 3
0 2 3 3
1 2 3 4
1 2 4 1
0 2 4 4
0 3 2 1
Hard512 9
1 2 2 0
1 2 0 4
0 2 4 2
0 2 1 4
1 2 4 2
0 2 4 4
0 3 2 0
0 3 3 0
0 3 5 3
Hard513 11
1 2 2 0
0 2 1 0
0 2 2 0
1 2 0 3
1 2 1 3
0 2 2 2
0 2 5 3
0 2 3 4
0 2 4 4
1 2 5 1
1 3 4 0
Hard514 11
1 2 2 0
1 2 0 0
1 2 1 3
0 2 2 2
1 2 3 0
0 2 4 3
0 2 0 4
1 2 4 1
0 3 5 0
1 3 1 0
1 3 5 1
Hard515 12
1 2 2 0
0 2 0 0
0 2 1 0
0 2 2 0
1 2 0 3
0 2 2 2
1 2 3 0
0 2 4 3
1 2 5 0
0 3 5 3
1 3 4 0
1 3 5 2
Hard516 11
1 2 2 0
0 2 0 0
0 2 2 0
1 2 0 3
1 2 1 4
0 2 2 2
1 2 3 0
0 2 4 4
0 3 5 3
1 3 4 1
1 3 5 0
Hard517 12
1 2 2 0
0 2 0 0
0 2 4 0
0 2 3 1
0 2 3 3
1 2 3 4
1 2 4 1
0 2 4 4
1 3 0 1
0 3 5 0
0 3 2 1
1 3 5 1
Hard518 12
1 2 2 1
1 2 0 1
1 2 0 3
1 2 1 3
0 2 3 2
0 2 4 2
1 2 3 0
0 2 2 3
0 2 1 4
0 3 0 0
0 3 5 0
1 3 4 3
Hard519 12
1 2 2 2
0 2 3 0
1 2 0 4
1 2 1 4
0 2 5 2
1 2 3 0
0 2 2 3
0 2 1 4
0 2 5 4
0 3 0 0
0 3 4 2
1 3 5 2
Hard520 11
1 2 2 0
0 2 1 0
0 2 3 1
1 2 1 4
0 2 4 2
0 2 2 4
1 2 4 3
1 3 0 2
0 3 0 3
1 3 3 1
0 3 5 3
Hard521 10
1 2 2 0
0 2 5 0
0 2 2 2
0 2 5 2
0 2 0 4
0 2 2 4
0 2 3 4
1 2 4 4
1 3 0 0
0 3 4 0
Hard522 13
1 2 2 1
0 2 1 0
1 2 0 2
0 2 4 0
0 2 5 0
0 2 0 1
0 2 3 1
0 2 0 3
1 2 3 1
0 2 3 3
0 2 4 3
0 2 2 4
1 3 5 3
Hard523 10
1 2 2 1
1 2 0 4
0 2 0 1
0 2 0 3
0 2 4 3
0 2 2 4
1 2 5 4
0 3 3 0
0 3 5 1
1 3 3 1
Hard524 10
1 2 2 0
0 2 4 0
0 2 5 0
0 2 2 1
0 2 5 2
0 2 2 3
1 2 3 3
0 2 3 4
1 2 4 4
1 3 0 0
Hard525 10
1 2 2 0
1 2 0 0
0 2 5 0
0 2 5 2
0 2 0 4
1 2 4 2
1 2 5 2
1 3 0 2
0 3 2 1
0 3 4 3
Hard526 12
1 2 2 3
0 2 0 0
1 2 0 4
1 2 1 2
0 2 2 2
1 2 3 0
0 2 3 3
0 2 2 4
1 2 4 4
1 2 5 0
0 3 1 0
0 3 5 1
Hard527 12
1 2 2 0
0 2 1 0
1 2 0 2
1 2 0 4
1 2 1 2
0 2 3 2
0 2 2 4
1 2 4 3
0 2 5 4
1 2 5 3
0 3 4 1
1 3 3 0
Hard528 11
1 2 2 0
0 2 0 0
0 2 1 0
0 2 2 0
1 2 0 4
0 2 2 2
1 2 3 0
0 2 4 4
1 2 5 2
0 3 5 3
1 3 4 0
Hard529 13
1 2 2 3
0 2 0 1
0 2 1 1
0 2 2 1
1 2 3 0
1 2 3 2
0 2 4 3
0 2 0 4
1 2 4 1
0 2 3 4
1 2 5 4
1 3 0 1
0 3 5 0
Hard530 12
1 2 2 0
0 2 3 0
1 2 0 4
1 2 1 4
0 2 0 3
1 2 3 3
1 2 4 1
0 2 4 4
1 2 5 0
1 2 5 2
0 3 2 1
0 3 5 2
Hard531 10
1 2 2 0
0 2 3 0
0 2 5 0
1 2 1 0
0 2 2 1
0 2 5 2
0 2 0 3
0 2 2 3
1 2 4 4
1 3 0 0
Hard532 11
1 2 2 0
1 2 0 1
0 2 3 1
0 2 2 2
1 2 3 0
1 2 3 3
0 2 1 4
1 2 5 2
1 3 0 3
1 3 1 0
0 3 5 3
Hard533 10
1 2 2 3
1 2 0 0
1 2 0 3
0 2 5 0
0 2 0 1
0 2 5 2
0 2 3 3
0 2 0 4
1 2 4 4
0 3 2 0
Hard534 13
1 2 2 3
1 2 0 2
1 2 0 4
1 2 1 2
1 2 1 4
0 2 2 2
0 2 5 2
1 2 3 0
0 2 0 4
0 2 5 4
1 2 5 1
0 3 1 0
0 3 4 3
Hard535 11
1 2 2 3
1 2 0 0
0 2 3 0
0 2 4 0
0 2 1 1
0 2 3 3
1 2 4 4
1 2 5 1
0 3 5 0
0 3 0 3
1 3 5 3
Hard536 11
1 2 2 0
0 2 0 0
1 2 1 2
0 2 2 2
0 2 0 3
1 2 3 4
1 2 4 1
0 2 5 4
0 3 4 0
0 3 3 3
1 3 5 0
Hard537 12
1 2 2 2
0 2 0 0
1 2 0 4
0 2 5 2
1 2 3 2
0 2 2 4
1 2 4 4
1 2 5 0
1 2 5 3
0 3 1 0
0 3 4 1
0 3 0 2
Hard538 11
1 2 2 0
0 2 5 0
1 2 1 3
0 2 2 2
0 2 5 2
1 2 3 0
0 2 4 3
0 2 0 4
1 2 4 1
1 3 0 0
1 3 1 0
Hard539 11
1 2 2 1
0 2 0 0
0 2 3 0
1 2 0 4
0 2 3 2
0 2 1 4
0 2 2 4
1 2 5 3
0 3 4 2
1 3 3 0
0 3 5 3
Hard540 11
1 2 2 0
0 2 4 0
0 2 5 0
0 2 2 1
1 2 3 0
0 2 2 3
0 2 0 4
0 2 1 4
1 2 4 3
1 3 0 0
0 3 5 2
Hard541 13
1 2 2 2
1 2 0 0
0 2 5 0
1 2 1 0
0 2 1 2
0 2 3 3
1 2 3 4
1 2 4 1
1 2 4 4
1 2 5 1
1 2 5 3
0 3 4 0
0 3 0 3
Hard542 12
1 2 2 2
0 2 0 0
1 2 0 1
0 2 3 0
1 2 0 4
0 2 4 1
0 2 0 2
1 2 3 2
0 2 4 3
1 2 5 0
0 3 1 1
0 3 5 3
Hard543 13
1 2 2 0
0 2 0 0
1 2 0 1
1 2 0 3
0 2 2 1
0 2 3 1
1 2 1 4
0 2 5 2
0 2 1 4
1 2 4 2
1 2 5 2
1 2 5 4
0 3 4 2
Hard544 13
1 2 2 3
1 2 0 1
1 2 1 2
1 2 1 4
1 2 3 2
0 2 4 3
0 2 2 4
0 2 3 4
1 2 5 4
0 3 0 0
1 3 0 3
0 3 1 1
0 3 5 2
Hard545 12
1 2 2 0
1 2 0 1
0 2 5 0
0 2 2 2
0 2 5 2
1 2 3 0
0 2 0 4
0 2 2 4
1 2 5 4
0 3 4 0
1 3 1 0
0 3 3 1
Hard546 13
1 2 2 0
1 2 0 0
0 2 4 0
0 2 5 0
1 2 1 0
1 2 1 2
0 2 3 2
0 2 4 2
0 2 5 2
0 2 0 4
1 2 5 4
1 3 3 0
1 3 4 3
Hard547 11
1 2 2 1
0 2 1 0
1 2 0 4
0 2 5 2
1 2 3 0
0 2 2 3
1 2 4 4
1 2 5 2
1 2 5 4
0 3 0 0
0 3 4 1
Hard548 13
1 2 2 3
1 2 0 0
0 2 1 1
1 2 1 3
1 2 3 0
0 2 3 3
0 2 0 4
1 2 4 1
1 2 4 4
1 2 5 1
0 3 5 0
0 3 2 1
1 3 5 3
Hard549 13
1 2 2 3
0 2 3 0
1 2 0 4
0 2 2 1
0 2 5 1
1 2 3 2
1 2 3 4
1 2 4 0
0 2 4 4
0 2 5 4
0 3 0 1
0 3 1 1
1 3 5 0
Hard550 11
1 2 2 0
0 2 5 0
0 2 2 1
0 2 5 2
0 2 0 3
0 2 2 4
0 2 3 4
1 2 4 4
1 2 5 4
1 3 0 0
1 3 3 2
Hard551 11
1 2 2 2
1 2 0 4
0 2 1 1
0 2 1 4
0 2 2 4
0 2 3 4
1 2 5 4
0 3 0 2
0 3 4 2
0 3 5 2
1 3 3 1
Hard552 13
1 2 2 0
1 2 0 0
0 2 3 0
1 2 0 4
0 2 5 1
0 2 2 2
1 2 3 0
0 2 0 4
1 2 4 1
1 3 1 0
0 3 4 3
0 3 5 3
1 3 5 1
Hard553 12
1 2 2 0
0 2 3 0
0 2 4 0
0 2 5 0
0 2 2 1
1 2 3 0
0 2 2 3
1 2 3 3
0 2 5 3
0 2 0 4
1 2 5 1
1 3 0 0
Hard554 10
1 2 2 2
0 2 3 0
0 2 5 0
0 2 5 2
0 2 2 4
1 2 5 0
1 3 0 0
0 3 4 0
0 3 0 1
1 3 4 3
Hard555 12
1 2 2 0
0 2 3 0
0 2 5 0
0 2 2 2
0 2 5 2
0 2 0 4
0 2 2 4
1 2 5 4
1 3 0 0
0 3 4 0
1 3 1 0
0 3 1 3
Hard556 11
1 2 2 2
1 2 0 0
0 2 3 0
0 2 1 1
1 2 3 0
0 2 2 3
0 2 3 3
1 2 4 4
1 2 5 1
1 2 5 3
0 3 5 0
Hard557 12
1 2 2 3
1 2 0 0
1 2 0 2
0 2 5 0
0 2 2 1
0 2 5 2
1 2 3 0
0 2 2 3
0 2 3 3
0 2 0 4
1 2 4 4
1 3 5 1
Hard558 13
1 2 2 1
0 2 1 0
0 2 2 0
1 2 0 3
0 2 5 0
0 2 3 1
0 2 5 2
0 2 2 3
0 2 3 3
1 2 5 0
1 2 5 2
0 3 0 0
0 3 4 3
Hard559 12
1 2 2 1
0 2 1 0
0 2 2 0
1 2 0 3
0 2 4 1
0 2 3 2
0 2 2 3
1 2 4 3
1 2 5 0
0 3 0 1
0 3 5 3
1 3 5 2
Hard560 12
1 2 2 2
0 2 2 0
1 2 0 4
0 2 0 1
0 2 0 4
0 2 1 4
1 2 4 2
1 2 5 2
1 2 5 4
0 3 4 2
0 3 5 2
1 3 3 0
Hard561 13
1 2 2 2
1 2 0 2
1 2 0 4
1 2 1 2
0 2 5 2
0 2 0 3
0 2 2 4
0 2 3 4
1 2 4 4
1 2 5 0
1 2 5 4
0 3 4 1
1 3 3 1
Hard562 12
1 2 2 3
1 2 0 1
0 2 4 0
0 2 1 1
0 2 3 3
0 2 0 4
1 2 4 1
1 2 4 4
0 3 0 0
0 3 5 0
1 3 3 0
1 3 5 3
Hard563 12
1 2 2 2
1 2 0 1
1 2 0 3
0 2 5 0
1 2 1 0
1 2 1 2
0 2 2 3
0 2 3 4
1 2 4 4
0 3 4 1
0 3 1 2
1 3 5 0
Hard564 11
1 2 2 0
1 2 0 3
0 2 5 0
0 2 0 4
1 2 4 1
0 2 3 4
1 2 5 4
1 3 0 0
0 3 2 1
0 3 4 2
0 3 5 2
Hard565 13
1 2 2 2
1 2 0 1
0 2 3 0
1 2 0 4
0 2 1 1
0 2 4 2
0 2 0 3
0 2 2 4
1 2 4 3
0 2 5 4
1 2 5 0
0 3 0 0
1 3 3 1
Hard566 12
1 2 2 2
0 2 5 0
0 2 0 1
0 2 5 2
1 2 3 0
1 2 3 2
1 2 4 0
0 2 2 4
1 2 4 4
1 2 5 4
1 3 0 0
0 3 4 1
Hard567 10
1 2 2 0
0 2 5 0
0 2 2 1
0 2 5 2
0 2 2 3
1 2 3 3
0 2 3 4
1 2 4 4
1 3 0 0
0 3 4 0
Hard568 12
1 2 2 0
1 2 0 1
0 2 3 0
0 2 5 0
0 2 2 2
0 2 5 2
0 2 1 4
0 2 2 4
1 2 5 4
0 3 4 0
1 3 1 0
0 3 0 3
Hard569 12
1 2 2 0
0 2 1 0
1 2 0 2
1 2 0 4
0 2 2 2
0 2 3 3
0 2 4 3
1 2 4 1
1 2 5 1
0 3 5 2
0 3 0 3
1 3 5 3
Hard570 11
1 2 2 1
0 2 0 0
0 2 2 0
0 2 3 1
1 2 1 4
0 2 5 2
0 2 4 4
0 2 5 4
1 3 0 3
0 3 0 2
1 3 4 1
Hard571 13
1 2 2 1
1 2 0 0
0 2 5 0
0 2 0 1
1 2 1 1
0 2 4 1
0 2 3 2
0 2 5 2
1 2 3 0
0 2 2 3
1 3 0 2
1 3 4 3
1 3 5 0
Hard572 9
1 2 2 2
0 2 4 0
0 2 1 2
0 2 4 2
0 2 2 4
1 2 4 4
1 2 5 3
0 3 5 0
1 3 1 0
Hard573 11
1 2 2 1
0 2 1 0
0 2 0 1
0 2 3 1
1 2 3 2
0 2 2 4
0 2 5 4
1 2 5 3
1 3 0 3
0 3 4 2
0 3 0 3
Hard574 12
1 2 2 2
1 2 0 2
1 2 0 4
1 2 1 2
0 2 5 2
1 2 3 0
0 2 2 3
0 2 3 4
1 2 4 4
0 3 0 0
0 3 4 1
1 3 5 0
Hard575 13
1 2 2 2
1 2 0 0
0 2 3 0
0 2 5 0
0 2 0 1
0 2 5 2
1 2 3 0
0 2 2 3
0 2 0 4
0 2 1 4
1 2 5 2
1 2 5 4
0 3 4 0
Hard576 11
1 2 2 0
0 2 0 0
1 2 0 1
0 2 4 0
0 2 2 2
1 2 3 0
1 2 5 4
0 3 3 0
0 3 5 0
0 3 4 2
1 3 4 0
Hard577 12
1 2 2 0
0 2 1 0
1 2 3 0
0 2 3 3
0 2 4 3
0 2 0 4
1 2 4 1
1 2 5 2
1 2 5 4
1 3 0 2
0 3 5 0
0 3 2 1
Hard578 14
1 2 2 2
0 2 0 0
0 2 2 0
0 2 3 0
1 2 0 4
0 2 4 1
0 2 5 1
0 2 0 2
1 2 3 2
1 2 3 4
0 2 5 4
1 2 5 3
1 3 4 0
1 3 5 0
Hard579 11
1 2 2 0
1 2 0 3
0 2 5 0
0 2 2 1
0 2 0 3
0 2 3 3
1 2 4 1
1 3 0 0
0 3 4 2
0 3 5 2
1 3 5 3
Hard580 13
1 2 2 0
1 2 0 3
0 2 5 0
1 2 1 0
0 2 3 1
0 2 1 3
1 2 3 2
0 2 2 4
1 2 5 4
1 3 0 0
0 3 4 1
0 3 5 2
0 3 0 3
Hard581 11
1 2 2 1
0 2 1 0
1 2 0 2
0 2 4 0
0 2 5 0
0 2 3 1
0 2 4 2
1 2 3 1
0 2 3 3
0 2 2 4
1 3 5 3
Hard582 12
1 2 2 1
0 2 1 0
0 2 2 0
1 2 0 3
0 2 3 1
0 2 4 2
0 2 2 3
1 2 4 3
1 2 5 3
0 3 0 2
0 3 5 3
1 3 5 0
Hard583 12
1 2 2 0
0 2 1 0
1 2 0 2
0 2 5 0
0 2 3 2
0 2 4 2
1 2 3 1
0 2 2 4
0 2 3 4
1 2 5 4
0 3 5 2
0 3 0 3
Hard584 12
1 2 2 2
0 2 2 0
1 2 0 3
0 2 5 0
0 2 1 1
0 2 4 1
0 2 5 2
0 2 4 3
1 2 5 4
0 3 0 0
1 3 3 0
0 3 3 3
Hard585 12
1 2 2 0
0 2 3 0
0 2 4 0
0 2 5 0
0 2 2 1
0 2 5 2
0 2 2 3
1 2 3 3
0 2 1 4
1 2 5 2
1 2 5 4
1 3 0 0
Hard586 13
1 2 2 2
0 2 0 0
1 2 0 4
1 2 1 2
0 2 4 1
0 2 5 1
0 2 0 2
1 2 3 1
1 2 3 4
1 2 4 4
1 3 0 1
0 3 3 3
1 3 5 0
Hard587 12
1 2 2 0
1 2 0 0
1 2 1 1
1 2 1 3
0 2 2 2
0 2 3 2
1 2 3 4
1 2 5 2
1 2 5 4
0 3 5 0
0 3 0 3
0 3 1 3
Hard588 13
1 2 2 2
1 2 0 0
1 2 1 0
1 2 1 2
0 2 4 1
0 2 0 2
0 2 2 4
1 2 4 4
1 2 5 0
1 2 5 3
1 3 0 2
0 3 5 0
0 3 1 2
Hard589 12
1 2 2 2
0 2 1 0
1 2 0 2
0 2 5 0
1 2 1 2
0 2 2 3
0 2 3 4
1 2 4 4
0 3 0 0
0 3 4 0
0 3 1 2
1 3 5 0
Hard590 12
1 2 2 0
0 2 5 0
1 2 1 0
1 2 1 2
0 2 2 2
1 2 3 4
1 2 4 0
1 2 4 2
0 2 5 4
1 3 0 0
0 3 4 0
1 3 5 0
Hard591 13
1 2 2 0
1 2 0 3
0 2 4 1
0 2 2 2
1 2 3 3
0 2 5 3
0 2 0 4
1 2 4 1
0 2 3 4
1 2 5 1
1 2 5 4
1 3 0 0
1 3 1 0
Hard592 12
1 2 2 0
0 2 3 0
1 2 1 1
1 2 1 4
0 2 2 2
0 2 0 3
1 2 4 1
1 2 4 3
1 2 5 2
1 2 5 4
1 3 0 0
0 3 5 2
Hard593 12
1 2 2 0
0 2 5 0
1 2 1 0
1 2 1 2
0 2 2 2
0 2 0 3
1 2 3 4
1 2 4 1
0 2 5 4
1 3 0 0
0 3 4 0
1 3 5 0
Hard594 11
1 2 2 2
0 2 5 0
1 2 1 2
1 2 3 0
0 2 2 3
0 2 3 4
1 2 4 4
0 3 0 0
1 3 0 2
0 3 4 1
1 3 5 0
Hard595 12
1 2 2 0
0 2 4 0
0 2 2 2
1 2 3 0
0 2 3 3
0 2 0 4
1 2 4 1
1 2 4 4
1 2 5 1
1 3 0 0
0 3 5 0
1 3 5 3
Hard596 11
1 2 2 0
0 2 3 0
0 2 4 0
0 2 5 0
0 2 2 1
1 2 3 0
0 2 2 3
1 2 3 3
0 2 0 4
1 2 4 4
1 3 0 0
Hard597 11
1 2 2 2
0 2 3 0
0 2 0 1
1 2 3 0
0 2 2 3
0 2 1 4
1 2 5 2
1 2 5 4
1 3 0 0
0 3 4 2
0 3 5 2
Hard598 12
1 2 2 2
1 2 0 0
0 2 0 1
0 2 1 2
0 2 0 3
0 2 2 3
1 2 3 4
0 2 1 4
0 2 5 4
0 3 4 0
1 3 1 1
1 3 5 2
Hard599 12
1 2 2 0
1 2 0 0
1 2 0 3
1 2 1 0
1 2 1 3
0 2 2 2
0 2 3 2
1 2 3 4
1 2 5 2
1 2 5 4
0 3 5 0
0 3 1 3
Hard600 11
1 2 2 0
0 2 0 0
1 2 0 2
0 2 4 0
0 2 2 2
1 2 3 0
1 2 4 3
1 2 5 1
0 3 5 2
1 3 4 0
1 3 5 3
Hard601 11
1 2 2 0
1 2 0 0
0 2 5 0
0 2 0 4
1 2 4 1
0 2 3 4
1 2 5 4
1 3 0 2
0 3 2 1
0 3 4 2
0 3 5 2
Hard602 13
1 2 2 2
0 2 2 0
1 2 0 4
0 2 5 1
0 2 4 2
1 2 3 0
1 2 4 0
0 2 4 4
1 2 5 0
1 2 5 2
0 3 0 0
0 3 1 0
0 3 5 3
Hard603 12
1 2 2 0
0 2 5 0
0 2 2 2
0 2 5 2
1 2 3 0
0 2 0 4
0 2 2 4
1 2 5 4
1 3 0 0
0 3 3 0
0 3 4 0
1 3 1 0
Hard604 14
1 2 2 2
1 2 0 1
1 2 0 3
1 2 1 0
1 2 1 2
0 2 0 2
0 2 3 3
0 2 2 4
1 2 4 4
1 2 5 0
1 2 5 3
0 3 5 0
0 3 4 1
0 3 1 2
Hard605 12
1 2 2 0
1 2 0 1
0 2 4 1
0 2 5 1
0 2 2 2
0 2 0 3
1 2 3 4
0 2 5 4
1 2 5 0
1 3 0 3
1 3 1 0
1 3 4 1
Hard606 11
1 2 2 2
1 2 0 0
0 2 3 0
0 2 0 1
0 2 3 3
0 2 0 4
0 2 2 4
0 2 5 4
1 2 5 3
0 3 4 2
1 3 3 0
Hard607 12
1 2 2 0
0 2 0 0
0 2 1 0
1 2 0 4
1 2 1 4
0 2 5 2
0 2 0 3
0 2 4 4
0 2 5 4
0 3 2 0
1 3 4 1
1 3 5 0
Hard608 12
1 2 2 1
1 2 0 0
1 2 0 2
0 2 4 0
0 2 5 0
0 2 0 1
0 2 4 2
0 2 0 3
1 2 3 1
0 2 2 4
0 3 3 2
1 3 5 3
Hard609 13
1 2 2 2
1 2 0 0
0 2 1 1
1 2 1 2
0 2 0 2
0 2 3 3
0 2 0 4
0 2 2 4
1 2 4 4
0 3 4 0
0 3 5 0
0 3 1 3
1 3 5 3
Hard610 10
1 2 2 2
1 2 0 0
0 2 2 0
0 2 0 1
0 2 2 3
1 2 3 4
1 2 4 4
0 3 4 0
0 3 5 0
0 3 3 3
Hard611 12
1 2 2 2
1 2 0 0
0 2 3 0
0 2 5 0
0 2 0 1
0 2 1 1
0 2 5 2
1 2 3 0
0 2 2 3
0 2 0 4
1 2 4 3
0 3 4 0
Hard612 12
1 2 2 1
1 2 0 3
0 2 5 0
0 2 3 1
0 2 4 2
0 2 3 3
0 2 2 4
1 2 4 4
1 2 5 0
1 2 5 3
1 3 0 0
1 3 3 0
Hard613 11
1 2 2 2
1 2 0 0
0 2 2 0
0 2 0 1
0 2 1 1
0 2 4 2
0 2 5 2
1 2 3 0
0 2 2 3
1 2 4 4
1 3 1 3
Hard614 13
1 2 2 2
1 2 0 1
1 2 0 3
0 2 5 0
1 2 1 0
1 2 1 2
0 2 2 3
0 2 3 4
1 2 4 4
0 3 4 1
0 3 0 2
0 3 1 2
1 3 5 0
Hard615 12
1 2 2 0
0 2 0 0
0 2 1 0
1 2 0 4
1 2 1 2
0 2 3 2
0 2 2 4
1 2 4 3
0 2 5 4
1 2 5 3
0 3 4 1
1 3 3 0
Hard616 13
1 2 2 0
0 2 0 0
1 2 0 2
1 2 0 4
0 2 2 1
1 2 1 3
0 2 5 1
0 2 0 3
1 2 3 1
0 2 3 3
0 2 5 3
1 2 4 1
1 3 5 1
Hard617 12
1 2 2 1
1 2 0 0
0 2 5 0
0 2 0 1
0 2 4 1
0 2 5 2
0 2 2 3
1 2 5 1
1 2 5 3
1 3 0 2
0 3 3 1
1 3 4 3
Hard618 10
1 2 2 0
0 2 5 0
0 2 2 2
0 2 5 2
0 2 2 4
1 2 5 4
1 3 0 0
0 3 3 0
0 3 4 0
1 3 1 0
Hard619 12
1 2 2 0
0 2 0 0
1 2 0 2
1 2 1 2
1 2 1 4
0 2 5 2
1 2 3 0
0 2 2 3
0 2 1 4
0 2 5 4
0 3 4 2
1 3 5 2
Hard620 13
1 2 2 0
1 2 0 0
0 2 4 0
0 2 5 0
0 2 2 2
0 2 5 2
0 2 0 3
0 2 1 3
0 2 2 4
1 2 4 4
1 2 5 0
1 2 5 4
1 3 1 0
Hard621 12
1 2 2 3
1 2 0 4
0 2 2 1
1 2 3 0
0 2 2 3
0 2 3 3
1 2 4 4
1 2 5 1
1 2 5 3
0 3 0 0
0 3 1 0
0 3 5 1
Hard622 12
1 2 2 2
1 2 0 0
0 2 3 0
0 2 0 1
0 2 1 1
0 2 5 2
0 2 0 3
0 2 2 4
1 2 4 4
1 2 5 0
0 3 4 1
1 3 3 1
Hard623 11
1 2 2 1
1 2 0 1
0 2 3 0
1 2 1 4
0 2 3 2
1 2 3 4
1 2 4 3
0 2 5 4
1 2 5 3
0 3 0 0
0 3 2 3
Hard624 13
1 2 2 1
0 2 0 0
0 2 2 0
0 2 3 1
0 2 1 3
1 2 3 2
0 2 4 3
1 2 4 2
1 2 5 0
1 3 0 3
0 3 0 2
0 3 5 3
1 3 5 2
Hard625 13
1 2 2 0
0 2 3 0
1 2 1 0
0 2 2 1
1 2 1 4
0 2 0 3
1 2 4 1
1 2 4 3
1 2 5 0
1 2 5 2
1 3 0 0
1 3 3 2
0 3 5 3
Expert001 14
1 2 2 0
0 2 0 0
0 2 5 0
1 2 1 1
0 2 3 1
0 2 2 2
0 2 5 2
1 2 3 0
0 2 3 3
1 2 4 4
1 2 5 1
1 2 5 3
1 3 0 2
0 3 4 1
Expert002 13
1 2 2 2
0 2 3 0
0 2 0 1
1 2 1 1
1 2 3 0
0 2 2 3
0 2 1 4
1 2 4 3
1 2 5 2
1 2 5 4
1 3 0 0
0 3 4 0
0 3 5 0
Expert003 12
1 2 2 0
0 2 0 0
0 2 2 2
0 2 3 2
0 2 4 2
1 2 3 0
0 2 3 4
1 2 4 4
1 2 5 1
1 3 0 1
1 3 1 1
0 3 5 1
Expert004 12
1 2 2 0
0 2 0 0
0 2 2 2
0 2 3 2
0 2 3 4
1 2 4 4
1 2 5 1
1 2 5 4
1 3 0 2
0 3 5 0
1 3 1 1
0 3 4 1
Expert005 11
1 2 2 0
0 2 0 0
0 2 2 2
0 2 3 2
1 2 3 0
0 2 3 4
1 2 4 4
1 2 5 1
1 3 0 2
1 3 1 2
0 3 5 1
Expert006 13
1 2 2 0
0 2 0 0
0 2 4 0
0 2 5 0
1 2 1 2
0 2 2 2
0 2 3 2
0 2 4 2
0 2 5 2
1 2 3 0
0 2 3 4
1 2 4 4
1 3 0 1
Expert007 13
1 2 2 0
0 2 0 0
1 2 0 2
0 2 4 0
0 2 5 0
0 2 2 2
0 2 3 2
0 2 4 2
1 2 3 0
0 2 3 4
1 2 4 4
1 2 5 4
1 3 1 1
Expert008 11
1 2 2 0
0 2 3 1
0 2 4 1
0 2 2 2
0 2 0 3
1 2 3 3
1 2 4 1
0 2 3 4
1 3 0 3
1 3 1 0
0 3 5 3
Expert009 12
1 2 2 0
1 2 0 1
0 2 4 0
0 2 4 2
0 2 0 3
1 2 3 2
0 2 5 3
0 2 2 4
1 2 4 3
1 2 5 0
0 3 3 0
1 3 1 0
Expert010 13
1 2 2 0
0 2 3 0
1 2 0 4
1 2 1 4
0 2 2 2
0 2 3 2
0 2 5 2
1 2 3 0
0 2 0 4
0 2 5 4
0 3 4 2
1 3 4 1
1 3 5 2
Expert011 12
1 2 2 1
0 2 2 0
1 2 1 0
0 2 3 1
0 2 0 2
1 2 3 1
1 2 3 3
1 2 4 0
1 2 4 2
1 3 0 3
0 3 5 3
1 3 5 0
Expert012 13
1 2 2 0
0 2 0 0
1 2 0 1
0 2 4 0
0 2 5 0
0 2 2 2
0 2 4 2
0 2 5 2
1 2 3 0
1 2 4 4
1 3 1 1
0 3 3 3
1 3 5 0
Expert013 13
1 2 2 0
0 2 0 0
0 2 5 0
1 2 1 2
0 2 2 2
0 2 3 2
0 2 5 2
0 2 3 4
1 2 4 4
1 2 5 1
1 2 5 4
1 3 0 2
0 3 4 1
Expert014 12
1 2 2 0
0 2 0 0
1 2 1 2
0 2 5 1
0 2 2 2
0 2 3 2
1 2 3 0
0 2 3 4
1 2 4 4
1 2 5 0
1 3 0 1
0 3 4 0
Expert015 12
1 2 2 0
0 2 0 0
1 2 1 2
0 2 3 2
1 2 3 0
0 2 2 4
0 2 3 4
1 2 4 4
1 2 5 0
1 3 0 2
0 3 5 0
0 3 4 1
Expert016 13
1 2 2 0
1 2 0 0
0 2 2 0
1 2 0 4
1 2 1 4
0 2 2 2
0 2 5 2
1 2 3 3
1 2 4 1
0 2 3 4
0 2 5 4
1 2 5 1
0 3 0 3
Expert017 13
1 2 2 1
0 2 0 0
0 2 1 0
0 2 3 1
1 2 3 2
0 2 2 4
1 2 4 3
0 2 5 4
1 2 5 0
1 2 5 3
1 3 0 3
0 3 4 1
0 3 0 2
Expert018 12
1 2 2 0
0 2 0 0
0 2 2 2
0 2 3 2
1 2 3 0
0 2 3 4
1 2 4 4
1 2 5 1
1 3 0 2
1 3 1 1
0 3 4 1
0 3 5 1
Expert019 12
1 2 2 0
1 2 0 1
0 2 3 0
0 2 2 2
0 2 3 2
1 2 3 4
0 2 0 4
0 2 2 4
1 2 4 3
0 2 5 4
1 2 5 3
0 3 4 0
Expert020 11
1 2 2 1
1 2 0 0
0 2 4 0
0 2 5 0
0 2 0 2
0 2 2 3
1 2 4 0
1 2 4 3
0 3 3 0
1 3 3 3
1 3 5 0
Expert021 12
1 2 2 0
0 2 0 0
1 2 0 1
1 2 0 3
0 2 5 0
0 2 5 2
1 2 3 3
0 2 0 4
0 2 3 4
1 2 4 4
1 2 5 1
0 3 2 1
Expert022 12
1 2 2 0
1 2 0 4
0 2 2 1
0 2 5 1
0 2 0 3
1 2 3 2
1 2 4 1
0 2 3 4
1 3 0 1
0 3 4 3
0 3 5 3
1 3 5 0
Expert023 13
1 2 2 0
1 2 0 1
1 2 0 4
0 2 5 2
0 2 0 3
1 2 3 2
0 2 2 4
1 2 4 3
0 2 5 4
1 2 5 0
0 3 3 0
1 3 1 0
0 3 4 1
Expert024 12
1 2 2 1
0 2 2 0
1 2 1 0
0 2 4 1
0 2 0 2
0 2 3 2
1 2 3 4
1 2 4 0
0 2 5 4
1 3 0 3
1 3 4 2
1 3 5 0
Expert025 13
1 2 2 1
0 2 5 0
1 2 1 0
0 2 0 2
0 2 5 2
0 2 2 3
1 2 3 3
1 2 4 0
0 2 4 4
1 2 5 0
1 2 5 2
1 3 0 0
0 3 3 0
Expert026 13
1 2 2 0
0 2 0 0
1 2 0 1
0 2 3 0
0 2 4 0
1 2 1 1
0 2 2 2
1 2 3 0
1 2 4 3
1 2 5 0
0 3 5 3
1 3 4 0
1 3 5 2
Expert027 12
1 2 2 0
0 2 0 0
1 2 0 1
1 2 0 3
0 2 2 1
1 2 3 1
1 2 3 4
0 2 4 4
0 2 5 4
1 2 5 0
0 3 3 3
1 3 4 0
Expert028 13
1 2 2 0
1 2 0 3
0 2 2 1
0 2 5 2
0 2 0 3
1 2 3 2
1 2 4 1
0 2 3 4
0 2 5 4
1 2 5 0
1 3 0 0
1 3 1 3
0 3 4 3
Expert029 13
1 2 2 0
0 2 0 0
0 2 4 0
0 2 2 2
0 2 3 2
0 2 4 2
1 2 3 0
0 2 3 4
1 2 4 4
1 2 5 4
1 3 0 1
0 3 5 0
1 3 1 1
Expert030 12
1 2 2 0
1 2 0 0
0 2 4 0
0 2 4 2
0 2 5 2
0 2 0 3
1 2 3 2
0 2 2 4
1 2 5 0
1 2 5 3
0 3 3 0
1 3 4 3
Expert031 12
1 2 2 0
0 2 4 0
0 2 4 2
0 2 0 3
1 2 3 2
0 2 2 4
1 2 4 3
1 2 5 0
1 3 0 0
0 3 3 0
1 3 1 0
0 3 5 3
Expert032 11
1 2 2 0
0 2 3 0
1 2 1 1
0 2 2 2
0 2 0 3
1 2 4 1
1 2 4 3
1 2 5 0
1 3 0 0
0 3 5 0
1 3 3 3
Expert033 13
1 2 2 2
0 2 3 0
1 2 0 4
0 2 0 2
0 2 5 2
1 2 3 2
1 2 4 0
0 2 2 4
0 2 5 4
1 2 5 0
1 2 5 3
0 3 1 1
0 3 4 1
Expert034 12
1 2 2 0
1 2 0 1
1 2 0 3
0 2 5 0
0 2 2 2
0 2 0 3
1 2 3 4
1 2 4 1
0 2 5 4
1 3 1 2
0 3 3 3
1 3 5 0
Expert035 11
1 2 2 3
0 2 0 0
1 2 0 2
0 2 4 0
0 2 2 1
1 2 3 0
0 2 2 3
1 2 4 4
0 3 5 0
0 3 3 3
1 3 5 0
Expert036 13
1 2 2 0
1 2 0 0
0 2 4 0
0 2 5 0
0 2 4 2
0 2 5 2
0 2 0 3
1 2 3 2
0 2 2 4
1 2 5 0
1 2 5 3
0 3 3 0
1 3 4 3
Expert037 11
1 2 2 2
0 2 5 0
0 2 5 2
0 2 2 4
0 2 3 4
1 2 5 0
1 2 5 4
1 3 0 0
0 3 0 2
0 3 4 2
1 3 3 1
Expert038 12
1 2 2 0
0 2 4 0
0 2 5 0
0 2 2 1
0 2 3 1
0 2 5 2
0 2 0 3
0 2 3 4
1 2 4 4
1 2 5 4
1 3 0 1
1 3 3 2
Expert039 13
1 2 2 2
0 2 3 0
1 2 0 4
1 2 1 1
0 2 5 1
0 2 1 2
0 2 2 3
0 2 5 3
1 2 4 0
1 2 5 2
1 2 5 4
0 3 0 0
0 3 4 1
Expert040 12
1 2 2 0
0 2 5 0
1 2 1 2
0 2 4 1
0 2 2 2
0 2 1 3
1 2 3 3
0 2 2 4
1 2 4 3
1 2 5 0
1 3 0 1
0 3 5 2
Expert041 11
1 2 2 0
0 2 3 0
1 2 1 4
0 2 0 3
1 2 3 3
0 2 4 4
1 2 5 0
1 2 5 2
0 3 2 1
0 3 5 2
1 3 4 1
Expert042 13
1 2 2 3
1 2 0 1
0 2 3 0
0 2 4 0
0 2 1 1
0 2 2 1
0 2 2 3
0 2 3 3
1 2 3 4
1 2 4 4
1 2 5 1
1 2 5 3
0 3 5 0
Expert043 12
1 2 2 1
0 2 2 0
1 2 1 0
0 2 4 1
0 2 0 2
1 2 3 4
1 2 4 0
1 2 4 2
1 2 5 0
1 2 5 2
1 3 0 3
0 3 3 1
Expert044 13
1 2 2 1
0 2 2 0
1 2 1 0
0 2 3 1
0 2 5 1
1 2 3 0
1 2 3 2
0 2 0 4
1 2 4 1
1 2 5 1
1 3 0 3
0 3 4 3
0 3 5 3
Expert045 11
1 2 2 3
0 2 4 0
0 2 5 0
0 2 2 1
0 2 5 2
1 2 3 1
1 2 4 4
1 2 5 0
1 3 0 0
0 3 0 2
0 3 3 3
Expert046 13
1 2 2 1
0 2 1 0
0 2 5 0
0 2 0 1
0 2 5 2
1 2 3 0
1 2 3 2
0 2 0 4
0 2 2 4
1 2 4 4
1 2 5 4
1 3 0 2
0 3 4 1
Expert047 12
1 2 2 0
0 2 0 0
0 2 5 0
0 2 2 2
0 2 3 2
0 2 5 2
1 2 3 0
0 2 3 4
1 2 4 4
1 3 0 1
0 3 4 0
1 3 1 1
Expert048 13
1 2 2 2
1 2 0 0
0 2 2 0
1 2 0 3
0 2 5 0
1 2 1 0
0 2 0 2
0 2 5 2
1 2 3 2
0 2 3 4
1 2 5 4
0 3 4 1
0 3 1 2
Expert049 13
1 2 2 2
0 2 3 0
1 2 0 4
0 2 5 2
1 2 3 2
1 2 4 0
0 2 2 4
0 2 5 4
1 2 5 0
1 2 5 3
0 3 0 1
0 3 1 1
0 3 4 1
Expert050 12
1 2 2 1
1 2 0 0
0 2 2 0
0 2 0 1
0 2 5 1
0 2 2 3
1 2 3 4
1 2 4 3
0 2 5 4
0 3 4 0
0 3 3 1
1 3 5 0
Expert051 12
1 2 2 0
0 2 0 0
1 2 0 1
0 2 3 0
1 2 0 4
1 2 1 1
0 2 2 2
1 2 3 3
0 2 4 4
0 3 5 3
1 3 4 1
1 3 5 1
Expert052 13
1 2 2 0
1 2 0 0
1 2 0 2
0 2 5 0
1 2 1 3
0 2 2 2
0 2 5 2
1 2 3 0
0 2 0 4
1 2 4 1
0 2 3 4
0 2 4 4
1 3 1 0
Expert053 12
1 2 2 0
0 2 0 0
0 2 4 0
0 2 5 0
0 2 2 2
0 2 3 2
0 2 4 2
1 2 3 0
0 2 3 4
1 2 4 4
1 3 0 1
1 3 1 1
Expert054 11
1 2 2 0
0 2 5 0
0 2 2 1
0 2 5 2
0 2 0 3
0 2 2 4
0 2 3 4
1 2 5 4
1 3 0 2
0 3 4 1
1 3 3 1
Expert055 13
1 2 2 1
0 2 2 0
1 2 1 0
0 2 3 1
0 2 0 2
1 2 3 1
1 2 3 3
1 2 4 0
1 2 4 2
1 2 5 3
1 3 0 3
0 3 5 3
1 3 5 0
Expert056 11
1 2 2 0
0 2 0 0
0 2 4 0
0 2 5 0
0 2 2 1
0 2 3 1
0 2 5 2
1 2 3 1
0 2 3 3
1 2 4 4
1 3 0 1
Expert057 12
1 2 2 0
0 2 0 0
0 2 2 2
1 2 3 3
0 2 5 3
0 2 3 4
1 2 5 1
1 2 5 4
1 3 0 1
0 3 4 0
1 3 1 1
1 3 4 0
Expert058 13
1 2 2 0
0 2 1 0
1 2 0 2
0 2 4 0
0 2 5 0
0 2 2 1
0 2 3 1
0 2 4 2
0 2 5 2
1 2 3 1
0 2 3 3
0 3 0 3
1 3 5 3
Expert059 12
1 2 2 0
0 2 0 0
1 2 0 1
0 2 5 0
0 2 2 1
0 2 5 2
1 2 3 0
1 2 3 2
0 2 4 3
0 2 2 4
0 3 3 0
1 3 5 3
Expert060 12
1 2 2 0
0 2 0 0
1 2 0 1
0 2 4 0
0 2 5 0
0 2 2 1
0 2 5 2
1 2 4 2
0 3 3 0
0 3 4 2
1 3 3 1
1 3 5 0
Expert061 12
1 2 2 0
0 2 2 1
1 2 1 3
0 2 3 2
1 2 3 4
1 2 4 1
1 2 4 3
1 2 5 4
1 3 0 0
0 3 5 0
0 3 0 3
1 3 5 1
Expert062 13
1 2 2 2
1 2 0 0
0 2 3 0
0 2 5 0
0 2 0 1
0 2 1 1
0 2 5 2
0 2 0 3
1 2 3 1
0 2 2 4
1 2 4 3
1 2 5 0
0 3 4 1
Expert063 10
1 2 2 0
0 2 2 1
1 2 3 0
0 2 2 3
0 2 1 4
1 2 4 3
0 3 3 1
0 3 4 1
0 3 5 3
1 3 5 2
Expert064 13
1 2 2 1
0 2 0 0
0 2 1 0
0 2 3 1
0 2 5 2
1 2 3 2
0 2 2 4
0 2 5 4
1 2 5 0
1 2 5 3
1 3 0 3
0 3 0 2
0 3 4 2
Expert065 12
1 2 2 0
1 2 0 3
1 2 1 3
0 2 0 3
1 2 3 4
1 2 4 1
0 2 4 4
0 2 5 4
1 2 5 0
1 2 5 2
0 3 2 0
0 3 3 2
Expert066 13
1 2 2 2
1 2 0 1
0 2 3 0
0 2 5 0
0 2 0 1
0 2 1 1
0 2 5 2
1 2 3 0
0 2 2 3
0 2 0 4
1 2 4 4
0 3 4 0
1 3 5 1
Expert067 12
1 2 2 3
1 2 0 1
0 2 3 0
0 2 1 1
0 2 2 1
1 2 3 0
0 2 2 3
0 2 3 3
1 2 4 4
1 2 5 1
1 2 5 3
0 3 5 0
Expert068 13
1 2 2 0
0 2 0 0
1 2 0 1
0 2 5 0
0 2 2 1
0 2 5 2
0 2 0 3
0 2 1 3
0 2 2 3
1 2 3 3
0 2 3 4
0 3 4 0
1 3 5 0
Expert069 13
1 2 2 1
1 2 0 2
1 2 0 4
1 2 1 1
0 2 0 3
0 2 1 3
0 2 2 4
0 2 3 4
1 2 4 4
1 2 5 0
0 3 0 0
0 3 5 1
1 3 3 2
Expert070 13
1 2 2 1
1 2 0 0
1 2 0 2
0 2 4 0
0 2 5 0
0 2 0 1
0 2 4 2
0 2 5 2
0 2 0 3
1 2 3 1
0 2 2 4
0 3 3 2
1 3 5 3
Expert071 13
1 2 2 2
1 2 0 0
0 2 5 0
0 2 1 1
1 2 1 3
0 2 4 2
0 2 5 2
0 2 2 4
1 2 4 4
1 2 5 0
1 2 5 4
1 3 0 2
1 3 3 0
Expert072 10
1 2 2 0
0 2 3 0
0 2 4 0
0 2 2 2
0 2 0 4
1 2 4 2
1 2 4 4
1 3 0 0
0 3 5 0
1 3 3 3
Expert073 12
1 2 2 1
1 2 0 1
1 2 1 1
0 2 3 2
1 2 3 0
0 2 2 3
1 2 4 3
1 2 5 0
1 2 5 2
0 3 0 0
1 3 1 3
0 3 5 3
Expert074 13
1 2 2 0
0 2 0 0
1 2 0 1
1 2 0 3
0 2 2 1
0 2 3 1
1 2 1 4
0 2 5 2
0 2 1 3
1 2 3 2
1 2 4 2
0 3 4 3
1 3 5 0
Expert075 11
1 2 2 0
0 2 0 0
1 2 0 1
0 2 2 1
0 2 5 1
0 2 1 3
0 2 5 3
0 2 2 4
1 2 5 0
0 3 4 0
1 3 3 2
Expert076 13
1 2 2 1
0 2 3 0
1 2 0 4
1 2 1 1
0 2 3 2
1 2 3 0
0 2 2 3
1 2 4 3
1 2 5 1
1 2 5 3
0 3 0 0
0 3 4 1
0 3 5 3
Expert077 12
1 2 2 0
1 2 0 0
0 2 5 0
1 2 1 3
0 2 5 2
0 2 4 3
0 2 0 4
1 2 4 1
1 2 5 1
1 2 5 4
0 3 2 1
0 3 3 3
Expert078 11
1 2 2 1
0 2 1 0
0 2 3 0
1 2 0 4
1 2 1 4
0 2 3 2
1 2 3 4
1 2 4 3
0 2 5 4
0 3 0 0
0 3 2 3
Expert079 11
1 2 2 2
0 2 3 0
1 2 0 4
0 2 3 3
0 2 2 4
0 2 5 4
1 2 5 0
1 2 5 3
0 3 0 0
0 3 4 2
1 3 3 0
Expert080 13
1 2 2 2
1 2 0 1
0 2 3 0
1 2 0 4
1 2 1 4
0 2 4 2
1 2 3 0
0 2 2 3
1 2 4 3
1 2 5 0
0 3 0 0
0 3 5 3
1 3 5 2
Expert081 11
1 2 2 0
0 2 3 0
1 2 1 4
0 2 2 2
0 2 3 2
0 2 5 2
0 2 0 3
0 2 5 4
1 2 5 2
0 3 4 3
1 3 4 1
Expert082 13
1 2 2 0
0 2 1 0
1 2 0 2
0 2 4 0
0 2 5 0
0 2 2 1
0 2 3 1
0 2 2 3
1 2 3 3
0 2 3 4
1 2 5 4
0 3 5 2
0 3 0 3
Expert083 13
1 2 2 0
0 2 1 0
1 2 0 2
0 2 4 0
0 2 5 0
0 2 2 1
0 2 3 2
0 2 5 2
1 2 3 1
0 2 2 4
0 2 3 4
1 2 5 4
0 3 4 2
Expert084 12
1 2 2 1
0 2 1 0
1 2 0 2
1 2 0 4
0 2 5 1
1 2 3 0
0 2 2 3
1 2 4 4
1 2 5 0
1 2 5 2
0 3 0 0
0 3 4 1
Expert085 13
1 2 2 1
0 2 2 0
0 2 0 1
0 2 5 2
0 2 0 3
1 2 3 1
0 2 4 3
0 2 1 4
0 2 5 4
1 3 0 3
1 3 1 3
0 3 3 2
1 3 5 2
Expert086 14
1 2 2 1
1 2 0 0
0 2 5 0
0 2 0 1
1 2 1 1
0 2 3 1
0 2 4 1
0 2 5 2
1 2 3 0
0 2 2 3
1 2 3 3
1 3 0 2
1 3 4 3
1 3 5 0
Expert087 11
1 2 2 1
0 2 0 0
0 2 2 0
0 2 3 2
0 2 5 2
0 2 1 4
1 2 4 2
0 2 4 4
0 2 5 4
1 3 1 3
0 3 0 2
Expert088 13
1 2 2 0
1 2 0 1
0 2 4 1
0 2 5 1
0 2 2 2
0 2 3 2
0 2 0 3
1 2 3 4
0 2 5 4
1 2 5 0
1 3 0 3
1 3 1 1
1 3 4 1
Expert089 12
1 2 2 0
1 2 0 0
0 2 5 1
0 2 2 2
0 2 0 3
1 2 3 3
0 2 5 3
1 2 4 1
0 2 3 4
0 3 4 0
1 3 1 1
1 3 5 0
Expert090 12
1 2 2 2
0 2 0 0
0 2 0 2
1 2 3 1
0 2 3 3
0 2 1 4
1 2 5 2
1 2 5 4
1 3 0 3
1 3 1 3
0 3 4 2
0 3 5 2
Expert091 11
1 2 2 0
0 2 0 0
1 2 1 2
1 2 1 4
0 2 2 2
0 2 5 2
0 2 3 4
0 2 4 4
0 2 5 4
1 3 0 3
1 3 4 0
Expert092 12
1 2 2 0
0 2 0 0
1 2 0 1
0 2 2 1
1 2 3 2
1 2 3 4
0 2 3 4
0 2 4 4
0 2 5 4
1 2 5 1
1 3 0 3
1 3 4 0
Expert093 12
1 2 2 2
0 2 2 0
1 2 0 3
0 2 1 1
0 2 4 2
1 2 3 0
0 2 2 3
0 2 3 4
0 2 4 4
0 3 0 0
0 3 5 3
1 3 5 0
Expert094 13
1 2 2 2
1 2 0 0
0 2 3 0
0 2 5 0
0 2 0 1
0 2 1 1
0 2 5 2
1 2 3 0
0 2 2 3
0 2 0 4
0 3 4 0
1 3 4 3
1 3 5 1
Expert095 14
1 2 2 0
0 2 0 0
1 2 0 2
1 2 0 4
0 2 2 1
0 2 3 1
1 2 1 4
0 2 5 2
1 2 3 2
0 2 4 3
0 2 5 4
1 2 5 0
1 3 4 0
1 3 5 2
Expert096 14
1 2 2 1
0 2 0 0
0 2 1 0
1 2 0 2
0 2 4 0
0 2 5 0
0 2 3 1
0 2 5 2
0 2 2 3
1 2 3 3
1 2 5 3
0 3 0 2
1 3 4 3
1 3 5 0
Expert097 12
1 2 2 0
0 2 0 0
1 2 0 1
1 2 0 3
0 2 3 1
0 2 2 2
0 2 3 3
1 2 3 4
0 2 4 4
0 2 5 4
1 3 4 0
1 3 5 1
Expert098 13
1 2 2 0
1 2 0 3
0 2 5 0
0 2 2 1
1 2 1 3
0 2 5 2
0 2 0 3
1 2 3 1
1 2 4 1
1 2 5 1
1 2 5 4
1 3 0 0
0 3 3 3
Expert099 12
1 2 2 3
0 2 3 0
1 2 0 4
0 2 1 1
0 2 2 1
0 2 5 2
1 2 3 0
1 2 3 2
0 2 0 4
0 2 5 4
0 3 4 3
1 3 5 1
Expert100 12
1 2 2 2
1 2 0 0
0 2 0 1
1 2 1 2
0 2 4 1
1 2 3 0
0 2 2 3
1 2 3 3
1 2 4 0
0 2 3 4
1 3 0 2
1 3 5 0
Expert101 13
1 2 2 1
1 2 0 0
0 2 3 0
0 2 0 1
0 2 3 2
1 2 3 1
0 2 1 4
0 2 2 4
1 2 4 3
1 2 5 3
0 3 4 1
0 3 0 3
0 3 5 3
Expert102 13
1 2 2 1
0 2 2 0
1 2 1 0
0 2 4 1
0 2 0 2
0 2 3 2
1 2 3 4
1 2 4 0
0 2 5 4
1 2 5 0
1 3 0 3
1 3 4 2
1 3 5 2
Expert103 12
1 2 2 0
1 2 0 3
0 2 2 1
1 2 1 3
0 2 4 2
0 2 0 3
1 2 3 2
1 2 4 1
1 2 5 0
1 3 0 0
0 3 5 0
1 3 5 2
Expert104 11
1 2 2 0
0 2 1 0
0 2 2 0
1 2 0 4
0 2 4 1
0 2 2 2
1 2 3 3
0 2 3 4
1 2 5 4
0 3 5 2
1 3 4 0
Expert105 11
1 2 2 0
0 2 1 0
0 2 3 1
0 2 5 2
0 2 2 4
0 2 5 4
1 2 5 3
1 3 0 3
0 3 4 1
0 3 0 3
1 3 3 1
Expert106 12
1 2 2 1
0 2 5 0
1 2 1 1
0 2 4 2
1 2 3 0
0 2 2 3
1 2 4 3
1 2 5 0
0 3 0 0
1 3 0 2
0 3 3 1
0 3 5 2
Expert107 11
1 2 2 0
0 2 0 0
1 2 0 2
1 2 0 4
0 2 4 1
0 2 2 2
0 2 3 2
1 2 3 4
0 2 5 4
1 3 1 1
1 3 4 2
Expert108 12
1 2 2 0
0 2 0 0
1 2 0 2
0 2 4 0
0 2 5 0
0 2 2 2
0 2 3 2
0 2 4 2
1 2 3 0
0 2 3 4
1 2 4 4
1 3 1 1
Expert109 13
1 2 2 1
0 2 1 0
1 2 0 2
1 2 0 4
1 2 1 2
0 2 3 2
1 2 3 0
0 2 2 4
1 2 4 3
1 2 5 0
0 3 0 0
0 3 4 1
0 3 5 3
Expert110 11
1 2 2 1
1 2 0 0
1 2 0 2
0 2 4 0
0 2 3 1
0 2 0 2
1 2 4 0
1 2 5 0
1 2 5 3
0 3 2 3
1 3 3 3
Expert111 13
1 2 2 1
0 2 1 0
1 2 0 2
0 2 4 0
0 2 0 1
0 2 3 1
0 2 4 2
1 2 3 0
0 2 2 3
0 2 3 3
1 2 5 3
0 3 5 3
1 3 5 0
Expert112 13
1 2 2 0
0 2 0 0
0 2 1 0
0 2 2 0
1 2 0 4
0 2 4 1
0 2 2 2
1 2 3 3
0 2 3 4
1 2 5 0
1 2 5 4
0 3 5 2
1 3 4 0
Expert113 13
1 2 2 0
0 2 0 0
1 2 0 2
1 2 0 4
0 2 2 1
1 2 1 4
0 2 5 2
0 2 4 4
0 2 5 4
1 2 5 0
1 2 5 2
0 3 3 1
1 3 4 1
Expert114 14
1 2 2 2
1 2 0 0
0 2 5 0
0 2 0 1
1 2 1 2
0 2 4 1
0 2 5 2
1 2 3 0
0 2 2 3
1 2 3 3
1 2 4 0
0 2 3 4
1 3 0 2
1 3 5 0
Expert115 11
1 2 2 1
0 2 0 0
0 2 2 0
0 2 3 2
0 2 5 2
0 2 1 3
1 2 4 2
0 2 5 4
1 3 0 3
1 3 1 3
0 3 0 2
Expert116 13
1 2 2 2
0 2 0 0
1 2 0 1
1 2 1 3
0 2 4 2
1 2 3 0
1 2 3 2
0 2 2 4
0 2 3 4
1 2 4 4
1 2 5 0
1 3 0 3
0 3 5 1
Expert117 10
1 2 2 0
0 2 0 0
0 2 2 2
0 2 3 2
0 2 3 4
1 2 4 4
1 2 5 4
1 3 0 1
1 3 1 1
0 3 4 1
Expert118 12
1 2 2 2
0 2 2 0
0 2 3 0
1 2 0 4
0 2 0 1
1 2 3 0
1 2 3 2
0 2 1 4
1 2 4 2
0 2 5 4
0 3 4 2
1 3 5 2
Expert119 13
1 2 2 0
1 2 0 4
1 2 1 1
1 2 1 4
0 2 2 2
0 2 0 3
1 2 3 3
1 2 4 1
0 2 4 4
1 3 0 0
0 3 3 0
0 3 5 3
1 3 5 0
Expert120 13
1 2 2 1
0 2 1 0
0 2 2 0
1 2 0 3
0 2 3 1
0 2 5 2
1 2 3 1
0 2 3 3
0 2 5 4
1 2 5 0
1 2 5 2
0 3 0 2
0 3 4 3
Expert121 13
1 2 2 1
0 2 0 0
0 2 2 0
0 2 5 1
0 2 1 3
1 2 4 2
0 2 4 4
0 2 5 4
1 2 5 0
1 2 5 2
1 3 0 3
0 3 3 1
0 3 0 2
Expert122 12
1 2 2 0
0 2 4 0
0 2 5 0
1 2 1 0
0 2 2 1
0 2 5 2
0 2 1 3
0 2 2 3
1 2 3 3
1 2 4 4
1 3 0 0
1 3 5 0
Expert123 13
1 2 2 1
1 2 0 3
0 2 5 0
0 2 4 2
0 2 5 2
1 2 3 0
0 2 2 3
0 2 0 4
1 2 4 4
1 2 5 1
1 2 5 3
1 3 0 0
0 3 3 2
Expert124 11
1 2 2 0
0 2 5 0
0 2 2 1
0 2 5 2
0 2 0 3
1 2 3 1
1 2 3 3
0 2 3 4
1 3 0 0
0 3 4 0
1 3 5 0
Expert125 11
1 2 2 0
0 2 0 0
0 2 4 0
0 2 5 0
0 2 2 2
0 2 3 2
0 2 4 2
0 2 3 4
1 2 4 4
1 3 1 1
1 3 5 0
Expert126 12
1 2 2 1
0 2 0 0
0 2 1 0
0 2 3 1
0 2 5 1
1 2 3 2
0 2 2 4
1 2 5 3
1 3 0 3
0 3 0 2
0 3 4 2
0 3 5 3
Expert127 12
1 2 2 0
1 2 0 3
0 2 5 0
1 2 1 0
0 2 2 2
0 2 3 2
0 2 0 3
1 2 3 4
1 2 4 2
0 2 4 4
1 3 0 0
1 3 1 2
Expert128 10
1 2 2 0
0 2 2 1
0 2 4 2
1 2 3 0
0 2 2 3
0 2 1 4
1 2 4 3
0 3 3 1
0 3 5 3
1 3 5 2
Expert129 13
1 2 2 0
1 2 0 0
0 2 2 0
0 2 4 0
0 2 3 1
0 2 2 2
1 2 3 3
0 2 0 4
1 2 4 1
0 2 3 4
1 2 5 1
1 2 5 4
0 3 5 2
Expert130 12
1 2 2 0
0 2 0 0
0 2 1 0
0 2 2 0
1 2 0 4
0 2 4 1
0 2 2 2
1 2 3 3
0 2 3 4
1 2 5 4
0 3 5 2
1 3 4 0
Expert131 11
1 2 2 0
0 2 0 0
0 2 2 2
0 2 3 2
0 2 3 4
1 2 4 4
1 2 5 1
1 2 5 4
1 3 0 1
0 3 4 0
1 3 1 1
Expert132 10
1 2 2 0
0 2 1 0
0 2 3 1
0 2 5 2
0 2 2 4
0 2 5 4
1 2 5 3
1 3 0 3
0 3 4 1
1 3 3 1
Expert133 13
1 2 2 0
1 2 0 3
0 2 5 0
1 2 1 0
0 2 2 2
0 2 3 2
1 2 3 4
0 2 0 4
1 2 4 2
0 2 4 4
1 3 0 0
1 3 1 2
1 3 5 1
Expert134 12
1 2 2 0
0 2 0 0
1 2 0 1
0 2 4 1
0 2 2 2
0 2 3 2
1 2 3 4
0 2 5 4
1 2 5 2
1 3 0 3
1 3 1 1
1 3 4 2
Expert135 13
1 2 2 0
0 2 3 0
1 2 1 1
1 2 1 4
0 2 2 2
1 2 3 3
0 2 0 4
1 2 4 1
1 2 4 3
1 2 5 1
1 2 5 3
1 3 0 0
0 3 5 3
Expert136 12
1 2 2 0
0 2 0 0
1 2 0 1
0 2 2 1
0 2 4 2
1 2 3 0
1 2 3 2
0 2 3 4
1 2 4 4
1 2 5 1
1 3 0 3
0 3 5 1
Expert137 12
1 2 2 0
0 2 3 0
1 2 1 1
1 2 1 4
0 2 2 2
1 2 3 3
0 2 0 4
1 2 4 1
1 2 4 3
1 2 5 3
1 3 0 0
0 3 5 3
Expert138 12
1 2 2 2
1 2 0 0
0 2 4 0
0 2 0 1
0 2 4 2
1 2 3 0
0 2 2 3
1 2 4 4
0 3 5 0
1 3 1 1
0 3 3 3
1 3 5 0
Expert139 13
1 2 2 1
0 2 1 0
1 2 0 2
0 2 4 0
0 2 5 0
0 2 3 1
0 2 5 2
1 2 3 1
0 2 3 3
0 2 0 4
0 2 2 4
0 3 4 2
1 3 5 3
Expert140 12
1 2 2 0
0 2 0 0
0 2 4 0
0 2 5 0
0 2 2 2
0 2 3 2
0 2 4 2
1 2 3 0
0 2 3 4
1 2 4 4
1 2 5 4
1 3 1 1
Expert141 13
1 2 2 0
0 2 3 0
0 2 4 0
0 2 5 0
0 2 2 1
0 2 5 2
1 2 3 0
0 2 2 3
1 2 3 3
0 2 0 4
1 2 4 4
1 2 5 1
1 3 0 0
Expert142 12
1 2 2 0
0 2 0 0
1 2 0 2
0 2 4 0
0 2 2 1
1 2 3 0
1 2 3 4
1 2 4 3
0 2 5 4
1 2 5 2
0 3 3 1
1 3 4 0
Expert143 11
1 2 2 0
1 2 0 2
1 2 0 4
0 2 4 1
0 2 5 1
0 2 2 2
1 2 3 3
0 2 5 3
0 2 3 4
1 3 1 1
1 3 4 0
Expert144 14
1 2 2 0
0 2 0 0
1 2 0 1
0 2 3 0
0 2 4 0
1 2 1 1
0 2 2 2
0 2 5 2
1 2 3 0
1 2 4 3
0 2 5 4
1 2 5 0
1 3 4 0
1 3 5 2
Expert145 12
1 2 2 1
0 2 0 0
0 2 1 0
0 2 3 1
0 2 5 2
1 2 3 2
0 2 2 4
0 2 5 4
1 2 5 3
1 3 0 3
0 3 4 1
0 3 0 2
Expert146 13
1 2 2 0
0 2 1 0
1 2 0 2
0 2 4 0
0 2 5 0
0 2 2 1
0 2 4 2
0 2 5 2
1 2 3 1
0 2 2 4
1 2 5 4
0 3 0 3
0 3 3 3
Expert147 13
1 2 2 2
1 2 0 0
0 2 5 0
1 2 1 0
0 2 0 2
0 2 5 2
0 2 2 3
1 2 3 3
0 2 0 4
0 2 3 4
1 2 4 4
1 2 5 1
0 3 4 0
Expert148 11
1 2 2 3
1 2 0 0
0 2 5 0
0 2 5 2
0 2 0 3
0 2 3 4
1 2 4 4
1 3 0 2
1 3 1 0
0 3 2 2
1 3 5 0
Expert149 12
1 2 2 0
0 2 4 0
0 2 5 0
1 2 1 0
1 2 1 2
0 2 3 2
0 2 0 3
1 2 3 1
0 2 2 4
1 2 5 0
1 3 0 0
1 3 4 3
Expert150 12
1 2 2 0
0 2 2 1
0 2 3 2
0 2 1 3
0 2 2 3
1 2 3 4
1 2 4 3
0 2 5 4
1 2 5 1
1 2 5 3
1 3 0 0
0 3 4 0
Expert151 13
1 2 2 0
1 2 0 3
0 2 5 0
0 2 2 1
1 2 1 3
0 2 0 3
0 2 4 3
1 2 4 1
0 2 5 4
1 2 5 3
1 3 0 0
0 3 3 2
1 3 5 0
Expert152 14
1 2 2 1
0 2 0 0
0 2 1 0
1 2 0 2
0 2 4 0
0 2 5 0
0 2 3 2
0 2 5 2
1 2 3 1
0 2 2 4
1 2 5 0
0 3 0 2
1 3 4 3
1 3 5 3
Expert153 12
1 2 2 3
0 2 0 0
0 2 4 0
1 2 1 2
0 2 0 2
0 2 2 2
1 2 3 4
1 2 4 4
1 3 0 1
0 3 5 0
0 3 3 3
1 3 5 0
Expert154 12
1 2 2 2
0 2 3 0
1 2 0 4
0 2 1 1
0 2 4 1
0 2 5 1
0 2 1 3
1 2 3 3
1 2 5 3
0 3 0 0
0 3 2 3
0 3 5 3
Expert155 13
1 2 2 2
0 2 0 0
0 2 3 0
1 2 0 4
0 2 1 1
0 2 4 1
0 2 5 1
0 2 1 3
1 2 3 3
1 2 5 3
0 3 0 2
0 3 2 3
0 3 5 3
Expert156 12
1 2 2 2
1 2 0 0
0 2 3 0
0 2 0 1
0 2 5 1
0 2 2 3
1 2 4 0
1 2 4 3
0 2 5 4
0 3 4 0
1 3 3 3
1 3 5 2
Expert157 13
1 2 2 2
0 2 3 0
0 2 5 0
0 2 0 1
1 2 1 1
0 2 0 3
1 2 3 1
0 2 2 4
1 2 4 3
1 2 5 0
1 3 0 0
0 3 4 1
0 3 5 2
Expert158 14
1 2 2 1
1 2 0 0
0 2 5 0
0 2 0 1
1 2 1 3
0 2 3 2
0 2 4 2
0 2 5 2
1 2 3 0
0 2 2 3
1 2 5 2
1 2 5 4
1 3 0 2
1 3 4 3
Expert159 12
1 2 2 2
0 2 2 0
1 2 0 4
1 2 1 0
0 2 5 2
0 2 3 4
1 2 4 4
1 2 5 0
1 2 5 4
0 3 4 1
0 3 0 2
1 3 3 1
Expert160 13
1 2 2 2
0 2 2 0
1 2 0 3
0 2 5 0
1 2 1 0
0 2 1 2
0 2 5 2
1 2 3 2
0 2 3 4
1 2 4 4
1 2 5 0
0 3 4 1
0 3 0 2
Expert161 13
1 2 2 0
0 2 0 0
0 2 3 1
1 2 1 4
0 2 4 2
0 2 0 4
0 2 1 4
1 2 5 2
1 2 5 4
0 3 2 0
1 3 0 3
0 3 5 2
1 3 4 2
Expert162 13
1 2 2 2
0 2 2 0
1 2 0 3
0 2 1 1
0 2 4 2
1 2 3 0
0 2 2 3
0 2 3 3
1 2 4 4
1 2 5 0
0 3 0 0
0 3 5 0
1 3 5 2
Expert163 11
1 2 2 2
1 2 0 0
0 2 2 0
0 2 1 1
0 2 5 2
0 2 3 4
1 2 4 4
1 2 5 0
0 3 0 1
0 3 4 1
1 3 3 1
Expert164 13
1 2 2 2
1 2 0 0
0 2 0 1
1 2 1 2
0 2 5 1
1 2 3 0
0 2 2 3
1 2 3 3
0 2 5 3
1 2 4 0
0 2 3 4
0 3 4 0
1 3 5 0
Expert165 12
1 2 2 2
0 2 3 0
1 2 0 4
0 2 5 1
1 2 3 2
0 2 5 3
1 2 4 0
0 2 2 4
0 3 0 1
0 3 1 1
0 3 4 1
1 3 5 3
Expert166 12
1 2 2 0
0 2 0 0
1 2 0 1
0 2 4 0
0 2 2 1
1 2 3 4
1 2 4 3
0 2 5 4
0 3 3 0
1 3 3 1
1 3 4 0
1 3 5 0
Expert167 12
1 2 2 0
0 2 0 0
0 2 4 0
0 2 2 2
0 2 3 2
0 2 4 2
1 2 3 0
0 2 3 4
1 2 4 4
1 3 0 1
0 3 5 0
1 3 1 1
Expert168 13
1 2 2 1
0 2 0 0
0 2 1 0
0 2 5 0
0 2 5 2
1 2 3 1
0 2 2 4
1 2 4 4
1 2 5 0
1 2 5 4
1 3 0 2
0 3 4 1
0 3 0 2
Expert169 10
1 2 2 0
0 2 0 0
0 2 4 0
0 2 5 0
0 2 2 2
0 2 3 2
0 2 4 2
0 2 3 4
1 2 4 4
1 3 1 1
Expert170 12
1 2 2 2
0 2 3 0
1 2 0 4
0 2 5 1
0 2 0 2
1 2 3 2
0 2 5 3
1 2 4 0
0 2 2 4
0 3 1 1
0 3 4 1
1 3 5 3
Expert171 12
1 2 2 3
1 2 0 2
0 2 4 0
0 2 2 1
0 2 3 3
0 2 2 4
1 2 4 4
1 2 5 0
1 2 5 3
0 3 0 0
0 3 5 1
1 3 3 0
Expert172 12
1 2 2 1
0 2 2 0
1 2 1 0
0 2 4 1
0 2 0 2
1 2 3 4
1 2 4 0
0 2 5 4
1 2 5 0
1 3 0 3
1 3 4 2
1 3 5 2
Expert173 11
1 2 2 0
0 2 0 0
0 2 5 0
0 2 2 1
1 2 1 3
0 2 3 2
0 2 4 2
0 2 3 4
1 2 4 4
1 3 0 1
1 3 3 0
Expert174 12
1 2 2 3
0 2 3 0
1 2 0 4
0 2 5 1
0 2 4 3
0 2 5 3
1 2 4 0
0 2 2 4
1 2 5 4
0 3 0 0
0 3 1 0
1 3 3 0
Expert175 13
1 2 2 2
0 2 0 0
0 2 2 0
1 2 0 4
0 2 4 2
1 2 3 0
0 2 2 3
0 2 3 3
1 2 4 4
1 2 5 1
1 2 5 3
0 3 1 0
0 3 5 1
Expert176 11
1 2 2 0
0 2 0 0
0 2 1 0
0 2 2 0
1 2 0 4
0 2 4 1
0 2 2 2
1 2 3 3
0 2 3 4
0 3 5 3
1 3 4 0
Expert177 13
1 2 2 3
0 2 3 0
1 2 0 4
0 2 0 2
0 2 1 2
1 2 3 2
0 2 4 3
0 2 0 4
1 2 4 1
1 2 5 4
1 3 1 0
0 3 5 2
1 3 5 1
Expert178 12
1 2 2 0
1 2 0 0
0 2 2 0
0 2 3 1
0 2 2 2
1 2 3 0
0 2 3 3
0 2 0 4
1 2 4 1
0 3 4 0
0 3 5 3
1 3 5 1
Expert179 11
1 2 2 2
0 2 5 0
0 2 5 2
0 2 2 4
1 2 4 4
1 2 5 0
1 2 5 4
0 3 0 0
1 3 0 2
0 3 4 1
1 3 3 0
Expert180 13
1 2 2 0
1 2 0 0
0 2 5 0
0 2 4 1
0 2 2 2
0 2 5 2
0 2 0 3
1 2 3 3
1 2 4 1
0 2 3 4
1 3 0 2
1 3 1 1
1 3 5 0
Expert181 13
1 2 2 2
0 2 2 0
1 2 0 3
0 2 5 0
0 2 0 1
0 2 1 1
0 2 4 1
0 2 0 3
0 2 4 3
0 2 3 4
1 2 5 0
1 2 5 4
1 3 3 1
Expert182 12
1 2 2 0
0 2 0 0
1 2 0 1
0 2 4 0
0 2 5 0
0 2 2 1
0 2 5 2
1 2 3 3
1 2 4 4
0 3 3 0
1 3 3 0
1 3 5 0
Expert183 13
1 2 2 3
0 2 0 0
0 2 3 0
1 2 0 4
0 2 5 1
0 2 0 2
0 2 4 3
0 2 5 3
1 2 4 0
0 2 2 4
1 2 5 4
0 3 1 0
1 3 3 1
Expert184 12
1 2 2 0
0 2 0 0
1 2 1 1
0 2 3 1
0 2 4 1
0 2 2 2
0 2 0 3
1 2 3 3
1 2 4 1
0 2 3 4
0 3 5 3
1 3 5 0
Expert185 11
1 2 2 2
0 2 5 0
1 2 3 0
0 2 2 3
0 2 3 3
1 2 4 4
1 2 5 0
1 2 5 2
0 3 0 0
1 3 0 2
0 3 4 1
Expert186 10
1 2 2 0
0 2 0 0
1 2 0 2
0 2 2 1
0 2 1 3
0 2 5 3
0 2 2 4
1 2 5 0
0 3 4 0
1 3 3 2
Expert187 13
1 2 2 0
0 2 0 0
1 2 0 1
0 2 3 0
0 2 4 0
0 2 2 1
1 2 3 1
1 2 3 4
1 2 4 0
0 2 2 4
1 2 5 0
0 3 5 0
1 3 5 3
Expert188 11
1 2 2 0
1 2 0 3
0 2 5 0
0 2 2 1
0 2 5 2
0 2 0 3
1 2 3 2
1 2 4 1
0 2 3 4
1 3 0 0
0 3 4 2
Expert189 11
1 2 2 0
0 2 3 0
1 2 0 4
1 2 1 4
0 2 2 2
0 2 3 2
0 2 5 2
0 2 0 4
0 2 5 4
0 3 4 3
1 3 4 1
Expert190 12
1 2 2 0
1 2 0 3
0 2 5 0
0 2 2 1
0 2 0 3
1 2 3 1
0 2 4 3
1 2 4 1
1 2 5 4
1 3 0 0
0 3 5 2
0 3 3 3
Expert191 12
1 2 2 0
1 2 0 0
0 2 5 0
1 2 1 3
0 2 2 2
1 2 3 0
0 2 5 3
0 2 0 4
1 2 4 1
0 2 3 4
0 2 4 4
1 3 1 0
Expert192 10
1 2 2 0
0 2 1 0
0 2 3 1
0 2 2 4
0 2 5 4
1 2 5 3
1 3 0 3
0 3 4 2
0 3 0 3
1 3 3 1
Expert193 12
1 2 2 0
0 2 0 0
0 2 4 0
0 2 3 2
1 2 3 0
0 2 2 3
1 2 3 4
0 2 3 4
1 2 4 4
1 3 0 1
0 3 5 0
1 3 5 0
Expert194 12
1 2 2 0
0 2 2 1
1 2 1 3
0 2 3 2
0 2 0 3
1 2 3 4
1 2 4 2
1 2 4 4
1 2 5 0
1 3 0 0
0 3 5 0
1 3 5 2
Expert195 12
1 2 2 2
0 2 2 0
0 2 3 0
1 2 0 4
0 2 0 1
0 2 5 2
1 2 3 0
1 2 3 2
0 2 1 4
0 2 5 4
0 3 4 1
1 3 5 2
Expert196 11
1 2 2 0
1 2 0 3
0 2 5 0
0 2 2 1
0 2 0 3
1 2 3 1
1 2 3 4
1 2 4 1
0 2 4 4
1 3 0 0
0 3 3 3
Expert197 12
1 2 2 1
1 2 0 1
1 2 1 1
0 2 3 1
1 2 3 0
0 2 2 3
1 2 3 3
0 2 1 4
1 2 5 2
0 3 0 0
1 3 0 3
0 3 5 3
Expert198 10
1 2 2 0
0 2 5 1
0 2 2 2
1 2 3 3
0 2 5 3
0 2 3 4
1 3 0 0
0 3 4 0
1 3 1 1
1 3 4 0
Expert199 13
1 2 2 2
0 2 2 0
0 2 3 0
1 2 0 4
0 2 0 1
0 2 5 2
1 2 3 0
1 2 3 2
0 2 1 4
1 2 4 2
0 2 5 4
0 3 4 2
1 3 5 2
Expert200 13
1 2 2 0
0 2 0 0
1 2 0 2
1 2 0 4
1 2 1 1
0 2 0 3
0 2 1 3
0 2 2 4
0 2 3 4
1 2 4 4
1 2 5 0
0 3 5 1
1 3 3 2
Expert201 12
1 2 2 0
0 2 5 0
1 2 1 0
0 2 2 1
0 2 3 2
0 2 0 3
1 2 3 1
0 2 2 4
1 2 4 3
1 2 5 0
1 3 0 0
0 3 5 2
Expert202 13
1 2 2 2
1 2 0 3
0 2 5 0
0 2 0 1
0 2 4 1
0 2 5 2
0 2 2 3
1 2 3 3
0 2 3 4
1 2 4 4
1 2 5 4
1 3 0 0
1 3 5 0
Expert203 12
1 2 2 0
0 2 0 0
0 2 4 0
0 2 5 0
0 2 2 1
0 2 2 3
1 2 3 4
1 2 4 0
1 2 5 1
1 2 5 3
1 3 0 1
0 3 3 2
Expert204 13
1 2 2 0
0 2 4 0
0 2 5 0
0 2 2 1
0 2 5 2
0 2 2 3
1 2 3 3
0 2 0 4
0 2 3 4
1 2 4 4
1 2 5 1
1 2 5 4
1 3 0 0
Expert205 14
1 2 2 0
1 2 0 3
0 2 2 1
0 2 3 1
1 2 1 4
0 2 5 2
0 2 0 3
1 2 3 2
0 2 4 3
1 2 4 1
0 2 5 4
1 2 5 0
1 3 0 0
1 3 5 2
Expert206 14
1 2 2 2
1 2 0 0
0 2 2 0
0 2 3 0
0 2 0 1
0 2 1 1
1 2 3 0
0 2 2 3
0 2 3 3
1 2 4 4
1 2 5 1
1 2 5 3
0 3 4 0
0 3 5 0
Expert207 12
1 2 2 0
0 2 0 0
1 2 0 1
0 2 4 0
0 2 5 0
0 2 2 2
0 2 4 2
0 2 5 2
1 2 3 0
1 2 4 4
1 3 1 1
0 3 3 3
Expert208 12
1 2 2 2
1 2 0 0
0 2 2 0
1 2 0 4
1 2 1 0
0 2 4 2
0 2 3 4
1 2 4 4
1 2 5 0
0 3 5 1
0 3 0 2
1 3 3 1
Expert209 11
1 2 2 0
0 2 0 0
0 2 4 0
0 2 2 2
0 2 4 2
1 2 4 4
1 2 5 1
1 2 5 4
1 3 0 1
1 3 1 1
0 3 3 3
Expert210 12
1 2 2 1
0 2 2 0
1 2 1 0
0 2 3 1
0 2 0 2
1 2 3 1
1 2 3 3
0 2 1 4
0 2 2 4
1 2 5 3
1 3 0 3
0 3 5 2
Expert211 12
1 2 2 3
0 2 0 0
1 2 0 2
0 2 4 0
0 2 5 0
0 2 2 1
0 2 5 2
1 2 3 0
0 2 2 3
1 2 4 4
0 3 3 3
1 3 5 0
Expert212 13
1 2 2 0
0 2 3 0
1 2 0 4
1 2 1 4
0 2 2 2
0 2 3 2
0 2 4 2
1 2 3 0
0 2 0 4
0 2 4 4
0 3 5 3
1 3 4 1
1 3 5 1
Expert213 12
1 2 2 0
1 2 0 3
0 2 5 0
0 2 2 1
1 2 1 3
0 2 4 3
0 2 0 4
1 2 4 1
1 3 0 0
0 3 3 2
0 3 5 2
1 3 5 3
Expert214 13
1 2 2 0
1 2 0 1
1 2 0 3
1 2 1 3
0 2 0 3
1 2 3 4
1 2 4 1
0 2 4 4
0 2 5 4
1 2 5 0
1 2 5 2
0 3 2 1
0 3 3 2
Expert215 13
1 2 2 0
0 2 0 0
0 2 5 0
0 2 2 1
0 2 3 1
0 2 5 2
1 2 3 0
0 2 3 3
1 2 4 4
1 2 5 1
1 2 5 3
1 3 0 2
0 3 4 1
Expert216 11
1 2 2 1
0 2 0 1
0 2 3 2
0 2 4 2
1 2 3 0
0 2 2 3
0 2 3 4
1 2 4 4
1 3 0 2
0 3 5 0
1 3 5 0
Expert217 13
1 2 2 0
0 2 0 0
1 2 1 1
0 2 4 1
0 2 5 2
1 2 3 0
0 2 2 3
0 2 4 3
0 2 1 4
0 2 5 4
1 3 0 3
0 3 3 2
1 3 5 2
Expert218 10
1 2 2 0
0 2 3 1
0 2 2 2
0 2 0 3
1 2 3 3
1 2 4 1
0 2 3 4
1 3 0 3
1 3 1 0
0 3 5 3
Expert219 12
1 2 2 1
0 2 1 0
0 2 3 0
1 2 0 4
1 2 1 4
0 2 3 2
1 2 3 4
1 2 4 3
0 2 5 4
1 2 5 3
0 3 0 0
0 3 2 3
Expert220 12
1 2 2 0
0 2 5 1
0 2 2 2
1 2 3 4
0 2 0 4
0 2 5 4
1 2 5 1
1 2 5 3
1 3 0 0
0 3 4 0
1 3 1 0
1 3 4 1
Expert221 12
1 2 2 1
1 2 0 0
0 2 4 0
0 2 5 0
0 2 0 2
0 2 2 3
1 2 4 0
0 2 4 4
0 2 5 4
0 3 3 0
1 3 3 3
1 3 5 0
Expert222 12
1 2 2 0
0 2 0 0
1 2 0 1
0 2 2 1
0 2 4 2
1 2 3 0
1 2 3 2
0 2 3 4
1 2 4 4
1 3 0 3
0 3 5 1
1 3 5 0
Expert223 13
1 2 2 2
1 2 0 1
0 2 3 0
0 2 1 1
0 2 2 3
0 2 3 3
1 2 3 4
0 2 0 4
1 2 4 4
1 2 5 1
1 2 5 3
0 3 4 0
0 3 5 0
Expert224 11
1 2 2 0
0 2 0 0
1 2 0 1
0 2 4 0
1 2 1 1
0 2 2 2
1 2 3 0
1 2 4 3
1 2 5 0
0 3 5 2
1 3 4 0
Expert225 10
1 2 2 0
0 2 3 0
1 2 0 4
0 2 2 2
0 2 3 2
0 2 5 2
0 2 4 3
0 2 0 4
0 2 5 4
1 3 4 1
Expert226 12
1 2 2 0
0 2 3 0
1 2 1 1
0 2 2 2
0 2 0 3
1 2 4 1
1 2 4 3
1 2 5 0
1 2 5 2
1 3 0 0
0 3 5 0
1 3 3 3
Expert227 13
1 2 2 2
0 2 2 0
1 2 0 4
1 2 1 3
1 2 3 0
0 2 2 3
0 2 3 3
1 2 4 4
1 2 5 1
1 2 5 3
0 3 0 0
0 3 1 0
0 3 5 1
Expert228 13
1 2 2 0
0 2 1 0
1 2 0 2
1 2 0 4
0 2 3 1
1 2 1 4
0 2 4 2
0 2 2 4
1 2 4 3
1 2 5 3
0 3 0 3
1 3 3 1
0 3 5 3
Expert229 12
1 2 2 0
0 2 3 0
0 2 4 0
0 2 5 0
1 2 1 1
0 2 2 2
0 2 0 3
1 2 3 3
0 2 2 4
1 2 4 3
1 3 0 0
0 3 5 2
Expert230 12
1 2 2 1
1 2 0 0
0 2 5 1
0 2 1 3
0 2 5 3
0 2 2 4
0 2 3 4
1 2 5 0
1 2 5 4
0 3 4 0
0 3 0 2
1 3 3 2
Expert231 10
1 2 2 0
0 2 0 0
0 2 2 2
0 2 3 2
0 2 3 4
1 2 4 4
1 3 0 1
0 3 4 0
0 3 5 0
1 3 1 1
Expert232 13
1 2 2 2
1 2 0 1
0 2 3 0
0 2 1 1
1 2 3 0
0 2 2 3
0 2 3 3
1 2 4 4
1 2 5 1
1 2 5 3
0 3 0 0
0 3 5 0
0 3 4 1
Expert233 11
1 2 2 0
0 2 0 0
0 2 4 0
0 2 5 0
0 2 2 2
0 2 3 2
0 2 4 2
0 2 3 4
1 2 4 4
1 3 0 1
1 3 1 1
Expert234 13
1 2 2 0
0 2 3 0
0 2 4 0
0 2 5 0
0 2 2 1
0 2 5 2
0 2 0 4
1 2 4 2
1 2 4 4
1 2 5 4
1 3 0 0
1 3 3 0
1 3 5 1
Expert235 12
1 2 2 0
0 2 5 0
0 2 2 1
0 2 5 2
1 2 3 0
0 2 2 3
0 2 3 3
0 2 0 4
1 2 4 4
1 3 0 0
0 3 4 0
1 3 5 2
Expert236 11
1 2 2 1
0 2 2 0
0 2 3 1
1 2 1 4
0 2 1 3
1 2 3 2
0 2 5 4
1 2 5 0
1 2 5 2
1 3 0 3
0 3 4 3
Expert237 13
1 2 2 1
1 2 0 0
1 2 0 2
0 2 3 1
1 2 1 4
0 2 4 2
0 2 5 2
0 2 1 3
1 2 3 2
0 2 2 4
1 2 5 0
0 3 0 2
1 3 4 3
Expert238 12
1 2 2 2
1 2 0 0
0 2 2 0
0 2 5 0
0 2 1 1
0 2 5 2
0 2 2 3
1 2 3 3
0 2 3 4
0 3 4 0
0 3 0 1
1 3 5 0
Expert239 12
1 2 2 0
0 2 5 0
1 2 1 3
0 2 0 3
1 2 3 3
1 2 4 1
0 2 3 4
0 2 4 4
1 3 0 0
0 3 2 1
0 3 5 2
1 3 5 0
Expert240 12
1 2 2 1
1 2 0 0
0 2 2 0
0 2 3 0
0 2 4 0
0 2 3 2
0 2 1 3
1 2 4 2
1 2 5 0
0 3 5 0
0 3 0 1
1 3 5 2
Expert241 13
1 2 2 0
0 2 3 0
0 2 5 0
1 2 1 0
0 2 2 1
0 2 5 2
0 2 0 3
1 2 3 1
1 2 3 3
0 2 2 4
1 2 4 4
1 2 5 4
1 3 0 0
Expert242 13
1 2 2 3
1 2 0 0
0 2 3 0
0 2 4 0
0 2 0 2
0 2 1 2
0 2 2 2
0 2 0 4
1 2 4 1
1 2 5 4
1 3 1 0
0 3 5 2
1 3 5 1
Expert243 12
1 2 2 2
0 2 2 0
1 2 1 0
0 2 4 1
0 2 0 2
1 2 3 4
1 2 4 0
0 2 5 4
1 2 5 0
1 2 5 2
1 3 0 3
1 3 4 2
Expert244 11
1 2 2 2
1 2 0 0
0 2 2 0
0 2 1 1
0 2 5 3
0 2 3 4
1 2 5 0
1 2 5 4
0 3 0 1
0 3 4 2
1 3 3 1
Expert245 11
1 2 2 2
0 2 4 0
0 2 5 0
0 2 1 1
1 2 1 2
0 2 4 2
1 2 3 0
0 2 2 3
1 2 4 3
1 3 0 0
0 3 5 2
Expert246 11
1 2 2 0
0 2 1 0
1 2 0 2
1 2 0 4
0 2 3 1
0 2 2 4
1 2 5 3
0 3 4 2
0 3 0 3
1 3 3 1
0 3 5 3
Expert247 12
1 2 2 0
0 2 0 0
1 2 0 1
0 2 3 0
0 2 4 0
1 2 1 1
0 2 2 2
1 2 4 3
1 2 5 4
0 3 5 2
1 3 4 0
1 3 5 1
Expert248 13
1 2 2 0
0 2 0 0
1 2 0 1
0 2 4 0
0 2 2 1
1 2 3 4
1 2 4 3
0 2 5 4
1 2 5 0
1 2 5 2
0 3 3 0
1 3 3 1
1 3 4 0
Expert249 13
1 2 2 0
0 2 1 0
1 2 0 2
0 2 4 0
0 2 5 0
0 2 2 1
0 2 4 2
0 2 0 3
0 2 3 4
1 2 5 0
1 2 5 4
0 3 5 2
1 3 3 1
Expert250 11
1 2 2 1
0 2 3 0
1 2 0 4
0 2 3 2
0 2 4 2
0 2 2 4
1 2 4 3
1 2 5 3
0 3 0 0
1 3 3 0
0 3 5 3
Expert251 13
1 2 2 0
1 2 0 1
0 2 4 1
0 2 5 1
0 2 2 2
0 2 3 3
1 2 3 4
0 2 5 4
1 2 5 0
1 3 0 3
1 3 1 1
1 3 4 0
1 3 5 2
Expert252 13
1 2 2 1
0 2 2 0
0 2 0 1
1 2 1 4
0 2 4 2
0 2 5 2
0 2 0 3
1 2 3 1
0 2 1 4
0 2 5 4
1 3 0 3
0 3 3 1
1 3 5 2
Expert253 11
1 2 2 2
1 2 0 0
0 2 2 0
0 2 1 1
0 2 5 3
0 2 2 4
0 2 3 4
1 2 5 4
0 3 0 1
0 3 4 2
1 3 3 1
Expert254 11
1 2 2 1
1 2 0 0
0 2 4 0
0 2 0 2
0 2 2 3
1 2 4 0
1 2 4 3
1 2 5 3
0 3 3 0
1 3 3 3
1 3 5 0
Expert255 13
1 2 2 2
1 2 0 0
0 2 2 0
1 2 0 4
1 2 1 0
0 2 4 2
0 2 3 4
1 2 4 4
1 2 5 0
1 2 5 4
0 3 5 1
0 3 0 2
1 3 3 1
Expert256 13
1 2 2 1
0 2 0 0
1 2 0 2
1 2 1 2
0 2 3 2
0 2 2 4
0 2 3 4
1 2 4 4
1 2 5 0
1 2 5 4
0 3 4 0
0 3 5 0
0 3 0 2
Expert257 13
1 2 2 0
0 2 0 0
1 2 0 1
0 2 4 0
0 2 2 1
1 2 3 4
1 2 4 0
1 2 4 2
0 2 5 4
1 2 5 3
0 3 3 0
1 3 3 1
1 3 5 0
Expert258 12
1 2 2 0
0 2 0 0
1 2 0 1
0 2 3 0
1 2 0 4
0 2 3 3
0 2 2 4
0 2 5 4
1 2 5 0
1 2 5 3
0 3 4 1
1 3 3 0
Expert259 11
1 2 2 0
0 2 0 0
1 2 0 2
1 2 0 4
0 2 5 1
0 2 2 2
0 2 3 2
1 2 3 4
0 2 5 4
1 3 1 1
1 3 4 2
Expert260 13
1 2 2 3
1 2 0 0
0 2 4 0
0 2 1 2
0 2 3 3
1 2 3 4
0 2 0 4
1 2 4 1
1 2 4 4
1 2 5 1
0 3 5 0
0 3 0 1
1 3 5 3
Expert261 11
1 2 2 1
1 2 0 1
0 2 3 1
1 2 1 4
0 2 4 2
0 2 5 2
1 2 3 0
0 2 2 3
0 3 0 0
1 3 0 3
1 3 4 3
Expert262 12
1 2 2 2
0 2 2 0
1 2 0 4
1 2 1 3
1 2 3 0
0 2 2 3
0 2 3 3
1 2 4 4
1 2 5 1
1 2 5 3
0 3 1 0
0 3 5 1
Expert263 13
1 2 2 3
1 2 0 1
0 2 3 0
0 2 4 0
0 2 1 1
0 2 3 3
0 2 2 4
1 2 4 4
1 2 5 0
1 2 5 3
0 3 0 0
0 3 5 1
1 3 3 0
Expert264 13
1 2 2 0
0 2 0 0
0 2 5 0
1 2 1 2
0 2 2 2
0 2 0 3
1 2 3 4
1 2 4 1
0 2 5 4
1 3 0 1
0 3 4 0
0 3 3 3
1 3 5 0
Expert265 13
1 2 2 0
0 2 0 0
0 2 4 0
0 2 5 0
0 2 2 1
0 2 3 2
0 2 4 2
0 2 5 2
1 2 3 1
0 2 3 4
1 2 4 4
1 3 0 1
1 3 5 0
Expert266 12
1 2 2 2
0 2 3 0
0 2 0 1
0 2 1 1
1 2 1 4
1 2 3 1
0 2 5 4
1 2 5 1
1 2 5 3
1 3 0 0
0 3 4 2
0 3 0 3
Expert267 13
1 2 2 2
0 2 5 0
0 2 0 1
1 2 1 1
0 2 1 2
0 2 5 2
0 2 2 3
1 2 3 3
0 2 1 4
1 2 4 4
1 3 0 0
0 3 4 0
1 3 5 2
Expert268 11
1 2 2 1
0 2 2 0
0 2 0 1
0 2 3 1
1 2 3 0
0 2 2 3
1 2 3 3
0 2 1 4
1 2 5 2
1 3 0 3
0 3 5 3
Expert269 13
1 2 2 2
1 2 0 0
0 2 2 0
0 2 3 0
0 2 1 1
1 2 3 0
0 2 2 3
0 2 3 3
1 2 4 4
1 2 5 1
1 2 5 3
0 3 4 0
0 3 5 0
Expert270 12
1 2 2 1
0 2 5 0
1 2 1 0
0 2 0 2
0 2 5 2
0 2 2 3
1 2 3 3
1 2 4 0
1 2 5 4
1 3 0 0
0 3 3 0
1 3 5 1
Expert271 12
1 2 2 0
0 2 3 0
1 2 1 1
1 2 1 4
0 2 2 2
1 2 3 3
1 2 4 1
1 2 4 3
1 2 5 3
1 3 0 0
0 3 0 3
0 3 5 3
Expert272 11
1 2 2 0
0 2 3 0
1 2 0 4
1 2 1 4
0 2 2 2
0 2 3 2
0 2 4 2
0 2 0 4
0 2 4 4
0 3 5 3
1 3 4 1
Expert273 12
1 2 2 1
1 2 0 0
0 2 2 0
1 2 1 0
0 2 3 1
1 2 3 0
0 2 2 3
1 2 3 3
0 2 1 4
1 2 5 2
1 3 0 3
0 3 5 3
Expert274 12
1 2 2 2
0 2 3 0
0 2 1 1
1 2 1 4
1 2 3 1
0 2 0 4
0 2 5 4
1 2 5 1
1 2 5 3
1 3 0 0
0 3 0 1
0 3 4 2
Expert275 13
1 2 2 2
0 2 0 0
0 2 2 0
0 2 3 0
1 2 0 4
0 2 4 1
0 2 0 2
1 2 3 1
1 2 3 3
1 2 4 0
0 2 3 4
0 3 5 3
1 3 5 0
Expert276 13
1 2 2 2
0 2 2 0
1 2 0 3
0 2 5 0
1 2 1 0
0 2 1 2
0 2 4 2
0 2 5 2
1 2 3 2
0 2 3 4
1 2 4 4
1 2 5 0
0 3 0 2
Expert277 12
1 2 2 2
0 2 3 0
1 2 1 0
0 2 0 3
1 2 3 2
0 2 2 4
0 2 5 4
1 2 5 0
1 2 5 3
1 3 0 0
0 3 1 2
0 3 4 2
Expert278 13
1 2 2 1
0 2 1 0
1 2 0 4
1 2 1 2
0 2 3 2
0 2 5 2
0 2 2 4
1 2 4 3
0 2 5 4
1 2 5 3
0 3 0 0
0 3 4 1
1 3 3 0
Expert279 12
1 2 2 0
0 2 0 0
1 2 0 1
0 2 3 0
1 2 0 4
0 2 3 2
0 2 2 4
1 2 5 0
1 2 5 3
0 3 4 2
1 3 3 0
0 3 5 3
Expert280 14
1 2 2 1
1 2 0 0
0 2 2 0
0 2 3 0
0 2 0 1
0 2 4 1
0 2 3 2
1 2 3 4
0 2 1 4
1 2 4 2
1 2 5 2
1 2 5 4
0 3 5 0
0 3 0 3
Expert281 12
1 2 2 2
1 2 0 0
1 2 1 0
0 2 0 2
0 2 1 2
0 2 2 3
0 2 3 3
1 2 3 4
1 2 4 0
0 2 5 4
0 3 4 0
1 3 5 2
Expert282 11
1 2 2 0
0 2 5 1
0 2 2 2
0 2 3 2
0 2 0 3
1 2 3 4
0 2 5 4
1 3 0 0
0 3 4 0
1 3 1 1
1 3 4 2
Expert283 10
1 2 2 2
1 2 0 0
0 2 2 0
1 2 0 4
0 2 5 3
0 2 3 4
1 2 5 4
0 3 0 1
0 3 4 2
1 3 3 1
Expert284 13
1 2 2 0
0 2 0 0
0 2 1 0
1 2 0 4
1 2 1 2
0 2 3 2
0 2 5 2
0 2 2 4
1 2 4 3
0 2 5 4
1 2 5 3
0 3 4 1
1 3 3 0
Expert285 12
1 2 2 3
1 2 0 0
1 2 0 2
0 2 4 0
0 2 0 1
0 2 2 2
1 2 3 0
1 2 4 4
0 3 5 0
1 3 1 1
0 3 3 3
1 3 5 0
Expert286 12
1 2 2 2
0 2 0 0
1 2 1 2
0 2 0 2
1 2 3 1
0 2 2 4
1 2 4 4
1 2 5 0
1 3 0 2
0 3 5 0
0 3 4 1
0 3 3 3
Expert287 13
1 2 2 0
0 2 0 0
1 2 0 1
0 2 2 1
1 2 1 3
0 2 5 1
0 2 3 3
1 2 3 4
0 2 4 4
1 2 5 0
1 2 5 2
1 3 0 3
1 3 4 0
Expert288 11
1 2 2 2
1 2 0 0
0 2 2 0
0 2 1 1
0 2 3 4
1 2 5 0
1 2 5 4
0 3 0 1
0 3 4 2
0 3 5 2
1 3 3 1
Expert289 13
1 2 2 1
0 2 4 0
0 2 5 0
0 2 0 2
0 2 5 2
0 2 2 3
1 2 3 3
1 2 4 0
0 2 4 4
1 2 5 0
1 2 5 2
1 3 0 0
0 3 3 0
Expert290 9
1 2 2 0
0 2 0 0
0 2 2 2
0 2 3 2
0 2 3 4
1 2 4 4
1 3 0 3
1 3 1 1
0 3 5 1
Expert291 12
1 2 2 2
0 2 0 0
0 2 5 0
0 2 5 2
1 2 3 1
0 2 3 3
0 2 2 4
1 2 5 0
1 2 5 3
1 3 0 2
0 3 0 2
0 3 4 2
Expert292 11
1 2 2 2
0 2 5 0
1 2 1 2
0 2 5 2
1 2 3 0
0 2 2 3
1 2 4 4
0 3 1 0
1 3 0 2
0 3 4 1
1 3 5 0
Expert293 12
1 2 2 3
1 2 0 4
1 2 1 0
0 2 0 2
0 2 2 2
1 2 3 3
0 2 3 4
1 2 4 4
1 3 0 1
1 3 1 2
0 3 5 1
1 3 5 0
Expert294 11
1 2 2 1
0 2 0 0
0 2 2 0
0 2 5 1
0 2 1 4
1 2 4 2
0 2 5 4
1 3 0 3
0 3 3 1
0 3 0 2
0 3 4 3
Expert295 11
1 2 2 0
0 2 0 0
0 2 4 0
0 2 2 1
0 2 2 3
1 2 3 4
1 2 4 0
1 2 5 1
1 2 5 3
1 3 0 1
0 3 3 2
Expert296 12
1 2 2 0
1 2 0 3
0 2 5 0
0 2 2 1
0 2 0 3
1 2 3 2
1 2 3 4
1 2 4 1
0 2 4 4
0 2 5 4
1 3 0 0
1 3 5 0
Expert297 11
1 2 2 2
0 2 0 0
0 2 3 0
0 2 1 1
1 2 1 4
0 2 5 2
0 2 2 4
0 2 5 4
1 2 5 3
0 3 4 2
1 3 3 1
Expert298 12
1 2 2 0
0 2 3 0
0 2 4 0
0 2 5 0
1 2 1 1
0 2 2 2
0 2 3 2
0 2 0 3
1 2 3 4
1 2 4 1
1 2 4 3
1 3 0 0
Expert299 12
1 2 2 2
0 2 0 0
1 2 0 4
0 2 0 2
1 2 3 1
0 2 3 3
0 2 1 4
1 2 5 2
1 2 5 4
1 3 1 3
0 3 4 2
0 3 5 2
Expert300 13
1 2 2 1
0 2 5 0
0 2 0 1
1 2 1 2
0 2 3 2
0 2 5 2
0 2 0 3
1 2 3 1
0 2 2 4
1 2 5 0
1 3 0 0
0 3 4 1
1 3 4 3
Expert301 13
1 2 2 0
0 2 0 0
1 2 0 2
0 2 4 0
0 2 2 2
1 2 3 0
1 2 3 4
1 2 4 3
0 2 5 4
1 2 5 0
1 2 5 2
0 3 3 1
1 3 4 0
Expert302 12
1 2 2 0
0 2 0 0
1 2 0 2
0 2 4 0
0 2 2 2
1 2 3 0
1 2 3 4
1 2 4 3
0 2 5 4
0 3 3 1
1 3 4 0
1 3 5 2
Expert303 12
1 2 2 0
0 2 0 0
1 2 0 1
1 2 0 4
1 2 1 1
0 2 4 1
0 2 2 2
1 2 3 3
0 2 4 4
0 3 3 0
0 3 5 3
1 3 5 0
Expert304 13
1 2 2 3
0 2 3 0
0 2 4 0
0 2 0 2
0 2 1 2
0 2 2 2
0 2 0 4
1 2 4 1
1 2 5 4
1 3 0 0
0 3 5 0
1 3 1 0
1 3 5 1
Expert305 14
1 2 2 2
0 2 5 0
0 2 0 1
1 2 1 1
0 2 1 2
0 2 5 2
0 2 0 3
0 2 2 3
1 2 3 3
0 2 1 4
1 2 4 4
1 3 0 0
0 3 4 0
1 3 5 2
Expert306 13
1 2 2 3
1 2 0 0
0 2 2 0
0 2 3 0
1 2 0 4
1 2 1 4
0 2 2 2
0 2 5 2
1 2 3 0
0 2 0 4
1 2 4 1
0 2 5 4
1 3 5 1
Expert307 12
1 2 2 1
0 2 0 1
1 2 1 2
0 2 5 1
0 2 3 2
0 2 0 3
1 2 3 1
0 2 2 4
1 2 5 0
1 3 0 3
0 3 4 1
1 3 4 3
Expert308 11
1 2 2 0
0 2 0 0
1 2 0 2
1 2 0 4
0 2 2 1
0 2 5 2
0 2 3 4
0 2 5 4
1 3 1 3
0 3 4 3
1 3 4 0
Expert309 12
1 2 2 0
0 2 0 0
1 2 0 1
0 2 2 1
0 2 5 1
0 2 4 2
1 2 3 0
0 2 2 3
0 2 4 4
0 3 3 3
0 3 5 3
1 3 5 0
Expert310 12
1 2 2 0
0 2 5 0
1 2 1 0
0 2 2 1
0 2 5 2
0 2 2 3
1 2 3 3
0 2 0 4
0 2 3 4
1 2 4 4
1 2 5 1
1 3 0 1
Expert311 13
1 2 2 0
0 2 0 0
1 2 0 4
0 2 3 2
0 2 5 2
1 2 4 0
1 2 4 2
0 2 5 4
1 2 5 0
1 2 5 2
1 3 1 3
0 3 4 2
1 3 3 0
Expert312 13
1 2 2 0
1 2 0 3
0 2 2 1
0 2 3 1
1 2 1 4
0 2 4 2
0 2 0 3
1 2 3 2
1 2 4 2
1 2 5 0
1 3 0 0
0 3 5 3
1 3 5 2
Expert313 12
1 2 2 0
0 2 1 0
1 2 0 2
1 2 0 4
0 2 3 1
1 2 1 4
0 2 0 3
0 2 2 4
1 2 4 3
1 2 5 0
1 3 3 2
0 3 5 3
Expert314 12
1 2 2 2
0 2 0 0
1 2 1 3
0 2 0 2
0 2 4 2
1 2 3 1
0 2 2 4
1 2 4 4
1 2 5 0
1 3 0 2
0 3 5 0
0 3 3 3
Expert315 13
1 2 2 0
1 2 0 3
0 2 5 0
0 2 2 1
1 2 1 3
0 2 4 2
0 2 5 2
1 2 3 0
1 2 3 2
0 2 0 4
1 2 4 1
0 2 3 4
1 3 0 0
Expert316 13
1 2 2 0
0 2 3 0
0 2 4 0
0 2 5 0
0 2 2 1
0 2 5 2
0 2 0 4
1 2 4 2
1 2 4 4
1 2 5 1
1 3 0 0
1 3 3 0
1 3 5 3
Expert317 11
1 2 2 3
0 2 0 0
1 2 0 1
0 2 5 0
0 2 2 2
0 2 5 2
1 2 3 0
1 2 4 4
1 3 1 2
0 3 3 3
1 3 5 0
Expert318 12
1 2 2 0
0 2 0 0
1 2 0 2
1 2 0 4
0 2 5 1
0 2 2 2
0 2 3 2
1 2 3 4
0 2 4 4
0 2 5 4
1 3 1 1
1 3 4 1
Expert319 11
1 2 2 1
0 2 2 0
0 2 5 2
0 2 1 3
1 2 4 2
0 2 5 4
1 2 5 0
1 2 5 2
0 3 0 0
1 3 0 3
0 3 3 1
Expert320 13
1 2 2 1
1 2 0 0
0 2 3 0
1 2 0 4
0 2 0 1
0 2 3 2
0 2 4 2
0 2 5 2
1 2 3 0
0 2 2 3
1 2 5 3
1 3 4 3
1 3 5 0
Expert321 12
1 2 2 0
0 2 0 0
1 2 0 1
0 2 4 0
0 2 5 0
0 2 2 1
0 2 4 2
0 2 5 2
1 2 5 0
0 3 3 0
1 3 3 1
1 3 4 0
Expert322 12
1 2 2 0
0 2 0 0
0 2 4 0
0 2 5 0
0 2 2 2
0 2 4 2
0 2 5 2
1 2 4 4
1 2 5 2
1 2 5 4
1 3 1 1
0 3 3 2
Expert323 13
1 2 2 1
0 2 2 0
1 2 1 0
0 2 4 1
0 2 0 2
1 2 3 4
1 2 4 0
1 2 4 2
0 2 5 4
1 2 5 3
1 3 0 3
0 3 3 1
1 3 5 0
Expert324 12
1 2 2 2
1 2 0 0
0 2 4 0
0 2 5 0
0 2 0 1
0 2 4 2
1 2 3 0
0 2 2 3
1 2 4 4
1 3 1 1
0 3 3 3
1 3 5 0
Expert325 13
1 2 2 0
0 2 0 0
1 2 0 1
1 2 0 3
0 2 2 1
0 2 3 1
1 2 1 4
0 2 4 2
0 2 1 3
1 2 3 2
1 2 5 0
0 3 5 3
1 3 4 2
Expert326 11
1 2 2 0
0 2 1 0
0 2 2 0
1 2 0 4
0 2 2 2
0 2 4 3
1 2 4 1
0 2 5 4
0 3 3 2
0 3 0 3
1 3 5 1
Expert327 13
1 2 2 0
0 2 0 0
1 2 0 1
1 2 0 3
0 2 2 1
0 2 3 1
0 2 4 1
0 2 1 3
1 2 3 2
1 2 3 4
0 2 5 4
1 2 5 0
1 3 4 2
Expert328 13
1 2 2 1
0 2 1 0
1 2 0 2
0 2 5 0
0 2 0 1
1 2 1 2
0 2 3 2
1 2 3 1
0 2 2 4
0 2 3 4
1 2 5 4
0 3 4 0
0 3 0 3
Expert329 11
1 2 2 0
0 2 1 0
1 2 0 2
1 2 0 4
0 2 3 1
0 2 2 4
0 2 5 4
1 2 5 3
0 3 4 2
0 3 0 3
1 3 3 1
Expert330 12
1 2 2 2
1 2 0 0
0 2 3 0
0 2 5 0
0 2 0 2
1 2 3 3
1 2 4 0
0 2 2 4
1 2 4 3
1 2 5 4
0 3 4 0
0 3 5 2
Expert331 12
1 2 2 0
0 2 0 0
1 2 0 1
0 2 4 0
0 2 2 2
1 2 4 3
0 2 5 4
1 2 5 3
0 3 3 0
1 3 3 3
1 3 4 0
1 3 5 0
Expert332 11
1 2 2 0
0 2 3 1
0 2 2 2
0 2 0 3
1 2 3 3
1 2 4 1
0 2 3 4
1 3 0 1
0 3 4 0
1 3 1 0
0 3 5 3
Expert333 12
1 2 2 3
1 2 0 3
0 2 5 0
1 2 1 0
0 2 2 1
0 2 0 2
0 2 5 2
1 2 3 1
1 2 4 4
1 2 5 0
1 3 0 0
0 3 3 3
Expert334 11
1 2 2 0
0 2 4 0
1 2 1 2
0 2 2 2
0 2 3 2
0 2 0 3
1 2 3 4
1 2 4 1
1 2 4 3
0 2 5 4
1 3 0 1
Expert335 12
1 2 2 0
0 2 0 0
1 2 0 1
1 2 0 3
0 2 2 1
1 2 3 1
1 2 3 4
0 2 4 4
0 2 5 4
0 3 3 3
1 3 4 0
1 3 5 0
Expert336 13
1 2 2 1
0 2 4 0
0 2 3 2
1 2 3 0
0 2 2 3
0 2 0 4
0 2 3 4
1 2 4 4
1 2 5 1
1 2 5 4
1 3 0 1
0 3 5 0
1 3 1 1
Expert337 11
1 2 2 1
1 2 0 1
1 2 0 3
0 2 5 0
0 2 5 2
1 2 3 3
0 2 3 4
1 2 4 4
1 2 5 0
0 3 0 0
0 3 2 3
Expert338 12
1 2 2 1
1 2 0 4
0 2 0 1
1 2 1 4
0 2 5 2
0 2 2 3
1 2 3 3
1 2 4 3
0 2 5 4
1 3 0 0
0 3 3 0
1 3 5 0
Expert339 11
1 2 2 2
0 2 3 0
1 2 0 4
0 2 1 1
1 2 1 4
0 2 5 2
0 2 2 4
0 2 5 4
1 2 5 3
0 3 4 2
1 3 3 1
Expert340 13
1 2 2 3
0 2 0 0
1 2 0 2
0 2 4 0
0 2 1 1
0 2 2 1
0 2 3 3
0 2 2 4
1 2 4 4
1 2 5 0
1 2 5 3
0 3 5 1
1 3 3 0
Expert341 13
1 2 2 0
0 2 0 0
1 2 0 1
1 2 0 3
0 2 2 1
0 2 3 1
1 2 1 4
0 2 4 2
0 2 1 3
1 2 3 2
0 3 5 3
1 3 4 2
1 3 5 0
Expert342 12
1 2 2 3
0 2 0 0
0 2 1 0
1 2 0 2
0 2 4 0
0 2 2 1
0 2 3 3
0 2 2 4
1 2 4 4
1 2 5 0
0 3 5 1
1 3 3 0
Expert343 10
1 2 2 0
0 2 3 0
1 2 0 4
0 2 2 2
0 2 3 2
0 2 4 2
0 2 0 4
0 2 4 4
0 3 5 3
1 3 4 1
Expert344 12
1 2 2 1
1 2 0 1
0 2 3 1
1 2 1 4
0 2 1 3
0 2 2 3
1 2 3 3
0 2 4 4
1 2 5 0
1 2 5 2
1 3 0 3
0 3 5 3
Expert345 11
1 2 2 0
1 2 1 1
0 2 4 1
0 2 2 2
0 2 0 3
1 2 3 4
1 2 4 2
0 2 4 4
1 3 0 2
0 3 5 0
0 3 3 1
Expert346 11
1 2 2 2
1 2 0 0
0 2 3 0
0 2 1 1
0 2 4 2
1 2 3 1
0 2 3 3
0 2 2 4
1 2 4 4
0 3 5 0
1 3 5 3
Expert347 13
1 2 2 0
1 2 0 0
0 2 5 0
1 2 1 3
0 2 2 2
0 2 5 2
1 2 3 0
0 2 4 3
0 2 0 4
1 2 4 1
1 2 5 1
1 3 0 2
1 3 1 0
Expert348 12
1 2 2 0
0 2 3 0
1 2 0 4
1 2 1 4
0 2 2 2
0 2 3 2
0 2 4 2
1 2 3 0
0 2 0 4
0 2 4 4
0 3 5 3
1 3 4 1
Expert349 13
1 2 2 3
0 2 3 0
0 2 4 0
0 2 0 2
0 2 1 2
0 2 2 2
0 2 0 4
1 2 4 1
1 2 5 1
1 3 0 0
0 3 5 0
1 3 1 0
1 3 5 3
Expert350 13
1 2 2 2
0 2 2 0
1 2 0 4
0 2 4 1
0 2 5 1
0 2 0 3
0 2 2 3
1 2 3 3
0 2 3 4
0 2 4 4
1 2 5 1
0 3 1 2
0 3 5 3
Expert351 13
1 2 2 1
1 2 0 0
0 2 2 0
0 2 5 0
0 2 0 1
1 2 1 3
0 2 4 2
0 2 5 2
0 2 4 4
1 2 5 0
1 2 5 2
0 3 3 2
1 3 4 0
Expert352 11
1 2 2 0
1 2 0 0
0 2 5 2
0 2 0 3
1 2 4 1
0 2 4 4
0 2 5 4
1 3 0 2
0 3 2 1
1 3 1 3
1 3 5 1
Expert353 13
1 2 2 3
1 2 0 2
1 2 0 4
0 2 2 2
1 2 3 0
0 2 3 3
1 2 4 4
1 2 5 1
1 2 5 3
0 3 0 0
0 3 1 0
1 3 1 2
0 3 5 1
Expert354 13
1 2 2 0
0 2 3 0
1 2 0 4
1 2 1 4
0 2 2 2
0 2 3 2
0 2 4 2
0 2 5 2
0 2 0 4
0 2 4 4
0 2 5 4
1 3 4 1
1 3 5 1
Expert355 11
1 2 2 0
0 2 0 0
0 2 2 2
0 2 3 2
1 2 3 4
0 2 5 4
1 2 5 3
1 3 0 1
0 3 4 0
1 3 1 1
1 3 4 2
Expert356 13
1 2 2 0
1 2 0 1
0 2 4 1
0 2 5 2
0 2 0 3
1 2 3 1
0 2 2 4
1 2 4 3
0 2 5 4
1 2 5 0
1 3 0 3
1 3 1 0
0 3 3 1
Expert357 12
1 2 2 0
0 2 0 0
0 2 5 0
0 2 4 2
0 2 0 3
1 2 3 1
0 2 2 4
1 2 4 3
1 2 5 0
1 3 0 2
0 3 3 1
0 3 5 2
Expert358 13
1 2 2 0
0 2 3 0
0 2 5 0
0 2 2 1
0 2 2 3
1 2 3 3
0 2 0 4
1 2 4 3
1 2 5 2
1 2 5 4
1 3 0 0
0 3 4 0
0 3 5 2
Expert359 13
1 2 2 0
0 2 0 0
1 2 1 2
0 2 5 1
0 2 2 2
0 2 3 2
0 2 0 3
1 2 3 4
0 2 5 4
1 3 0 1
0 3 4 0
1 3 4 1
1 3 5 0
Expert360 11
1 2 2 0
1 2 0 2
0 2 5 1
0 2 2 2
0 2 3 2
1 2 3 4
0 2 0 4
0 2 5 4
0 3 4 0
1 3 1 1
1 3 4 1
Expert361 11
1 2 2 0
0 2 0 0
0 2 5 0
0 2 2 2
0 2 5 2
1 2 3 0
1 2 4 4
0 3 4 0
1 3 1 1
0 3 3 3
1 3 5 0
Expert362 13
1 2 2 0
0 2 0 0
0 2 3 1
1 2 1 4
0 2 5 2
0 2 4 3
0 2 0 4
0 2 5 4
1 2 5 1
1 2 5 3
0 3 2 0
1 3 0 3
1 3 4 1
Expert363 11
1 2 2 0
0 2 1 0
1 2 0 2
1 2 0 4
0 2 3 1
0 2 5 2
0 2 2 4
0 2 5 4
1 2 5 3
0 3 4 2
1 3 3 1
Expert364 14
1 2 2 1
0 2 1 0
1 2 0 2
1 2 0 4
0 2 3 1
1 2 1 4
0 2 4 2
1 2 3 0
0 2 2 3
1 2 4 3
1 2 5 1
1 2 5 3
0 3 0 0
0 3 5 3
Expert365 12
1 2 2 0
0 2 4 0
0 2 5 0
0 2 2 1
0 2 3 1
0 2 4 2
0 2 5 2
0 2 0 3
0 2 3 4
1 2 4 4
1 3 0 1
1 3 3 1
Expert366 12
1 2 2 0
0 2 3 0
1 2 1 4
0 2 0 3
1 2 3 3
1 2 4 1
0 2 4 4
1 2 5 0
1 2 5 2
1 3 0 0
0 3 2 1
0 3 5 2
Expert367 13
1 2 2 0
0 2 3 0
1 2 1 1
1 2 1 4
0 2 2 2
1 2 3 3
1 2 4 1
1 2 4 3
1 2 5 1
1 2 5 3
1 3 0 0
0 3 0 3
0 3 5 3
Expert368 12
1 2 2 0
0 2 0 0
1 2 0 2
1 2 0 4
0 2 2 1
0 2 5 2
1 2 3 2
0 2 3 4
0 2 5 4
1 3 1 3
0 3 4 3
1 3 4 0
Expert369 12
1 2 2 0
0 2 3 0
0 2 5 0
1 2 1 0
0 2 2 1
0 2 5 2
0 2 0 3
1 2 3 1
1 2 3 3
0 2 2 4
1 2 4 4
1 3 0 0
Expert370 12
1 2 2 0
0 2 0 0
1 2 0 1
0 2 4 1
0 2 2 2
0 2 3 2
1 2 3 4
0 2 5 4
1 3 0 3
1 3 1 1
1 3 4 2
1 3 5 2
Expert371 12
1 2 2 0
0 2 3 0
1 2 1 0
0 2 2 1
1 2 1 4
0 2 0 3
1 2 4 1
1 2 4 3
1 2 5 0
1 3 0 0
0 3 5 2
1 3 3 1
Expert372 13
1 2 2 2
1 2 0 0
0 2 2 0
0 2 5 0
0 2 0 1
1 2 1 3
0 2 4 2
0 2 5 2
0 2 1 4
0 2 3 4
1 2 4 4
1 2 5 4
1 3 3 0
Expert373 10
1 2 2 0
0 2 0 0
0 2 4 0
0 2 5 0
0 2 2 1
0 2 3 1
0 2 4 2
0 2 3 4
1 2 4 4
1 3 0 1
Expert374 11
1 2 2 1
0 2 3 0
1 2 0 4
0 2 3 2
0 2 2 4
1 2 4 3
1 2 5 3
0 3 0 0
0 3 4 1
1 3 3 0
0 3 5 3
Expert375 13
1 2 2 2
1 2 1 3
0 2 4 2
1 2 3 0
0 2 2 3
0 2 3 3
1 2 4 4
1 2 5 1
1 2 5 3
0 3 0 0
0 3 1 0
1 3 0 3
0 3 5 1
Expert376 13
1 2 2 0
1 2 0 1
0 2 4 1
0 2 5 1
0 2 2 2
0 2 3 2
0 2 0 3
1 2 3 4
0 2 5 4
1 3 0 3
1 3 1 1
1 3 4 1
1 3 5 0
Expert377 12
1 2 2 2
1 2 0 0
0 2 2 0
0 2 1 1
0 2 5 1
0 2 5 3
0 2 2 4
0 2 3 4
1 2 5 4
0 3 0 1
0 3 4 2
1 3 3 1
Expert378 12
1 2 2 3
0 2 3 0
0 2 4 0
0 2 2 2
1 2 3 0
0 2 3 3
0 2 0 4
1 2 4 4
1 2 5 1
1 2 5 3
0 3 5 0
1 3 1 0
Expert379 12
1 2 2 0
0 2 0 0
1 2 1 2
1 2 1 4
0 2 2 2
0 2 5 2
1 2 3 0
0 2 3 4
0 2 4 4
0 2 5 4
1 3 0 3
1 3 4 0
Expert380 13
1 2 2 2
1 2 0 3
0 2 5 0
0 2 4 2
0 2 5 2
1 2 3 0
0 2 2 3
0 2 3 3
0 2 0 4
1 2 4 4
1 2 5 1
1 3 0 0
1 3 5 3
Expert381 11
1 2 2 1
0 2 5 0
0 2 3 2
0 2 5 2
1 2 3 0
0 2 2 3
1 2 5 0
0 3 0 0
1 3 0 2
0 3 4 1
1 3 4 3
Expert382 14
1 2 2 0
1 2 0 0
0 2 5 0
1 2 1 0
0 2 3 1
0 2 4 1
0 2 5 2
0 2 0 3
1 2 3 1
1 2 3 3
0 2 2 4
1 2 5 0
1 3 0 2
1 3 4 3
Expert383 12
1 2 2 0
0 2 0 0
0 2 3 0
0 2 4 0
1 2 1 1
0 2 2 2
1 2 3 0
1 2 4 3
1 2 5 3
0 3 5 3
1 3 4 0
1 3 5 0
Expert384 13
1 2 2 3
1 2 0 0
0 2 4 0
0 2 0 1
0 2 1 2
0 2 3 3
1 2 3 4
1 2 4 1
1 2 4 4
1 2 5 1
0 3 5 0
0 3 0 3
1 3 5 3
Expert385 12
1 2 2 2
0 2 2 0
1 2 0 4
1 2 1 0
0 2 3 4
1 2 4 4
1 2 5 0
1 2 5 4
0 3 4 1
0 3 5 1
0 3 0 2
1 3 3 1
Expert386 12
1 2 2 0
0 2 2 0
0 2 5 1
0 2 2 2
1 2 3 0
0 2 4 3
0 2 0 4
0 2 1 4
1 2 4 2
1 3 0 3
0 3 5 3
1 3 5 2
Expert387 12
1 2 2 0
0 2 3 0
1 2 0 4
1 2 1 4
0 2 2 2
0 2 3 2
0 2 4 2
0 2 5 2
0 2 0 4
0 2 4 4
0 2 5 4
1 3 4 1
Expert388 13
1 2 2 0
0 2 0 0
1 2 0 1
0 2 3 0
1 2 1 4
0 2 2 2
0 2 5 2
1 2 3 3
1 2 4 3
0 2 5 4
1 2 5 0
1 3 4 0
1 3 5 2
Expert389 10
1 2 2 0
0 2 2 2
0 2 3 2
0 2 0 3
1 2 3 4
1 2 4 1
0 2 3 4
1 3 0 1
0 3 4 0
1 3 1 1
Expert390 13
1 2 2 2
0 2 2 0
1 2 0 4
0 2 0 1
0 2 5 1
0 2 5 3
0 2 0 4
0 2 1 4
1 2 4 2
1 2 5 2
1 2 5 4
0 3 4 2
1 3 3 0
Expert391 12
1 2 2 0
0 2 0 0
1 2 0 1
0 2 4 0
0 2 5 0
0 2 2 1
0 2 4 2
1 2 5 4
0 3 3 0
0 3 5 2
1 3 3 1
1 3 4 2
Expert392 13
1 2 2 3
1 2 0 1
0 2 3 0
0 2 1 1
0 2 2 1
1 2 1 4
0 2 5 2
0 2 2 3
1 2 4 0
0 2 5 4
1 2 5 0
1 2 5 2
0 3 0 0
Expert393 13
1 2 2 0
1 2 0 0
0 2 2 0
0 2 3 1
0 2 2 2
1 2 3 3
0 2 0 4
1 2 4 1
0 2 3 4
1 2 5 1
1 2 5 4
0 3 4 0
0 3 5 2
Expert394 12
1 2 2 0
1 2 0 0
0 2 2 0
0 2 3 1
0 2 2 2
1 2 3 0
0 2 3 3
0 2 0 4
1 2 4 1
0 2 5 4
0 3 4 2
1 3 5 1
Expert395 12
1 2 2 0
0 2 3 0
1 2 0 4
0 2 5 1
0 2 4 2
0 2 0 3
1 2 3 1
0 2 4 4
1 2 5 0
0 3 2 0
0 3 3 2
0 3 5 3
Expert396 11
1 2 2 0
0 2 0 0
1 2 0 1
1 2 0 3
0 2 5 0
0 2 5 2
0 2 0 3
1 2 3 3
0 2 3 4
1 2 4 4
0 3 2 1
Expert397 12
1 2 2 1
0 2 3 0
0 2 0 1
1 2 1 1
0 2 3 2
0 2 0 3
1 2 3 1
0 2 2 4
1 2 4 3
1 2 5 0
0 3 4 1
0 3 5 3
Expert398 13
1 2 2 0
0 2 0 0
1 2 0 1
0 2 4 0
1 2 1 1
0 2 2 2
0 2 5 2
1 2 3 0
1 2 4 3
0 2 5 4
1 2 5 0
1 3 4 0
1 3 5 2
Expert399 13
1 2 2 0
0 2 0 0
0 2 1 0
1 2 0 2
0 2 4 0
0 2 5 0
0 2 2 1
0 2 3 2
1 2 3 1
0 2 2 4
0 2 3 4
1 2 5 4
0 3 4 2
Expert400 13
1 2 2 0
0 2 0 0
1 2 0 1
1 2 0 3
0 2 2 1
0 2 3 1
0 2 4 1
0 2 1 3
1 2 3 2
1 2 3 4
0 2 5 4
1 3 4 2
1 3 5 0
Expert401 11
1 2 2 0
0 2 0 0
0 2 3 0
0 2 4 0
1 2 1 1
0 2 2 2
1 2 3 0
1 2 4 3
1 2 5 0
0 3 5 3
1 3 4 0
Expert402 12
1 2 2 1
0 2 2 0
0 2 3 1
0 2 5 1
1 2 3 0
1 2 3 2
0 2 0 4
1 2 4 1
1 2 5 1
1 3 0 3
0 3 4 3
0 3 5 3
Expert403 12
1 2 2 0
0 2 0 0
0 2 5 0
0 2 2 2
0 2 3 2
0 2 5 2
1 2 3 0
0 2 3 4
1 2 4 4
1 2 5 4
1 3 0 2
1 3 1 2
Expert404 12
1 2 2 2
0 2 3 0
0 2 1 1
1 2 3 1
0 2 0 4
1 2 4 1
1 2 5 1
1 2 5 3
1 3 0 0
0 3 0 1
0 3 4 2
0 3 5 3
Expert405 13
1 2 2 1
0 2 2 0
1 2 1 0
0 2 4 1
0 2 0 2
0 2 3 2
1 2 3 4
1 2 4 0
0 2 5 4
1 2 5 3
1 3 0 3
1 3 4 2
1 3 5 0
Expert406 13
1 2 2 2
0 2 0 0
0 2 5 0
0 2 5 2
1 2 3 1
0 2 3 3
0 2 2 4
1 2 4 4
1 2 5 0
1 2 5 3
1 3 0 2
0 3 4 1
0 3 0 2
Expert407 12
1 2 2 0
1 2 0 0
1 2 0 3
0 2 3 1
0 2 0 3
1 2 3 1
0 2 3 3
1 2 3 4
1 2 4 1
0 2 5 4
1 2 5 3
0 3 2 0
Expert408 12
1 2 2 2
0 2 5 0
0 2 5 2
0 2 2 4
0 2 3 4
1 2 4 4
1 2 5 0
1 2 5 4
1 3 0 0
0 3 4 1
0 3 0 2
1 3 3 1
Expert409 12
1 2 2 0
0 2 3 0
1 2 0 4
1 2 1 4
0 2 2 2
0 2 3 2
0 2 5 2
1 2 3 0
0 2 0 4
0 2 5 4
0 3 4 3
1 3 4 1
Expert410 12
1 2 2 0
0 2 0 0
0 2 3 0
0 2 4 0
1 2 1 1
0 2 2 2
1 2 3 0
1 2 4 3
1 2 5 0
1 2 5 2
0 3 5 3
1 3 4 0
Expert411 13
1 2 2 0
1 2 0 1
0 2 3 0
0 2 4 0
0 2 5 0
0 2 2 2
0 2 5 2
1 2 3 0
0 2 0 4
1 2 4 2
1 2 4 4
1 3 1 0
1 3 5 3
Expert412 11
1 2 2 1
1 2 0 0
0 2 4 0
0 2 0 2
0 2 2 3
1 2 4 0
0 2 4 4
0 3 3 0
0 3 5 0
1 3 3 3
1 3 5 0
Expert413 13
1 2 2 0
0 2 0 0
0 2 1 0
1 2 0 3
0 2 5 0
1 2 1 3
0 2 3 2
0 2 0 3
1 2 4 1
0 2 3 4
0 2 4 4
0 3 2 0
1 3 5 0
Expert414 12
1 2 2 2
1 2 0 0
0 2 2 0
0 2 3 0
0 2 5 0
0 2 1 1
1 2 3 0
0 2 2 4
1 2 4 3
1 2 5 4
0 3 4 0
0 3 5 2
Expert415 12
1 2 2 0
1 2 0 1
0 2 4 1
0 2 5 1
0 2 2 2
1 2 3 3
0 2 5 3
0 2 3 4
1 3 0 3
1 3 1 1
1 3 4 0
1 3 5 0
Expert416 12
1 2 2 1
0 2 2 0
1 2 1 0
0 2 3 1
0 2 0 2
1 2 3 1
1 2 3 3
1 2 4 0
1 2 4 2
1 2 5 4
1 3 0 3
0 3 5 2
Expert417 11
1 2 2 3
0 2 0 0
1 2 0 2
0 2 4 0
0 2 2 2
1 2 3 4
0 2 2 4
1 2 5 0
0 3 5 0
0 3 0 2
0 3 3 3
Expert418 12
1 2 2 0
0 2 0 0
1 2 0 1
0 2 4 0
0 2 5 0
0 2 2 2
0 2 4 4
1 2 5 0
1 2 5 2
0 3 3 0
1 3 3 3
1 3 4 0
Expert419 12
1 2 2 3
0 2 4 0
0 2 5 0
0 2 2 1
0 2 5 2
1 2 3 1
1 2 4 4
1 2 5 1
1 2 5 4
1 3 0 0
0 3 0 3
0 3 3 3
Expert420 10
1 2 2 0
0 2 2 1
1 2 3 0
0 2 2 3
0 2 0 4
0 2 1 4
1 2 4 3
0 3 3 1
0 3 4 1
1 3 5 2
Expert421 13
1 2 2 0
1 2 0 3
0 2 5 0
0 2 2 1
0 2 5 2
0 2 0 3
1 2 3 1
1 2 3 3
1 2 4 1
0 2 3 4
0 2 4 4
1 2 5 0
1 3 0 0
Expert422 14
1 2 2 0
0 2 0 0
1 2 0 2
1 2 0 4
1 2 1 2
0 2 4 1
0 2 5 1
0 2 2 2
1 2 3 0
1 2 3 3
0 2 5 3
0 2 3 4
1 3 4 0
1 3 5 0
Expert423 12
1 2 2 0
1 2 0 0
0 2 5 2
0 2 0 3
1 2 4 1
0 2 3 4
0 2 4 4
0 2 5 4
1 3 0 2
0 3 2 1
1 3 1 3
1 3 5 0
Expert424 13
1 2 2 3
1 2 0 1
0 2 3 0
1 2 0 4
1 2 1 0
0 2 2 1
0 2 5 1
0 2 2 3
0 2 5 3
1 2 4 3
1 2 5 2
1 2 5 4
0 3 0 3
Expert425 13
1 2 2 2
0 2 0 0
0 2 5 0
1 2 1 3
0 2 0 2
0 2 4 2
0 2 5 2
1 2 3 1
0 2 2 4
1 2 4 4
1 2 5 0
1 3 0 1
0 3 3 3
Expert426 12
1 2 2 0
0 2 0 0
1 2 0 1
0 2 4 0
1 2 1 1
0 2 2 2
1 2 3 0
1 2 4 3
1 2 5 3
0 3 5 3
1 3 4 0
1 3 5 0
Expert427 13
1 2 2 0
1 2 0 0
1 2 0 2
0 2 4 0
0 2 3 1
0 2 2 2
1 2 3 0
1 2 3 3
0 2 0 4
1 2 4 1
1 3 1 0
0 3 5 3
1 3 5 1
Expert428 11
1 2 2 0
0 2 0 0
0 2 5 0
0 2 2 2
0 2 3 2
0 2 5 2
0 2 3 4
1 2 4 4
1 3 0 1
1 3 1 1
0 3 4 1
Expert429 12
1 2 2 0
0 2 0 0
0 2 5 0
0 2 4 1
0 2 2 2
0 2 3 2
0 2 5 2
1 2 3 0
0 2 3 4
1 2 4 4
1 3 0 2
1 3 1 1
Expert430 12
1 2 2 2
0 2 0 0
0 2 3 0
1 2 0 4
0 2 5 2
0 2 2 3
1 2 4 0
0 2 5 4
1 2 5 1
1 2 5 3
0 3 1 1
0 3 4 1
Expert431 12
1 2 2 0
1 2 0 3
0 2 5 2
0 2 0 3
1 2 4 1
0 2 3 4
0 2 4 4
0 2 5 4
1 3 0 0
0 3 2 1
1 3 1 3
1 3 5 0
Expert432 12
1 2 2 1
1 2 0 0
0 2 4 0
0 2 0 2
0 2 2 3
1 2 4 0
0 2 4 4
0 2 5 4
1 2 5 0
1 2 5 2
0 3 3 0
1 3 3 3
Expert433 11
1 2 2 1
0 2 3 0
1 2 0 4
0 2 3 2
0 2 1 4
0 2 2 4
1 2 4 3
1 2 5 3
0 3 0 0
1 3 3 0
0 3 5 3
Expert434 11
1 2 2 0
0 2 0 0
1 2 0 1
0 2 4 0
1 2 1 1
0 2 2 2
1 2 3 0
1 2 4 3
0 3 5 2
1 3 4 0
1 3 5 3
Expert435 12
1 2 2 0
0 2 1 0
1 2 0 2
0 2 4 0
0 2 2 1
0 2 3 1
0 2 4 2
1 2 3 1
0 2 3 3
1 2 5 1
1 2 5 3
0 3 5 0
Expert436 13
1 2 2 0
0 2 0 0
0 2 5 0
0 2 3 2
0 2 4 2
0 2 5 2
1 2 3 0
0 2 0 4
1 2 5 1
1 2 5 3
1 3 0 2
0 3 2 2
1 3 4 3
Expert437 13
1 2 2 0
0 2 0 0
1 2 0 2
1 2 0 4
0 2 2 1
1 2 1 3
0 2 5 1
0 2 3 3
0 2 5 3
1 2 5 2
1 2 5 4
0 3 4 2
1 3 4 0
Expert438 13
1 2 2 0
0 2 2 1
0 2 3 2
0 2 1 3
0 2 2 3
1 2 3 4
0 2 0 4
1 2 4 3
0 2 5 4
1 2 5 1
1 2 5 3
1 3 0 0
0 3 4 0
Expert439 11
1 2 2 0
0 2 0 0
0 2 3 1
1 2 3 0
0 2 2 3
0 2 3 3
1 2 4 4
1 2 5 2
1 2 5 4
1 3 0 2
0 3 5 0
Expert440 13
1 2 2 2
0 2 3 0
0 2 1 1
1 2 1 4
1 2 3 1
0 2 0 4
1 2 4 1
1 2 5 1
1 2 5 3
1 3 0 0
0 3 0 1
0 3 4 2
0 3 5 3
Expert441 12
1 2 2 0
0 2 0 0
0 2 1 0
0 2 2 0
1 2 0 4
0 2 4 1
0 2 2 2
1 2 3 3
0 2 3 4
0 3 5 3
1 3 4 0
1 3 5 0
Expert442 11
1 2 2 1
0 2 0 0
0 2 2 0
0 2 5 1
0 2 5 3
0 2 1 4
1 2 4 2
1 2 5 2
1 3 0 3
0 3 3 1
0 3 0 2
Expert443 14
1 2 2 0
1 2 0 3
0 2 5 0
1 2 1 0
1 2 1 2
0 2 2 2
0 2 5 2
0 2 0 3
0 2 4 3
1 2 4 1
1 2 5 2
1 2 5 4
1 3 0 0
0 3 3 2
Expert444 14
1 2 2 0
0 2 0 0
1 2 0 1
0 2 3 0
0 2 4 0
1 2 1 1
0 2 2 2
0 2 5 2
1 2 3 0
1 2 4 3
0 2 5 4
1 2 5 3
1 3 4 0
1 3 5 0
Expert445 12
1 2 2 1
1 2 0 0
0 2 2 0
0 2 5 0
0 2 0 1
1 2 1 3
0 2 4 2
0 2 4 4
1 2 5 0
1 2 5 2
0 3 3 2
1 3 4 0
Expert446 13
1 2 2 2
0 2 0 0
1 2 0 2
1 2 0 4
0 2 0 2
1 2 3 1
0 2 3 3
0 2 1 4
1 2 5 2
1 2 5 4
1 3 1 3
0 3 4 2
0 3 5 2
Expert447 12
1 2 2 3
0 2 1 0
1 2 0 2
0 2 4 0
0 2 2 1
0 2 3 3
0 2 2 4
1 2 4 4
1 2 5 0
0 3 0 0
0 3 5 1
1 3 3 0
Expert448 12
1 2 2 0
0 2 1 0
1 2 0 2
0 2 4 0
0 2 5 0
0 2 2 1
0 2 4 2
1 2 3 1
0 2 2 4
1 2 5 4
0 3 0 3
0 3 3 3
Expert449 12
1 2 2 0
0 2 0 0
1 2 0 2
1 2 0 4
0 2 2 1
0 2 5 1
1 2 3 1
1 2 3 3
0 2 5 3
0 2 3 4
0 2 4 4
1 3 4 0
Expert450 13
1 2 2 0
1 2 0 0
0 2 5 0
1 2 1 0
0 2 2 1
0 2 5 2
0 2 1 3
0 2 2 3
1 2 3 3
0 2 3 4
1 2 4 4
1 2 5 1
0 3 0 3
Expert451 12
1 2 2 2
0 2 2 0
1 2 0 4
0 2 5 1
0 2 4 2
1 2 3 2
0 2 3 4
0 2 4 4
1 2 5 0
0 3 0 0
0 3 1 2
0 3 5 3
Expert452 12
1 2 2 0
0 2 0 0
1 2 0 1
0 2 3 0
0 2 4 0
1 2 1 1
0 2 2 2
1 2 4 3
1 2 5 1
0 3 5 2
1 3 4 0
1 3 5 3
Expert453 11
1 2 2 1
0 2 2 0
1 2 1 0
0 2 3 1
1 2 3 0
0 2 2 3
1 2 3 3
0 2 1 4
1 2 5 2
1 3 0 3
0 3 5 3
Expert454 13
1 2 2 0
1 2 0 2
1 2 0 4
1 2 1 3
0 2 3 2
0 2 0 3
1 2 3 4
1 2 4 1
0 2 4 4
0 2 5 4
1 2 5 0
1 2 5 2
0 3 2 1
Expert455 12
1 2 2 0
1 2 0 3
0 2 5 0
0 2 4 3
0 2 0 4
1 2 4 1
0 2 5 4
1 2 5 1
1 2 5 3
1 3 0 0
0 3 2 1
0 3 3 2
Expert456 12
1 2 2 0
1 2 0 4
1 2 1 0
0 2 2 1
0 2 0 3
0 2 1 3
0 2 3 4
1 2 4 4
1 2 5 0
1 3 0 1
0 3 5 1
1 3 3 2
Expert457 13
1 2 2 2
1 2 0 1
1 2 0 3
1 2 1 2
1 2 3 0
0 2 2 3
0 2 3 3
1 2 4 4
1 2 5 2
1 2 5 4
0 3 0 0
0 3 5 0
0 3 4 1
Expert458 11
1 2 2 0
0 2 0 0
1 2 0 1
1 2 0 3
0 2 2 1
1 2 3 1
1 2 3 4
0 2 4 4
1 2 5 0
0 3 3 3
1 3 4 0
Expert459 13
1 2 2 0
0 2 0 0
1 2 0 1
0 2 4 0
0 2 2 1
1 2 3 4
1 2 4 0
1 2 4 2
0 2 5 4
1 2 5 0
1 2 5 3
0 3 3 0
1 3 3 1
Expert460 13
1 2 2 0
0 2 0 0
1 2 0 1
0 2 3 0
1 2 0 4
1 2 1 1
0 2 3 2
0 2 2 4
1 2 4 3
0 2 5 4
1 2 5 3
0 3 4 1
1 3 3 0
Expert461 14
1 2 2 2
1 2 0 0
0 2 3 0
0 2 1 1
0 2 0 2
0 2 2 3
0 2 3 3
1 2 3 4
0 2 0 4
1 2 4 4
1 2 5 1
1 2 5 3
0 3 4 0
0 3 5 0
Expert462 11
1 2 2 1
0 2 1 0
0 2 3 0
1 2 1 4
0 2 3 2
1 2 3 4
1 2 4 3
0 2 5 4
1 2 5 3
0 3 0 0
0 3 2 3
Expert463 12
1 2 2 0
1 2 0 3
0 2 5 0
1 2 1 0
0 2 2 1
1 2 1 3
0 2 5 2
0 2 0 3
1 2 4 1
1 2 5 4
1 3 0 0
0 3 3 3
Expert464 13
1 2 2 2
1 2 0 0
0 2 2 0
1 2 0 3
1 2 1 0
0 2 5 2
0 2 3 4
1 2 4 4
1 2 5 0
1 2 5 4
0 3 4 1
0 3 0 2
1 3 3 1
Expert465 10
1 2 2 2
0 2 5 0
0 2 5 2
0 2 2 4
1 2 5 0
1 2 5 4
0 3 0 0
1 3 0 2
0 3 4 2
1 3 3 0
Expert466 13
1 2 2 2
1 2 0 0
0 2 3 0
0 2 5 0
0 2 0 1
0 2 1 1
0 2 0 3
1 2 3 1
0 2 2 4
1 2 4 3
1 2 5 0
0 3 4 1
0 3 5 2
Expert467 12
1 2 2 0
0 2 0 0
1 2 1 2
0 2 2 2
0 2 0 3
1 2 3 4
1 2 4 1
0 2 5 4
1 3 0 1
0 3 4 0
0 3 3 3
1 3 5 0
Expert468 13
1 2 2 1
1 2 0 0
1 2 0 2
0 2 4 0
0 2 5 0
1 2 1 0
0 2 3 1
0 2 0 2
0 2 3 3
1 2 3 4
1 2 4 0
0 2 2 4
1 3 5 3
Expert469 12
1 2 2 1
0 2 1 0
1 2 0 2
0 2 4 0
0 2 3 1
0 2 4 2
1 2 3 0
0 2 2 3
0 2 3 3
1 2 5 3
0 3 5 0
1 3 5 0
Expert470 11
1 2 2 2
0 2 3 0
0 2 0 3
1 2 3 4
0 2 2 4
0 2 5 4
1 2 5 0
1 2 5 3
1 3 0 0
0 3 4 0
0 3 1 1
Expert471 12
1 2 2 0
0 2 0 0
1 2 0 1
0 2 3 0
0 2 4 0
1 2 1 1
0 2 2 2
0 2 5 2
1 2 3 0
1 2 4 3
0 2 5 4
1 3 4 0
Expert472 12
1 2 2 3
0 2 3 0
0 2 0 2
0 2 1 2
0 2 2 2
1 2 3 3
0 2 0 4
1 2 4 1
1 2 5 4
1 3 1 0
0 3 5 2
1 3 5 1
Expert473 13
1 2 2 0
0 2 0 0
0 2 5 0
1 2 1 1
0 2 4 2
0 2 0 3
1 2 3 1
0 2 2 4
1 2 4 3
1 2 5 0
1 3 0 2
0 3 3 1
0 3 5 2
Expert474 12
1 2 2 1
1 2 0 4
0 2 0 1
0 2 3 2
0 2 0 3
1 2 3 1
0 2 2 4
1 2 4 3
1 2 5 0
1 3 1 1
0 3 4 1
0 3 5 2
Expert475 13
1 2 2 3
1 2 0 0
0 2 3 0
1 2 0 4
1 2 1 1
0 2 5 1
0 2 2 2
1 2 3 4
0 2 0 4
1 2 4 1
0 2 5 4
0 3 0 1
1 3 5 1
Expert476 13
1 2 2 1
1 2 0 1
0 2 3 0
1 2 0 4
1 2 1 1
0 2 3 2
1 2 3 0
0 2 2 3
1 2 4 3
1 2 5 0
0 3 0 0
0 3 4 1
0 3 5 3
Expert477 13
1 2 2 0
0 2 0 0
1 2 0 1
0 2 3 0
1 2 0 4
1 2 1 1
0 2 3 2
0 2 2 4
1 2 4 3
1 2 5 3
0 3 4 1
1 3 3 0
0 3 5 3
Expert478 12
1 2 2 0
1 2 0 3
0 2 5 0
0 2 2 1
0 2 5 2
0 2 0 3
1 2 3 1
1 2 3 3
1 2 4 1
0 2 3 4
0 2 4 4
1 3 0 0
Expert479 14
1 2 2 2
1 2 0 1
1 2 0 3
0 2 5 0
1 2 1 2
0 2 5 2
1 2 3 0
0 2 2 3
0 2 3 3
1 2 4 4
1 2 5 2
1 2 5 4
0 3 0 0
0 3 4 1
Expert480 10
1 2 2 2
0 2 4 0
0 2 1 2
0 2 4 2
1 2 3 2
0 2 2 4
1 2 4 4
1 2 5 4
0 3 5 0
1 3 1 0
Expert481 10
1 2 2 0
0 2 0 0
0 2 5 0
0 2 2 1
0 2 4 1
0 2 3 2
0 2 5 2
0 2 3 4
1 2 4 4
1 3 0 2
Expert482 12
1 2 2 0
0 2 0 0
1 2 0 1
1 2 0 3
0 2 5 0
1 2 1 1
0 2 3 1
0 2 2 2
1 2 3 4
0 2 4 4
1 2 5 2
1 3 4 1
Expert483 11
1 2 2 3
0 2 5 0
0 2 2 1
1 2 1 3
0 2 5 2
1 2 3 1
1 2 4 4
1 2 5 1
1 3 0 0
0 3 0 1
0 3 3 3
Expert484 12
1 2 2 0
0 2 0 0
1 2 0 1
1 2 1 1
0 2 3 1
0 2 5 1
0 2 2 2
1 2 3 3
0 2 4 4
1 3 0 3
1 3 4 1
1 3 5 1
Expert485 12
1 2 2 3
0 2 0 0
1 2 0 1
0 2 3 0
0 2 4 0
0 2 2 1
1 2 3 0
0 2 2 3
0 2 3 4
1 2 4 4
0 3 5 0
1 3 5 0
Expert486 12
1 2 2 0
0 2 0 0
1 2 0 1
1 2 1 1
0 2 3 1
0 2 2 2
0 2 5 2
1 2 3 3
0 2 4 4
1 2 5 2
1 3 0 3
1 3 4 0
Expert487 11
1 2 2 0
0 2 4 0
0 2 4 2
0 2 0 3
1 2 3 2
0 2 2 4
1 2 4 3
1 2 5 0
0 3 3 0
1 3 1 0
0 3 5 2
Expert488 13
1 2 2 2
1 2 0 0
0 2 2 0
0 2 3 0
0 2 0 1
0 2 1 1
0 2 4 2
1 2 3 1
0 2 3 3
1 2 4 4
0 3 5 1
0 3 0 3
1 3 5 3
Expert489 13
1 2 2 1
1 2 0 0
0 2 2 0
1 2 1 0
0 2 3 1
0 2 0 2
1 2 3 1
1 2 3 3
0 2 1 4
0 2 2 4
1 2 5 3
1 3 0 3
0 3 5 3
Expert490 13
1 2 2 0
1 2 0 1
0 2 3 1
0 2 5 1
0 2 2 2
1 2 3 0
0 2 0 4
1 2 4 1
0 2 4 4
1 3 0 3
1 3 1 0
0 3 5 3
1 3 5 1
Expert491 13
1 2 2 1
0 2 0 0
0 2 2 0
1 2 0 3
0 2 3 2
0 2 1 3
0 2 4 3
1 2 4 2
1 2 5 0
1 3 1 3
0 3 0 2
0 3 5 3
1 3 5 2
Expert492 13
1 2 2 0
0 2 0 0
0 2 4 0
0 2 5 0
0 2 3 1
0 2 4 2
0 2 5 2
1 2 3 2
0 2 2 4
0 2 3 4
1 2 4 4
1 2 5 0
1 3 0 1
Expert493 12
1 2 2 0
0 2 5 1
0 2 2 2
0 2 0 3
1 2 3 3
0 2 5 3
1 2 4 1
0 2 3 4
1 3 0 0
0 3 4 0
1 3 1 1
1 3 5 0
Expert494 12
1 2 2 1
0 2 5 0
0 2 3 2
0 2 5 2
1 2 3 0
0 2 2 3
1 2 5 0
1 2 5 2
0 3 0 0
1 3 0 2
0 3 4 1
1 3 4 3
Expert495 12
1 2 2 0
1 2 0 0
0 2 2 0
0 2 3 1
0 2 2 2
1 2 3 3
0 2 0 4
1 2 4 1
0 2 3 4
1 2 5 1
1 2 5 4
0 3 5 2
Expert496 11
1 2 2 0
0 2 0 0
1 2 0 1
0 2 4 0
0 2 5 1
0 2 2 2
0 2 4 2
1 2 3 0
1 2 4 4
1 3 1 1
0 3 3 3
Expert497 11
1 2 2 0
0 2 0 0
0 2 4 0
0 2 2 2
0 2 3 2
0 2 4 2
0 2 3 4
1 2 4 4
1 3 0 1
0 3 5 0
1 3 1 1
Expert498 13
1 2 2 2
1 2 0 0
0 2 3 0
0 2 0 1
1 2 1 1
0 2 5 1
1 2 3 0
0 2 2 3
0 2 5 3
0 2 1 4
1 2 5 2
1 2 5 4
0 3 4 1
Expert499 13
1 2 2 0
0 2 0 0
1 2 0 1
0 2 4 0
1 2 1 1
0 2 2 2
0 2 5 2
1 2 3 0
1 2 4 3
0 2 5 4
1 2 5 3
1 3 4 0
1 3 5 0
Expert500 13
1 2 2 0
0 2 0 0
0 2 5 0
1 2 1 2
0 2 2 2
0 2 5 2
0 2 0 3
1 2 3 3
1 2 4 1
0 2 3 4
1 3 0 1
0 3 4 0
1 3 5 0
Expert501 12
1 2 2 0
0 2 0 0
1 2 0 2
1 2 0 4
1 2 1 1
0 2 3 1
0 2 5 1
0 2 2 2
1 2 3 3
0 2 5 3
0 2 4 4
1 3 4 1
Expert502 11
1 2 2 0
0 2 4 0
1 2 1 2
0 2 2 2
0 2 3 2
0 2 0 3
1 2 3 4
1 2 4 2
1 2 4 4
1 3 0 0
0 3 5 0
Expert503 12
1 2 2 1
1 2 0 0
1 2 0 2
0 2 3 1
0 2 0 2
0 2 2 3
1 2 4 0
0 2 3 4
0 2 4 4
0 3 5 0
1 3 3 3
1 3 5 0
Expert504 11
1 2 2 2
1 2 0 3
0 2 5 0
0 2 0 2
0 2 5 2
1 2 4 0
0 2 2 4
0 2 3 4
1 2 4 4
0 3 4 1
1 3 3 1
Expert505 12
1 2 2 0
0 2 0 0
1 2 0 1
0 2 4 0
1 2 1 1
0 2 2 2
1 2 3 0
1 2 4 3
1 2 5 0
0 3 5 3
1 3 4 0
1 3 5 2
Expert506 11
1 2 2 2
0 2 4 0
0 2 1 2
0 2 4 2
1 2 3 2
0 2 2 4
1 2 4 4
1 2 5 4
1 3 0 0
0 3 5 0
1 3 1 0
Expert507 12
1 2 2 3
0 2 4 0
0 2 0 1
0 2 1 1
1 2 3 0
0 2 0 4
0 2 3 4
1 2 4 4
1 2 5 1
1 3 0 0
0 3 5 0
0 3 2 1
Expert508 11
1 2 2 1
0 2 4 0
0 2 4 2
0 2 0 3
0 2 1 3
1 2 3 2
0 2 2 4
1 2 5 3
0 3 0 0
0 3 3 0
0 3 5 3
Expert509 11
1 2 2 0
1 2 0 3
0 2 5 0
0 2 2 2
0 2 5 2
0 2 0 3
1 2 3 3
1 2 4 1
0 2 3 4
0 2 4 4
1 3 0 0
Expert510 13
1 2 2 0
1 2 0 0
0 2 3 0
0 2 4 0
0 2 5 0
0 2 2 2
0 2 5 2
1 2 3 0
0 2 0 4
1 2 4 2
1 2 4 4
1 2 5 1
1 3 1 0
Expert511 12
1 2 2 0
0 2 5 0
1 2 1 3
0 2 2 2
0 2 5 2
1 2 3 0
0 2 0 4
1 2 4 1
0 2 4 4
1 2 5 1
1 3 0 0
1 3 1 0
Expert512 12
1 2 2 0
0 2 4 0
0 2 5 0
1 2 1 2
0 2 2 2
0 2 0 3
0 2 1 3
1 2 3 3
0 2 2 4
1 2 4 3
1 3 0 0
0 3 5 2
Expert513 11
1 2 2 1
0 2 2 0
0 2 3 1
1 2 1 4
1 2 4 1
1 2 4 3
1 2 5 3
1 3 0 3
1 3 3 2
0 3 5 3
1 3 5 0
Expert514 14
1 2 2 2
1 2 0 0
1 2 0 2
0 2 5 0
0 2 5 2
1 2 3 0
0 2 2 3
0 2 3 3
0 2 0 4
1 2 4 4
1 2 5 2
1 2 5 4
0 3 4 0
1 3 1 0
Expert515 13
1 2 2 0
0 2 0 0
1 2 0 2
0 2 4 0
0 2 5 0
0 2 2 2
0 2 3 2
0 2 4 2
0 2 5 2
1 2 3 0
0 2 3 4
1 2 4 4
1 3 1 1
Expert516 11
1 2 2 1
0 2 1 0
1 2 1 2
0 2 0 3
0 2 2 3
1 2 3 3
0 2 3 4
0 2 5 4
0 3 0 0
0 3 4 0
1 3 5 0
Expert517 13
1 2 2 0
0 2 0 0
0 2 1 0
1 2 0 2
1 2 0 4
1 2 1 2
0 2 5 2
1 2 3 0
1 2 3 2
0 2 2 4
1 2 4 4
1 2 5 0
0 3 4 1
Expert518 11
1 2 2 0
0 2 0 0
1 2 0 1
0 2 4 0
0 2 2 1
0 2 4 2
1 2 5 4
0 3 3 0
0 3 5 0
1 3 3 1
1 3 4 2
Expert519 12
1 2 2 2
1 2 0 0
0 2 3 0
0 2 5 0
0 2 0 2
0 2 5 2
1 2 3 3
1 2 4 0
0 2 2 4
1 2 4 4
0 3 4 0
1 3 5 3
Expert520 13
1 2 2 2
1 2 0 0
0 2 0 1
1 2 1 2
0 2 4 1
1 2 3 0
0 2 2 3
1 2 3 3
1 2 4 0
0 2 3 4
0 2 5 4
1 3 0 2
1 3 5 0
Expert521 11
1 2 2 0
0 2 0 0
1 2 0 1
0 2 4 0
0 2 5 0
0 2 2 2
1 2 4 3
1 2 5 3
0 3 3 0
1 3 3 3
1 3 4 0
Expert522 12
1 2 2 3
1 2 0 0
1 2 0 2
0 2 4 0
0 2 0 1
0 2 3 3
1 2 4 0
0 2 2 4
1 2 5 0
0 3 5 2
1 3 3 0
1 3 5 3
Expert523 13
1 2 2 0
0 2 0 0
1 2 0 1
0 2 2 1
0 2 3 1
1 2 1 4
0 2 4 2
0 2 1 3
1 2 3 2
1 2 5 0
1 2 5 2
1 3 0 3
0 3 5 3
Expert524 12
1 2 2 0
0 2 0 0
1 2 0 4
0 2 2 2
0 2 3 2
0 2 4 2
1 2 3 0
0 2 3 4
1 2 4 4
1 2 5 1
1 3 1 2
0 3 5 1
Expert525 13
1 2 2 0
0 2 3 0
1 2 0 4
0 2 4 1
0 2 5 1
0 2 2 2
0 2 3 2
1 2 3 4
0 2 0 4
0 2 4 4
0 2 5 4
1 3 4 1
1 3 5 1
Expert526 13
1 2 2 1
0 2 2 0
1 2 1 0
0 2 3 1
0 2 0 2
1 2 3 1
1 2 3 3
1 2 4 0
1 2 4 2
1 2 5 0
1 2 5 2
1 3 0 3
0 3 5 3
Expert527 14
1 2 2 0
0 2 3 0
1 2 0 4
1 2 1 4
0 2 2 2
0 2 3 2
0 2 4 2
0 2 5 2
1 2 3 0
0 2 0 4
0 2 4 4
0 2 5 4
1 3 4 1
1 3 5 1
Expert528 13
1 2 2 0
0 2 0 0
0 2 5 0
0 2 2 2
0 2 3 2
0 2 5 2
1 2 3 0
0 2 3 4
1 2 4 4
1 2 5 4
1 3 0 1
0 3 4 0
1 3 1 1
Expert529 13
1 2 2 0
0 2 0 0
1 2 0 2
1 2 0 4
0 2 2 1
0 2 5 2
1 2 3 2
0 2 3 4
0 2 5 4
1 3 1 3
0 3 4 3
1 3 4 0
1 3 5 0
Expert530 12
1 2 2 2
0 2 3 0
0 2 5 0
0 2 0 1
1 2 1 1
1 2 3 0
0 2 2 3
0 2 1 4
1 2 5 2
1 2 5 4
1 3 0 0
0 3 4 0
Expert531 11
1 2 2 0
0 2 0 0
0 2 2 2
0 2 3 2
0 2 4 2
1 2 3 0
0 2 3 4
1 2 4 4
1 2 5 1
1 3 1 2
0 3 5 1
Expert532 13
1 2 2 0
0 2 4 0
0 2 5 0
1 2 1 0
0 2 4 2
0 2 0 3
0 2 1 3
1 2 3 2
0 2 2 4
1 2 4 3
1 2 5 0
1 3 0 0
0 3 5 2
Expert533 13
1 2 2 0
0 2 3 0
1 2 0 4
0 2 3 2
0 2 5 2
0 2 0 3
1 2 3 1
1 2 4 2
0 2 4 4
0 2 5 4
1 2 5 0
1 2 5 2
0 3 2 0
Expert534 13
1 2 2 0
0 2 0 0
1 2 0 2
1 2 0 4
0 2 5 1
0 2 2 2
0 2 3 2
1 2 3 4
0 2 4 4
0 2 5 4
1 2 5 2
1 3 1 1
1 3 4 1
Expert535 13
1 2 2 0
0 2 4 0
0 2 5 0
1 2 1 0
0 2 2 1
0 2 5 2
0 2 2 3
1 2 3 3
0 2 0 4
0 2 3 4
1 2 4 4
1 2 5 1
1 3 0 0
Expert536 13
1 2 2 0
0 2 0 0
1 2 0 2
0 2 4 0
0 2 5 0
0 2 2 2
0 2 3 2
0 2 4 2
0 2 5 2
0 2 3 4
1 2 4 4
1 2 5 4
1 3 1 1
Expert537 13
1 2 2 3
1 2 0 0
1 2 0 2
0 2 4 0
0 2 5 0
1 2 1 0
0 2 5 2
0 2 2 4
0 2 3 4
1 2 4 4
1 2 5 4
0 3 0 3
1 3 3 2
Expert538 13
1 2 2 2
0 2 3 0
0 2 1 1
1 2 1 4
1 2 3 1
0 2 0 4
1 2 4 1
0 2 5 4
1 2 5 1
1 2 5 3
1 3 0 0
0 3 0 1
0 3 4 2
Expert539 12
1 2 2 0
1 2 0 0
0 2 2 0
1 2 0 4
1 2 1 4
0 2 2 2
0 2 5 2
1 2 3 3
1 2 4 1
0 2 3 4
0 2 5 4
0 3 0 3
Expert540 13
1 2 2 0
0 2 0 0
0 2 4 0
0 2 5 0
0 2 2 1
0 2 2 3
1 2 3 4
1 2 4 0
0 2 5 4
1 2 5 0
1 2 5 2
1 3 0 1
0 3 3 2
Expert541 12
1 2 2 0
1 2 0 1
0 2 4 0
0 2 4 2
0 2 0 3
1 2 3 2
0 2 2 4
1 2 4 3
1 2 5 0
0 3 3 0
1 3 1 0
0 3 5 3
Expert542 13
1 2 2 0
0 2 0 0
0 2 4 0
0 2 5 0
0 2 2 2
0 2 3 2
0 2 5 2
1 2 3 0
0 2 3 4
1 2 4 4
1 2 5 4
1 3 0 1
1 3 1 1
Expert543 13
1 2 2 1
0 2 5 0
0 2 0 1
1 2 1 2
0 2 3 2
0 2 0 3
0 2 1 3
0 2 2 3
1 2 3 4
1 2 4 3
0 2 5 4
0 3 4 0
1 3 5 0
Expert544 11
1 2 2 0
0 2 3 0
1 2 0 4
0 2 4 1
0 2 2 2
0 2 3 2
1 2 3 0
0 2 0 4
0 2 4 4
0 3 5 3
1 3 4 1
Expert545 9
1 2 2 3
1 2 0 0
0 2 4 0
1 2 3 4
0 2 0 4
1 2 4 1
0 3 2 0
0 3 5 0
0 3 3 3
Expert546 13
1 2 2 3
1 2 0 0
1 2 0 2
0 2 4 0
0 2 2 2
1 2 3 0
0 2 3 3
1 2 3 4
0 2 0 4
1 2 4 1
1 2 5 1
0 3 5 0
1 3 5 3
Expert547 13
1 2 2 0
0 2 0 0
0 2 5 0
0 2 2 1
1 2 1 3
0 2 3 2
0 2 4 2
0 2 5 2
1 2 3 1
0 2 3 4
1 2 4 4
1 2 5 1
1 3 0 2
Expert548 13
1 2 2 1
0 2 1 0
1 2 0 2
1 2 1 2
0 2 0 2
0 2 3 2
0 2 2 3
1 2 3 4
0 2 0 4
1 2 4 3
0 2 5 4
0 3 4 0
1 3 5 2
Expert549 10
1 2 2 3
1 2 0 0
0 2 4 0
1 2 3 4
0 2 0 4
1 2 4 1
1 2 5 1
0 3 2 0
0 3 5 0
0 3 3 3
Expert550 13
1 2 2 0
1 2 0 3
0 2 5 0
0 2 2 1
0 2 0 3
1 2 3 1
1 2 3 4
1 2 4 1
0 2 4 4
0 2 5 4
1 2 5 0
1 3 0 0
0 3 3 3
Expert551 13
1 2 2 0
0 2 3 0
1 2 0 4
1 2 1 4
0 2 2 2
0 2 3 2
0 2 4 2
1 2 3 0
0 2 0 4
0 2 4 4
1 2 5 2
0 3 5 3
1 3 4 1
Expert552 13
1 2 2 1
0 2 5 0
1 2 1 0
0 2 4 1
0 2 0 2
0 2 5 2
0 2 2 3
1 2 3 3
1 2 4 0
1 2 5 4
1 3 0 0
0 3 3 0
1 3 5 1
Expert553 14
1 2 2 0
0 2 0 0
1 2 0 2
1 2 0 4
0 2 2 1
0 2 3 1
1 2 1 4
0 2 5 2
1 2 3 2
0 2 5 4
1 2 5 0
1 2 5 2
0 3 4 3
1 3 4 0
Expert554 13
1 2 2 0
0 2 3 0
0 2 5 0
1 2 1 0
0 2 3 2
0 2 0 3
1 2 3 1
0 2 2 4
1 2 4 3
1 2 5 0
1 3 0 0
0 3 4 0
0 3 5 2
Expert555 13
1 2 2 0
0 2 0 0
1 2 0 2
1 2 0 4
0 2 2 1
0 2 5 1
1 2 3 1
1 2 3 3
0 2 5 3
0 2 3 4
0 2 4 4
1 2 5 0
1 3 4 0
Expert556 12
1 2 2 0
0 2 0 0
0 2 5 0
0 2 2 1
1 2 1 3
0 2 3 2
0 2 4 2
0 2 5 2
1 2 3 1
0 2 3 4
1 2 4 4
1 3 0 2
Expert557 13
1 2 2 0
1 2 0 3
0 2 5 0
0 2 2 1
1 2 1 3
0 2 0 3
1 2 3 4
1 2 4 1
0 2 4 4
0 2 5 4
1 3 0 0
0 3 3 3
1 3 5 0
Expert558 11
1 2 2 0
0 2 0 0
0 2 3 1
0 2 5 2
0 2 3 3
0 2 2 4
1 2 4 4
1 2 5 3
1 3 0 3
0 3 4 1
1 3 3 0
Expert559 13
1 2 2 2
1 2 0 0
0 2 3 0
0 2 5 0
0 2 0 1
0 2 1 1
0 2 5 2
1 2 3 1
0 2 3 3
0 2 2 4
1 2 5 3
0 3 4 2
0 3 0 3
Expert560 13
1 2 2 1
0 2 0 0
0 2 1 0
1 2 0 2
1 2 1 2
0 2 0 2
0 2 5 2
0 2 2 3
1 2 3 3
0 2 3 4
0 2 5 4
0 3 4 0
1 3 5 0
Expert561 13
1 2 2 3
0 2 3 0
1 2 0 4
0 2 0 1
0 2 2 1
0 2 5 1
0 2 0 3
0 2 5 3
0 2 1 4
1 2 4 2
1 2 5 2
1 3 3 1
0 3 4 3
Expert562 12
1 2 2 3
0 2 3 0
1 2 0 4
0 2 1 1
0 2 5 1
0 2 0 3
0 2 5 3
0 2 2 4
1 2 5 0
0 3 0 0
1 3 3 1
0 3 4 3
Expert563 13
1 2 2 0
0 2 0 0
1 2 0 1
1 2 0 3
0 2 5 0
0 2 2 1
1 2 1 3
1 2 3 4
0 2 4 4
1 2 5 0
1 2 5 2
0 3 3 2
1 3 4 0
Expert564 13
1 2 2 0
0 2 5 1
0 2 2 2
0 2 3 2
1 2 3 4
0 2 0 4
0 2 5 4
1 2 5 1
1 2 5 3
1 3 0 0
0 3 4 0
1 3 1 1
1 3 4 1
Expert565 11
1 2 2 1
0 2 3 0
0 2 0 2
0 2 3 2
1 2 3 4
0 2 2 4
1 2 4 3
0 2 5 4
1 3 0 0
0 3 4 0
1 3 1 0
Expert566 13
1 2 2 3
1 2 0 1
0 2 5 0
0 2 1 1
0 2 2 1
0 2 5 2
1 2 3 0
0 2 2 3
0 2 3 3
0 2 0 4
1 2 4 4
0 3 0 0
1 3 5 1
Expert567 13
1 2 2 0
0 2 0 0
1 2 0 2
1 2 0 4
0 2 2 1
0 2 5 1
1 2 3 1
1 2 3 3
0 2 5 3
0 2 3 4
0 2 4 4
1 3 4 0
1 3 5 0
Expert568 12
1 2 2 0
1 2 0 3
0 2 5 0
0 2 2 1
0 2 0 3
1 2 3 1
1 2 3 4
1 2 4 1
0 2 4 4
1 2 5 0
1 3 0 0
0 3 3 3
Expert569 12
1 2 2 0
0 2 0 0
0 2 2 2
0 2 3 2
0 2 5 2
1 2 3 0
0 2 3 4
1 2 4 4
1 2 5 1
1 3 0 1
1 3 1 1
0 3 4 1
Expert570 13
1 2 2 0
1 2 0 3
0 2 2 1
0 2 3 1
1 2 1 4
0 2 4 2
0 2 5 2
1 2 3 0
1 2 3 2
0 2 0 4
1 2 4 4
1 3 0 0
1 3 5 2
Expert571 12
1 2 2 0
0 2 3 0
1 2 0 4
0 2 2 2
0 2 3 2
0 2 4 2
0 2 5 2
1 2 3 0
0 2 0 4
0 2 4 4
0 2 5 4
1 3 4 1
Expert572 13
1 2 2 0
1 2 0 4
0 2 2 1
1 2 1 4
0 2 5 2
0 2 0 3
1 2 3 1
1 2 3 3
1 2 4 2
0 2 4 4
1 2 5 0
1 3 0 0
0 3 3 0
Expert573 12
1 2 2 0
0 2 3 0
1 2 0 4
0 2 5 1
0 2 2 2
0 2 3 2
1 2 3 4
0 2 0 4
0 2 4 4
0 2 5 4
1 3 4 1
1 3 5 1
Expert574 12
1 2 2 0
0 2 0 0
0 2 5 0
0 2 2 1
1 2 1 3
0 2 3 2
0 2 4 2
0 2 3 4
1 2 4 4
1 2 5 4
1 3 0 1
1 3 3 0
Expert575 11
1 2 2 0
0 2 0 0
0 2 2 2
0 2 3 2
1 2 3 0
0 2 3 4
1 2 4 4
1 2 5 1
1 3 0 3
1 3 1 1
0 3 4 1
Expert576 12
1 2 2 0
0 2 0 0
0 2 4 0
0 2 5 0
0 2 2 2
1 2 3 4
1 2 4 0
0 2 2 4
0 2 5 4
1 2 5 3
1 3 0 1
0 3 3 2
Expert577 13
1 2 2 0
1 2 0 3
0 2 5 0
0 2 2 1
1 2 1 3
0 2 4 2
0 2 5 2
1 2 3 0
1 2 3 2
0 2 0 4
1 2 4 3
1 3 0 0
1 3 5 2
Expert578 12
1 2 2 0
0 2 0 0
0 2 1 0
0 2 5 0
1 2 1 2
0 2 2 2
0 2 5 2
0 2 0 3
1 2 3 3
0 2 3 4
0 3 4 0
1 3 5 0
Expert579 13
1 2 2 0
0 2 0 0
1 2 0 2
1 2 0 4
0 2 2 1
0 2 5 2
1 2 3 2
0 2 3 4
0 2 5 4
1 2 5 0
1 3 1 3
0 3 4 3
1 3 4 0
Expert580 13
1 2 2 0
0 2 0 0
1 2 0 1
1 2 1 2
0 2 4 1
0 2 2 2
1 2 3 0
1 2 3 3
1 2 4 1
0 2 3 4
1 3 0 3
0 3 5 3
1 3 5 0
Expert581 12
1 2 2 0
0 2 3 0
1 2 0 4
0 2 2 2
0 2 3 2
0 2 4 2
1 2 3 0
0 2 0 4
0 2 4 4
0 3 5 3
1 3 4 1
1 3 5 1
Expert582 13
1 2 2 0
0 2 0 0
0 2 4 0
0 2 5 0
0 2 2 2
0 2 3 2
0 2 4 2
0 2 5 2
0 2 3 4
1 2 4 4
1 2 5 4
1 3 0 1
1 3 1 1
Expert583 12
1 2 2 3
0 2 3 0
1 2 0 4
0 2 0 1
0 2 2 1
0 2 5 1
0 2 0 3
0 2 5 3
0 2 1 4
1 2 4 2
1 3 3 1
0 3 4 3
Expert584 12
1 2 2 0
0 2 0 0
1 2 0 1
0 2 3 0
1 2 0 4
1 2 1 1
0 2 3 2
1 2 3 4
1 2 4 3
0 2 5 4
1 2 5 1
0 3 2 2
Expert585 12
1 2 2 1
0 2 1 0
0 2 3 1
1 2 3 0
0 2 2 3
1 2 4 3
0 2 5 4
1 2 5 1
1 2 5 3
0 3 0 0
1 3 0 3
0 3 4 1
Expert586 12
1 2 2 0
0 2 3 0
1 2 1 4
0 2 2 2
0 2 3 2
0 2 5 2
1 2 3 0
0 2 0 4
0 2 5 4
1 2 5 3
0 3 4 2
1 3 4 1
Expert587 13
1 2 2 0
0 2 0 0
0 2 4 0
0 2 5 0
0 2 2 2
0 2 3 2
0 2 4 2
1 2 3 0
0 2 3 4
1 2 4 4
1 2 5 4
1 3 0 1
1 3 1 1
Expert588 12
1 2 2 0
1 2 0 4
0 2 2 1
0 2 0 3
1 2 3 1
1 2 3 3
1 2 4 1
0 2 3 4
0 2 4 4
1 3 0 1
0 3 5 3
1 3 5 0
Expert589 13
1 2 2 0
1 2 0 0
1 2 0 2
0 2 4 0
0 2 5 0
0 2 2 2
0 2 0 3
1 2 3 4
1 2 4 1
0 2 5 4
1 3 1 1
0 3 3 3
1 3 5 0
Expert590 12
1 2 2 0
1 2 0 4
0 2 2 1
1 2 1 4
0 2 5 2
0 2 0 3
1 2 3 1
1 2 3 3
1 2 4 2
0 2 4 4
1 3 0 0
0 3 3 0
Expert591 13
1 2 2 0
0 2 3 0
1 2 0 4
1 2 1 4
0 2 2 2
0 2 3 2
0 2 5 2
1 2 3 0
0 2 0 4
0 2 5 4
1 2 5 3
0 3 4 2
1 3 4 1
Expert592 11
1 2 2 0
0 2 3 0
1 2 0 4
0 2 4 1
0 2 2 2
0 2 0 3
1 2 3 3
1 2 4 1
0 2 3 4
1 3 1 0
0 3 5 3
Expert593 12
1 2 2 1
0 2 2 0
1 2 1 0
0 2 0 2
0 2 4 2
1 2 3 1
0 2 2 4
1 2 4 3
0 2 5 4
1 2 5 0
1 3 0 3
0 3 3 1
Expert594 14
1 2 2 1
1 2 0 0
0 2 5 0
0 2 0 1
1 2 1 2
0 2 3 2
0 2 0 3
0 2 1 3
0 2 2 3
1 2 3 4
1 2 4 3
0 2 5 4
0 3 4 0
1 3 5 0
Expert595 11
1 2 2 1
1 2 0 0
0 2 4 0
0 2 5 0
0 2 0 2
1 2 3 3
1 2 4 0
1 2 5 0
0 3 3 0
0 3 5 2
0 3 2 3
Expert596 12
1 2 2 0
0 2 3 0
1 2 0 4
0 2 5 1
0 2 3 2
1 2 3 4
0 2 0 4
1 2 4 2
0 2 4 4
0 2 5 4
0 3 2 0
1 3 5 1
Expert597 13
1 2 2 0
0 2 3 0
1 2 0 4
0 2 4 1
0 2 5 1
0 2 2 2
0 2 3 2
0 2 0 3
1 2 3 4
0 2 4 4
0 2 5 4
1 2 5 2
1 3 4 1
Expert598 13
1 2 2 0
0 2 0 0
1 2 0 1
1 2 0 3
0 2 2 1
1 2 1 3
0 2 5 1
0 2 3 2
1 2 3 4
0 2 3 4
0 2 4 4
1 2 5 0
1 3 4 0
Expert599 12
1 2 2 2
0 2 3 0
0 2 0 1
1 2 1 1
1 2 3 0
0 2 2 3
0 2 1 4
1 2 5 2
1 2 5 4
1 3 0 0
0 3 5 0
0 3 4 1
Expert600 13
1 2 2 0
1 2 0 4
0 2 2 1
1 2 1 3
0 2 5 1
0 2 0 3
1 2 3 2
1 2 4 1
0 2 3 4
1 3 0 1
0 3 4 3
0 3 5 3
1 3 5 0
Expert601 14
1 2 2 0
1 2 0 4
1 2 1 4
0 2 2 2
0 2 5 2
0 2 0 3
1 2 3 3
1 2 4 2
0 2 4 4
0 2 5 4
1 2 5 0
1 2 5 2
1 3 0 0
0 3 3 0
Expert602 14
1 2 2 0
1 2 0 3
0 2 5 0
0 2 2 1
1 2 1 3
0 2 0 3
1 2 3 1
1 2 3 4
1 2 4 1
0 2 4 4
0 2 5 4
1 2 5 0
1 3 0 0
0 3 3 3
Expert603 13
1 2 2 3
1 2 0 0
1 2 0 2
0 2 4 0
0 2 2 1
0 2 0 3
1 2 3 1
1 2 3 3
1 2 4 1
0 2 3 4
1 2 5 4
0 3 5 2
1 3 5 0
Expert604 13
1 2 2 0
0 2 0 0
1 2 0 2
1 2 0 4
0 2 5 1
0 2 2 2
0 2 3 2
1 2 3 4
0 2 4 4
0 2 5 4
1 3 1 1
1 3 4 1
1 3 5 1
Expert605 13
1 2 2 0
0 2 0 0
1 2 0 2
0 2 4 0
0 2 5 0
0 2 2 2
0 2 3 2
0 2 5 2
1 2 3 0
0 2 3 4
1 2 4 4
1 2 5 4
1 3 1 1
Expert606 12
1 2 2 1
0 2 2 0
0 2 3 1
1 2 1 4
0 2 1 3
1 2 3 2
1 2 4 2
0 2 5 4
1 2 5 0
1 2 5 2
1 3 0 3
0 3 4 3
Expert607 12
1 2 2 0
0 2 3 0
1 2 0 4
0 2 4 1
0 2 2 2
0 2 3 2
1 2 3 0
0 2 4 3
0 2 0 4
1 2 5 1
0 3 5 2
1 3 4 1
Expert608 13
1 2 2 0
0 2 0 0
1 2 0 1
0 2 3 0
1 2 0 4
1 2 1 1
0 2 5 1
0 2 3 2
1 2 3 4
1 2 4 3
1 2 5 1
1 2 5 3
0 3 2 2
Expert609 12
1 2 2 0
0 2 3 0
1 2 0 4
0 2 4 1
0 2 5 1
0 2 2 2
0 2 3 2
0 2 0 3
1 2 3 4
0 2 5 4
1 2 5 3
1 3 4 2
Expert610 12
1 2 2 1
0 2 1 0
0 2 5 0
0 2 3 2
0 2 4 2
1 2 3 0
0 2 0 4
1 2 4 3
1 3 0 2
0 3 5 2
0 3 2 3
1 3 5 3
Expert611 12
1 2 2 3
0 2 0 1
0 2 2 1
0 2 5 2
0 2 0 3
1 2 3 1
0 2 4 4
0 2 5 4
1 3 0 0
1 3 1 3
0 3 3 3
1 3 5 0
Expert612 13
1 2 2 0
1 2 0 3
0 2 5 0
0 2 2 1
0 2 5 2
0 2 0 3
1 2 3 1
1 2 3 3
1 2 4 1
0 2 3 4
0 2 4 4
1 3 0 0
1 3 5 0
Expert613 12
1 2 2 1
1 2 0 0
0 2 4 0
0 2 5 0
0 2 0 2
0 2 2 3
1 2 4 0
1 2 4 3
1 2 5 3
0 3 3 0
1 3 3 3
1 3 5 0
Expert614 12
1 2 2 2
1 2 0 0
0 2 2 0
1 2 0 4
1 2 1 0
0 2 5 3
0 2 3 4
1 2 5 0
1 2 5 4
0 3 0 2
0 3 4 2
1 3 3 1
Expert615 12
1 2 2 2
1 2 0 0
0 2 3 0
0 2 1 1
0 2 4 2
1 2 3 1
0 2 3 3
0 2 2 4
1 2 4 4
0 3 5 1
0 3 0 3
1 3 5 3
Expert616 12
1 2 2 3
1 2 0 0
1 2 0 2
0 2 4 0
0 2 5 0
1 2 1 0
0 2 5 2
0 2 2 4
0 2 3 4
1 2 4 4
0 3 0 3
1 3 3 2
Expert617 11
1 2 2 1
1 2 0 0
0 2 2 0
0 2 4 4
0 2 5 4
1 2 5 0
1 2 5 2
0 3 3 0
0 3 0 1
1 3 3 3
1 3 4 0
Expert618 14
1 2 2 1
0 2 2 0
0 2 3 1
1 2 1 4
0 2 0 2
0 2 5 2
0 2 1 3
0 2 0 4
1 2 4 2
0 2 5 4
1 2 5 1
1 2 5 3
1 3 0 3
0 3 4 2
Expert619 13
1 2 2 0
0 2 0 0
1 2 1 1
0 2 3 1
0 2 5 1
0 2 2 2
1 2 3 0
0 2 3 3
1 2 4 4
1 2 5 1
1 2 5 3
1 3 0 3
0 3 4 1
Expert620 13
1 2 2 0
0 2 0 0
1 2 1 1
0 2 3 1
0 2 2 2
0 2 4 2
1 2 3 0
0 2 3 3
1 2 4 4
1 2 5 0
1 2 5 2
1 3 0 1
0 3 5 0
Expert621 12
1 2 2 0
0 2 0 0
0 2 1 0
0 2 3 1
1 2 1 4
0 2 5 2
0 2 2 4
0 2 5 4
1 2 5 3
1 3 0 3
0 3 4 2
1 3 3 1
Expert622 13
1 2 2 0
0 2 0 0
0 2 5 0
0 2 2 1
1 2 1 3
0 2 3 2
0 2 4 2
0 2 5 2
1 2 3 1
0 2 3 4
1 2 4 4
1 3 0 2
1 3 5 0
Expert623 13
1 2 2 2
0 2 3 0
0 2 5 0
0 2 0 1
1 2 1 1
1 2 3 0
0 2 2 3
0 2 1 4
1 2 4 4
1 2 5 2
1 2 5 4
1 3 0 0
0 3 4 0
Expert624 12
1 2 2 0
0 2 0 0
1 2 0 2
1 2 0 4
1 2 1 3
0 2 5 1
1 2 3 3
0 2 5 3
1 2 4 0
0 2 3 4
0 3 2 2
1 3 5 0
Expert625 13
1 2 2 3
0 2 1 0
1 2 0 2
0 2 4 0
0 2 2 1
0 2 3 3
0 2 2 4
1 2 4 4
1 2 5 0
1 2 5 3
0 3 0 0
0 3 5 1
1 3 3 0
