Easy001	1	100028	7206	172	0,10,10,20,35,10,5,20,36,
Easy002	1	100023	5926	2305	20,7,30,50,47,
Easy003	1	100860	3979	772	50,50,35,10,47,6,22,1,40,40,30,55,31,46,55,
Easy004	1	100029	6271	488	20,30,47,55,10,
Easy005	1	100071	4344	48	46,20,45,35,5,6,30,40,25,
Easy006	1	100595	3539	1602	0,60,40,40,75,0,81,62,75,75,86,55,
Easy007	1	100699	3972	2410	20,0,40,40,50,0,67,70,20,70,52,75,45,75,5,35,
Easy008	1	100148	3759	2378	50,5,40,50,80,35,15,22,40,76,10,
Easy009	1	100315	3555	2580	10,75,66,46,0,25,45,60,26,31,85,50,85,
Easy010	1	100048	3483	590	1,30,26,30,60,60,75,40,25,6,61,40,
Easy011	1	100339	3472	5913	20,40,10,20,0,65,0,65,70,52,35,75,5,65,
Easy012	1	100257	3499	2367	0,60,71,0,15,20,21,80,55,40,10,71,
Easy013	1	100189	3315	864	32,25,76,30,10,40,55,75,67,
Easy014	1	100294	4043	6944	40,10,70,50,50,0,0,70,83,75,5,65,
Easy015	1	100233	5043	291	31,2,35,50,51,35,15,15,22,41,20,10,30,10,30,
Easy016	1	100606	3982	729	55,75,25,15,31,31,65,40,10,20,
Easy017	1	100473	4005	132	1,15,75,80,90,15,21,30,30,20,10,95,85,70,10,
Easy018	1	100474	3414	16128	0,31,0,40,30,23,50,10,10,40,30,65,50,65,50,5,65,77,
Easy019	1	100183	4691	782	0,15,50,60,40,42,65,15,50,75,50,15,20,
Easy020	1	100286	4657	964	0,90,85,90,15,70,60,90,51,60,50,60,45,95,36,96,6,45,
Easy021	1	100518	5045	3301	60,60,20,43,26,65,30,56,10,66,
Easy022	1	100239	3500	2368	60,0,60,85,17,22,70,71,31,60,6,41,60,
Easy023	1	100553	3714	2096	65,25,0,25,0,30,30,75,40,80,50,65,30,5,65,
Easy024	1	100375	3296	8890	5,71,21,82,40,67,35,
Easy025	1	100339	3867	2293	0,70,30,30,30,40,75,50,10,10,65,
Easy026	1	100247	3439	1571	65,25,15,57,15,31,15,6,26,65,40,71,65,
Easy027	1	100355	4389	5116	76,65,25,0,30,15,50,30,40,15,30,15,20,
Easy028	1	100123	4154	2196	0,40,0,31,41,40,66,25,35,50,65,
Easy029	1	100557	3546	4162	41,30,6,15,71,20,65,30,66,
Easy030	1	100111	3443	24822	0,0,10,40,85,53,72,60,61,86,36,75,45,
Easy031	1	100399	3325	6128	6,20,70,70,81,40,66,30,50,40,10,50,65,
Easy032	1	101219	3349	3521	20,65,0,80,51,50,85,10,5,20,75,30,
Easy033	1	100255	4249	56	25,25,86,31,55,5,61,90,45,45,55,5,5,35,55,35,80,21,
Easy034	1	100367	4009	2165	51,50,75,0,27,5,15,62,30,30,50,
Easy035	1	100652	3302	2560	40,75,60,10,33,15,65,55,25,65,65,
Easy036	1	100059	5552	993	50,65,45,45,45,10,66,20,70,21,60,30,57,
Easy037	1	100507	4396	2371	5,70,5,5,15,95,15,26,81,30,50,25,10,90,60,75,40,76,
Easy038	1	100226	3258	21625	30,40,5,40,20,51,60,11,60,30,81,75,76,
Easy039	1	100316	3411	13082	0,75,41,65,80,30,41,5,51,26,50,35,76,
Easy040	1	100065	4156	10735	65,11,20,5,35,40,10,51,70,65,65,
Easy041	1	100718	4136	1492	40,60,77,1,30,15,22,30,10,
Easy042	1	100814	3378	2983	0,60,40,70,10,30,31,75,30,56,65,
Easy043	1	100478	6590	1679	45,0,25,70,90,90,52,35,96,86,
Easy044	1	100160	3981	552	66,6,11,70,71,5,20,56,40,55,
Easy045	1	100333	3288	4294	11,0,80,21,75,62,85,5,75,30,
Easy046	1	100093	3924	442	85,10,0,20,20,85,30,40,50,75,76,60,20,
Easy047	1	100170	4398	1246	70,71,66,0,45,15,25,32,20,30,10,5,70,
Easy048	1	101554	3474	4838	21,10,20,10,65,30,65,40,65,50,77,20,
Easy049	1	100129	3626	4295	25,0,15,33,50,10,5,50,40,20,
Easy050	1	100679	3506	767	40,40,1,15,20,0,46,15,33,20,50,40,10,50,21,40,10,
Easy051	1	100458	3448	1440	0,0,50,75,80,60,40,15,15,75,75,22,10,30,10,30,
Easy052	1	100687	3638	3066	36,46,95,75,45,85,95,25,86,35,51,
Easy053	1	101042	3272	1355	20,40,5,71,62,80,70,57,10,
Easy054	1	100043	4636	338	41,75,55,40,55,55,5,60,5,40,15,60,20,20,
Easy055	1	100141	3797	5838	40,50,85,25,0,15,32,16,50,76,20,
Easy056	1	100717	4286	1300	25,30,80,51,72,55,85,55,66,20,70,86,5,36,
Easy057	1	100408	3438	6692	71,65,11,43,36,35,75,20,65,75,50,65,
Easy058	1	100345	3905	6106	17,0,25,26,71,70,30,30,50,45,60,85,
Easy059	1	100088	3758	11430	55,0,16,25,100,15,30,55,30,25,40,41,30,20,5,20,61,71,
Easy060	1	100280	5162	412	77,30,50,50,1,0,55,15,22,40,10,20,50,
Easy061	1	100257	3725	4550	10,20,30,30,75,41,65,52,66,45,76,
Easy062	1	100506	3432	5629	45,70,70,10,5,50,31,30,60,70,56,25,46,
Easy063	1	100441	3418	549	1,41,31,50,52,45,61,60,60,35,35,26,45,15,6,15,
Easy064	1	100178	4905	884	50,75,0,50,75,67,0,15,20,21,30,51,10,
Easy065	1	100290	6760	966	40,25,67,31,5,40,70,50,25,
Easy066	1	100431	4168	828	71,36,40,60,25,1,41,40,30,5,77,
Easy067	1	100397	3934	2679	21,56,30,60,70,10,40,87,55,10,
Easy068	1	100201	3386	3263	25,60,0,16,70,31,60,30,40,85,71,15,20,20,6,60,40,60,
Easy069	1	100292	4742	1245	10,71,80,80,35,26,40,41,20,30,85,50,60,86,
Easy070	1	100596	3627	5819	45,15,5,61,72,25,56,55,35,
Easy071	1	101145	3294	1535	0,15,16,72,20,40,20,60,50,60,85,35,
Easy072	1	100077	3701	8523	70,42,5,16,61,70,32,56,25,75,55,75,
Easy073	1	101462	4788	300	56,75,65,65,85,76,1,15,25,32,40,30,10,5,20,5,85,
Easy074	1	100275	4282	4173	56,11,20,30,10,30,40,6,40,70,65,65,
Easy075	1	100214	3598	902	30,0,0,31,16,75,20,65,15,40,80,50,5,66,
Easy076	1	100553	3613	4705	70,5,15,15,50,45,60,31,25,70,30,70,66,45,45,
Easy077	1	100696	3698	18603	30,5,17,90,40,20,40,5,52,85,60,70,86,
Easy078	1	100748	3652	1910	25,10,35,0,41,35,40,65,50,5,70,66,
Easy079	1	100237	6627	1280	66,15,20,65,31,7,35,60,10,
Easy080	1	100225	3435	12098	40,80,5,35,55,15,71,81,66,15,20,65,
Easy081	1	100370	4955	1834	0,45,71,0,91,83,56,96,65,75,
Easy082	1	100064	4461	3407	71,65,45,15,23,10,30,70,70,
Easy083	1	100775	3320	8656	30,70,0,43,82,52,76,65,25,65,
Easy084	1	100788	4781	343	45,76,50,0,75,0,0,25,30,50,15,30,31,10,5,20,
Easy085	1	100502	3492	2325	45,35,61,60,30,70,91,55,45,86,90,10,20,85,
Easy086	1	100145	3377	4979	5,70,30,15,80,55,70,80,67,25,
Easy087	1	100100	3446	14138	15,15,65,20,0,30,71,40,51,66,50,76,
Easy088	1	100149	3528	4587	11,0,0,21,65,75,30,50,50,80,40,20,66,
Easy089	1	102076	3315	2276	0,15,21,20,10,5,70,40,62,30,55,45,75,76,5,60,
Easy090	1	100257	3397	8071	60,95,95,0,1,35,25,90,91,52,70,95,80,95,95,105,20,5,30,
Easy091	1	100876	4846	1646	16,31,1,70,51,65,51,20,75,
Easy092	1	100689	4976	2070	46,65,65,75,76,0,0,15,20,31,21,10,
Easy093	1	100819	5034	510	65,65,76,50,21,1,80,50,35,51,85,5,5,65,
Easy094	1	100659	3802	6402	60,75,10,1,55,20,21,6,30,40,56,
Easy095	1	100895	4255	122	10,56,35,20,55,40,10,40,7,46,50,31,
Easy096	1	100082	3403	7912	70,0,16,20,20,30,70,60,40,42,56,15,70,66,5,30,
Easy097	1	100585	3268	885	60,32,30,75,50,65,10,76,20,41,66,
Easy098	1	101043	3482	5569	0,17,5,35,70,71,20,60,61,40,50,85,20,
Easy099	1	100248	3577	4789	85,70,85,85,0,0,50,60,0,81,62,45,86,55,
Easy100	1	100118	4450	705	30,62,30,1,85,17,6,70,20,35,70,41,60,
Easy101	1	100139	3444	3542	50,67,1,0,70,70,61,40,41,75,40,65,65,75,6,35,
Easy102	1	100178	4339	640	17,40,60,60,1,25,0,65,32,20,30,60,5,50,
Easy103	1	100536	5954	1239	30,75,60,42,75,65,36,5,15,50,20,40,
Easy104	1	101775	3355	2143	50,85,85,75,85,40,76,1,52,60,35,
Easy105	1	100543	4003	7399	1,41,60,40,60,51,71,30,71,55,65,25,5,26,
Easy106	1	100452	3220	11948	40,50,10,41,35,40,10,75,85,65,21,75,
Easy107	1	100189	5184	684	75,67,1,15,23,30,40,10,40,
Easy108	1	100610	3573	1483	0,30,80,65,90,43,25,35,65,96,
Easy109	1	100601	3959	2558	21,0,80,80,31,61,72,55,65,70,45,86,
Easy110	1	100399	6294	1423	1,51,90,35,60,25,90,60,61,55,35,96,46,
Easy111	1	100214	5301	681	40,50,95,60,76,85,1,0,15,45,20,22,10,40,5,50,
Easy112	1	100571	3608	2095	1,25,41,51,35,85,40,25,70,25,6,35,
Easy113	1	100654	3564	2458	76,21,40,30,85,60,50,85,85,11,75,30,7,40,
Easy114	1	100029	3658	6505	35,43,1,51,31,62,60,55,35,5,25,25,16,
Easy115	1	100313	4423	310	75,85,56,105,95,96,25,0,15,32,20,30,10,5,40,
Easy116	1	100315	3297	6335	1,10,55,21,60,80,40,77,20,
Easy117	1	100387	4071	4417	60,25,1,60,81,50,75,26,31,61,5,50,46,
Easy118	1	100714	3789	1924	30,60,95,70,10,20,60,70,82,46,75,96,50,
Easy119	1	100035	3625	4637	85,76,46,30,1,25,50,30,25,25,50,85,
Easy120	1	101529	3593	6094	70,30,10,30,53,46,60,35,86,77,
Easy121	1	100263	4007	296	65,41,30,0,75,0,27,5,50,5,40,15,50,40,30,
Easy122	1	100324	5315	372	25,85,30,6,40,96,52,90,60,45,60,70,70,25,45,25,
Easy123	1	100815	3642	7614	60,1,85,51,60,73,85,85,55,45,65,
Easy124	1	100196	5415	811	65,56,75,76,1,15,30,20,21,20,10,5,30,41,
Easy125	1	100743	3458	3643	80,60,1,90,40,15,22,50,30,10,76,7,75,
Easy126	1	100779	5494	3391	46,0,67,55,0,45,16,71,30,15,5,20,
Easy127	1	100620	3380	1743	70,10,60,45,31,51,81,62,55,80,5,76,
Easy128	1	100394	5422	1245	105,75,115,97,0,85,35,0,115,40,60,25,41,30,25,25,5,50,
Easy129	1	100189	3686	14729	0,30,41,75,65,0,31,51,65,25,30,5,76,25,41,65,
Easy130	1	100155	3220	13766	0,71,62,30,56,86,15,30,16,20,20,60,85,30,
Easy131	1	100455	6983	3566	20,77,0,60,0,52,60,35,5,45,
Easy132	1	101819	3483	1631	45,45,0,51,80,36,81,75,45,65,75,66,25,51,35,
Easy133	1	100366	3323	9246	20,45,50,60,95,0,30,62,81,105,71,5,25,80,96,
Easy134	1	101166	3288	3268	60,0,85,16,90,70,20,20,50,20,40,11,5,31,40,86,
Easy135	1	100612	5142	386	25,35,50,65,25,40,85,5,17,50,0,45,22,40,30,
Easy136	1	100161	5381	2686	50,66,20,65,30,15,31,70,40,60,56,55,
Easy137	1	101884	3383	638	51,10,75,30,20,40,60,10,87,20,75,6,40,
Easy138	1	102060	3355	6739	70,45,0,0,15,22,92,52,85,10,30,85,97,85,
Easy139	1	100927	5610	3968	55,70,36,55,6,16,80,21,41,
Easy140	1	100228	3458	4688	62,85,0,27,71,5,41,60,15,70,30,
Easy141	1	100607	3807	1596	25,25,81,15,30,50,30,50,5,62,25,45,55,
Easy142	1	100157	4679	1670	76,65,45,66,0,16,22,11,31,5,75,
Easy143	1	100331	4553	2538	50,70,20,70,85,41,1,17,71,5,5,20,30,
Easy144	1	100352	3234	2838	0,65,40,25,30,80,51,77,80,25,31,66,
Easy145	1	100657	3345	11156	20,0,40,80,40,10,31,50,60,62,85,10,6,75,
Easy146	1	100167	3941	1612	40,60,10,60,80,80,91,90,85,0,0,26,50,70,25,30,70,
Easy147	1	100838	3405	3907	40,65,75,11,5,31,80,25,
Easy148	1	103799	3345	2554	15,65,71,51,70,45,65,22,51,10,10,65,85,
Easy149	1	100296	3540	1087	70,50,0,51,15,62,50,75,85,16,20,30,
Easy150	1	100491	3324	17240	36,86,46,50,60,25,0,25,50,90,35,73,95,85,
Easy151	1	100636	5652	456	5,60,76,75,66,56,87,2,15,25,31,30,20,30,40,10,
Easy152	1	100398	3534	1810	10,0,55,41,35,72,55,26,36,67,41,25,5,55,
Easy153	1	100338	3243	7613	40,60,75,76,2,70,81,50,70,51,86,35,50,76,
Easy154	1	103296	3352	2840	30,65,57,2,70,50,65,43,75,55,65,
Easy155	1	100099	3676	1519	10,50,62,70,50,70,81,80,96,20,36,40,95,75,
Easy156	1	102012	3402	9125	0,35,71,95,27,40,5,25,40,40,80,15,70,81,70,31,51,
Easy157	1	100956	3872	1365	46,16,20,50,87,65,66,70,20,
Easy158	1	100664	3787	9061	75,75,31,80,30,60,70,61,55,86,40,60,76,5,40,
Easy159	1	101133	3294	12555	5,10,60,32,10,55,71,40,81,20,40,55,40,67,55,
Easy160	1	100193	3603	2073	20,1,50,50,85,50,5,5,25,46,25,15,30,85,60,70,90,85,
Easy161	1	102802	3335	6985	5,21,5,85,51,31,60,60,41,15,86,
Easy162	1	102555	3535	22012	42,50,30,60,1,85,60,25,51,73,30,25,66,55,55,
Easy163	1	100655	3544	8636	40,50,0,90,72,95,85,6,15,20,30,60,50,
Easy164	1	100290	3254	1992	50,5,80,20,80,20,66,70,30,40,50,10,65,
Easy165	1	100511	3315	7948	0,0,30,80,51,80,30,41,76,25,51,41,35,86,
Easy166	1	101492	3288	4995	80,0,50,30,41,52,92,85,75,45,25,75,85,5,25,
Easy167	1	100888	5615	628	75,75,65,96,85,86,1,15,25,33,40,10,50,20,
Easy168	1	100607	3699	1745	75,65,18,71,37,85,26,25,86,40,
Easy169	1	100189	3566	3401	20,56,46,55,0,10,22,30,76,30,75,65,66,
Easy170	1	100528	4864	575	87,55,65,66,2,15,25,30,31,40,30,10,20,
Easy171	1	100669	3250	31741	80,70,10,80,20,41,11,15,51,70,32,67,80,50,77,
Easy172	1	101528	3299	1988	60,60,85,55,75,95,86,15,23,10,61,31,
Easy173	1	100366	3920	4137	25,0,0,80,51,80,15,60,61,60,55,80,55,40,41,36,85,26,86,
Easy174	1	100184	5368	1456	26,7,71,16,70,31,40,50,65,
Easy175	1	100092	3569	3488	0,25,25,71,25,5,16,70,61,60,30,40,30,50,85,
Easy176	1	101872	3353	36548	1,80,75,27,60,32,22,40,80,50,50,40,70,61,50,86,76,6,75,
Easy177	1	100152	3266	8569	36,40,50,0,90,60,71,71,35,86,26,50,85,95,
Easy178	1	100229	3218	1327	61,55,10,76,20,40,30,85,20,30,61,85,75,
Easy179	1	100600	3354	18977	30,40,25,0,30,41,0,51,61,71,25,71,56,65,
Easy180	1	100854	3285	10386	0,90,72,95,46,16,31,30,22,10,5,85,51,10,
Easy181	1	101056	3292	10498	10,55,10,20,0,60,30,30,42,72,31,56,66,
Easy182	1	100371	3932	733	77,0,65,0,16,22,32,40,51,30,40,20,11,
Easy183	1	101758	3605	3518	0,35,15,80,35,62,85,55,85,16,72,60,5,20,
Easy184	1	100604	4641	824	16,95,40,15,60,60,0,1,65,25,33,60,5,20,50,
Easy185	1	100668	4510	722	96,30,41,1,15,60,85,50,95,0,45,21,50,21,40,10,
Easy186	1	100576	3549	1415	0,41,26,36,15,80,50,75,25,40,5,80,75,
Easy187	1	100282	5630	1147	30,0,1,55,60,61,71,51,83,75,55,5,45,
Easy188	1	102267	3668	7525	0,25,56,70,81,40,32,65,65,85,65,10,41,85,
Easy189	1	100212	3394	2572	72,5,80,20,10,41,40,25,35,40,66,87,
Easy190	1	100043	3269	1243	70,60,5,70,20,85,31,15,41,50,30,80,50,77,
Easy191	1	100723	3288	2611	1,15,40,70,22,100,50,90,60,10,85,5,86,30,
Easy192	1	103499	3324	7547	40,65,65,65,2,75,80,60,52,50,35,75,85,65,
Easy193	1	100053	3210	21829	70,30,85,20,0,0,90,41,61,11,50,50,41,86,5,26,
Easy194	1	100063	3731	1030	5,60,60,76,5,16,25,30,26,40,50,10,70,80,67,
Easy195	1	100255	3892	10476	5,70,71,20,30,40,5,51,65,
Easy196	1	100080	3646	8828	1,32,25,6,42,15,20,20,50,65,72,66,
Easy197	1	101789	3474	1663	60,75,10,20,31,41,50,86,85,75,
Easy198	1	104312	3543	20996	0,0,31,60,26,50,52,20,40,30,75,80,60,75,80,5,75,15,
Easy199	1	100584	4798	2205	86,96,76,27,1,71,16,32,11,41,
Easy200	1	101023	4605	1374	30,67,75,1,15,75,23,10,6,30,
Easy201	1	100146	3897	2158	25,0,42,0,81,36,53,5,70,5,30,87,
Easy202	1	100150	3302	456	30,30,75,15,57,60,20,20,40,75,21,75,67,51,5,10,
Easy203	1	104284	3727	4833	30,60,20,70,53,10,75,85,36,
Easy204	1	101842	3267	3668	10,20,60,60,55,55,96,70,85,85,10,20,31,61,
Easy205	1	101930	4935	320	75,6,75,56,80,81,10,30,42,35,20,67,
Easy206	1	100166	4552	2042	15,56,70,70,1,33,40,20,67,
Easy207	1	100446	3272	1841	75,5,11,80,5,90,80,90,31,41,51,25,61,76,
Easy208	1	100733	4546	3251	66,86,25,95,26,80,80,1,16,30,41,31,11,
Easy209	1	100457	3724	6029	20,0,10,0,45,71,70,50,51,65,65,50,75,76,65,30,
Easy210	1	100558	4210	2450	80,95,1,0,90,60,60,70,45,90,71,70,96,65,55,
Easy211	1	101040	3841	765	40,25,40,70,61,55,71,56,35,65,45,20,15,22,10,40,70,
Easy212	1	100475	3661	4261	0,30,11,0,72,31,30,40,65,40,75,51,66,20,51,76,45,
Easy213	1	101048	3432	2709	35,25,80,51,61,72,35,95,35,105,80,65,5,80,95,
Easy214	1	100384	4499	7355	85,67,0,17,71,26,40,30,
Easy215	1	100148	3305	9937	85,45,90,0,51,61,10,85,35,50,75,5,35,76,
Easy216	1	102045	3670	861	45,45,1,0,70,90,51,70,80,65,50,65,41,90,80,81,91,76,46,
Easy217	1	101485	3829	2515	30,60,72,80,105,45,10,20,60,80,90,45,90,105,90,105,85,50,
Easy218	1	101104	4390	3267	65,0,77,0,15,21,40,20,10,30,
Easy219	1	100211	4408	8133	45,65,77,55,1,15,46,16,81,30,20,
Easy220	1	100954	3530	4985	1,10,50,35,41,50,25,51,61,45,73,45,65,35,6,25,
Easy221	1	101834	3573	1866	25,100,31,40,96,86,100,41,35,35,50,75,40,107,81,5,95,20,
Easy222	1	101174	3866	1349	40,75,30,66,85,1,40,50,75,25,40,40,75,
Easy223	1	100143	3368	4863	65,80,20,30,50,40,76,15,66,20,51,75,5,85,16,
Easy224	1	100547	3418	537	40,80,105,105,1,55,61,0,70,101,71,66,70,106,50,45,45,
Easy225	1	102097	3291	6055	55,30,10,80,40,20,80,5,71,65,66,30,20,40,56,
Easy226	1	102195	3596	781	81,75,75,66,25,56,25,15,15,31,42,30,21,80,80,30,40,11,
Easy227	1	100411	4547	794	80,80,75,50,46,105,96,95,0,15,25,30,31,20,50,30,10,81,
Easy228	1	101056	3411	1510	0,70,70,0,31,43,70,20,36,21,65,75,55,66,76,56,
Easy229	1	100936	3342	4672	10,76,10,81,30,20,50,60,40,96,95,75,6,20,30,
Easy230	1	100131	4654	912	65,71,26,5,16,30,5,40,65,50,31,10,5,20,76,75,
Easy231	1	100368	3772	690	0,16,96,20,101,20,31,41,51,60,86,70,85,15,
Easy232	1	101262	3247	6106	40,0,15,62,50,30,80,76,15,40,15,30,20,
Easy233	1	100652	3873	3783	75,15,55,15,35,15,25,15,97,40,60,71,36,26,
Easy234	1	100768	3376	5011	20,35,15,42,85,40,76,50,75,20,15,30,61,5,86,5,15,
Easy235	1	100732	4031	1021	60,35,25,41,50,35,50,60,71,35,71,55,65,
Easy236	1	100734	3491	13371	1,45,21,53,85,40,35,60,90,40,85,62,45,35,85,
Easy237	1	100572	3572	25121	70,5,25,16,30,16,20,1,80,52,45,61,40,6,96,
Easy238	1	100412	3844	2993	35,35,76,10,75,25,0,61,81,61,35,40,56,
Easy239	1	101021	3705	10245	25,0,31,25,55,75,40,61,15,81,30,15,75,
Easy240	1	100845	3652	1383	26,15,0,50,80,30,50,80,45,61,61,25,55,45,86,
Easy241	1	100440	3625	1339	50,50,30,20,45,20,16,97,75,76,80,20,
Easy242	1	101528	4554	2807	85,96,0,27,80,0,40,80,15,15,30,50,30,50,30,11,
Easy243	1	101152	4265	6362	10,80,70,36,25,5,25,5,41,40,50,20,60,30,77,
Easy244	1	100457	3446	4864	0,11,0,72,22,30,20,55,30,43,56,66,35,65,76,75,
Easy245	1	100276	3313	33517	1,81,51,16,51,22,63,10,80,17,42,87,30,76,5,6,75,
Easy246	1	100857	3946	781	0,105,16,26,105,31,41,70,51,80,61,96,25,5,95,
Easy247	1	100070	3690	838	85,45,45,35,35,35,76,75,25,50,60,45,92,50,85,
Easy248	1	100418	3277	3621	1,60,15,90,80,21,40,20,10,5,30,50,77,
Easy249	1	100859	3199	2648	75,11,20,41,50,76,65,41,35,87,
Easy250	1	100527	4604	8223	25,0,75,67,0,42,51,75,35,80,40,7,75,
Easy251	1	100820	4223	1217	105,0,55,80,0,16,30,31,10,20,21,10,5,41,
Easy252	1	101222	3461	2104	76,25,1,31,85,42,80,36,5,90,5,50,75,
Easy253	1	101046	3824	2679	75,41,35,51,35,75,82,11,51,60,95,41,96,75,
Easy254	1	100698	4531	547	75,65,35,26,40,5,50,17,0,45,21,30,20,40,
Easy255	1	100595	4029	2999	40,25,51,15,35,40,25,50,61,70,71,25,65,35,
Easy256	1	100119	3429	9366	75,75,46,1,95,25,25,36,53,60,21,60,30,30,
Easy257	1	100251	3955	6098	25,25,16,31,0,40,50,90,61,85,75,76,86,60,95,
Easy258	1	102039	3222	2647	71,40,10,5,40,62,35,70,55,81,56,41,
Easy259	1	100399	3337	8834	10,0,0,10,72,33,75,40,52,25,50,76,25,67,
Easy260	1	101511	5816	446	45,75,85,0,75,0,75,51,0,81,61,61,86,55,45,
Easy261	1	101013	3277	4704	70,81,15,35,5,25,50,42,50,61,20,30,77,
Easy262	1	101143	3286	9300	0,15,90,50,76,23,85,10,30,61,75,85,
Easy263	1	101201	3215	7302	25,0,30,50,90,15,30,41,31,10,60,20,5,85,85,
Easy264	1	100512	3774	1519	95,80,10,80,95,56,76,25,30,25,40,25,100,60,71,90,87,
Easy265	1	101371	3280	4601	60,81,15,20,70,42,80,57,66,30,
Easy266	1	101020	3618	9749	0,65,10,0,41,30,52,75,50,20,45,76,35,
Easy267	1	100791	4484	2487	25,40,6,95,16,16,1,91,45,71,22,40,70,80,55,5,70,
Easy268	1	101420	3368	2051	85,30,60,70,20,32,50,75,85,85,10,41,76,
Easy269	1	100220	3299	19358	36,25,16,30,60,75,35,5,43,50,80,70,65,10,65,65,26,
Easy270	1	100447	4097	3704	40,15,76,66,15,21,0,90,30,52,75,85,95,
Easy271	1	100345	4757	6594	17,5,5,21,20,72,0,31,42,35,67,
Easy272	1	100850	11404	1067	86,17,36,25,25,41,51,1,90,72,95,6,85,
Easy273	1	101233	5882	2158	65,57,65,40,65,75,1,32,40,30,75,5,75,25,
Easy274	1	100614	3419	1168	35,25,35,56,61,71,101,100,90,81,35,81,96,75,
Easy275	1	100414	4799	1477	75,40,51,76,36,5,16,15,20,0,30,71,55,31,5,45,
Easy276	1	101267	3196	5306	0,20,31,60,50,41,30,70,60,85,70,85,70,30,15,
Easy277	1	100073	3390	12053	0,20,0,20,90,40,40,90,51,60,85,51,45,96,35,85,
Easy278	1	100880	3926	3322	86,21,31,61,105,95,85,0,52,70,71,45,65,96,
Easy279	1	103018	3324	10654	65,10,70,70,5,85,40,41,80,90,50,51,35,77,5,65,65,
Easy280	1	101772	3927	1698	55,35,55,25,5,45,25,60,5,15,16,0,65,22,60,5,40,30,
Easy281	1	100765	3248	4340	75,30,50,80,90,15,30,50,91,60,62,55,75,45,75,5,86,
Easy282	1	100741	3787	4891	67,35,0,35,35,15,22,40,10,6,50,80,75,75,
Easy283	1	100625	3502	10877	20,0,20,91,80,35,53,96,5,45,45,85,65,85,35,
Easy284	1	100059	3558	4371	5,95,95,66,75,81,105,35,35,80,61,25,55,91,25,106,35,55,60,60,
Easy285	1	102571	3262	6043	80,72,41,51,65,36,66,11,51,40,40,
Easy286	1	100374	4619	432	26,66,55,1,40,42,70,6,61,25,70,36,
Easy287	1	101142	5851	737	85,75,105,105,95,85,96,15,0,35,16,40,0,25,42,30,60,50,20,
Easy288	1	100603	3640	987	35,1,15,15,70,15,80,70,80,35,41,70,40,30,60,87,40,
Easy289	1	100817	3203	10872	90,41,0,60,50,60,15,40,100,86,97,23,10,65,5,30,
Easy290	1	102069	3252	2360	11,40,21,75,50,60,40,86,75,5,35,35,
Easy291	1	100061	3220	15144	40,0,15,70,15,60,81,40,71,55,80,15,20,40,20,95,
Easy292	1	101015	3242	20738	70,70,40,15,55,60,20,95,71,61,46,56,86,20,15,96,85,60,15,
Easy293	1	100531	3314	1010	60,10,0,50,35,0,43,80,6,70,80,30,50,65,25,66,
Easy294	1	102615	3854	1667	40,40,50,35,81,25,70,50,61,71,85,70,36,65,85,
Easy295	1	100799	3258	6173	80,5,51,35,25,41,60,5,41,70,20,30,10,85,86,
Easy296	1	100789	3432	2020	35,42,85,85,30,50,85,25,65,32,75,20,81,46,66,10,76,
Easy297	1	101165	3379	752	76,65,1,31,25,30,40,56,6,60,70,55,
Easy298	1	100970	3534	2402	40,11,21,6,40,80,80,91,51,61,75,35,75,
Easy299	1	100548	3231	1533	50,30,75,51,85,45,60,95,15,21,21,10,50,86,30,
Easy300	1	100913	3643	11299	85,55,55,0,35,0,25,25,91,16,35,70,40,0,85,50,70,71,85,35,96,55,
Easy301	1	101378	3203	4403	60,21,0,10,75,76,42,72,40,65,10,55,80,5,81,20,66,
Easy302	1	100961	4040	3260	80,80,1,62,85,70,85,46,85,0,51,72,56,80,81,66,
Easy303	1	101391	3948	2601	40,61,10,40,30,26,95,96,76,80,30,75,
Easy304	1	100462	3938	16270	76,50,95,75,20,0,0,50,85,50,40,61,35,40,50,40,86,
Easy305	1	100644	4153	4150	30,90,20,40,81,40,70,70,65,70,80,46,97,65,80,20,70,36,
Easy306	1	101439	3238	12599	90,60,60,30,0,50,20,30,41,15,70,60,31,5,15,50,86,
Easy307	1	100245	3897	6454	25,75,31,80,41,61,60,57,75,45,87,45,20,36,6,60,
Easy308	1	102111	3287	7508	10,10,70,0,50,42,81,51,30,40,80,76,25,66,65,
Easy309	1	100094	3685	2185	60,26,0,15,50,30,60,73,55,5,65,45,25,
Easy310	1	100950	4572	1931	5,35,10,80,5,90,35,50,26,41,60,40,20,70,5,30,97,
Easy311	1	101388	3449	8220	11,40,21,75,60,31,51,90,90,61,60,76,55,45,5,87,
Easy312	1	101023	3295	4554	90,60,1,16,32,20,70,41,21,50,86,11,
Easy313	1	100109	4497	12331	66,86,5,1,27,6,16,70,70,40,30,
Easy314	1	101749	3695	5260	80,43,26,5,16,70,81,30,66,31,55,85,86,65,56,
Easy315	1	102055	5336	9273	60,50,85,76,20,45,86,1,52,5,5,60,35,
Easy316	1	100623	3793	3390	35,61,35,40,70,25,40,87,51,70,71,65,35,55,
Easy317	1	100889	3290	2104	75,61,80,55,25,75,31,75,95,60,5,15,30,81,20,20,60,
Easy318	1	100441	3732	1389	85,75,20,85,90,45,50,85,0,51,75,75,0,40,15,60,22,10,50,30,97,
Easy319	1	101125	3958	1457	81,10,55,45,61,71,90,90,55,90,85,90,75,
Easy320	1	101535	3288	39139	20,1,41,10,10,91,50,90,52,45,45,33,40,62,87,96,95,77,
Easy321	1	100314	3227	1428	5,80,81,90,10,105,105,10,5,31,41,30,51,61,71,25,100,96,95,
Easy322	1	101918	3988	15558	0,51,0,45,20,80,45,61,71,60,41,55,55,85,25,85,85,60,
Easy323	1	101501	3629	1302	75,55,35,25,40,5,5,17,1,45,22,40,6,30,
Easy324	1	100852	3819	987	51,85,20,30,60,61,85,46,16,22,32,11,51,60,
Easy325	1	100215	4603	1284	75,50,66,85,75,35,85,21,0,0,90,50,75,51,95,
Easy326	1	100147	3393	10066	40,26,0,0,40,35,91,50,86,75,60,85,51,60,35,40,60,96,40,
Easy327	1	100508	3197	1784	80,60,90,46,51,70,50,50,60,15,40,95,20,86,20,20,96,10,85,5,30,
Easy328	1	104218	3350	6956	95,0,10,21,41,30,51,85,51,35,45,60,71,86,6,96,
Easy329	1	100603	3210	4170	6,80,70,80,95,10,11,20,20,90,31,41,51,77,5,65,66,
Easy330	1	100278	3408	240	30,40,55,5,65,70,25,25,30,66,5,40,70,56,
Easy331	1	102127	3448	4347	10,31,40,51,81,10,90,40,71,90,65,90,105,85,90,75,106,
Easy332	1	101485	3483	19511	90,45,105,2,100,25,101,61,70,70,83,56,76,60,105,105,105,
Easy333	1	103391	3426	25054	36,85,0,61,70,35,45,0,30,52,35,70,26,60,50,70,65,86,65,
Easy334	1	100240	4426	1077	25,15,5,50,65,26,72,40,50,5,35,80,35,
Easy335	1	101260	3232	2617	30,10,70,5,65,80,95,22,41,51,90,75,76,5,66,
Easy336	1	101147	3514	9530	10,1,80,50,30,76,51,85,7,60,21,
Easy337	1	102997	3246	11813	0,61,15,40,86,60,55,97,23,10,31,60,
Easy338	1	101062	3458	2594	70,95,25,85,0,101,100,51,35,61,35,50,60,106,105,80,46,20,
Easy339	1	100396	4837	3229	45,25,85,75,75,25,30,85,30,1,90,60,61,85,95,
Easy340	1	102571	5946	1064	1,75,80,25,15,76,80,31,41,15,41,86,35,25,
Easy341	1	100178	4595	2956	85,66,65,77,1,41,31,51,25,40,31,85,5,40,85,
Easy342	1	101671	3389	1231	60,77,1,20,42,26,32,20,71,57,65,
Easy343	1	100677	5943	1506	26,65,40,35,65,65,1,71,25,42,76,35,
Easy344	1	101991	3384	10252	5,70,90,86,15,30,40,5,15,41,50,30,50,80,61,75,27,90,76,
Easy345	1	100630	4638	1215	6,45,15,20,80,90,35,45,35,50,60,70,51,30,40,97,
Easy346	1	100414	5147	1455	35,95,95,35,5,62,56,77,1,0,15,65,23,10,60,7,40,
Easy347	1	100782	3656	7933	55,77,1,25,15,31,86,31,10,5,41,20,
Easy348	1	101376	4377	1120	70,95,70,105,95,0,45,1,50,95,100,100,61,45,61,105,55,105,
Easy349	1	102090	3337	5444	15,50,85,0,70,26,16,30,0,41,61,25,100,15,85,40,85,
Easy350	1	101408	3323	2382	30,20,5,15,70,30,40,40,52,61,45,87,
Easy351	1	100815	3517	13811	45,86,95,15,101,21,85,50,70,50,60,61,35,96,55,
Easy352	1	101735	4525	2762	45,67,1,45,15,80,70,55,45,30,70,16,20,
Easy353	1	100892	4024	1142	25,85,55,1,30,0,30,20,41,67,56,75,20,40,35,20,
Easy354	1	100901	3580	5889	85,65,46,75,65,96,85,1,27,85,30,5,50,
Easy355	1	101029	3358	23722	20,26,25,0,16,31,80,80,52,45,85,40,36,75,45,11,62,85,6,75,
Easy356	1	101515	4692	1215	45,5,15,5,80,20,91,45,36,50,51,5,30,60,40,95,95,70,95,
Easy357	1	100568	3394	3188	20,61,20,71,85,5,42,35,90,80,77,
Easy358	1	101169	3308	2814	41,15,81,20,30,67,20,30,40,80,56,55,5,76,75,
Easy359	1	101138	3645	6114	45,20,0,55,10,101,30,95,100,0,60,80,60,61,6,70,96,
Easy360	1	100496	3227	12163	85,20,15,31,5,41,52,20,85,100,60,70,70,95,85,45,95,
Easy361	1	103618	3417	13184	80,50,25,26,30,85,10,1,60,60,30,70,50,45,51,5,61,70,86,
Easy362	1	108151	3459	7796	0,20,65,30,15,80,20,30,80,50,52,41,75,66,41,35,86,75,
Easy363	1	102288	3575	5195	85,0,60,25,30,90,50,60,70,71,46,70,55,65,85,85,
Easy364	1	100441	5100	962	116,105,70,96,115,1,15,40,25,33,40,20,51,10,
Easy365	1	102041	3319	10534	66,25,45,30,85,20,86,76,75,10,6,30,20,
Easy366	1	103188	4473	2325	65,25,75,35,2,30,40,50,75,85,30,66,30,5,75,51,45,
Easy367	1	102175	3297	4775	15,16,20,40,30,80,20,70,0,40,40,40,81,52,65,65,76,
Easy368	1	101332	3307	4409	40,85,15,15,75,16,21,0,30,50,60,60,31,50,76,85,85,
Easy369	1	101882	3389	2323	95,25,51,36,70,70,25,40,60,82,100,35,65,80,75,5,95,5,100,95,
Easy370	1	101616	3919	7201	35,0,86,60,105,85,0,95,61,50,70,60,51,70,95,45,95,
Easy371	1	100694	4075	8171	50,10,5,5,80,35,35,26,42,20,50,60,70,30,87,
Easy372	1	101387	4958	1914	90,10,6,20,90,55,5,41,35,35,61,70,60,30,50,80,97,
Easy373	1	100187	3631	19132	50,10,0,63,30,91,20,5,90,72,36,40,6,87,
Easy374	1	100968	4973	604	37,66,25,55,1,72,81,46,45,86,75,50,20,76,
Easy375	1	100641	3353	1318	20,0,15,15,15,45,5,71,26,81,80,30,50,60,95,70,30,
Easy376	1	100970	3296	2032	50,62,50,85,45,60,86,77,10,30,5,5,20,
Easy377	1	101433	3336	10346	81,75,20,30,10,30,50,41,60,61,52,75,86,45,7,75,
Easy378	1	101193	3319	5149	90,20,15,85,30,91,56,100,20,15,40,60,15,31,15,107,20,
Easy379	1	100796	3913	3639	10,20,0,90,51,46,60,71,70,65,41,97,57,
Easy380	1	100418	3481	22427	20,37,1,16,80,30,42,80,10,10,61,75,5,60,55,86,5,75,
Easy381	1	102128	3301	16534	45,55,55,0,45,35,35,0,25,81,60,0,76,51,25,61,50,86,6,35,
Easy382	1	101806	3335	1755	20,40,65,50,95,0,75,65,0,15,20,30,81,20,20,76,
Easy383	1	104180	3618	8992	85,65,25,40,0,95,85,40,50,0,31,77,51,30,45,66,
Easy384	1	100619	3485	16332	50,15,90,90,50,48,95,21,70,60,70,17,96,50,30,
Easy385	1	100958	3244	845	0,61,40,77,25,60,30,31,0,30,21,72,55,42,25,67,6,56,
Easy386	1	100845	3275	9355	40,25,75,60,90,55,30,56,95,87,21,30,5,95,11,30,
Easy387	1	103255	3269	5506	1,72,61,41,20,60,31,40,40,22,57,75,10,31,65,65,76,65,
Easy388	1	100736	3790	2014	27,75,35,10,75,36,87,41,60,50,92,75,
Easy389	1	100614	3834	2347	50,0,50,85,67,0,15,22,76,50,10,30,50,5,75,
Easy390	1	101207	3263	2140	75,0,30,90,40,50,60,50,85,75,85,90,26,75,31,85,
Easy391	1	103512	3589	3234	90,85,75,1,36,36,97,27,6,40,60,40,50,
Easy392	1	101714	4025	3853	45,35,50,85,5,16,15,0,85,85,0,26,55,30,31,25,60,40,50,
Easy393	1	101516	3342	5452	0,60,80,60,11,31,50,80,43,86,75,25,5,75,35,
Easy394	1	103334	3815	4358	60,55,45,30,10,0,82,60,20,61,85,76,86,5,5,75,
Easy395	1	100484	3464	6700	0,30,95,85,25,40,60,25,40,51,60,73,65,96,55,86,
Easy396	1	100095	5735	943	30,86,40,75,20,50,66,85,40,0,0,15,22,10,30,
Easy397	1	100535	3723	8378	80,20,52,35,5,16,70,80,80,40,50,35,65,41,86,66,85,
Easy398	1	101721	4298	8874	5,70,85,5,15,15,27,32,11,82,1,41,50,77,25,41,
Easy399	1	102374	3796	9329	10,61,1,76,50,25,75,41,41,71,50,67,
Easy400	1	105463	3382	6478	25,60,16,91,30,85,1,60,40,60,16,70,70,40,40,25,60,5,86,25,
Easy401	1	100767	3318	8316	0,30,90,15,71,40,70,30,20,15,50,63,55,86,15,
Easy402	1	101293	3756	2713	35,35,26,40,50,6,17,30,0,0,55,45,22,50,20,40,30,
Easy403	1	104284	3295	16968	15,20,30,51,80,32,40,75,40,96,15,86,10,21,85,40,50,40,50,10,
Easy404	1	100203	4221	1993	40,95,75,55,76,0,0,26,80,25,6,15,30,80,40,
Easy405	1	102873	3251	7549	20,60,51,46,96,75,87,95,6,11,20,20,51,
Easy406	1	101638	3953	3459	0,60,25,80,61,70,80,55,35,36,50,85,75,86,20,
Easy407	1	101495	5069	1276	65,76,30,0,55,96,65,87,0,15,20,0,35,22,40,30,10,
Easy408	1	104052	3336	22500	21,80,90,0,41,40,70,20,50,16,97,40,30,0,45,30,70,50,31,91,40,85,86,
Easy409	1	102587	3371	5521	25,81,50,51,86,60,95,95,95,85,0,0,60,0,70,45,81,70,71,86,65,
Easy410	1	100367	3411	19603	65,70,15,35,2,30,81,53,43,86,66,35,
Easy411	1	101325	3534	2562	0,91,30,50,60,25,15,30,60,70,26,50,72,65,45,55,
Easy412	1	101593	3390	6437	20,5,50,71,81,15,80,20,50,60,61,55,5,96,35,
Easy413	1	100634	4201	2391	50,0,65,40,77,20,0,15,30,21,20,10,5,40,
Easy414	1	102636	3767	2987	40,20,0,71,50,81,81,75,55,102,55,6,30,60,95,96,
Easy415	1	102515	3388	22810	33,85,16,60,15,77,40,1,40,50,25,41,86,
Easy416	1	101329	3252	6955	70,46,85,55,5,60,60,61,50,40,81,30,10,97,20,
Easy417	1	100956	3746	7008	0,15,35,25,81,80,41,61,70,71,65,70,65,95,56,36,96,16,
Easy418	1	100637	5967	6235	35,95,95,87,1,60,71,45,61,55,
Easy419	1	101944	4611	1937	25,35,25,51,40,5,17,0,55,22,30,50,
Easy420	1	101760	4614	1176	40,65,106,97,0,0,25,15,16,0,45,33,50,40,20,
Easy421	1	102793	3380	1975	61,35,55,75,26,40,75,5,15,15,15,0,75,45,22,60,30,60,40,
Easy422	1	100953	3337	18432	11,55,30,61,60,105,70,90,51,90,70,81,80,80,45,25,106,75,55,20,
Easy423	1	101082	3268	6793	80,90,35,6,25,10,75,40,41,10,90,20,51,61,30,87,
Easy424	1	100811	3599	11484	25,15,5,65,81,80,31,70,16,40,51,76,
Easy425	1	101202	3310	9420	60,45,35,26,50,85,60,85,90,72,65,46,70,95,95,6,36,
Easy426	1	100604	3241	6937	20,0,90,91,35,20,50,35,40,65,85,76,0,40,40,51,40,31,97,75,
Easy427	1	101052	3223	6603	40,61,0,95,40,15,55,95,20,60,15,20,86,30,21,30,10,60,95,10,
Easy428	1	100373	3401	12212	0,95,25,50,15,30,60,83,55,66,5,55,73,46,25,25,
Easy429	1	100748	3343	6435	75,40,95,0,85,0,40,65,50,25,31,50,66,30,50,45,6,76,
Easy430	1	104612	3382	4385	35,41,25,110,0,51,25,110,60,62,116,21,30,80,106,115,56,
Easy431	1	101481	3386	12113	70,10,30,105,90,10,30,40,40,70,61,83,75,105,65,55,5,105,
Easy432	1	100594	5837	831	95,40,56,67,40,95,75,76,2,15,45,22,20,10,40,30,
Easy433	1	102559	3296	2938	80,51,26,50,60,96,86,10,6,35,70,35,5,40,
Easy434	1	102240	3306	5664	81,90,10,45,6,20,45,35,35,50,50,50,30,30,61,41,20,95,70,70,96,
Easy435	1	101719	4322	4070	56,75,95,76,45,1,27,80,6,15,80,30,
Easy436	1	104615	3398	22152	27,1,0,75,16,81,50,65,40,20,76,20,20,66,20,5,51,41,86,16,
Easy437	1	102862	3518	5461	5,81,75,90,45,15,35,20,52,30,60,71,40,96,95,
Easy438	1	103198	3265	46159	1,50,50,20,62,72,80,80,70,55,80,80,90,55,101,5,15,20,117,45,
Easy439	1	102467	3872	3266	66,85,26,35,51,6,17,1,56,40,31,20,30,50,20,50,
Easy440	1	101744	3919	11303	40,87,60,71,70,65,45,1,55,45,16,91,20,45,30,15,
Easy441	1	100764	4084	1242	36,85,45,25,86,50,50,60,60,73,65,35,7,45,
Easy442	1	101209	3334	3769	15,80,20,90,63,95,85,55,20,30,105,86,20,5,10,
Easy443	1	104887	3300	7519	0,15,15,105,20,110,105,30,20,30,50,40,31,60,70,96,105,50,40,21,11,
Easy444	1	102580	3299	4593	1,82,22,65,20,31,52,42,76,66,40,75,86,85,35,
Easy445	1	101301	3680	372	0,15,62,31,20,51,75,20,16,7,10,70,55,
Easy446	1	105939	3339	6100	91,80,40,30,41,50,10,75,60,31,30,85,97,20,86,
Easy447	1	102263	3247	6632	15,5,60,90,40,90,50,40,85,35,60,50,71,20,85,85,20,
Easy448	1	104988	5141	1057	51,45,85,75,67,0,0,15,22,30,20,50,10,50,
Easy449	1	100576	3649	8820	35,2,40,60,30,62,70,36,85,45,15,45,52,40,95,5,95,80,5,95,
Easy450	1	100772	3328	39177	15,85,36,50,91,32,0,16,40,75,90,26,0,52,96,5,41,5,90,35,15,62,76,86,
Easy451	1	103394	5281	1005	30,60,80,75,97,40,76,1,15,22,10,6,30,
Easy452	1	100568	3322	50125	30,95,105,15,30,40,60,16,20,81,0,50,0,61,72,95,15,65,106,61,95,51,
Easy453	1	101291	4021	16775	56,47,75,65,86,67,85,0,27,5,5,15,91,30,
Easy454	1	101102	3809	25351	40,50,100,1,27,15,70,85,25,30,107,16,30,60,70,
Easy455	1	102176	3503	3269	95,66,72,70,26,61,55,105,45,61,90,25,55,
Easy456	1	100736	3250	18241	75,65,15,80,30,55,66,0,15,30,42,80,25,76,86,31,85,
Easy457	1	102266	4161	2803	0,51,95,65,77,0,50,15,20,22,30,40,50,10,
Easy458	1	101388	3623	288	15,30,75,66,25,65,15,30,41,52,15,45,7,35,60,20,
Easy459	1	102382	3314	27232	30,40,90,80,50,25,80,25,30,70,85,91,0,40,51,86,40,76,75,10,40,66,
Easy460	1	105299	3408	12883	45,85,45,2,40,36,40,90,25,40,62,90,52,95,95,5,5,77,35,
Easy461	1	101760	3197	45181	40,90,41,30,20,0,50,10,26,63,45,10,105,71,21,81,40,105,105,
Easy462	1	102750	4218	593	45,15,17,20,45,50,110,111,105,70,50,1,70,90,80,106,35,71,
Easy463	1	102239	3534	6269	0,25,16,30,85,0,15,26,45,45,15,51,95,50,60,100,70,85,
Easy464	1	102428	3224	22858	82,90,20,100,60,30,40,95,10,1,41,50,10,40,20,50,71,96,
Easy465	1	102079	3327	9814	5,55,10,80,80,61,75,32,42,55,70,40,80,67,25,15,55,
Easy466	1	100902	3545	10198	10,1,40,21,40,10,80,41,50,81,50,30,32,51,85,86,76,5,67,5,75,
Easy467	1	102685	3796	11983	0,70,56,15,45,60,80,0,15,80,91,105,111,90,75,45,105,35,81,
Easy468	1	100446	4760	1776	45,30,50,45,86,66,75,65,1,76,15,21,30,20,10,
Easy469	1	101021	3348	7753	85,30,50,0,25,41,30,70,70,50,61,85,85,60,96,60,55,45,
Easy470	1	103057	3253	8714	30,85,15,91,55,85,21,90,61,30,85,70,105,20,30,11,
Easy471	1	104093	3582	6020	90,70,65,52,5,35,26,70,85,40,65,40,40,80,75,35,90,65,90,76,35,
Easy472	1	101267	3326	3365	5,15,30,42,80,30,50,70,50,61,60,55,70,5,20,97,
Easy473	1	101110	5404	7432	30,56,86,77,85,1,15,22,41,10,
Easy474	1	100420	3535	10810	10,20,20,60,77,40,20,0,42,6,32,71,51,80,80,67,10,
Easy475	1	101161	3263	12067	35,0,20,85,45,51,10,70,90,0,80,60,70,71,6,80,60,105,106,
Easy476	1	104158	3392	3838	30,65,45,66,0,31,55,30,75,81,25,5,60,60,15,80,76,
Easy477	1	101617	3297	17960	0,90,10,21,90,31,51,10,63,45,70,95,86,72,55,95,85,
Easy478	1	101886	4706	2756	65,35,26,40,5,16,15,0,45,22,40,30,6,50,
Easy479	1	100529	4513	2812	55,65,56,65,25,10,6,71,70,80,80,30,40,65,
Easy480	1	101461	4049	3563	0,50,101,50,46,65,45,86,85,0,16,15,91,90,50,20,30,
Easy481	1	101699	3622	5721	20,10,20,51,67,0,30,41,40,60,26,40,71,6,31,60,57,
Easy482	1	101856	4128	1329	30,77,87,50,65,1,16,32,22,20,10,10,41,6,50,
Easy483	1	102082	3291	9501	40,35,75,65,26,85,90,90,0,40,40,52,76,95,40,36,95,
Easy484	1	103822	3383	2533	60,75,0,11,80,21,80,31,43,85,50,50,76,51,35,85,
Easy485	1	100486	3533	468	15,60,75,76,60,55,16,21,5,6,25,70,61,
Easy486	1	104497	3746	16746	70,50,95,25,15,30,40,1,70,50,100,100,81,96,80,106,80,75,
Easy487	1	103810	3357	23301	15,25,16,30,25,30,0,0,40,50,62,45,60,71,91,51,41,85,86,
Easy488	1	101257	3601	3698	0,35,65,35,56,70,26,100,70,80,100,80,91,91,65,35,105,85,105,
Easy489	1	100620	3185	3265	75,35,41,50,51,95,17,87,50,30,70,20,46,96,
Easy490	1	101006	3302	2019	71,85,65,35,40,15,35,105,70,106,50,96,22,10,70,40,95,
Easy491	1	101795	5119	1619	40,30,77,65,66,1,15,22,40,10,
Easy492	1	100651	3380	1471	60,80,0,0,80,11,60,22,96,75,30,75,40,50,75,10,
Easy493	1	101058	3616	8698	46,75,35,25,50,61,6,17,45,1,65,22,75,30,60,
Easy494	1	102928	3301	3970	80,15,52,95,85,20,40,75,21,30,76,10,50,
Easy495	1	106233	3894	5682	75,35,45,60,46,26,95,60,5,17,0,65,22,30,60,
Easy496	1	102122	3451	28076	30,70,10,0,20,60,40,70,82,102,35,45,45,50,71,50,96,5,30,95,
Easy497	1	105073	3451	10945	36,40,50,15,90,40,51,61,71,70,106,80,80,105,20,65,
Easy498	1	102389	3571	1744	60,20,20,45,5,52,45,86,5,15,71,50,20,
Easy499	1	100200	5075	1959	35,25,40,6,85,16,50,15,50,1,45,22,40,5,30,
Easy500	1	100714	4444	936	90,70,10,86,90,35,26,40,6,41,50,20,60,30,96,95,
Easy501	1	101529	3888	3195	75,45,85,75,35,50,25,45,25,50,5,5,16,15,0,55,21,20,30,50,6,45,
Easy502	1	103126	3276	4866	5,15,70,20,85,42,50,90,60,90,80,20,75,15,31,50,60,76,
Easy503	1	104377	3323	4579	35,80,45,26,51,61,70,70,36,71,65,97,46,86,
Easy504	1	103924	3620	2864	40,26,75,16,67,30,80,75,25,52,75,85,15,
Easy505	1	102545	3584	6180	40,51,60,77,1,20,21,71,15,31,40,66,56,20,40,65,15,
Easy506	1	100290	3273	13282	55,35,85,27,30,67,0,30,40,10,40,30,50,21,30,50,75,76,
Easy507	1	108189	3399	7863	60,85,95,60,20,55,85,96,30,60,60,0,16,32,20,21,11,41,
Easy508	1	100795	4285	2372	25,60,80,7,25,16,30,76,31,10,40,20,50,87,
Easy509	1	100966	4017	5061	50,75,65,25,76,85,0,52,5,91,71,90,36,46,5,26,
Easy510	1	101659	3565	1696	71,0,81,26,30,66,90,25,55,45,6,16,90,70,30,81,70,
Easy511	1	104342	3412	1459	95,35,40,26,50,40,5,50,71,60,81,35,95,71,35,95,
Easy512	1	101425	4901	6841	40,85,30,56,67,77,0,0,32,40,86,25,
Easy513	1	102112	3668	10549	87,36,5,52,76,96,95,85,2,55,15,23,50,40,10,
Easy514	1	101075	3475	2646	45,100,35,85,27,50,30,6,90,100,90,61,71,86,46,
Easy515	1	101080	6153	3918	30,40,65,55,85,65,85,76,55,85,75,1,17,91,30,20,
Easy516	1	100942	3413	1525	40,15,26,31,85,0,51,70,15,70,61,86,26,15,51,
Easy517	1	100534	3398	5271	10,71,20,60,35,1,86,52,81,50,60,76,5,75,
Easy518	1	106529	3568	7633	70,65,50,35,26,70,35,85,35,5,42,80,51,92,77,5,65,65,
Easy519	1	101912	3570	1913	70,60,60,85,70,86,56,5,17,0,26,32,42,60,30,21,60,7,71,
Easy520	1	102327	3927	1765	40,75,60,75,50,106,95,75,1,25,80,30,26,6,15,80,40,
Easy521	1	100196	3540	3680	16,5,30,31,91,0,20,40,61,71,70,65,40,65,51,85,86,
Easy522	1	103554	3393	400	30,41,50,75,65,80,25,75,75,25,30,6,50,80,66,
Easy523	1	102281	4536	2271	65,35,26,40,5,50,15,16,0,45,22,40,6,30,
Easy524	1	101205	4330	3713	35,15,70,25,80,35,25,40,15,5,50,6,41,20,30,60,87,
Easy525	1	102869	4330	1427	85,45,85,35,50,5,16,15,85,1,55,30,25,32,20,5,50,40,
Easy526	1	100819	3248	37373	30,0,46,26,40,95,45,60,0,25,41,35,52,60,16,87,45,95,50,71,20,36,60,35,15,6,95,
Easy527	1	103633	4081	505	10,55,10,5,71,80,25,6,15,50,15,60,31,
Easy528	1	101768	4175	1409	51,85,36,5,16,15,0,20,32,5,45,5,70,70,81,45,55,
Easy529	1	101870	3385	2135	70,70,10,90,21,6,41,51,60,35,85,60,85,85,
Easy530	1	105532	3373	3205	0,70,20,30,50,40,85,85,41,25,25,32,66,75,20,82,76,5,65,
Easy531	1	101240	3818	4246	55,55,76,87,75,1,15,21,15,30,31,95,20,10,10,41,96,
Easy532	1	102132	3509	1719	65,25,75,5,25,40,80,31,5,50,75,40,50,75,80,66,
Easy533	1	100857	3260	4681	95,80,70,55,60,35,1,62,5,70,5,90,45,101,50,87,
Easy534	1	102650	3618	6785	50,70,0,80,50,40,30,42,81,20,35,10,21,87,5,5,66,65,
Easy535	1	100566	3719	1216	65,10,5,40,70,26,6,15,60,31,
Easy536	1	104852	3472	3815	85,95,35,25,25,40,25,30,6,50,60,60,71,96,86,
Easy537	1	101246	3606	13692	40,50,36,40,35,1,72,60,80,96,25,70,95,
Easy538	1	100841	3741	9612	85,71,41,60,35,85,85,20,50,62,55,81,77,
Easy539	1	101529	4049	5287	20,56,65,86,85,55,1,17,90,6,25,91,40,30,
Easy540	1	105019	3311	13712	25,10,41,61,40,5,60,91,30,51,85,85,70,25,71,65,40,
Easy541	1	103122	3431	17819	100,95,5,40,15,45,100,80,30,51,73,61,45,96,60,55,
Easy542	1	101402	3346	31480	35,26,105,50,65,40,5,15,16,0,70,45,15,22,75,30,40,
Easy543	1	100132	3312	3828	15,0,90,36,25,16,41,85,91,0,60,25,60,50,70,35,86,70,15,35,25,61,
Easy544	1	101362	3727	1520	80,15,75,20,41,51,36,5,6,25,70,10,
Easy545	1	104032	3978	2432	95,85,56,60,11,35,95,95,41,7,46,90,20,30,30,
Easy546	1	100719	3370	3881	20,80,20,60,95,35,6,17,0,71,42,30,50,20,87,40,
Easy547	1	101617	3520	7351	30,105,75,1,105,65,105,0,16,40,36,40,41,50,23,31,11,6,50,
Easy548	1	102167	4304	6957	5,47,71,85,86,66,96,65,95,75,1,15,21,20,10,6,30,
Easy549	1	101182	3647	4446	75,55,60,75,105,96,0,0,27,80,40,6,15,80,30,
Easy550	1	101196	3597	1228	60,71,45,55,17,25,56,30,7,35,50,20,
Easy551	1	101759	3357	13834	21,105,11,31,41,60,60,70,70,81,81,90,65,90,75,106,55,
Easy552	1	102176	3465	3629	50,25,45,75,65,86,0,52,91,26,5,81,90,36,45,
Easy553	1	100142	3567	12901	0,35,50,60,80,25,46,25,60,80,70,90,70,35,92,76,45,85,35,
Easy554	1	103370	3483	6234	55,76,86,35,26,40,85,5,17,0,45,22,40,75,30,
Easy555	1	101391	3240	17049	1,85,90,15,22,70,91,86,30,30,30,10,20,81,30,60,42,96,77,95,
Easy556	1	100598	3229	9532	80,75,45,60,81,45,52,5,41,71,90,17,105,105,105,35,35,41,
Easy557	1	104864	3562	11286	31,21,75,60,76,50,80,20,10,40,0,52,30,80,80,6,41,71,67,
Easy558	1	101230	3189	33158	1,51,20,20,62,70,50,75,32,71,75,95,105,10,45,15,35,10,17,50,60,40,70,81,96,106,
Easy559	1	107661	3427	25650	81,50,75,75,91,65,107,90,36,0,40,26,40,81,51,41,21,
Easy560	1	100975	3265	3485	0,60,0,10,100,40,60,70,70,50,10,100,85,85,97,36,61,40,85,40,
Easy561	1	102651	3671	11298	60,11,70,1,86,50,35,35,85,41,60,10,41,6,50,81,77,
Easy562	1	102489	3743	723	30,0,16,71,40,60,20,70,60,85,30,15,7,10,80,65,
Easy563	1	100877	3283	9164	60,45,10,30,100,70,82,75,105,55,45,106,80,97,
Easy564	1	105053	3361	13072	16,60,30,100,95,20,30,1,60,40,71,60,96,86,16,50,100,85,41,60,
Easy565	1	100696	3669	1680	50,30,70,1,18,65,6,56,36,91,21,41,5,105,
Easy566	1	105028	3731	15014	65,35,26,50,65,46,5,5,17,60,0,55,65,21,20,30,50,86,
Easy567	1	103219	3412	3178	5,10,70,91,80,105,41,50,25,60,40,30,100,50,60,97,
Easy568	1	104699	3540	14863	0,20,30,41,50,61,50,72,95,65,85,95,70,95,85,55,85,
Easy569	1	101875	3605	2383	41,15,70,35,65,35,20,7,25,60,10,
Easy570	1	102609	3318	21514	75,25,85,40,95,0,67,25,0,42,30,51,76,31,86,
Easy571	1	100755	5378	5012	45,75,15,60,75,85,15,85,31,21,0,0,90,62,75,95,
Easy572	1	103907	4107	1860	95,95,35,0,101,55,60,25,85,100,60,36,35,25,40,65,107,86,
Easy573	1	101923	3549	1807	0,51,71,26,60,81,96,25,15,46,70,70,
Easy574	1	105860	3382	11913	85,25,60,36,95,40,101,1,60,50,40,71,60,60,96,25,51,86,
Easy575	1	101147	3790	1491	80,80,52,20,45,5,30,5,90,45,60,70,70,70,65,40,86,85,
Easy576	1	101111	3367	2260	86,40,55,56,75,1,30,40,31,6,70,25,65,80,66,
Easy577	1	101652	3394	13564	81,91,60,76,46,80,5,62,0,40,70,95,55,95,55,70,70,45,87,
Easy578	1	104333	4694	2700	51,0,75,45,85,65,95,50,86,0,15,21,50,21,10,30,30,
Easy579	1	100408	4068	6943	17,30,25,30,41,55,1,90,72,95,85,
Easy580	1	102002	4297	4133	55,60,45,0,10,0,60,35,0,35,40,72,65,65,50,86,95,41,85,
Easy581	1	101625	3302	4898	85,70,86,16,1,15,30,21,43,60,6,50,81,77,
Easy582	1	101884	3450	6420	35,95,25,25,101,65,56,66,70,106,20,20,30,40,80,105,
Easy583	1	107384	3710	898	50,10,1,50,72,21,67,40,30,40,41,35,62,56,77,20,55,
Easy584	1	102624	3769	16708	56,5,60,95,35,45,26,60,55,5,17,70,80,0,65,21,30,75,21,40,60,
Easy585	1	102861	3279	625	50,35,25,70,80,91,50,90,47,97,86,70,20,30,85,
Easy586	1	113545	3618	20685	17,30,40,66,95,85,77,1,31,40,51,25,86,25,30,96,41,
Easy587	1	101080	3560	1546	15,40,65,71,36,20,6,5,25,60,10,
Easy588	1	105753	4312	4162	70,40,21,70,5,65,65,35,5,51,51,0,30,62,45,76,35,
Easy589	1	101575	3254	34417	1,21,11,90,30,51,51,91,61,41,41,95,70,60,15,72,60,96,87,
Easy590	1	105807	3393	12349	90,70,16,23,11,35,95,81,96,0,53,92,86,70,85,
Easy591	1	104928	3931	12148	11,35,50,90,7,85,85,35,50,26,42,60,20,30,70,97,
Easy592	1	102390	3307	38982	50,96,27,60,30,41,5,65,15,5,80,63,71,90,0,15,47,20,85,5,50,101,96,
Easy593	1	108342	3473	19719	76,50,20,75,15,1,20,90,30,16,0,60,70,90,40,62,75,10,95,86,95,15,35,
Easy594	1	101682	3505	3256	20,0,80,20,10,81,60,75,30,76,0,40,50,40,51,50,46,71,30,65,70,85,66,86,
Easy595	1	101202	3359	12604	35,105,25,90,105,40,40,51,71,80,40,100,80,81,106,75,45,7,75,100,60,35,35,
Easy596	1	103443	4075	2401	50,85,50,60,26,85,76,85,30,40,15,30,40,60,61,55,45,75,25,
Easy597	1	100757	3800	2293	31,90,105,105,25,85,60,90,60,70,55,61,95,80,105,96,6,46,20,
Easy598	1	100126	3414	5175	35,20,0,81,45,96,0,60,70,62,5,91,87,
Easy599	1	106138	3381	12696	80,15,60,25,30,0,45,50,80,50,60,97,46,17,20,50,
Easy600	1	104169	3509	10982	0,60,35,70,16,0,21,86,43,60,81,50,60,77,
Easy601	1	100572	4414	1825	91,55,87,66,65,0,25,25,70,40,25,6,15,70,30,
Easy602	1	103099	3390	6392	95,80,95,55,1,15,5,22,10,40,5,50,70,90,70,86,
Easy603	1	102118	3774	6578	30,1,75,30,25,50,40,75,87,91,42,96,5,75,25,35,
Easy604	1	101139	3600	2857	75,10,5,40,80,50,26,5,5,15,70,31,
Easy605	1	103415	3812	6047	80,75,80,80,5,17,15,30,20,0,72,50,52,65,40,77,87,65,6,65,
Easy606	1	107375	3466	6571	65,35,40,70,107,35,42,85,31,60,25,96,95,25,31,
Easy607	1	105576	3422	3245	30,51,85,85,66,0,30,41,75,16,30,30,5,60,80,75,25,
Easy608	1	103498	4630	4182	41,20,20,80,71,80,66,5,35,5,51,51,0,30,62,75,35,85,
Easy609	1	102579	3795	4871	65,40,6,15,40,51,65,15,31,30,60,71,57,25,
Easy610	1	103343	3489	645	42,31,66,25,70,85,65,7,60,80,75,
Easy611	1	100175	3602	6243	40,50,95,36,25,40,52,31,60,60,70,72,65,80,35,96,
Easy612	1	102538	3626	3174	20,70,55,55,11,10,20,61,50,50,77,30,43,35,71,66,70,55,56,20,5,5,65,
Easy613	1	108459	3426	13046	91,53,80,16,20,75,30,21,16,95,45,60,46,87,96,
Easy614	1	105581	3404	16546	90,55,5,17,5,27,31,1,50,62,51,5,5,70,70,40,90,87,
Easy615	1	105488	3463	1464	100,55,80,35,70,71,90,90,35,20,60,101,5,45,35,10,35,96,95,
Easy616	1	108807	3600	1644	0,70,80,35,0,60,41,51,50,95,62,46,5,30,87,
Easy617	1	100251	3451	4978	70,45,30,80,96,10,60,70,20,1,62,91,6,87,
Easy618	1	106190	3363	22360	10,10,21,0,102,41,52,50,60,82,60,105,71,96,70,65,37,80,70,106,95,
Easy619	1	105228	4032	1275	65,1,55,26,85,70,45,71,6,60,91,55,25,
Easy620	1	100898	3283	5386	5,90,90,100,15,30,90,56,60,20,81,60,80,71,30,70,65,65,51,107,
Easy621	1	100800	3674	8638	15,50,85,30,95,95,85,30,60,0,0,100,71,15,95,71,20,105,
Easy622	1	103831	3736	8718	85,30,50,85,65,45,6,70,17,70,1,40,21,60,41,55,7,85,
Easy623	1	102584	4040	1998	0,75,66,56,76,0,85,30,40,85,25,31,6,70,50,60,85,
Easy624	1	104283	3524	2123	11,20,20,71,1,87,42,81,75,25,40,30,6,60,76,
Easy625	1	101898	3521	4082	35,25,15,40,35,0,80,65,25,70,70,90,80,90,103,85,35,95,
Medium001	1	101724	3719	5827	0,45,100,87,0,15,90,100,70,91,100,71,55,45,45,20,15,30,15,65,45,107,
Medium002	1	107825	3481	2732	5,101,65,35,45,25,15,82,100,77,90,57,95,85,10,20,30,
Medium003	1	103934	3481	12895	47,85,65,5,85,35,25,25,50,5,15,16,0,100,40,72,85,105,55,22,50,30,
Medium004	1	103032	3906	4129	66,96,35,26,35,50,75,50,5,95,18,0,55,70,55,31,40,20,30,51,5,5,20,
Medium005	1	103916	3399	9071	100,35,5,60,16,15,61,81,0,30,100,52,96,106,87,20,30,45,30,
Medium006	1	108431	3461	17840	72,55,61,90,105,60,35,50,80,75,106,46,51,35,50,25,40,40,65,25,102,96,95,35,76,65,41,
Medium007	1	101216	3359	3678	0,15,40,25,31,31,60,80,40,95,20,95,10,6,52,100,90,87,
Medium008	1	103409	3657	4160	75,15,30,55,15,40,0,1,25,15,91,50,60,76,61,96,26,46,51,
Medium009	1	104546	3415	670	107,55,45,86,60,85,1,15,22,10,5,30,81,5,5,15,25,80,70,40,50,100,96,95,
Medium010	1	104447	3326	373	70,105,0,80,90,35,0,52,15,30,95,86,50,60,70,96,5,5,5,55,80,10,
Medium011	1	105028	3420	1057	1,90,40,15,80,40,80,90,35,35,50,60,73,65,30,55,30,96,95,86,10,5,46,
Medium012	1	101260	3453	11465	100,85,56,65,5,65,5,72,45,15,20,70,61,50,0,0,50,80,80,80,55,106,
Medium013	1	102809	3465	1781	0,11,0,70,45,21,81,97,51,50,70,91,86,85,30,25,50,
Medium014	1	102945	3329	1163	90,0,25,32,91,20,5,80,55,55,45,45,72,100,41,51,87,5,97,
Medium015	1	102449	3447	887	36,0,0,81,50,95,75,0,45,25,31,50,65,50,30,5,70,90,86,6,35,60,20,
Medium016	1	101611	3495	3511	85,75,85,75,6,18,26,26,0,0,81,70,31,80,71,51,51,87,67,40,77,
Medium017	1	102580	3283	3271	0,30,105,75,25,15,65,25,15,90,30,41,40,86,35,95,10,10,21,100,35,60,70,85,
Medium018	1	109235	3589	15254	97,70,65,56,55,35,35,0,60,0,61,80,45,10,91,60,6,90,30,50,80,77,
Medium019	1	104562	4337	1340	90,60,81,45,75,35,80,65,95,105,26,50,5,17,0,55,22,30,50,5,40,80,
Medium020	1	102108	3743	5237	70,95,45,80,36,65,50,70,6,17,65,27,1,55,75,33,70,50,5,40,
Medium021	1	109094	3786	776	86,60,75,36,16,75,97,21,50,60,5,40,100,60,75,5,60,85,55,5,25,25,90,11,
Medium022	1	101428	3579	1420	75,90,75,5,40,41,0,70,95,56,67,1,15,20,45,30,22,40,5,10,5,60,90,75,
Medium023	1	102259	4023	2853	51,5,91,70,100,101,85,5,36,5,55,56,1,15,20,20,40,20,10,
Medium024	1	105851	3637	22845	85,60,70,70,71,35,101,20,6,62,0,30,82,51,100,80,36,5,40,97,
Medium025	1	103071	3352	20973	95,25,40,65,35,25,5,50,5,17,1,55,45,70,23,50,40,100,82,105,80,30,96,
Medium026	1	104058	3620	4551	55,25,10,30,100,46,95,45,95,45,50,35,20,21,31,60,0,85,85,95,0,51,40,70,107,15,50,
Medium027	1	110680	3612	3213	85,0,50,15,60,20,75,20,0,90,61,60,85,95,5,25,70,10,31,
Medium028	1	106289	3461	4903	30,0,90,85,25,107,55,91,45,77,10,46,0,60,52,100,41,35,50,86,5,95,70,61,35,95,101,95,
Medium029	1	100694	3331	8369	25,100,100,25,100,80,31,61,75,52,60,36,105,47,85,20,60,20,50,76,86,106,
Medium030	1	103697	3640	2065	70,10,65,70,35,10,41,35,20,56,55,5,20,21,0,51,66,30,30,75,30,45,75,56,
Medium031	1	101831	3392	4437	60,81,75,75,30,96,55,0,27,45,6,15,15,101,61,80,30,80,
Medium032	1	101685	3266	27975	30,0,10,80,60,11,20,61,105,95,5,55,25,46,90,72,30,20,41,25,50,101,100,96,
Medium033	1	102042	3487	1811	35,25,60,40,85,55,15,97,40,5,62,0,70,47,91,20,5,65,90,10,5,30,
Medium034	1	101312	3458	945	65,55,71,106,70,50,60,105,96,5,45,15,15,16,0,20,91,90,52,97,76,80,5,30,
Medium035	1	103378	3808	8082	40,20,81,40,50,75,35,6,61,61,1,30,72,35,5,95,55,96,
Medium036	1	105361	3550	4600	81,80,55,46,76,5,5,25,25,26,45,18,0,31,0,72,53,67,87,77,
Medium037	1	104593	3862	9313	80,35,65,76,35,0,25,17,20,5,72,80,40,51,66,
Medium038	1	104040	3569	10477	75,45,35,95,50,6,86,27,0,17,0,55,60,32,40,50,
Medium039	1	101911	3392	4810	40,0,25,31,80,106,50,76,95,0,51,61,101,86,36,20,46,50,85,
Medium040	1	100953	3543	3637	0,100,50,60,40,70,88,65,55,97,0,15,21,40,20,10,105,
Medium041	1	102960	3306	1517	60,90,55,5,35,25,15,72,90,80,47,85,75,10,5,20,30,
Medium042	1	101237	3579	832	45,17,50,65,25,75,75,66,30,6,90,80,90,75,5,35,60,20,
Medium043	1	103608	3275	21184	70,90,46,101,105,85,55,100,5,15,20,16,0,60,45,52,35,105,60,6,15,100,80,96,
Medium044	1	103827	3357	6395	25,15,87,55,30,62,50,95,40,96,73,46,50,5,50,66,15,5,15,26,
Medium045	1	101691	3431	2344	55,35,26,40,5,15,16,0,45,85,22,40,6,11,90,60,30,5,70,85,
Medium046	1	107737	3678	5826	0,85,15,55,60,20,0,40,60,70,72,45,5,26,106,90,60,105,50,45,50,35,50,35,66,
Medium047	1	104648	3395	11368	0,10,90,65,20,65,45,80,20,10,35,76,75,25,10,91,50,0,36,42,31,61,50,50,95,40,85,95,85,95,20,85,
Medium048	1	101566	3706	2380	76,60,81,20,55,60,55,35,5,42,0,30,52,65,86,35,
Medium049	1	106181	3532	8796	75,15,20,80,35,41,40,25,40,10,75,85,62,51,96,85,10,75,50,85,60,5,50,10,20,20,
Medium050	1	106474	3551	4810	75,45,95,45,35,55,61,5,16,15,5,28,1,65,32,65,52,41,61,
Medium051	1	102057	3402	2473	0,26,30,90,81,60,80,80,76,45,25,106,6,55,30,16,90,61,
Medium052	1	101802	3708	3950	85,35,40,5,15,75,16,0,90,105,76,0,25,50,26,5,70,100,95,45,31,50,30,40,60,6,86,
Medium053	1	102173	3802	621	76,1,80,41,50,35,25,15,41,6,80,71,52,75,75,1,47,6,10,20,
Medium054	1	100437	3544	18525	25,25,70,45,0,31,0,0,92,41,52,15,61,87,16,95,60,76,75,40,96,
Medium055	1	104985	3501	5837	81,15,91,55,15,90,20,5,20,65,5,41,15,37,46,75,1,80,35,13,5,60,50,30,95,96,
Medium056	1	106475	3493	5665	70,70,81,35,66,0,27,95,5,45,95,100,80,55,5,16,101,70,80,70,
Medium057	1	103228	3499	1121	57,70,70,65,40,35,26,40,85,5,15,16,0,45,20,21,40,5,10,80,30,76,
Medium058	1	102940	3596	1223	75,80,15,45,50,65,25,66,30,5,51,81,70,16,6,35,60,20,
Medium059	1	104468	3737	1951	95,0,55,25,85,15,35,40,40,0,60,100,72,105,95,7,45,10,80,20,
Medium060	1	103826	3429	2723	45,60,15,100,85,75,76,20,5,51,50,0,60,86,27,71,10,30,
Medium061	1	107497	3467	2789	45,70,85,61,86,55,5,17,30,20,90,0,52,5,90,10,80,81,75,65,75,
Medium062	1	103688	3538	2296	105,15,70,15,45,30,90,80,1,45,105,105,62,100,80,100,95,70,96,15,60,
Medium063	1	106868	4835	2184	80,76,41,91,50,0,51,95,106,86,85,0,0,15,20,30,45,22,40,10,50,
Medium064	1	105357	3363	986	81,55,5,60,35,91,25,15,61,80,70,47,75,65,10,20,30,
Medium065	1	101430	4008	13881	86,76,36,5,45,45,55,55,26,61,5,15,15,15,0,66,22,52,61,30,5,30,5,41,
Medium066	1	102258	3323	5142	72,45,35,65,50,85,85,6,16,15,27,1,55,30,31,50,70,5,40,
Medium067	1	103437	3423	1199	0,45,91,76,105,75,65,0,15,55,82,20,90,46,16,5,30,45,70,100,97,
Medium068	1	101846	3724	4314	50,21,36,70,95,95,40,65,0,85,0,40,50,40,91,75,25,40,76,
Medium069	1	106363	3366	7668	71,105,61,55,45,85,55,105,96,95,30,0,15,23,71,15,105,32,60,11,5,60,
Medium070	1	104079	3406	7067	70,30,95,65,80,96,65,20,45,10,65,1,22,6,30,91,15,85,85,75,75,60,40,50,85,75,
Medium071	1	102034	3273	26770	11,60,11,90,100,70,45,30,45,52,81,40,105,85,65,50,80,40,106,77,97,15,22,81,5,10,45,
Medium072	1	102175	3362	526	30,85,1,25,91,105,26,45,5,25,100,5,15,80,95,45,80,35,15,80,95,101,55,60,70,95,55,
Medium073	1	106732	3923	14323	56,60,70,81,95,46,35,26,60,6,15,15,15,0,45,101,65,22,100,30,60,
Medium074	1	105266	3600	6545	100,40,35,60,95,26,55,62,40,71,0,50,35,50,83,75,35,96,55,
Medium075	1	104861	3428	5917	85,0,15,75,26,50,95,31,16,0,100,50,60,85,75,100,85,96,51,60,75,25,
Medium076	1	104363	3436	9282	80,26,91,65,55,36,45,5,45,75,18,0,40,80,31,75,80,60,31,5,96,
Medium077	1	107308	3422	4614	5,40,17,0,105,62,100,86,55,100,15,70,86,100,97,23,60,30,40,
Medium078	1	101459	3333	2392	40,65,35,57,60,95,87,26,0,62,50,40,6,100,70,70,35,96,100,35,
Medium079	1	105347	3505	8144	95,80,45,80,10,0,51,35,36,40,77,60,0,41,20,91,30,87,50,40,
Medium080	1	105853	3880	1479	45,15,75,21,81,30,45,95,0,96,60,61,90,91,40,85,25,60,71,25,86,10,
Medium081	1	103262	4118	3309	15,95,50,96,16,85,40,60,76,0,85,85,1,45,25,33,40,50,20,
Medium082	1	104391	3451	9078	5,55,35,45,85,91,25,15,90,100,61,71,70,45,66,105,95,70,10,20,85,30,
Medium083	1	101205	3248	3065	51,105,0,25,15,32,20,80,105,95,30,10,6,40,60,70,41,60,100,95,86,70,85,
Medium084	1	103203	3480	11058	35,25,0,15,91,90,41,60,81,60,72,35,35,56,65,70,80,65,107,16,
Medium085	1	109169	3772	10974	80,55,55,15,25,60,36,36,65,25,107,16,15,41,5,73,0,80,46,100,45,5,76,101,21,
Medium086	1	106321	3576	6576	85,0,75,60,25,41,15,35,60,75,75,35,40,5,50,90,86,5,5,45,50,70,50,10,
Medium087	1	104873	3564	1393	105,80,65,65,35,70,0,35,25,0,70,95,71,5,5,80,55,5,76,90,31,
Medium088	1	113094	3963	7413	36,0,0,41,51,60,105,95,105,15,21,40,30,0,30,62,35,5,55,
Medium089	1	103225	4009	1962	55,80,95,5,45,60,17,5,26,25,0,65,40,50,0,35,41,40,30,60,
Medium090	1	102207	3975	5170	105,97,20,10,2,25,90,90,100,50,51,45,26,6,45,5,21,36,60,61,30,70,80,40,107,
Medium091	1	102683	4297	1255	51,10,26,6,100,90,45,100,45,36,61,70,60,80,31,41,56,105,106,
Medium092	1	102546	3616	2491	30,75,65,45,1,20,90,0,40,90,52,96,76,35,17,35,65,40,65,40,
Medium093	1	103525	4568	8743	51,41,101,20,65,91,86,35,35,65,20,6,73,0,60,31,81,80,106,95,35,
Medium094	1	105478	3599	7912	71,65,85,0,70,46,25,10,31,90,105,106,50,51,101,95,75,36,20,100,41,50,62,95,75,45,80,80,95,
Medium095	1	107026	3504	16384	30,105,40,61,56,70,80,97,55,65,20,6,17,0,60,20,50,106,61,5,31,
Medium096	1	103839	3431	3325	81,95,36,71,96,65,5,50,65,17,0,26,41,80,51,41,30,30,50,20,20,5,70,80,70,
Medium097	1	103220	3375	8670	65,101,70,95,70,70,25,105,40,80,5,17,0,55,45,22,40,5,70,5,80,95,95,
Medium098	1	107153	3488	2760	70,61,86,55,55,25,25,35,40,5,40,41,30,20,81,0,20,52,25,65,75,65,
Medium099	1	104188	3608	736	15,50,50,1,25,25,30,40,61,81,75,25,6,56,15,40,41,32,50,50,1,22,70,5,85,
Medium100	1	103168	4866	3256	65,45,95,25,35,45,50,25,16,50,1,100,82,105,6,55,95,95,10,20,30,
Medium101	1	102069	3621	1372	25,81,75,46,15,97,105,105,80,50,105,30,5,52,0,36,60,90,35,5,55,91,10,80,20,
Medium102	1	102229	3519	4876	75,50,15,25,46,86,85,30,5,52,45,0,35,81,60,36,20,10,
Medium103	1	104522	3578	2269	35,90,45,61,80,80,90,77,55,85,6,15,16,55,85,1,25,66,25,30,31,41,90,90,30,41,20,61,20,
Medium104	1	104987	3365	5346	0,16,21,20,31,70,10,90,90,105,55,45,87,46,20,50,10,0,100,60,100,51,40,96,50,95,
Medium105	1	102176	3656	9540	70,66,36,105,45,50,50,6,17,27,1,56,42,51,6,31,70,
Medium106	1	105261	3494	6785	45,15,5,28,80,1,90,81,100,35,15,100,45,61,91,61,5,70,5,40,107,
Medium107	1	104185	3688	1484	20,75,50,10,10,20,45,65,50,45,76,5,30,31,0,70,70,40,41,76,55,
Medium108	1	101005	3251	7005	10,60,30,80,70,97,50,20,1,21,91,75,65,86,65,30,20,85,50,76,
Medium109	1	105217	3371	20703	85,25,90,30,10,52,45,35,70,85,70,61,50,106,20,70,85,70,97,20,11,61,20,31,
Medium110	1	103259	4352	1660	85,50,25,75,30,5,51,50,0,35,40,86,60,35,35,6,15,71,40,20,
Medium111	1	110157	3590	6435	65,101,75,65,45,45,0,0,25,30,50,90,66,70,71,61,81,55,96,55,36,20,95,70,
Medium112	1	102582	3773	13094	40,30,100,100,95,66,75,55,56,5,15,16,0,15,70,61,90,106,20,61,
Medium113	1	107688	5307	1365	90,10,40,100,100,55,36,6,5,25,26,30,30,46,60,70,60,60,40,50,80,107,
Medium114	1	106134	3526	3017	81,71,56,65,26,35,5,41,65,40,30,20,40,0,20,51,76,65,50,86,25,
Medium115	1	102109	3662	2373	45,60,35,75,26,51,5,16,85,15,0,55,21,30,60,40,20,60,50,
Medium116	1	105265	3435	2629	65,71,85,95,55,65,65,0,0,15,25,33,10,20,40,5,60,60,50,80,5,76,
Medium117	1	105770	3889	2622	11,65,21,71,5,30,51,46,65,65,5,32,0,61,42,55,76,66,
Medium118	1	103515	4103	3951	31,40,85,50,5,17,86,20,0,30,60,30,62,5,5,80,80,91,45,56,45,
Medium119	1	104323	3389	15596	66,45,85,35,90,50,85,6,26,25,16,95,15,1,55,32,15,50,40,70,5,96,
Medium120	1	114597	3598	10677	0,40,75,90,86,20,22,40,30,11,10,10,80,80,96,95,60,100,62,90,30,91,86,100,100,40,85,
Medium121	1	103977	3500	718	5,70,25,15,85,91,90,50,40,60,100,27,105,45,95,80,30,
Medium122	1	104205	3629	1661	45,52,61,70,40,35,86,15,85,20,40,72,45,65,7,25,80,10,
Medium123	1	107048	3480	942	50,65,50,45,105,95,77,0,85,20,15,22,10,50,50,5,71,90,30,100,86,
Medium124	1	105606	3617	2036	50,60,20,95,70,20,45,15,87,31,6,50,60,70,96,5,35,80,10,
Medium125	1	104768	3469	9402	95,66,95,35,95,26,35,46,50,50,5,17,0,75,55,21,20,55,41,40,50,30,80,30,50,
Medium126	1	108915	3871	1426	10,40,10,71,40,65,55,35,56,35,66,6,21,20,0,60,60,0,51,30,32,56,75,5,75,45,66,
Medium127	1	109174	3605	8370	60,60,71,56,45,55,45,65,6,17,15,1,60,85,25,32,71,20,50,86,5,60,60,
Medium128	1	108045	3437	16764	60,30,80,53,85,35,5,35,15,60,20,81,41,41,30,91,27,25,90,87,5,77,
Medium129	1	106043	3559	1455	55,45,0,65,80,95,65,65,0,15,72,81,46,30,20,15,45,85,15,5,60,90,86,
Medium130	1	104411	3621	1660	60,71,60,46,57,25,5,5,30,31,0,0,51,20,40,40,41,25,56,65,75,75,65,
Medium131	1	105593	3615	3569	75,85,85,0,60,95,95,30,25,26,15,5,25,60,82,92,45,45,45,95,85,10,30,50,
Medium132	1	103957	3775	2297	90,90,30,0,65,70,15,0,45,20,20,70,90,85,86,51,50,82,75,95,26,50,10,5,40,60,60,96,5,76,
Medium133	1	102961	3526	3873	55,41,95,5,60,80,96,25,25,25,16,30,2,45,21,90,90,15,90,85,20,15,52,70,85,50,85,6,70,46,
Medium134	1	107748	4326	3879	25,76,55,35,40,60,25,40,5,16,90,15,0,45,75,20,21,40,30,
Medium135	1	103390	3419	1571	35,26,40,50,5,65,17,0,45,20,30,21,40,6,5,80,90,66,
Medium136	1	100974	3293	1030	35,26,40,5,16,50,65,15,0,45,21,30,20,40,5,6,70,80,65,
Medium137	1	102266	4252	2409	25,35,25,60,40,55,40,5,82,15,75,95,16,80,0,45,20,30,20,20,40,
Medium138	1	102588	3590	859	60,50,5,25,15,75,80,81,40,90,27,95,45,85,70,30,
Medium139	1	103152	3670	5436	16,81,30,0,41,97,60,70,50,71,65,91,85,16,40,86,
Medium140	1	102288	3314	1863	25,35,25,41,5,17,0,60,50,45,20,21,40,30,7,60,75,90,76,
Medium141	1	102584	3326	3477	85,25,15,75,50,60,76,31,5,42,50,85,0,35,71,20,36,5,45,70,10,5,85,
Medium142	1	108780	4000	875	15,85,95,15,55,25,45,85,85,30,5,60,60,60,40,60,0,51,72,15,55,7,35,80,20,
Medium143	1	102968	3893	1634	90,0,85,0,15,22,90,10,51,5,80,46,60,71,70,65,40,96,50,5,95,
Medium144	1	103826	3267	10126	10,0,70,30,70,80,30,30,97,40,0,22,40,92,61,35,16,15,85,75,75,20,5,40,35,86,
Medium145	1	103582	3599	5025	76,65,65,95,15,85,86,0,21,41,50,40,50,35,5,95,80,60,70,95,
Medium146	1	106138	3387	309	35,85,40,0,26,70,50,60,50,41,60,96,70,25,5,15,30,70,30,6,20,90,65,
Medium147	1	106745	3706	813	80,66,36,46,97,25,51,71,80,81,76,35,7,56,90,41,
Medium148	1	104002	3402	336	40,55,60,97,86,1,0,81,60,70,71,70,85,85,5,65,6,80,92,65,50,46,
Medium149	1	111230	3569	25698	52,75,60,31,46,55,35,76,5,21,20,0,71,96,42,75,36,55,75,
Medium150	1	106299	3985	2793	92,55,86,46,0,15,25,35,75,16,15,20,5,42,81,50,0,50,62,36,55,76,
Medium151	1	105936	3537	5695	55,65,5,35,25,15,81,75,80,90,47,95,86,10,20,51,30,
Medium152	1	103054	3583	14293	61,75,0,55,60,36,95,15,21,80,96,21,42,90,10,91,31,52,70,85,85,35,70,40,85,60,
Medium153	1	105836	3745	8471	95,75,36,45,61,6,25,17,50,26,1,66,42,61,31,
Medium154	1	104466	3408	19555	10,65,55,80,55,36,1,55,61,90,45,61,6,30,90,71,50,87,
Medium155	1	108886	3547	7914	86,15,15,15,0,52,5,95,45,36,62,31,60,25,40,91,85,
Medium156	1	102367	3544	4226	31,60,96,25,55,0,60,55,61,85,86,5,35,36,1,15,65,95,65,20,15,21,20,10,10,41,5,61,
Medium157	1	107252	3823	17139	57,35,95,75,45,85,26,85,75,5,35,60,5,17,1,65,23,40,60,35,
Medium158	1	110041	3554	13293	55,76,10,56,35,25,67,12,80,71,26,0,33,51,21,42,95,95,85,76,86,75,
Medium159	1	107601	3712	5877	35,90,65,15,35,15,21,21,10,91,70,85,70,86,0,52,50,81,80,76,95,30,61,96,10,75,
Medium160	1	100505	3624	7807	35,60,75,35,0,16,23,11,95,61,81,96,50,50,51,90,6,91,86,30,71,60,85,
Medium161	1	108245	3881	1532	40,76,0,65,20,15,65,20,0,90,50,0,70,50,51,75,95,6,85,25,60,10,
Medium162	1	110319	3897	3517	81,62,71,95,96,35,46,60,56,5,5,17,1,25,65,32,80,70,30,80,60,20,70,
Medium163	1	109131	3525	3896	40,85,50,77,21,60,5,42,50,85,0,27,15,85,30,70,5,45,71,30,
Medium164	1	102109	3510	4114	50,71,81,97,65,6,27,65,17,1,36,81,52,30,40,70,40,40,30,5,70,
Medium165	1	107950	3653	8238	86,45,45,55,35,71,6,15,27,60,0,25,15,15,0,75,32,75,50,51,70,41,70,
Medium166	1	101675	3636	1665	15,30,40,70,55,25,85,86,60,40,60,72,65,16,6,5,45,80,20,
Medium167	1	102109	3737	14804	45,95,75,35,55,45,55,26,60,55,6,15,86,45,17,0,65,23,30,60,
Medium168	1	104855	4515	4740	60,51,90,41,81,75,21,90,5,75,35,5,61,60,0,30,72,95,85,35,
Medium169	1	105455	3764	1386	86,35,15,75,25,76,40,5,53,0,60,85,47,5,55,70,71,30,10,20,
Medium170	1	108198	3560	4205	30,0,70,45,15,80,95,21,0,80,96,52,91,85,26,10,50,70,6,86,
Medium171	1	104737	4113	4810	55,40,75,35,25,40,6,17,1,45,21,20,30,40,60,90,6,75,
Medium172	1	101756	4012	5554	66,95,65,70,35,25,47,85,76,25,5,50,5,15,16,0,55,22,50,30,
Medium173	1	103049	3475	10502	35,25,16,95,40,55,35,96,40,5,63,70,16,70,0,50,45,91,31,20,45,45,
Medium174	1	106926	3499	834	26,16,35,35,86,85,75,40,50,75,75,40,5,50,50,60,50,0,45,70,46,5,56,71,82,21,10,10,6,31,
Medium175	1	104753	3561	4090	55,25,35,5,17,0,60,30,25,70,42,25,55,75,80,81,65,66,75,30,55,30,
Medium176	1	112671	3597	20754	10,10,20,90,45,37,75,85,10,55,40,65,75,75,0,41,52,20,80,40,87,31,97,
Medium177	1	108207	3750	5362	82,35,60,40,60,60,56,25,5,30,41,60,40,0,20,52,25,87,5,25,30,77,
Medium178	1	112121	3549	9072	70,21,30,0,91,50,90,87,15,20,16,0,42,62,51,30,81,80,95,40,96,77,
Medium179	1	102743	3640	1926	70,25,81,65,40,25,70,95,25,5,15,80,15,30,6,20,90,75,
Medium180	1	108223	3998	1512	80,35,51,60,60,80,71,97,45,5,17,20,0,42,5,10,91,90,85,65,75,
Medium181	1	100837	3342	2516	80,80,0,75,95,65,25,45,45,30,0,15,32,10,5,40,60,20,50,90,86,
Medium182	1	103050	3455	1126	90,80,65,0,15,21,80,56,46,20,10,5,71,90,70,30,41,50,50,87,
Medium183	1	107445	4282	1164	25,50,80,40,70,35,70,65,25,50,95,5,16,15,0,55,22,50,30,5,5,10,90,60,75,
Medium184	1	103966	3669	4983	91,30,30,61,75,85,56,86,25,6,40,41,1,20,81,51,96,50,50,85,65,25,85,
Medium185	1	101867	3829	7298	50,80,65,11,0,10,30,60,86,70,85,41,52,45,45,82,75,76,67,
Medium186	1	103627	3541	1086	51,61,40,40,97,35,5,15,75,16,20,0,31,75,90,30,5,10,90,90,65,45,55,
Medium187	1	104088	3376	931	71,95,30,50,50,95,81,95,46,5,65,17,0,70,25,31,66,30,70,20,40,7,40,90,85,
Medium188	1	104368	3584	2112	75,31,65,0,65,81,95,95,75,75,0,0,15,20,35,21,20,10,30,41,6,71,90,86,
Medium189	1	108967	3747	20029	80,90,60,20,70,0,45,62,97,50,70,30,71,55,91,87,
Medium190	1	104650	3730	9263	95,81,56,35,70,95,65,25,40,6,18,1,45,22,40,30,
Medium191	1	106163	3792	5977	0,30,91,65,45,15,45,23,70,90,10,87,52,82,41,50,62,76,45,5,96,75,5,95,
Medium192	1	106622	4141	2712	40,86,75,55,25,40,75,0,63,5,55,47,0,75,0,65,85,15,20,22,30,60,10,
Medium193	1	105880	3461	3911	92,55,70,87,65,20,45,45,65,65,10,0,0,21,20,5,5,60,41,61,50,81,75,96,50,30,76,5,95,
Medium194	1	103419	3429	1198	0,60,15,80,55,60,25,60,80,30,80,15,31,20,41,20,70,70,95,15,5,6,10,90,75,
Medium195	1	104433	4514	889	50,65,0,15,71,81,51,36,25,26,31,85,55,75,75,55,10,5,5,92,31,40,85,20,61,85,
Medium196	1	106957	3501	1151	90,30,75,81,10,20,46,65,50,76,5,32,0,71,41,96,40,25,76,
Medium197	1	102655	3442	540	30,80,95,60,96,0,55,45,77,20,0,15,21,20,10,6,70,30,5,15,25,71,40,50,90,85,
Medium198	1	104008	3333	23559	5,31,30,90,50,0,75,5,10,11,70,80,21,55,97,40,0,40,53,46,90,91,76,70,87,76,
Medium199	1	104253	3447	551	20,50,31,61,97,50,86,77,21,51,7,15,45,15,20,71,80,65,
Medium200	1	102662	3320	7197	0,80,76,55,95,67,0,95,15,22,80,10,5,60,91,75,30,86,
Medium201	1	107729	3547	6261	70,91,70,30,61,57,70,96,45,6,17,1,70,25,32,60,60,20,
Medium202	1	103491	3318	2659	45,45,1,80,95,20,75,81,35,50,0,65,40,65,40,51,85,26,36,40,65,5,70,90,86,
Medium203	1	105278	4348	982	40,31,0,0,20,15,20,40,51,60,76,60,75,16,6,37,21,1,10,70,10,10,6,65,30,65,70,55,
Medium204	1	100665	3896	1749	80,95,45,76,45,45,1,25,16,90,85,15,20,5,71,70,90,85,5,90,50,60,85,
Medium205	1	104190	3599	15489	11,21,80,30,1,96,42,90,90,90,50,30,71,85,50,63,86,55,25,40,
Medium206	1	104151	3390	3583	0,80,95,25,65,55,77,0,15,33,10,20,5,40,71,6,50,90,86,
Medium207	1	107695	3499	11169	66,55,35,25,80,40,95,50,5,95,5,17,1,90,45,22,95,30,40,50,
Medium208	1	107173	3553	2497	45,45,71,81,35,97,66,5,55,70,70,5,17,0,0,76,26,30,50,50,51,40,20,32,81,20,71,7,40,
Medium209	1	101906	3377	2204	15,20,30,40,6,61,55,57,66,45,35,35,10,35,40,62,90,50,80,77,
Medium210	1	111104	3743	4672	26,35,80,81,5,55,17,60,70,40,0,30,55,55,41,76,66,65,30,30,25,
Medium211	1	111842	3650	2931	70,65,85,65,36,5,45,53,20,40,0,31,60,75,61,81,35,75,
Medium212	1	104642	3785	825	15,55,45,45,86,95,25,85,30,6,63,1,41,51,72,55,15,15,7,35,80,20,
Medium213	1	105297	3409	695	50,45,10,20,71,35,60,70,35,46,5,22,0,41,30,66,31,46,
Medium214	1	103732	3875	9893	20,5,30,80,60,90,76,45,80,5,52,0,80,40,80,72,46,96,5,65,
Medium215	1	103656	3469	1235	70,70,35,95,65,35,0,25,17,20,5,32,60,0,27,81,50,5,36,11,80,50,41,70,5,70,
Medium216	1	100943	3399	2029	40,50,85,35,15,60,77,20,90,60,61,95,6,86,5,25,70,10,
Medium217	1	114909	3639	3561	70,25,85,61,0,70,10,85,85,32,81,16,80,75,66,20,30,50,5,50,76,
Medium218	1	102934	3462	2245	30,25,71,50,45,66,6,32,1,20,60,60,42,66,76,40,25,
Medium219	1	102398	3263	524	75,25,60,25,51,30,60,75,75,46,16,32,11,51,40,21,7,40,70,66,
Medium220	1	102801	3357	2906	5,61,60,55,35,80,25,15,80,70,80,90,47,95,85,5,10,20,30,
Medium221	1	104332	3386	23194	80,76,66,45,35,86,50,45,6,16,28,0,60,15,20,80,86,0,55,65,32,50,6,41,
Medium222	1	101376	3646	11229	80,46,50,62,71,80,97,55,20,40,70,55,5,5,30,15,20,30,70,5,50,91,86,
Medium223	1	105581	3375	600	40,30,82,65,70,70,97,55,55,26,40,41,70,20,60,20,85,35,70,50,7,50,90,85,85,
Medium224	1	102325	3411	525	0,51,92,45,36,25,85,65,75,75,45,25,75,50,50,85,7,56,70,60,21,
Medium225	1	102088	3321	2062	91,55,35,25,15,5,72,80,45,90,46,85,75,10,5,20,30,65,
Medium226	1	106064	3452	11768	40,40,90,60,31,25,90,26,55,55,35,76,6,15,15,15,40,0,0,61,31,20,96,40,30,
Medium227	1	102712	3362	2257	30,70,65,25,30,5,85,25,46,5,51,51,40,1,40,20,20,62,81,25,76,
Medium228	1	102630	3717	802	15,72,20,65,30,52,35,45,25,25,25,30,55,77,10,66,10,6,5,16,70,60,50,50,
Medium229	1	106054	3730	9620	60,82,15,20,0,30,60,30,77,40,52,0,45,70,86,5,71,67,36,6,85,
Medium230	1	104573	3505	3999	52,30,41,62,96,45,71,95,35,35,5,15,16,20,0,32,5,10,40,92,40,75,56,66,
Medium231	1	108030	3634	9680	20,60,71,55,35,70,27,40,65,95,5,17,0,45,23,40,85,30,70,
Medium232	1	104250	4829	6098	90,36,40,16,25,90,55,61,55,86,5,41,75,40,0,81,51,95,65,20,95,50,11,86,
Medium233	1	103843	3512	3365	26,30,50,70,95,45,50,85,17,30,51,85,1,25,42,90,40,6,56,60,90,85,
Medium234	1	103275	3543	1503	1,80,41,15,50,25,40,60,60,70,87,30,52,35,82,45,76,66,45,10,75,
Medium235	1	101785	3244	849	25,30,50,0,16,71,31,50,60,60,40,95,15,70,21,6,40,5,10,90,65,
Medium236	1	101102	3509	4941	50,65,76,90,75,0,15,20,20,20,10,90,30,5,70,60,40,86,55,40,40,85,96,95,
Medium237	1	104217	3607	1056	95,10,95,70,30,50,61,95,46,52,40,40,91,66,36,26,75,86,41,7,46,70,80,31,
Medium238	1	106192	3838	2482	20,70,70,56,40,35,66,65,5,5,41,40,1,30,61,50,76,51,50,35,66,
Medium239	1	104151	3317	14688	81,65,11,70,20,10,60,0,87,40,90,41,52,91,82,67,75,35,76,15,35,15,50,40,
Medium240	1	112636	3768	11663	40,35,51,61,71,70,81,96,65,46,5,17,0,20,42,15,91,60,60,85,77,
Medium241	1	101445	3321	2153	65,51,45,95,86,75,0,15,23,30,10,50,50,5,81,90,76,
Medium242	1	106970	4607	6774	86,10,76,45,51,35,27,31,5,5,56,42,70,80,50,60,97,
Medium243	1	104067	3329	2356	60,71,56,85,25,5,25,35,41,41,0,30,20,20,75,80,80,51,50,80,66,75,25,
Medium244	1	106178	4172	2213	16,40,20,70,95,35,41,20,40,30,1,30,91,60,87,15,31,
Medium245	1	102227	3352	3886	65,86,70,65,26,45,5,53,40,0,20,20,60,61,25,81,6,76,31,
Medium246	1	101653	4813	2246	41,90,31,90,85,26,5,55,60,5,60,60,55,60,72,51,70,1,21,82,25,95,
Medium247	1	105318	3808	704	60,0,80,95,20,35,0,15,71,80,40,95,95,50,62,55,91,85,75,86,75,10,
Medium248	1	106733	3852	11463	80,65,97,45,56,1,45,45,0,35,50,50,92,61,72,36,25,66,87,50,
Medium249	1	107166	3549	3788	35,60,75,61,15,21,80,35,96,0,95,20,51,20,50,92,30,10,60,71,86,85,50,
Medium250	1	101235	3269	933	35,70,0,70,70,90,60,40,51,35,85,26,35,40,70,6,60,90,85,85,
Medium251	1	102173	3243	5257	46,0,65,0,35,26,81,50,95,75,35,0,42,5,51,70,90,35,65,86,65,
Medium252	1	106541	3803	4853	30,61,70,16,85,85,20,45,57,0,21,80,80,30,76,66,20,75,
Medium253	1	103610	5167	1217	26,71,65,15,16,87,31,6,41,40,40,0,10,0,51,60,75,62,55,25,5,15,
Medium254	1	105475	3539	1341	60,70,55,71,60,35,25,25,40,25,30,10,50,25,50,5,66,65,5,40,50,35,40,40,0,62,22,77,67,
Medium255	1	104978	3489	397	30,40,60,85,0,25,70,56,25,40,60,96,25,5,15,71,30,6,20,90,65,
Medium256	1	108317	3487	3856	75,65,0,81,95,65,65,0,15,22,10,5,61,51,90,50,30,85,75,85,75,
Medium257	1	103539	3483	4649	26,35,45,35,77,10,90,66,36,81,1,42,30,50,97,15,40,
Medium258	1	106079	3542	1989	25,25,80,55,35,40,95,40,5,17,0,45,45,32,41,60,70,5,20,10,90,20,50,86,
Medium259	1	101789	4032	2072	65,36,0,25,17,20,5,75,40,30,31,0,40,75,75,52,45,66,
Medium260	1	107760	3533	3581	91,20,40,76,80,66,35,50,75,5,52,90,0,30,62,86,45,35,
Medium261	1	100671	3308	732	15,65,30,85,25,75,65,65,30,41,51,50,45,76,16,7,35,60,20,
Medium262	1	104742	3762	8043	60,60,75,80,61,55,26,97,41,41,90,6,32,91,20,85,70,30,0,71,20,52,25,86,
Medium263	1	105076	3546	787	56,65,55,10,2,20,15,81,50,20,51,80,75,60,76,30,43,35,71,66,70,26,65,87,55,56,10,
Medium264	1	107544	3611	985	41,90,40,90,40,65,26,85,30,56,85,0,17,5,81,51,35,15,21,95,76,80,21,95,10,30,61,95,
Medium265	1	102302	3380	5399	60,90,45,5,17,0,40,60,90,80,52,75,90,21,85,67,41,85,7,75,
Medium266	1	107205	3472	400	66,76,50,36,85,16,86,21,40,52,65,6,45,75,5,25,25,80,10,10,
Medium267	1	101421	4356	1192	5,90,90,75,85,45,66,35,26,50,5,17,0,55,22,50,40,5,30,
Medium268	1	103904	3504	4421	45,0,50,60,45,90,73,85,35,26,95,50,6,16,15,0,55,20,21,50,5,45,30,
Medium269	1	102339	3313	2056	71,80,5,30,80,15,70,20,5,56,46,62,41,90,50,50,86,85,
Medium270	1	101525	3317	3064	85,20,70,65,36,45,5,5,45,51,51,1,41,31,61,81,60,75,35,75,
Medium271	1	100627	3339	1080	70,5,60,25,81,95,95,50,41,40,30,61,60,55,91,10,85,86,
Medium272	1	110649	3627	3946	36,70,55,80,97,65,5,16,15,20,40,0,62,91,5,10,90,70,85,85,6,35,
Medium273	1	104668	3559	1012	76,40,1,40,80,35,25,65,15,57,80,40,40,5,70,65,70,65,80,16,6,45,50,20,
Medium274	1	112524	3735	2618	60,60,0,81,55,25,80,70,25,35,36,85,85,85,6,43,0,0,82,31,75,20,30,20,51,51,85,86,5,25,65,76,
Medium275	1	108782	3438	3930	60,26,71,45,70,25,15,30,51,67,6,32,1,62,22,41,75,40,67,6,76,
Medium276	1	101390	3502	1187	55,45,86,75,1,30,30,91,25,15,67,30,5,80,40,50,76,6,35,60,10,
Medium277	1	104083	3400	14551	95,26,15,96,80,45,50,15,51,40,30,61,40,70,72,16,25,45,65,
Medium278	1	103872	3642	3534	25,30,51,95,71,80,45,15,95,30,50,61,81,75,80,65,5,6,35,90,10,
Medium279	1	105406	3451	18780	56,75,45,95,35,95,61,6,50,26,25,55,17,15,80,1,65,32,40,55,25,60,
Medium280	1	102780	3979	3156	55,25,60,0,35,82,25,40,92,75,55,67,86,6,16,15,0,45,22,30,40,
Medium281	1	111547	3589	5055	70,91,55,35,25,40,60,90,85,6,17,0,60,0,45,22,30,40,
Medium282	1	106328	3449	1870	15,87,20,15,41,50,30,5,91,75,15,5,50,60,5,47,1,10,70,95,80,35,95,10,81,10,
Medium283	1	105400	3387	5922	40,50,91,90,85,6,27,1,31,16,40,81,75,60,0,20,61,75,85,35,15,85,35,21,5,75,
Medium284	1	101127	3284	16361	20,60,90,75,10,10,10,25,30,70,80,95,0,96,40,50,10,60,30,20,42,91,51,61,87,90,77,
Medium285	1	107179	3381	4405	0,80,97,10,45,80,70,35,65,80,36,40,66,90,0,10,50,42,30,5,75,50,30,25,85,60,91,50,75,75,86,
Medium286	1	106793	3463	1414	35,40,0,50,85,72,25,50,25,40,90,70,6,86,61,90,36,
Medium287	1	106482	4013	1866	60,50,36,25,0,0,50,60,45,15,76,51,6,32,60,60,1,56,55,6,35,71,10,20,
Medium288	1	107680	3736	3130	70,11,20,50,41,36,5,65,65,5,21,20,0,61,32,76,45,65,65,
Medium289	1	101611	3337	10535	50,20,85,36,35,0,67,0,15,22,10,70,5,85,5,42,50,80,75,90,76,
Medium290	1	105116	3656	1233	10,35,1,71,60,70,28,77,5,43,0,71,70,20,21,65,0,75,20,50,31,51,65,50,76,35,65,
Medium291	1	103535	3388	1718	81,0,25,30,31,70,80,56,20,5,46,61,90,60,41,51,85,86,77,
Medium292	1	101695	3360	20871	61,97,45,35,0,77,20,0,80,60,36,42,31,66,85,90,51,25,55,40,6,71,90,86,
Medium293	1	104693	3465	3886	65,30,15,56,26,45,75,0,30,30,80,55,15,30,5,71,81,25,65,15,65,
Medium294	1	104256	3550	1855	80,65,70,10,40,70,10,40,36,56,66,5,22,0,61,32,66,86,45,
Medium295	1	106105	3418	1754	5,60,61,70,55,35,25,15,71,80,90,90,47,85,5,75,10,20,30,
Medium296	1	104186	4393	1843	70,70,65,35,25,15,16,20,5,5,52,0,0,30,60,60,75,60,35,45,
Medium297	1	101779	3557	5115	50,85,95,76,85,40,51,61,95,50,45,80,71,80,95,45,5,15,20,30,61,6,40,90,77,
Medium298	1	106909	3733	1990	30,81,51,62,80,50,42,97,86,85,36,5,16,15,0,30,20,30,30,5,81,10,10,80,92,46,56,65,65,
Medium299	1	102266	3321	8670	90,80,70,25,45,91,50,15,25,51,95,87,50,40,30,60,15,40,60,15,60,96,60,45,25,
Medium300	1	108220	3611	964	60,20,40,35,50,75,15,85,76,20,6,41,90,40,1,50,62,55,85,5,90,85,6,25,70,10,
Medium301	1	109328	3514	9428	70,80,95,10,80,40,51,96,36,42,30,26,30,92,61,10,86,75,76,85,56,31,25,
Medium302	1	104056	3357	1726	35,45,26,50,5,17,0,60,55,21,30,20,40,50,6,5,60,90,76,
Medium303	1	103556	3693	3246	75,65,65,36,0,41,50,25,85,65,0,73,5,5,30,60,25,91,56,25,
Medium304	1	101478	3490	5193	80,75,60,55,55,55,0,15,20,60,20,20,10,75,6,42,35,70,65,80,65,65,
Medium305	1	105917	4178	808	95,55,25,45,16,85,36,35,85,85,41,5,61,60,60,0,51,70,71,15,55,7,45,80,20,
Medium306	1	103065	3414	1767	50,35,25,40,6,17,1,45,21,20,40,65,30,7,80,90,66,
Medium307	1	102289	3273	6310	50,0,70,85,50,0,17,25,31,30,20,40,7,55,10,80,90,76,
Medium308	1	104712	3422	2096	26,80,35,41,51,60,70,70,95,25,5,15,81,40,31,6,20,90,75,
Medium309	1	110935	3726	8947	80,35,25,5,17,60,50,0,25,30,50,80,42,50,75,86,25,67,30,30,7,75,
Medium310	1	109862	3681	2085	95,75,45,45,5,17,35,0,20,65,50,42,6,81,91,65,76,
Medium311	1	111580	3641	2915	60,50,35,26,40,5,60,85,17,0,45,22,40,5,10,80,66,30,
Medium312	1	107421	3479	4032	0,15,22,71,85,60,10,86,30,40,0,90,20,42,5,90,5,50,30,30,81,67,75,76,
Medium313	1	105809	3504	4217	35,71,61,95,50,96,45,5,17,20,0,42,90,5,55,90,10,75,90,65,
Medium314	1	113740	3655	6120	20,70,70,35,41,11,66,5,5,22,1,61,31,30,56,76,66,7,55,
Medium315	1	106089	3632	2222	60,40,50,85,0,35,26,73,5,90,40,5,85,85,60,90,50,36,
Medium316	1	107520	3556	3105	95,26,80,0,31,41,50,96,25,40,37,5,45,21,20,40,75,30,92,10,76,85,
Medium317	1	112014	3678	1143	10,20,10,60,45,30,72,55,5,56,5,22,1,30,51,41,40,55,55,66,40,35,
Medium318	1	111081	3523	4252	70,80,61,55,95,55,25,25,5,35,43,65,0,30,21,91,50,50,90,76,66,85,50,25,
Medium319	1	115982	3737	4844	65,75,0,20,81,95,76,40,0,35,15,35,22,10,5,71,90,40,86,
Medium320	1	105076	3872	1815	61,85,46,15,85,25,50,75,76,30,6,52,1,61,85,36,35,5,70,5,55,20,70,10,
Medium321	1	103791	3366	4775	70,25,0,0,80,66,25,35,43,30,80,0,20,20,61,50,50,75,76,51,86,25,
Medium322	1	104561	3417	534	60,72,86,20,40,51,15,85,35,35,40,15,41,31,75,82,15,75,56,26,75,67,30,30,7,35,35,60,21,
Medium323	1	109624	3574	720	91,70,80,40,57,90,76,35,35,7,30,15,20,31,1,71,51,50,85,75,75,85,
Medium324	1	102735	3494	1750	40,85,50,35,0,10,86,25,73,5,40,80,5,35,61,91,60,80,56,35,
Medium325	1	105649	3482	2181	0,15,22,60,70,10,60,5,80,46,36,51,90,50,31,41,87,77,
Medium326	1	101051	3846	777	36,26,45,51,61,81,75,95,5,15,16,0,55,55,40,20,41,50,20,20,50,6,30,30,10,90,70,85,
Medium327	1	105584	3601	4769	80,75,45,10,35,80,5,53,30,0,41,61,25,76,61,45,5,86,
Medium328	1	111071	3577	6813	70,30,65,81,46,25,5,32,51,0,20,41,50,40,75,25,85,85,65,75,6,65,
Medium329	1	102117	4697	4163	75,75,66,35,41,26,17,7,21,46,31,30,40,50,60,95,95,70,95,
Medium330	1	104835	3462	3650	0,0,71,60,70,27,77,6,32,30,1,70,71,21,40,40,51,50,20,45,15,50,77,67,
Medium331	1	101499	3413	1488	97,45,51,15,85,76,75,20,6,32,1,51,41,61,90,61,90,16,45,86,
Medium332	1	101363	3488	2974	30,65,0,51,80,90,25,15,50,35,35,40,75,65,90,65,50,6,40,80,76,5,55,90,60,10,
Medium333	1	102162	3252	13262	90,15,76,60,75,36,80,41,41,30,85,70,65,30,10,70,70,51,95,96,65,86,21,50,20,50,65,31,
Medium334	1	104177	3900	1348	61,35,56,86,25,5,75,41,15,41,0,81,50,51,85,85,65,5,5,45,10,70,5,20,
Medium335	1	102127	3499	7611	60,75,35,40,25,40,5,50,90,5,17,0,0,15,45,22,30,40,7,75,75,
Medium336	1	105261	4234	2891	30,80,50,70,50,5,15,20,60,50,30,85,70,86,40,60,61,45,82,77,55,55,
Medium337	1	117297	3939	2838	30,70,0,15,95,45,21,81,96,0,62,91,85,70,26,85,60,10,6,85,
Medium338	1	110574	3564	6854	25,0,92,85,36,35,61,0,80,96,60,75,15,23,10,5,40,95,
Medium339	1	109809	4096	1501	15,81,71,45,45,25,55,66,5,33,0,61,41,75,40,75,65,86,65,
Medium340	1	116824	3732	5046	25,70,60,56,25,35,80,5,42,0,80,30,50,50,75,80,66,75,50,35,
Medium341	1	107754	4423	5887	40,20,90,90,40,70,70,20,66,35,6,53,90,0,30,62,75,96,35,95,
Medium342	1	104895	3398	4351	81,30,50,70,50,45,45,65,65,5,25,5,31,30,1,80,20,40,61,41,40,86,76,85,66,5,25,
Medium343	1	109031	3673	3516	40,81,50,62,95,95,95,55,46,5,15,15,20,15,0,42,5,50,65,90,10,50,85,85,90,90,65,77,
Medium344	1	109151	3930	1348	20,50,61,70,35,15,85,20,5,41,41,0,50,72,65,55,7,25,80,10,
Medium345	1	109832	3576	5465	25,91,55,85,30,40,90,60,60,86,11,6,41,40,1,81,52,86,6,95,96,
Medium346	1	114522	4760	1332	95,80,60,20,50,50,80,60,45,96,76,20,30,61,75,5,20,15,6,70,20,71,90,87,
Medium347	1	101378	3376	1528	65,11,65,30,1,81,97,80,65,0,45,35,15,52,85,85,25,16,75,30,5,25,60,61,50,40,92,85,25,76,
Medium348	1	101982	3328	7245	81,95,37,65,0,76,90,86,0,25,16,15,20,6,72,90,40,50,50,85,66,
Medium349	1	105007	3581	2766	40,10,20,5,30,60,56,87,5,40,41,0,81,50,50,50,85,25,35,85,
Medium350	1	104666	3360	1740	62,71,86,46,5,55,18,0,50,25,40,31,30,20,60,7,40,80,76,
Medium351	1	102141	3428	3496	30,20,65,12,90,60,50,70,85,36,40,50,51,45,30,77,30,67,
Medium352	1	104958	3470	11832	55,35,26,60,40,70,5,70,95,18,0,45,70,60,23,70,30,40,
Medium353	1	104763	3478	1770	75,35,25,25,41,55,5,15,81,95,16,0,45,20,21,40,5,10,30,90,86,65,6,66,
Medium354	1	103005	3565	927	65,41,20,31,51,77,65,87,65,6,15,20,41,5,15,21,61,70,55,
Medium355	1	102675	4279	3397	61,55,90,0,86,22,80,50,65,80,65,95,30,96,41,51,50,45,45,92,36,5,87,
Medium356	1	105907	3779	1575	0,81,65,50,20,70,15,21,60,20,10,86,85,41,52,46,30,81,80,67,75,76,
Medium357	1	106904	3647	2776	15,95,65,35,50,25,96,15,40,71,83,76,16,61,25,25,36,
Medium358	1	104427	3582	11543	85,70,45,95,45,65,35,45,26,76,50,6,15,15,95,15,0,55,22,50,5,30,
Medium359	1	111010	3662	8469	20,11,95,80,96,30,55,75,76,1,11,32,91,6,70,50,20,61,41,87,
Medium360	1	115634	3749	11530	86,30,90,91,75,65,30,25,25,46,6,51,51,40,40,0,0,85,95,21,62,71,25,6,70,96,
Medium361	1	106003	3415	5852	1,85,15,60,25,33,70,20,10,85,6,40,52,80,90,60,76,90,75,
Medium362	1	109605	3484	6609	70,60,60,80,95,56,25,95,25,35,5,43,0,30,20,20,90,90,52,90,76,65,25,85,
Medium363	1	103551	3837	3551	25,80,62,95,35,85,25,40,5,17,0,45,21,50,20,60,30,50,40,
Medium364	1	103442	3349	2067	0,80,95,75,0,26,30,30,80,52,65,85,36,21,5,45,70,90,85,5,65,
Medium365	1	106180	4007	1511	55,35,75,5,15,20,41,81,55,95,16,96,60,15,0,61,92,85,46,85,60,50,30,71,85,
Medium366	1	109728	4045	995	85,45,90,90,61,70,36,85,15,60,85,20,5,96,95,43,0,50,50,70,71,55,55,90,90,5,90,66,5,5,25,80,10,
Medium367	1	107553	3430	2038	80,70,50,97,20,45,10,65,30,0,66,0,10,22,91,5,85,60,75,40,30,86,50,76,
Medium368	1	113627	3829	394	87,0,92,61,46,52,41,70,70,67,46,56,95,96,7,90,91,16,16,51,82,50,95,96,0,0,25,25,32,21,5,71,
Medium369	1	101129	3705	4890	10,90,51,72,56,80,97,15,60,45,5,61,60,45,0,90,90,80,80,55,76,80,96,
Medium370	1	101402	3267	6538	0,80,80,0,15,22,95,10,5,80,41,96,55,60,62,50,90,91,77,30,87,
Medium371	1	104017	3942	733	40,30,76,65,80,40,95,32,50,85,96,60,86,5,5,15,60,20,5,80,90,75,
Medium372	1	103491	3425	1096	60,87,55,75,45,45,36,1,25,17,20,6,30,30,40,30,40,1,51,62,55,5,80,80,76,
Medium373	1	111375	3745	1875	80,20,40,40,50,15,80,36,75,75,65,5,22,0,70,70,32,76,85,5,85,45,
Medium374	1	106033	3438	760	35,50,25,15,50,0,70,70,68,75,75,5,57,0,10,72,55,81,80,47,85,85,85,77,20,6,30,
Medium375	1	109117	3722	11292	65,95,80,95,5,35,26,50,50,5,17,45,0,55,21,30,20,50,41,
Medium376	1	104469	3333	3772	30,0,40,40,85,65,65,65,0,15,90,22,40,71,85,10,5,5,52,60,80,90,76,75,
Medium377	1	103417	3343	13666	25,45,90,5,17,35,65,0,40,70,80,25,52,65,35,91,85,77,41,5,10,85,5,65,
Medium378	1	113573	4919	917	5,15,90,21,61,60,31,81,97,50,71,71,55,92,66,5,85,86,
Medium379	1	102174	3303	5721	81,70,65,35,95,35,46,20,6,51,50,50,85,1,41,31,62,91,90,85,35,76,
Medium380	1	112860	3721	7945	0,40,41,70,95,96,50,35,70,25,15,25,80,65,66,25,30,0,30,30,51,90,21,90,87,76,45,15,30,5,61,45,
Medium381	1	104653	4488	2391	21,6,30,10,80,45,70,80,45,90,50,62,55,41,87,36,
Medium382	1	108594	3453	8128	80,95,5,15,60,96,45,35,36,16,77,1,41,91,65,21,40,50,30,40,87,
Medium383	1	105550	3426	20167	90,70,41,66,25,87,36,60,40,6,53,95,1,30,45,62,30,81,91,76,26,30,46,75,
Medium384	1	102300	3428	6129	50,35,5,17,80,50,70,81,20,0,40,30,41,75,65,55,75,55,55,31,65,
Medium385	1	104934	3866	8008	25,30,60,41,96,55,40,55,77,5,5,17,0,45,22,40,30,
Medium386	1	103290	3298	3137	40,26,6,60,15,85,60,70,85,15,15,85,1,32,80,55,40,55,15,80,77,66,30,
Medium387	1	104537	3286	7237	21,50,0,61,70,20,80,97,11,10,30,31,91,86,90,76,65,50,26,65,10,85,75,
Medium388	1	109525	4201	1201	90,10,41,0,0,60,80,60,55,35,25,60,90,6,71,82,75,1,67,20,5,30,
Medium389	1	104581	3515	11392	80,11,35,0,90,63,70,80,45,95,10,96,5,30,50,70,71,55,91,85,85,40,85,
Medium390	1	107890	3951	4418	21,81,51,65,10,46,65,65,10,30,6,30,31,0,61,40,41,66,86,55,
Medium391	1	107167	3480	8437	45,35,52,41,15,95,70,50,87,20,31,61,70,95,95,61,35,45,16,
Medium392	1	113693	4021	2067	45,75,82,25,52,87,15,75,40,75,30,40,63,46,82,55,15,25,25,5,55,15,
Medium393	1	104215	3418	11148	70,36,80,50,80,65,0,12,20,60,70,87,42,80,10,51,81,66,65,40,6,76,75,
Medium394	1	103926	3350	940	61,35,35,70,40,70,87,55,5,55,17,0,26,42,21,50,31,61,5,6,50,80,76,
Medium395	1	109552	3677	2216	55,25,75,85,45,35,0,36,63,5,80,80,90,26,91,45,5,55,
Medium396	1	103469	3399	2001	70,70,95,35,65,55,0,45,16,26,25,10,10,5,51,60,50,0,17,5,55,21,81,30,41,80,30,71,
Medium397	1	100160	3190	1687	75,36,50,96,85,1,26,41,52,40,60,60,75,5,5,80,90,75,35,
Medium398	1	108237	3508	3994	15,20,70,15,40,36,65,65,55,5,22,0,60,60,30,31,65,76,65,15,
Medium399	1	104074	3287	25804	25,31,40,80,70,40,51,70,35,41,85,95,10,60,60,95,85,75,11,76,85,35,21,61,20,51,31,
Medium400	1	104408	3656	1146	35,25,45,50,70,25,61,85,5,95,17,0,65,21,20,30,60,40,7,10,90,80,75,
Medium401	1	108288	3861	10376	95,5,17,70,45,20,31,15,80,0,96,51,50,60,90,70,91,87,35,50,
Medium402	1	105656	3397	892	45,20,35,5,70,50,61,70,35,46,5,22,0,41,32,46,65,65,
Medium403	1	108545	3476	1308	36,71,95,40,81,96,56,5,65,17,0,25,15,60,25,42,20,20,50,31,5,71,6,50,90,86,
Medium404	1	103372	3391	600	16,75,85,60,46,26,75,86,30,30,50,15,5,62,75,5,55,5,35,35,80,21,
Medium405	1	103800	4027	3267	50,60,80,80,76,35,45,6,61,60,0,0,40,70,30,71,70,45,86,55,35,
Medium406	1	104478	3467	6603	85,90,20,50,90,66,73,35,35,5,40,41,0,31,61,96,60,35,5,55,6,86,
Medium407	1	105781	3440	18119	71,70,20,10,90,0,40,0,42,60,80,95,95,20,95,50,30,30,61,50,60,51,35,35,6,92,87,
Medium408	1	104029	3466	6128	11,10,80,70,95,96,65,20,65,45,10,65,1,22,30,91,5,50,87,30,60,40,76,5,50,75,
Medium409	1	103999	3985	1741	81,41,15,36,55,75,75,65,65,5,22,20,0,61,32,45,66,86,
Medium410	1	103327	3491	6141	36,1,90,25,15,40,90,15,75,40,60,0,85,30,60,60,95,26,85,76,95,15,31,
Medium411	1	109063	3588	18450	0,15,30,90,15,70,22,10,10,80,80,96,45,35,15,95,60,70,30,71,65,91,87,10,
Medium412	1	105792	3423	8784	85,0,20,15,20,92,55,45,77,60,20,45,0,85,30,45,50,51,85,41,60,50,36,60,97,
Medium413	1	107217	3484	2277	55,40,85,95,11,20,30,60,55,85,85,75,5,41,40,0,80,80,52,95,35,86,95,
Medium414	1	106981	3492	6238	40,40,90,0,0,15,80,80,90,80,36,60,72,65,30,30,95,45,96,87,45,10,
Medium415	1	101336	3664	9787	50,10,35,35,95,80,96,40,65,25,77,0,41,91,85,20,50,15,40,86,
Medium416	1	102553	3926	1776	85,70,70,55,45,25,15,86,45,30,95,95,55,6,63,70,1,70,35,95,35,35,6,80,20,65,80,10,
Medium417	1	110671	3878	9867	45,60,81,75,15,95,45,5,62,55,0,40,72,85,16,45,
Medium418	1	104352	3494	3356	45,80,30,75,10,90,11,20,70,91,0,87,52,80,81,60,35,35,75,96,60,75,16,50,75,95,
Medium419	1	102067	3405	2035	40,95,65,95,86,0,25,75,41,25,0,31,40,30,6,50,80,75,90,50,66,5,75,
Medium420	1	108256	3485	1686	0,80,95,75,0,20,80,40,50,50,65,65,50,85,26,41,5,70,35,90,85,
Medium421	1	104412	3454	5298	80,75,80,55,66,26,35,65,5,40,42,0,30,21,61,52,86,25,75,
Medium422	1	110960	3796	954	95,15,75,85,25,40,76,30,50,30,15,5,41,40,0,50,60,60,85,15,60,55,85,5,6,35,70,20,
Medium423	1	110936	3721	6010	35,40,75,80,80,60,15,55,75,15,60,75,35,6,40,40,40,1,71,50,51,15,76,6,86,
Medium424	1	106254	3489	9219	61,0,70,10,60,92,10,85,40,86,30,0,30,42,20,35,53,35,82,96,75,95,76,
Medium425	1	105695	3543	3305	50,71,0,30,80,16,97,20,45,65,65,65,0,21,91,85,30,76,20,6,85,60,40,50,85,
Medium426	1	117805	4024	3874	70,96,45,65,70,55,85,66,1,15,23,10,30,5,61,5,80,50,76,
Medium427	1	104171	3358	2912	30,75,65,16,45,25,86,0,66,32,5,25,90,90,80,80,90,15,75,55,75,6,25,
Medium428	1	104815	3505	4869	31,80,66,12,61,70,20,70,87,50,40,20,50,51,45,82,77,67,
Medium429	1	101060	3311	871	60,75,75,36,95,16,86,96,21,50,5,61,85,75,6,25,40,60,55,25,90,11,
Medium430	1	113409	3689	4196	81,20,30,46,75,66,50,65,5,32,0,61,42,66,21,86,
Medium431	1	112275	3690	3850	20,65,40,30,20,0,91,75,66,90,11,40,80,51,50,85,16,76,85,41,
Medium432	1	113871	3644	8666	90,65,90,65,80,56,26,5,35,43,0,30,75,21,61,52,86,76,25,96,
Medium433	1	110475	3558	6360	60,10,71,86,70,40,51,85,10,35,97,35,40,41,30,90,30,26,82,76,91,66,65,31,25,55,75,
Medium434	1	110613	3566	951	75,45,15,67,20,35,75,80,50,75,50,50,35,85,6,5,25,60,10,
Medium435	1	105839	3467	3430	80,5,15,20,20,30,30,95,16,0,80,96,50,50,50,91,85,40,35,70,50,86,
Medium436	1	103545	3783	3305	10,10,20,20,71,61,55,35,55,87,5,40,41,40,0,81,52,65,85,75,85,
Medium437	1	104306	3562	2036	10,55,30,60,20,45,70,45,71,56,5,30,31,0,51,42,25,55,55,66,
Medium438	1	104640	3704	9127	71,5,20,81,80,90,52,60,35,95,96,85,40,60,10,50,5,61,45,90,90,77,
Medium439	1	103757	3402	4626	0,15,75,30,65,45,25,75,0,56,30,81,55,25,31,5,25,71,80,16,66,
Medium440	1	109665	3793	4560	25,71,95,15,35,85,40,86,40,5,52,0,60,47,5,55,82,20,30,10,
Medium441	1	101501	3332	2024	45,60,60,10,30,45,55,20,71,56,5,32,0,50,50,42,56,5,66,
Medium442	1	115838	4410	830	70,45,15,85,45,15,25,25,50,86,95,96,31,60,5,52,0,60,70,70,15,70,65,6,5,35,65,35,90,20,80,20,
Medium443	1	104181	3430	1399	0,40,15,70,82,20,40,70,95,30,50,16,7,10,90,75,
Medium444	1	110862	3699	5948	81,60,70,80,70,70,45,70,97,55,5,5,16,25,26,60,0,15,75,0,35,41,41,60,70,30,80,
Medium445	1	102173	3415	2223	50,30,85,40,60,50,96,40,60,95,86,76,75,5,5,25,15,30,25,30,51,15,30,5,71,81,65,
Medium446	1	104986	3587	3674	70,35,81,10,6,96,95,60,51,40,72,65,50,90,90,85,86,20,
Medium447	1	108121	3465	8426	70,0,40,0,25,30,80,15,95,50,70,30,30,20,50,16,70,7,11,90,86,
Medium448	1	101630	3719	3409	85,45,35,35,45,26,51,5,75,15,95,60,17,70,0,55,55,60,41,21,40,20,50,50,5,31,
Medium449	1	115961	3686	6664	71,11,80,96,60,25,95,0,42,91,50,86,60,75,75,85,40,
Medium450	1	101008	3286	19765	90,20,75,10,12,0,70,31,80,97,42,40,5,50,62,92,52,87,77,
Medium451	1	105898	3613	4672	90,40,20,85,61,55,35,70,5,55,86,5,42,0,81,0,30,50,51,50,65,95,86,95,35,
Medium452	1	106137	3808	5661	0,61,25,70,80,45,96,95,60,26,6,15,70,51,60,25,90,87,30,
Medium453	1	104554	3360	13622	85,76,91,65,20,65,36,5,45,52,50,85,0,25,40,31,62,72,35,5,20,95,55,85,96,
Medium454	1	107488	3667	5939	45,35,60,81,25,75,95,25,50,5,81,15,17,0,55,22,40,30,50,
Medium455	1	104313	3414	3470	20,71,60,70,11,56,42,15,36,67,5,55,22,0,61,30,40,31,60,10,11,67,77,
Medium456	1	109344	3501	11174	15,62,95,87,55,30,21,5,30,95,31,40,71,0,26,95,80,80,60,10,25,
Medium457	1	110990	3672	26478	45,46,30,1,15,21,80,96,5,60,71,70,65,91,50,85,86,55,26,0,40,10,
Medium458	1	108423	3480	625	20,55,0,60,61,50,90,35,91,27,35,56,85,76,85,15,75,60,85,7,65,70,10,
Medium459	1	109717	3952	842	80,75,40,95,96,75,1,40,50,35,25,15,41,6,70,70,50,51,76,0,0,45,10,46,6,20,
Medium460	1	103114	3418	4733	71,60,95,45,35,55,5,17,20,35,0,52,90,5,5,60,75,90,45,
Medium461	1	109704	3535	13601	85,35,15,77,20,5,41,40,61,40,0,86,25,95,71,35,50,60,27,10,
Medium462	1	103485	3454	2060	30,70,66,46,15,25,55,5,30,31,0,20,42,25,80,5,81,75,65,75,
Medium463	1	108748	3542	3013	35,55,71,95,46,5,16,20,15,0,41,61,90,40,75,6,81,90,55,
Medium464	1	106140	3879	2034	30,91,0,25,60,70,55,87,25,25,5,5,16,60,40,5,21,80,77,
Medium465	1	102623	3404	1740	80,20,50,40,80,40,36,75,75,5,21,65,15,20,0,71,32,45,75,75,85,85,
Medium466	1	104091	3297	21729	25,75,46,6,0,18,80,40,91,0,40,52,62,96,21,35,75,85,35,35,86,40,40,7,75,
Medium467	1	111152	4085	1034	90,55,0,26,75,80,25,90,90,55,36,75,7,21,45,35,45,62,40,30,72,35,50,97,
Medium468	1	107688	3502	1771	30,51,0,80,80,96,45,1,55,15,20,21,10,61,20,50,6,40,90,86,
Medium469	1	106647	3628	1695	35,0,0,51,80,90,46,25,65,80,25,35,76,51,6,5,55,55,70,60,21,
Medium470	1	109455	3517	4949	82,95,35,50,75,51,85,75,60,25,25,40,5,17,0,45,22,30,40,5,10,90,86,10,75,
Medium471	1	101856	3645	1459	75,96,67,85,1,40,30,51,75,25,40,40,6,80,90,75,
Medium472	1	103284	3457	5478	50,15,15,70,95,21,30,30,45,52,0,0,86,16,42,55,40,90,55,6,60,90,85,
Medium473	1	105992	3502	1398	20,30,40,65,50,70,85,30,50,40,85,85,65,20,40,96,95,65,6,15,70,15,40,21,5,61,70,80,55,
Medium474	1	118359	3798	7238	95,16,85,25,85,60,70,85,30,5,51,51,0,60,40,36,36,5,81,20,95,55,95,80,10,10,
Medium475	1	104329	3331	3178	1,25,75,60,30,80,15,31,30,60,20,10,75,5,40,5,52,80,70,66,65,
Medium476	1	108443	3643	2888	65,10,75,51,65,45,86,5,23,1,30,65,32,5,81,40,41,86,76,5,55,
Medium477	1	101438	3488	2552	0,50,95,51,85,85,0,95,25,15,15,40,60,95,35,41,75,15,15,20,5,81,80,40,30,91,50,76,
Medium478	1	105514	3652	2046	96,45,85,35,1,50,60,75,75,25,35,51,6,80,90,75,
Medium479	1	105433	3570	4225	66,91,45,85,36,90,75,50,76,75,97,5,16,5,80,26,15,30,25,1,55,30,40,31,50,
Medium480	1	108964	3581	2145	97,15,45,52,85,76,75,20,5,30,31,50,0,41,91,63,15,85,45,85,6,15,
Medium481	1	112333	4040	1681	90,40,60,86,0,0,40,50,90,35,25,15,41,6,81,52,86,1,45,10,46,5,20,
Medium482	1	101499	4090	1010	62,50,60,20,50,81,45,97,75,20,30,76,6,5,70,15,21,71,90,86,85,
Medium483	1	104752	3568	1288	86,91,51,50,60,70,35,96,15,85,20,35,95,41,62,45,45,92,56,7,25,80,10,
Medium484	1	109466	3652	912	50,60,82,10,75,5,21,76,21,30,0,30,40,40,41,35,5,35,71,56,65,70,55,65,85,86,65,
Medium485	1	104503	4608	1215	90,45,35,66,10,80,90,55,65,70,26,0,90,37,41,20,20,52,26,30,97,75,85,41,
Medium486	1	115631	3798	3759	35,16,20,75,40,65,40,75,56,6,22,1,71,31,65,30,76,65,
Medium487	1	104186	4090	3722	65,35,90,45,26,90,90,85,5,50,5,15,75,75,16,0,55,21,20,30,40,50,
Medium488	1	110589	3520	7876	90,40,30,85,55,25,86,75,5,90,40,65,41,0,20,51,50,90,76,35,25,
Medium489	1	105142	4124	1713	77,1,51,60,45,35,80,25,51,6,71,62,76,1,57,5,20,30,
Medium490	1	106551	3412	4306	80,72,45,80,97,55,55,66,5,5,17,26,25,1,35,41,41,70,30,7,65,50,50,90,10,86,
Medium491	1	105483	3811	942	75,15,90,66,45,56,15,37,25,65,41,5,81,90,15,6,45,60,20,
Medium492	1	106666	3414	11503	76,20,20,95,80,30,51,32,40,41,85,96,71,65,85,51,85,5,15,40,70,20,
Medium493	1	106157	3571	1533	95,80,76,11,60,20,20,80,95,35,95,40,55,75,1,41,91,85,25,40,5,5,70,50,60,86,
Medium494	1	105419	3407	1840	60,30,70,20,81,45,10,80,55,56,10,6,30,31,1,51,42,55,55,6,75,75,
Medium495	1	118746	3800	10447	40,80,80,70,65,80,96,40,65,26,35,50,5,52,70,0,35,75,31,21,62,25,5,86,40,91,85,
Medium496	1	108310	3908	2716	45,51,71,80,95,35,95,15,95,20,5,62,50,40,35,60,0,40,82,45,75,5,6,75,25,90,10,
Medium497	1	105704	3488	1095	75,86,5,17,75,65,15,0,20,81,80,92,38,95,96,85,41,86,50,
Medium498	1	102296	3785	2297	35,35,0,25,15,65,16,20,5,40,32,0,40,50,51,66,45,6,76,75,
Medium499	1	116074	3764	1399	20,30,15,50,90,46,85,85,5,75,32,0,81,40,25,40,40,86,65,96,
Medium500	1	109356	3463	8901	21,95,71,80,60,11,0,96,32,60,40,91,26,75,87,76,30,
Medium501	1	106310	3370	3378	30,45,50,0,85,16,26,0,65,75,66,30,31,5,90,81,40,50,25,91,15,76,
Medium502	1	100216	3449	3595	25,30,80,50,65,50,45,76,5,5,65,32,0,0,71,42,75,75,86,
Medium503	1	106775	3652	5061	35,15,85,25,86,40,75,5,53,60,0,47,5,81,55,20,80,30,10,
Medium504	1	106841	3380	6135	80,60,71,96,80,56,25,25,5,35,41,41,30,20,90,0,90,75,20,52,25,5,65,90,76,86,
Medium505	1	108726	4013	1778	71,56,35,65,25,17,20,40,5,66,5,42,0,60,60,0,30,53,65,35,65,76,
Medium506	1	108174	3498	5697	35,20,77,0,50,15,61,82,90,60,55,35,90,35,16,5,70,60,15,20,30,5,97,
Medium507	1	102871	3576	1461	16,95,35,25,87,41,5,51,60,51,0,60,72,65,15,5,26,5,5,45,80,30,
Medium508	1	105391	3498	1013	60,35,0,60,90,45,56,91,86,26,85,45,75,35,61,5,6,66,80,70,21,
Medium509	1	103163	3380	3520	50,36,10,25,75,80,0,80,40,81,90,5,35,5,60,90,70,56,
Medium510	1	107256	3506	3739	60,91,85,85,5,61,60,0,80,56,95,77,1,15,65,23,10,60,30,5,5,70,90,45,85,
Medium511	1	110413	3815	2104	50,40,40,95,50,60,60,96,35,5,16,86,20,15,0,32,91,5,10,90,55,65,45,
Medium512	1	111964	3728	1726	20,40,40,15,35,81,65,35,50,76,5,21,20,0,70,70,31,85,30,45,76,85,
Medium513	1	107386	3437	6175	0,61,10,80,70,95,95,30,10,95,20,0,21,91,86,75,66,20,50,85,30,6,75,50,75,
Medium514	1	102494	3295	7361	70,80,40,66,95,26,35,5,53,41,30,20,91,85,0,20,62,90,76,25,
Medium515	1	114696	3706	3301	35,65,75,0,25,75,15,16,20,5,75,32,0,40,50,51,45,81,66,
Medium516	1	104243	3686	8446	36,90,20,75,40,12,40,80,70,60,97,0,52,92,85,10,61,85,75,85,76,50,
Medium517	1	105077	3400	7736	15,85,86,90,50,20,31,40,40,15,90,5,75,50,15,5,15,60,5,46,36,35,35,1,41,11,80,80,70,80,11,95,5,95,
Medium518	1	108607	3803	3893	70,60,5,10,80,60,81,90,41,50,70,25,40,96,85,95,30,51,60,40,50,35,91,5,77,
Medium519	1	106173	3493	4195	70,91,80,55,25,70,16,90,81,55,40,16,75,76,5,40,41,0,71,50,70,13,85,20,51,86,77,97,
Medium520	1	106832	3383	4382	5,60,15,61,91,70,90,20,86,15,15,0,85,31,55,30,15,80,81,95,95,75,67,41,95,26,76,30,
Medium521	1	109125	3763	2970	45,50,66,85,0,26,75,36,35,0,52,6,81,91,45,25,
Medium522	1	102963	3536	3777	15,85,25,95,85,55,85,46,30,60,6,70,61,41,60,1,15,51,70,71,55,26,15,
Medium523	1	112075	3593	7748	80,80,80,1,91,40,10,31,25,40,26,35,35,5,50,40,60,5,50,60,50,35,22,30,71,97,
Medium524	1	114253	3746	4703	15,70,30,70,30,56,60,26,70,30,25,67,5,43,0,61,60,20,52,21,66,65,5,77,
Medium525	1	108054	4355	1750	92,75,65,85,35,45,26,65,50,85,5,5,17,0,55,22,30,50,5,5,40,
Medium526	1	110138	3555	16605	50,66,75,26,5,75,95,50,85,50,50,0,40,20,62,40,96,35,26,
Medium527	1	120780	3845	2799	35,10,70,82,25,27,31,40,55,60,75,55,76,5,42,0,72,51,35,50,35,23,77,87,
Medium528	1	114442	3654	3300	75,75,35,5,85,35,45,63,0,20,40,31,72,35,81,80,35,51,5,96,95,
Medium529	1	108824	3460	12854	92,35,5,17,61,80,40,0,30,45,52,20,86,40,76,45,65,80,66,30,45,85,30,
Medium530	1	107266	3619	11634	20,0,11,90,30,80,61,70,80,60,45,97,50,72,55,90,40,91,65,65,85,86,
Medium531	1	110969	3610	1520	0,85,35,0,25,15,86,45,15,51,75,15,20,5,32,0,50,50,41,80,60,80,61,76,60,45,
Medium532	1	108078	3519	2175	55,85,35,35,25,0,45,76,45,75,61,61,5,90,80,45,90,80,90,35,55,
Medium533	1	111518	3601	13376	50,11,10,36,80,95,75,10,96,40,66,27,0,76,0,41,50,40,91,5,87,
Medium534	1	113152	3805	4481	65,70,57,20,35,65,40,65,10,11,5,5,21,20,0,61,32,75,75,65,65,
Medium535	1	108113	3756	3641	25,30,95,70,80,0,55,15,30,80,96,31,10,5,60,70,71,65,40,91,86,85,20,
Medium536	1	105671	3336	4159	25,30,90,5,25,15,32,42,81,20,95,15,40,15,96,0,51,71,50,90,50,20,90,5,87,
Medium537	1	104186	3712	5728	40,15,85,5,50,20,86,5,15,75,40,20,66,76,31,41,10,81,65,
Medium538	1	106060	3567	854	85,25,65,15,65,65,70,32,75,60,20,60,50,80,40,40,96,10,76,6,5,70,90,85,
Medium539	1	110280	3533	2352	0,15,80,90,52,96,50,60,10,5,25,32,95,40,62,45,91,87,
Medium540	1	107760	3530	12825	96,0,95,10,11,55,46,77,80,21,10,45,0,53,61,40,90,31,85,5,90,86,
Medium541	1	103023	3873	952	85,15,85,70,46,26,85,15,96,95,31,60,5,51,51,0,60,72,66,6,15,5,35,35,80,90,20,20,
Medium542	1	116451	3728	14827	76,90,40,41,65,65,25,25,35,50,5,51,50,30,86,0,21,62,72,25,5,96,85,
Medium543	1	109103	3593	12585	80,80,95,35,35,75,35,0,75,90,0,25,15,85,15,40,15,20,5,71,70,90,50,61,86,5,46,
Medium544	1	109579	3557	3535	30,61,70,97,60,85,70,86,45,5,45,15,55,16,56,0,25,40,32,20,6,60,90,5,40,80,75,75,
Medium545	1	104331	3620	2654	55,60,80,60,11,40,40,36,76,55,55,5,21,20,0,51,30,45,31,86,56,
Medium546	1	105685	3357	3733	80,5,40,26,5,40,55,15,70,60,25,70,86,40,85,17,1,30,31,80,45,81,75,20,65,51,45,75,65,75,30,
Medium547	1	108385	3429	4110	71,60,70,16,15,15,40,40,20,40,35,35,50,65,66,5,21,20,0,62,12,10,31,30,75,67,46,5,76,
Medium548	1	105333	3605	3374	35,1,25,45,82,52,85,17,60,20,77,5,31,50,30,0,41,62,86,45,
Medium549	1	126906	4127	14249	67,36,2,80,30,30,91,52,26,40,15,41,25,75,95,85,76,86,30,95,30,
Medium550	1	105339	3361	13453	65,0,80,90,40,50,66,16,40,15,35,27,30,77,0,61,31,51,15,21,96,86,45,95,10,45,30,
Medium551	1	104725	4675	1589	81,55,36,75,15,67,20,80,0,76,43,71,85,25,5,61,60,70,30,10,30,51,50,35,86,
Medium552	1	111650	4967	1680	55,45,90,76,20,80,91,75,65,36,45,46,30,30,0,51,60,61,36,10,40,96,85,95,50,50,
Medium553	1	109243	3573	3198	75,20,85,65,16,66,20,40,50,5,30,32,0,90,40,51,75,91,85,50,75,45,85,5,15,
Medium554	1	101741	3223	895	25,30,50,0,15,15,81,50,31,70,70,80,41,95,15,21,7,10,90,75,
Medium555	1	101628	3351	10689	10,30,50,20,45,20,72,51,65,45,66,6,32,0,20,55,61,42,77,65,65,
Medium556	1	108524	3502	5525	16,61,1,72,27,30,77,6,30,31,1,70,71,20,21,40,76,53,65,66,75,
Medium557	1	105661	4170	3223	60,70,5,45,81,95,35,26,80,50,75,5,65,17,0,55,22,50,40,30,
Medium558	1	104397	4162	4913	60,60,70,35,81,5,95,80,45,75,25,65,25,50,5,17,0,55,20,21,30,40,50,
Medium559	1	104237	3919	3462	15,40,61,71,55,55,86,20,5,42,0,81,52,30,75,65,85,85,
Medium560	1	103455	3355	1179	45,15,75,52,85,95,25,75,75,30,41,62,16,45,85,5,5,85,5,35,70,20,
Medium561	1	104437	3894	9271	66,90,85,75,45,35,26,5,50,5,17,0,55,20,40,22,30,50,
Medium562	1	102866	3418	2788	80,75,40,50,60,97,75,6,15,20,30,50,5,70,40,90,85,
Medium563	1	105098	3610	2123	80,30,0,15,65,21,20,50,30,60,20,85,70,10,86,5,40,51,50,45,81,77,80,67,
Medium564	1	103893	3866	4317	20,75,50,10,20,50,85,45,65,75,75,6,32,1,71,41,40,76,5,55,86,
Medium565	1	113561	4854	8710	90,45,70,45,70,26,35,90,66,87,5,15,53,0,81,61,96,30,60,75,86,5,6,21,
Medium566	1	108013	4414	5520	40,90,72,36,16,25,90,66,85,85,50,70,85,5,52,0,81,62,96,85,85,45,20,11,
Medium567	1	100234	3530	3239	76,50,95,1,51,40,60,35,25,15,85,50,0,91,61,60,96,5,45,55,6,80,10,20,
Medium568	1	102772	3393	1844	95,25,15,35,85,86,41,61,70,71,66,51,25,5,16,5,25,5,45,80,30,
Medium569	1	102314	3366	1400	85,70,50,85,15,15,96,46,26,95,30,60,70,30,85,15,71,7,35,65,35,90,21,
Medium570	1	103323	4042	1872	35,40,50,26,81,50,65,5,75,95,17,0,55,22,50,6,10,30,90,70,85,
Medium571	1	107449	3484	8063	80,41,75,35,95,6,35,56,63,1,51,30,30,20,72,35,90,5,90,86,
Medium572	1	107882	3487	3030	45,35,50,6,15,27,0,16,0,55,32,60,40,50,5,6,80,90,76,75,
Medium573	1	104027	3649	5742	85,75,65,75,65,86,0,40,50,95,35,25,40,40,50,5,80,60,70,95,
Medium574	1	107560	3545	1692	85,20,50,10,75,65,10,20,50,65,45,45,76,85,85,6,31,30,1,80,71,80,43,86,76,6,55,
Medium575	1	110416	3809	4182	60,60,45,10,75,45,25,95,60,31,81,96,50,0,50,50,90,90,85,65,36,90,50,40,5,65,70,70,20,86,
Medium576	1	114007	3641	5472	80,0,65,55,91,90,25,35,25,35,70,35,40,95,96,5,5,41,40,0,0,92,80,30,31,75,95,21,61,60,85,50,60,52,85,85,96,5,25,76,
Medium577	1	107131	4041	2991	55,45,85,15,45,70,25,85,60,85,30,6,62,40,1,40,51,72,26,55,16,
Medium578	1	115355	3892	8929	0,35,11,90,70,80,52,10,80,70,97,50,30,40,63,5,45,91,77,87,
Medium579	1	107401	3626	4574	50,20,30,60,50,80,80,71,97,46,5,17,20,0,41,90,40,90,5,10,90,66,5,85,76,
Medium580	1	103862	3294	814	51,60,60,77,45,15,25,33,50,20,10,6,50,5,40,70,66,
Medium581	1	108760	3501	5833	30,51,71,45,15,66,6,32,26,1,70,61,42,77,65,65,
Medium582	1	110633	3576	2038	45,15,50,25,85,85,77,30,90,16,61,85,61,95,7,35,70,20,
Medium583	1	104017	3547	3584	30,10,20,70,50,46,67,6,32,0,60,60,42,25,66,76,
Medium584	1	118038	3733	6717	90,60,35,27,40,90,85,5,17,0,20,45,22,30,40,5,75,50,10,80,55,66,
Medium585	1	106520	3380	7739	70,30,10,31,25,40,25,55,56,66,30,5,12,0,50,50,65,22,56,76,
Medium586	1	115058	3752	10023	50,35,95,25,50,0,71,70,70,66,45,35,95,95,5,56,56,0,40,0,75,35,20,15,21,70,20,40,10,
Medium587	1	109053	3518	4697	70,10,10,1,21,45,30,30,80,80,97,52,90,90,85,70,25,25,86,30,50,
Medium588	1	107046	3514	2452	80,75,20,90,40,65,65,50,35,91,76,5,5,52,0,0,30,70,70,62,60,76,85,35,45,85,
Medium589	1	105104	3732	6078	40,82,61,52,60,72,87,35,97,45,45,5,17,50,0,41,81,91,76,20,40,5,66,
Medium590	1	102440	3329	2511	25,81,50,50,30,71,95,25,25,5,40,15,80,40,6,20,90,75,
Medium591	1	105605	3821	1854	50,10,70,95,0,45,50,35,51,85,0,41,60,85,25,40,56,30,90,40,90,85,
Medium592	1	108026	3516	4467	70,0,45,60,21,18,30,20,50,67,6,32,0,61,60,12,40,41,66,10,77,65,
Medium593	1	123257	4263	3026	15,75,85,40,76,30,21,5,42,0,51,62,60,55,5,15,35,15,86,
Medium594	1	108604	3542	4578	40,60,30,75,56,25,86,5,15,25,42,0,81,52,35,85,85,5,75,75,
Medium595	1	106574	3949	1238	80,26,15,56,36,16,97,41,5,63,70,0,70,81,80,75,25,5,75,6,46,90,30,30,
Medium596	1	108309	3470	7771	10,60,20,30,75,40,55,60,81,80,55,76,5,20,42,0,71,51,86,25,50,85,35,76,6,20,
Medium597	1	111194	3956	2791	95,60,95,0,0,60,70,52,45,25,15,85,50,0,90,90,72,96,5,65,55,80,10,20,
Medium598	1	106097	3387	9968	45,70,30,70,45,55,67,5,32,0,62,20,42,50,75,75,65,15,51,66,20,
Medium599	1	102928	3373	3297	15,90,55,76,25,75,40,85,15,30,5,62,80,45,90,90,15,45,6,35,70,45,20,
Medium600	1	100477	3219	9724	65,30,75,81,61,46,76,21,50,5,80,32,0,71,42,87,76,16,
Medium601	1	107869	3859	3718	75,56,5,26,30,15,40,40,80,40,20,30,95,16,80,40,0,96,15,62,92,86,35,60,50,70,35,70,85,5,20,
Medium602	1	105842	3377	795	70,0,80,55,61,90,35,60,91,35,55,27,15,50,50,85,85,76,85,60,5,6,65,70,10,
Medium603	1	116453	3853	6949	10,20,80,46,50,65,77,5,30,32,0,71,65,41,40,86,75,75,
Medium604	1	110923	3574	2477	70,80,10,65,35,27,30,25,40,55,75,61,75,75,6,41,60,40,1,30,71,52,70,20,50,35,35,21,76,87,5,75,
Medium605	1	101042	4037	3606	85,50,41,15,65,85,35,76,5,20,20,20,0,71,31,45,30,76,
Medium606	1	106082	3605	1598	31,20,65,55,15,56,70,21,40,20,75,86,75,51,85,75,10,5,6,70,65,80,65,
Medium607	1	118118	3915	8574	31,95,0,40,25,70,63,95,5,95,35,56,35,35,87,1,65,15,23,10,40,5,60,
Medium608	1	111976	4246	2361	51,26,80,65,45,15,45,76,5,33,0,71,42,55,86,76,25,
Medium609	1	111179	3511	13239	75,66,16,0,80,10,95,65,20,0,80,20,95,42,5,60,51,90,90,75,35,50,86,75,
Medium610	1	114879	3771	3629	70,61,55,25,25,0,82,35,36,87,5,43,0,81,80,30,30,75,20,20,53,25,65,30,85,86,75,75,
Medium611	1	107419	3436	1209	70,60,45,20,55,30,10,82,56,5,5,22,30,31,1,51,40,76,41,56,
Medium612	1	124691	4026	1896	60,71,50,80,30,60,15,40,81,25,16,66,65,5,41,40,0,60,60,60,12,66,65,75,76,
Medium613	1	106607	3564	6104	20,70,50,45,80,36,35,40,55,67,0,70,40,91,40,15,31,85,77,40,5,15,60,15,25,60,86,90,25,
Medium614	1	106748	3452	5521	0,10,21,10,70,96,5,30,55,85,1,31,90,90,75,15,30,26,5,75,82,50,90,40,61,75,
Medium615	1	101759	3315	1853	90,45,90,15,85,75,66,25,65,50,30,5,51,80,90,76,16,5,5,35,60,20,
Medium616	1	106214	4041	1324	30,80,50,97,65,40,40,26,66,6,70,15,70,30,5,60,90,85,
Medium617	1	109769	3612	1651	70,70,1,90,90,90,21,16,30,15,95,96,20,6,42,40,32,0,0,92,12,95,50,95,51,77,95,
Medium618	1	114167	3661	6724	70,30,20,45,50,71,45,66,5,15,32,21,0,61,42,66,6,77,
Medium619	1	100176	3344	3607	20,85,40,60,10,55,30,55,86,5,42,0,81,52,35,86,5,25,
Medium620	1	106748	3945	3714	15,85,76,30,75,20,20,51,5,30,31,0,40,40,61,61,16,45,55,86,
Medium621	1	101503	3289	2338	55,20,75,40,35,40,75,5,65,16,5,55,22,0,10,0,71,31,31,75,75,65,15,65,
Medium622	1	103262	3695	1079	30,55,60,20,20,85,41,30,86,77,56,6,15,61,31,5,51,70,45,
Medium623	1	107318	3480	3315	80,65,51,75,65,35,26,40,5,80,15,95,16,50,0,45,22,40,5,11,90,85,30,50,85,
Medium624	1	105892	3520	2404	15,25,25,60,70,55,35,87,40,60,70,70,70,16,25,65,7,45,80,30,
Medium625	1	109178	3635	2361	0,35,25,92,85,76,75,61,55,0,15,86,16,5,72,61,15,80,81,96,21,40,95,30,
Hard001	1	108195	3755	3945	35,50,60,115,50,90,125,115,25,0,70,71,45,5,110,25,60,90,102,120,96,81,35,5,46,35,
Hard002	1	108489	3605	5979	105,91,85,0,116,0,27,5,15,100,55,91,25,110,110,75,101,110,36,36,115,105,10,105,75,41,60,
Hard003	1	102988	3303	1050	10,20,10,30,5,111,70,6,35,15,110,40,36,91,35,101,45,116,90,55,1,60,61,50,80,105,25,60,106,
Hard004	1	105852	3664	8856	125,115,45,105,35,85,55,95,35,95,60,70,6,27,16,15,0,0,75,30,65,31,40,30,60,50,70,
Hard005	1	104280	3490	2053	80,45,105,65,55,15,25,97,55,30,6,73,1,51,61,81,80,65,15,15,100,7,35,90,20,
Hard006	1	106843	3404	6993	115,96,105,50,70,65,80,80,71,95,55,100,125,110,125,56,75,60,6,75,26,15,100,80,31,41,65,75,15,50,80,90,5,50,120,25,116,
Hard007	1	105823	3358	1830	71,40,81,95,96,56,5,65,18,60,0,25,25,30,40,71,30,30,41,20,20,6,5,50,50,90,85,85,
Hard008	1	116747	3705	3991	25,100,40,61,55,95,85,115,60,45,105,95,75,95,0,20,15,22,10,5,91,110,60,85,106,5,30,
Hard009	1	111855	3627	16887	105,65,25,35,25,51,41,6,70,17,1,55,45,80,91,90,23,40,30,50,106,
Hard010	1	113729	3870	1511	105,80,96,20,0,55,70,15,41,0,120,95,70,80,105,35,70,70,5,5,110,120,105,5,75,90,10,
Hard011	1	109692	3834	1168	50,65,70,105,71,35,40,61,85,86,65,65,76,56,5,15,6,50,20,51,71,1,61,80,90,80,80,105,65,5,105,
Hard012	1	104247	3369	1652	126,125,85,75,35,35,0,35,70,82,90,120,110,110,56,65,25,120,105,80,65,5,55,96,75,31,110,46,5,5,85,100,20,
Hard013	1	105983	3779	5073	110,80,36,16,40,25,110,95,50,66,70,106,5,52,0,101,61,115,20,10,60,30,45,85,106,115,7,10,
Hard014	1	105050	3479	3039	100,30,40,1,80,15,20,20,100,81,95,55,116,115,72,112,50,90,105,85,25,90,105,25,10,85,70,6,105,
Hard015	1	116276	4050	1173	35,40,0,101,71,25,100,95,85,65,86,95,0,95,17,5,80,71,81,15,92,105,21,30,50,106,
Hard016	1	104254	3740	1589	35,90,25,80,45,25,50,60,80,75,5,105,15,16,0,55,22,50,40,5,10,100,70,85,30,
Hard017	1	116237	3892	5609	50,25,60,105,95,15,0,41,50,0,81,77,85,85,5,55,46,10,46,20,0,50,80,82,5,60,110,5,106,70,36,
Hard018	1	105498	3570	2232	100,100,55,55,60,71,70,65,51,105,106,45,5,15,16,90,45,50,61,75,15,61,0,35,55,95,40,96,40,20,100,75,100,41,65,35,5,11,100,55,
Hard019	1	115247	3695	1435	0,30,0,15,21,110,120,55,20,71,55,10,80,100,80,100,92,85,15,100,85,50,125,70,126,50,115,26,115,25,70,115,5,10,
Hard020	1	102720	4209	4950	110,86,55,65,45,45,110,95,95,106,95,105,1,15,21,20,30,20,10,5,5,5,90,15,100,26,101,40,90,60,80,115,115,
Hard021	1	107115	3686	1603	5,15,111,85,20,66,35,105,41,110,90,106,15,15,70,0,50,70,70,101,115,95,46,30,15,70,100,61,5,82,65,116,96,
Hard022	1	111407	3764	6332	25,110,95,6,40,15,101,25,40,85,110,100,110,50,77,55,116,45,20,45,45,111,0,52,115,35,105,80,61,35,70,96,50,
Hard023	1	115896	3721	15955	15,80,100,50,20,42,106,85,96,86,20,5,30,50,30,30,40,70,70,105,0,27,80,95,5,15,80,11,
Hard024	1	113565	3929	1347	15,50,70,70,15,50,1,26,40,30,61,91,85,105,15,0,15,55,70,55,41,40,50,75,32,50,5,11,20,100,80,95,20,
Hard025	1	102306	3436	1168	95,30,1,25,30,101,115,60,70,80,55,115,26,5,5,61,60,1,21,111,106,35,20,5,40,90,70,80,105,
Hard026	1	106181	3538	2212	0,30,105,0,25,30,40,111,125,60,80,90,55,125,25,75,25,6,62,1,21,121,115,35,20,5,100,5,80,90,70,115,115,
Hard027	1	109579	4262	3488	65,5,70,80,90,91,45,85,75,105,35,26,50,5,17,0,55,22,50,5,30,40,
Hard028	1	110463	3647	1154	90,40,70,106,65,55,87,0,15,20,20,30,20,10,40,6,5,80,15,25,81,50,60,100,95,
Hard029	1	103562	3279	950	0,15,115,30,0,70,130,55,15,130,125,125,46,70,65,115,25,115,80,70,5,90,100,125,80,130,15,6,75,110,20,
Hard030	1	107716	3504	9115	81,50,65,80,30,26,0,25,35,0,85,90,85,60,91,36,20,56,75,85,40,0,21,75,41,31,95,15,50,67,96,20,75,5,16,
Hard031	1	105552	3502	2918	50,120,70,96,86,105,115,1,25,15,30,32,10,5,20,5,110,50,80,90,5,125,
Hard032	1	100563	4880	1798	90,40,80,105,5,65,57,60,60,75,96,75,117,75,65,1,25,0,15,31,30,20,30,40,10,
Hard033	1	110811	3547	1419	90,45,100,35,45,50,75,115,1,51,40,105,25,96,50,60,105,6,110,70,80,105,5,55,90,20,
Hard034	1	110792	3689	5591	0,40,75,100,92,70,121,45,45,100,45,75,55,25,65,80,55,115,90,100,5,80,75,120,36,100,6,15,95,110,20,
Hard035	1	102932	3275	1767	115,70,90,55,35,60,125,15,116,125,20,5,5,40,71,40,61,80,50,101,125,5,25,110,40,10,
Hard036	1	114260	3966	1056	15,115,71,35,5,122,50,80,65,90,103,95,85,61,47,65,55,125,110,10,5,76,
Hard037	1	107863	3417	12926	110,100,127,35,75,81,45,55,60,60,100,95,25,46,60,85,50,5,15,110,17,80,40,0,60,41,21,90,86,70,120,40,120,105,50,105,5,116,
Hard038	1	111052	3608	2512	5,61,70,90,106,105,95,75,67,0,70,91,100,121,90,80,55,25,46,45,115,85,55,75,85,90,60,5,35,60,120,100,35,6,95,110,20,
Hard039	1	117744	3784	26176	35,50,96,46,65,35,71,85,85,5,5,18,25,26,0,0,75,30,105,56,32,25,75,63,51,80,71,40,40,
Hard040	1	111829	4515	1052	115,100,50,30,90,50,61,0,72,66,125,115,125,56,107,0,95,95,15,95,0,35,23,40,70,30,10,
Hard041	1	109795	3837	727	70,85,90,85,105,65,1,46,125,50,70,90,85,115,45,6,35,25,15,51,50,30,0,26,0,41,80,95,40,
Hard042	1	121417	4129	12261	110,10,50,100,121,80,45,72,40,66,36,126,105,5,50,41,75,115,15,51,0,40,90,31,25,62,35,25,75,7,125,
Hard043	1	111335	3990	872	35,5,60,90,70,16,70,15,0,80,90,30,52,46,95,25,85,25,86,31,5,11,10,0,36,80,80,50,21,35,40,75,75,95,
Hard044	1	115838	3844	1701	15,91,62,70,86,45,45,97,25,85,30,51,72,56,5,92,66,5,16,5,35,80,20,
Hard045	1	101928	3366	2177	5,90,15,75,56,5,55,25,31,40,95,40,81,96,25,25,25,17,0,0,61,60,91,85,45,90,50,71,85,60,85,
Hard046	1	102637	3494	2787	55,95,101,71,70,105,50,80,15,45,105,45,25,96,30,5,105,51,60,50,0,37,5,90,20,55,91,10,70,
Hard047	1	106244	3449	2006	105,80,35,65,110,25,95,45,25,50,75,5,16,15,0,55,22,50,40,5,10,10,90,60,30,85,70,100,86,
Hard048	1	110879	4102	4325	96,115,65,70,5,80,100,15,65,70,45,35,25,80,70,81,55,70,0,60,55,60,90,90,45,90,65,
Hard049	1	111738	3521	6141	0,50,35,105,15,105,50,50,5,45,73,0,55,80,100,40,10,56,5,75,90,101,20,115,
Hard050	1	108326	3573	9800	50,85,76,85,40,95,52,45,81,70,62,96,45,6,105,15,0,20,30,60,6,40,90,91,76,
Hard051	1	104667	3373	6396	75,80,105,125,80,75,35,40,105,40,50,90,125,105,80,110,5,50,90,75,35,15,5,27,110,40,0,110,32,70,95,80,
Hard052	1	113233	3661	6004	65,80,35,25,50,5,110,75,110,65,100,110,96,5,17,0,90,45,115,105,60,0,55,22,50,5,40,115,100,111,95,30,
Hard053	1	113893	3710	7214	25,32,20,40,50,90,125,126,75,65,107,30,10,0,66,71,80,80,70,61,70,25,46,25,6,5,75,110,50,
Hard054	1	117077	3968	15146	75,80,65,90,105,36,75,105,1,27,5,15,5,15,30,31,1,20,20,101,85,15,20,5,70,95,60,71,100,15,42,50,51,40,86,96,
Hard055	1	105804	3861	874	110,95,65,55,36,0,25,100,111,75,95,45,46,70,115,105,20,7,25,100,110,75,55,82,50,40,90,35,50,60,91,45,70,117,
Hard056	1	105609	3499	2876	105,95,10,115,95,87,20,2,25,31,90,115,100,115,40,55,25,60,25,5,5,15,90,70,30,5,21,110,106,105,
Hard057	1	109084	3716	4547	95,15,21,55,40,116,0,16,1,45,35,28,40,5,5,12,111,0,51,51,70,105,5,116,17,0,0,55,45,23,40,5,50,30,90,105,
Hard058	1	113034	3637	2954	35,26,80,50,72,55,65,40,85,40,5,95,17,0,45,21,21,40,5,10,30,90,86,70,
Hard059	1	114035	3760	3328	80,0,0,61,45,55,90,70,80,35,15,90,115,25,15,107,60,5,70,71,50,0,65,101,15,20,30,66,
Hard060	1	110238	3473	32563	120,115,75,115,85,115,90,55,90,45,115,60,60,120,105,45,60,5,15,45,95,16,35,15,60,90,30,0,35,50,20,42,100,70,40,55,125,50,111,75,125,5,50,
Hard061	1	124197	4168	3552	50,62,82,35,105,75,46,60,0,16,55,27,10,65,10,40,5,42,60,0,70,17,5,45,20,92,20,50,50,5,31,5,80,
Hard062	1	108959	3473	1413	125,105,35,0,26,42,90,61,80,80,115,50,25,5,90,15,90,125,31,5,50,5,20,110,85,
Hard063	1	110470	3753	1706	36,46,95,66,26,106,17,105,51,5,72,0,80,56,55,11,5,75,75,100,101,41,31,21,
Hard064	1	110469	4318	2368	90,31,0,15,60,60,60,75,81,90,46,27,40,40,96,86,10,6,102,40,20,40,70,65,50,70,65,95,
Hard065	1	105151	3669	1542	120,65,15,100,116,20,0,35,85,40,40,120,76,35,35,5,90,110,101,100,95,35,70,70,50,127,
Hard066	1	105853	3467	2524	100,95,1,25,31,80,115,100,115,25,55,40,25,6,42,0,0,20,50,20,111,86,35,20,5,105,90,60,70,106,60,70,85,
Hard067	1	110903	3730	2754	111,85,75,121,35,75,26,85,35,56,60,105,45,90,5,90,90,100,65,50,120,110,30,66,105,95,40,30,50,21,
Hard068	1	114511	3848	2195	30,65,55,40,105,110,20,65,70,70,90,80,91,81,76,25,115,100,60,50,60,35,36,65,55,105,110,46,20,
Hard069	1	112504	3568	4304	50,15,80,45,20,90,36,35,40,55,76,75,15,0,41,30,100,15,95,60,30,25,86,40,5,100,71,50,100,60,96,25,
Hard070	1	106959	4699	2607	75,80,100,35,110,125,45,26,50,5,132,60,80,90,112,105,5,15,95,86,136,75,85,16,90,115,135,1,55,65,22,20,30,50,40,60,
Hard071	1	106332	3545	6625	15,65,111,105,95,55,35,25,96,15,40,55,5,71,71,0,60,81,46,91,15,45,5,20,30,
Hard072	1	104933	3629	3766	105,30,85,46,26,112,50,60,90,90,90,65,55,105,85,56,60,115,115,95,115,20,20,7,25,25,110,91,
Hard073	1	113855	3726	16092	36,50,71,40,52,45,115,30,61,115,115,45,60,96,5,30,15,45,55,16,0,55,55,40,20,40,86,111,30,41,75,50,66,
Hard074	1	107767	4431	2863	56,40,105,70,120,95,95,65,86,65,116,106,115,1,15,25,32,30,10,20,40,6,110,80,90,125,
Hard075	1	110171	3715	3271	40,115,1,70,55,0,70,15,20,65,45,121,65,22,10,90,70,80,40,101,5,6,110,100,95,60,127,
Hard076	1	117796	3767	14023	10,55,30,110,100,0,71,90,80,46,70,117,60,60,60,110,40,111,81,106,91,15,60,5,76,5,105,
Hard077	1	104059	3298	7092	5,50,10,50,120,71,80,20,45,70,35,110,126,56,100,45,0,125,62,121,115,80,25,80,60,5,100,51,120,115,115,76,30,
Hard078	1	115767	3760	18626	65,125,45,0,71,65,90,112,95,60,77,65,90,5,91,90,85,85,116,0,125,125,55,0,0,95,60,25,30,31,71,71,85,65,41,20,96,
Hard079	1	111446	4088	1745	46,5,15,75,17,0,35,100,70,41,51,81,35,92,86,66,26,55,55,107,41,75,10,5,11,70,90,10,0,35,48,5,15,75,100,15,101,21,51,
Hard080	1	116317	3766	4397	117,55,80,45,95,65,15,72,105,96,20,60,30,110,45,1,62,76,50,110,80,6,25,106,5,65,90,10,
Hard081	1	106677	3589	1515	90,107,36,5,15,55,17,50,30,80,100,90,60,0,30,100,60,60,46,25,95,25,85,85,76,85,30,75,55,30,10,5,10,10,60,10,100,95,0,50,35,35,80,80,21,35,
Hard082	1	114986	3734	3599	65,80,81,35,25,10,70,55,26,25,75,75,40,30,61,75,6,41,40,1,72,20,60,30,53,87,36,21,76,75,
Hard083	1	126486	4024	10596	25,40,30,95,105,5,17,0,60,45,85,32,100,15,40,70,95,5,20,5,60,85,52,100,90,77,
Hard084	1	111407	3839	3023	10,80,30,60,105,70,117,70,55,105,46,62,40,25,40,110,101,75,95,75,36,96,85,40,40,5,25,6,45,45,80,90,31,
Hard085	1	103723	3321	580	70,25,30,25,40,50,50,115,80,125,105,30,80,115,30,105,40,105,5,40,20,71,20,6,100,95,15,65,15,40,100,110,85,
Hard086	1	112271	3639	4303	85,30,0,15,65,56,21,96,100,55,95,0,62,50,70,105,26,60,5,10,5,80,70,111,106,47,
Hard087	1	114126	4346	1267	45,35,61,85,101,26,50,5,15,95,75,15,115,15,0,55,21,20,30,50,5,10,40,110,90,105,
Hard088	1	104893	3763	803	85,85,65,70,0,0,45,50,70,91,85,46,6,35,50,125,25,105,26,115,15,51,30,1,41,80,40,95,
Hard089	1	106787	3533	1002	10,80,50,60,106,30,95,115,60,105,45,45,52,41,110,100,66,35,85,100,26,35,96,41,7,46,80,90,31,
Hard090	1	108637	4199	11932	110,0,0,25,15,81,90,65,35,90,55,101,65,35,15,55,16,20,45,81,5,116,5,73,110,0,110,85,90,86,5,40,30,10,30,
Hard091	1	119615	3885	1855	91,105,45,35,60,90,71,80,80,80,75,106,57,5,65,16,16,60,0,52,100,70,100,87,76,65,20,10,50,5,10,100,97,30,40,
Hard092	1	103104	3255	2931	5,15,5,25,30,30,41,50,120,75,75,80,90,118,85,95,66,15,26,0,15,25,15,60,60,90,90,100,90,70,80,111,0,81,70,125,56,100,125,125,45,45,90,80,
Hard093	1	108622	3941	1503	75,45,90,35,86,10,110,100,111,55,25,75,25,36,35,20,40,65,85,20,0,40,50,51,25,25,30,115,95,115,105,41,6,31,20,70,115,
Hard094	1	105628	3345	25704	90,106,90,115,46,75,35,5,60,25,18,21,70,100,51,0,40,105,40,110,41,76,6,95,12,82,111,66,
Hard095	1	116821	3876	2524	36,15,26,15,85,95,85,96,40,55,85,40,5,60,60,116,61,50,0,46,91,70,46,55,5,65,20,80,65,31,80,90,20,80,11,
Hard096	1	112177	3810	2810	75,100,75,55,45,0,26,0,17,5,96,31,60,110,80,42,1,50,10,72,105,95,50,25,105,15,50,
Hard097	1	106100	4062	5425	70,91,125,110,50,110,100,65,85,70,126,85,46,5,45,75,62,70,60,0,40,40,82,120,95,45,120,115,115,5,5,15,20,30,5,50,
Hard098	1	107966	3494	2427	30,20,95,55,110,45,45,45,106,60,85,125,50,85,105,1,61,51,41,115,25,70,60,70,35,5,120,25,35,50,5,100,81,91,116,
Hard099	1	103861	3393	11568	0,30,21,55,90,30,105,85,105,70,40,65,85,0,40,40,100,35,100,95,50,25,25,51,40,95,5,36,80,60,80,70,95,
Hard100	1	113862	3692	3135	26,35,45,80,70,35,45,51,5,65,15,95,16,0,56,41,20,40,51,20,5,30,10,5,90,60,86,30,
Hard101	1	104831	3458	6220	65,70,0,25,30,40,0,120,85,15,90,110,31,20,90,101,100,110,95,25,36,110,95,80,126,35,80,10,125,55,20,6,55,
Hard102	1	107770	3697	2326	100,25,55,35,75,65,15,55,116,115,40,90,5,91,60,90,0,85,71,101,100,76,15,15,6,15,81,26,5,45,110,30,
Hard103	1	115831	3715	2303	20,5,15,60,20,92,70,30,85,16,86,20,0,42,50,80,77,50,15,81,50,96,67,95,40,36,
Hard104	1	105681	5532	2346	5,40,41,0,55,100,55,111,60,70,95,95,61,86,115,107,0,15,20,30,0,45,20,21,10,40,5,60,
Hard105	1	110475	3601	6611	95,105,5,60,61,0,90,105,56,87,0,17,25,0,65,33,60,20,6,81,41,100,95,
Hard106	1	105792	3577	1055	45,35,25,71,35,91,25,85,45,56,60,60,105,5,17,0,66,22,52,60,60,31,6,10,100,41,80,95,
Hard107	1	134905	4389	17447	0,20,45,75,10,51,0,30,105,60,62,35,5,106,16,70,35,90,50,41,40,85,85,55,95,10,40,75,30,100,100,20,10,100,85,55,
Hard108	1	103124	3301	2694	65,81,65,95,55,75,105,35,26,40,5,17,0,45,21,90,20,30,40,5,10,100,96,95,
Hard109	1	116155	4196	3979	65,50,105,0,25,30,115,95,50,81,75,125,115,115,0,40,15,32,20,10,5,111,120,70,5,85,40,
Hard110	1	114511	3596	19907	50,45,60,80,50,90,76,80,75,45,5,65,5,17,15,1,51,60,20,40,71,10,85,95,61,115,20,111,40,40,95,
Hard111	1	108469	3594	11451	40,0,70,100,80,80,95,55,55,80,35,25,60,80,25,105,40,6,17,1,50,45,21,30,20,40,
Hard112	1	106216	3605	12936	45,76,35,81,25,35,105,45,56,60,25,95,60,5,18,0,90,66,20,52,40,40,100,21,61,31,
Hard113	1	111541	3551	4131	25,70,30,45,80,60,50,116,90,120,15,107,30,5,60,61,115,0,35,70,40,101,36,5,20,65,100,10,
Hard114	1	108722	3522	1017	0,26,30,40,61,81,75,115,95,106,0,15,30,15,41,31,40,11,20,20,6,50,100,50,5,16,45,100,110,70,85,
Hard115	1	129006	4070	4951	75,120,120,75,100,80,55,95,65,55,115,1,81,70,45,35,125,25,26,80,30,6,51,50,70,0,37,5,125,110,90,100,20,40,125,
Hard116	1	102802	3315	2704	67,45,56,0,45,0,16,85,25,15,30,85,95,5,41,40,0,85,0,10,51,50,5,61,95,26,100,110,60,15,70,6,95,
Hard117	1	108332	3478	1767	100,76,65,65,45,50,15,20,100,115,50,85,85,20,21,80,30,10,80,56,55,85,92,30,40,10,85,60,60,85,5,6,70,81,110,105,105,
Hard118	1	108719	4252	3683	91,55,35,15,65,20,90,35,87,77,40,0,41,40,81,95,25,5,72,10,80,31,51,60,50,35,96,
Hard119	1	108404	3479	4071	80,5,16,45,36,50,105,25,62,100,80,55,30,110,56,105,65,20,11,30,40,90,5,40,
Hard120	1	117055	3771	14249	105,105,60,90,75,45,111,36,105,50,60,110,6,27,16,0,55,15,0,65,33,40,50,60,
Hard121	1	112346	3735	21796	70,26,110,51,90,102,100,95,55,65,20,56,91,86,117,5,72,0,40,110,45,110,82,116,95,20,40,
Hard122	1	115342	4621	5450	35,25,90,51,70,80,71,105,45,56,25,70,66,97,6,17,0,75,20,21,30,40,70,
Hard123	1	104425	3323	2008	30,105,40,65,70,126,105,115,0,0,30,51,71,60,60,95,45,26,50,81,70,6,45,110,120,96,
Hard124	1	110938	3767	1559	55,35,41,25,100,60,76,35,15,5,95,62,0,30,110,71,105,70,35,5,65,90,10,20,105,
Hard125	1	107584	3564	4011	16,105,26,35,35,106,97,41,5,55,63,70,0,50,47,80,5,65,90,45,100,55,65,101,91,11,21,30,6,30,
Hard126	1	106653	3514	1364	35,110,25,110,45,25,50,125,81,77,85,5,85,65,15,16,0,55,22,40,100,50,5,10,10,60,120,30,115,6,116,
Hard127	1	104973	3315	5869	95,15,25,87,30,5,43,0,51,60,25,35,81,36,5,46,100,70,80,21,10,96,
Hard128	1	115006	3679	14112	30,41,51,70,61,105,60,71,106,81,55,36,5,85,17,0,20,30,75,85,31,51,5,85,45,10,102,45,66,85,75,
Hard129	1	106482	3356	1879	41,0,25,15,30,100,90,90,15,115,30,15,5,30,45,90,21,51,70,6,80,120,10,110,106,
Hard130	1	104688	3415	9476	50,76,115,36,45,50,0,25,90,92,85,5,116,57,1,95,15,95,15,42,40,10,90,23,30,10,61,90,5,5,5,30,
Hard131	1	110377	3619	8171	90,0,21,105,80,90,106,30,60,55,77,0,31,101,85,97,26,30,40,6,70,50,60,86,
Hard132	1	109135	3630	1035	45,5,16,90,91,100,111,55,120,80,120,30,65,75,55,55,116,105,10,40,20,120,115,
Hard133	1	108494	4234	11782	92,50,71,100,100,86,100,75,56,5,61,60,0,50,50,72,82,96,56,106,7,15,20,30,40,
Hard134	1	103601	3377	3720	112,85,95,55,45,35,10,20,65,45,70,125,5,101,100,120,130,77,10,5,40,20,125,60,105,30,40,60,51,
Hard135	1	104336	3751	1520	65,90,100,65,25,45,25,15,115,45,120,86,55,35,5,72,0,50,82,55,125,5,75,40,110,10,20,60,20,105,125,
Hard136	1	113748	3597	1168	111,10,50,0,91,30,10,50,60,61,56,105,105,15,15,116,115,30,97,30,25,5,41,60,70,41,0,20,38,25,5,45,45,90,112,91,11,5,50,80,105,
Hard137	1	116248	3691	7479	80,0,92,61,55,25,75,25,37,96,95,5,5,43,1,92,31,21,71,30,53,86,25,96,71,65,95,5,85,
Hard138	1	109139	3579	2569	85,70,85,90,56,6,60,26,115,25,0,0,35,18,30,5,5,22,0,70,70,61,70,0,51,81,100,80,55,6,116,
Hard139	1	115263	3865	4633	100,85,5,51,50,0,75,65,80,105,65,76,18,1,25,55,31,40,31,50,20,6,70,100,85,
Hard140	1	104138	4166	2000	65,75,120,90,102,85,95,65,125,126,115,35,70,100,25,115,40,115,6,17,0,45,20,30,21,50,40,
Hard141	1	113973	3703	2541	45,80,100,35,26,65,95,35,51,70,5,15,16,0,56,21,30,31,20,51,5,10,90,60,40,40,86,
Hard142	1	115279	4151	1358	75,35,90,75,90,35,15,80,90,55,27,50,95,45,85,10,6,5,15,80,90,55,45,62,40,40,20,30,71,70,25,50,97,
Hard143	1	106875	3410	6228	0,41,50,60,106,35,51,45,96,11,10,21,10,91,40,56,30,101,65,55,55,97,45,45,
Hard144	1	108191	3566	3826	25,105,30,40,60,75,80,97,56,85,72,1,80,65,45,82,5,5,76,51,111,65,5,26,
Hard145	1	107188	3874	2089	110,35,5,55,55,75,65,25,15,5,80,80,35,95,80,60,102,60,110,71,45,45,5,45,75,65,105,90,10,20,
Hard146	1	107885	3417	915	20,40,75,115,0,31,40,95,105,51,60,61,56,36,95,105,26,41,25,5,30,50,110,70,80,80,95,30,5,105,
Hard147	1	109101	3768	962	95,65,0,27,80,40,40,5,71,65,50,35,5,52,0,30,60,75,75,46,85,0,21,61,35,20,7,26,80,41,
Hard148	1	106238	3576	6063	65,35,95,80,80,115,75,35,0,25,17,20,5,32,0,95,25,60,70,11,27,65,101,50,5,81,36,100,41,65,50,
Hard149	1	106076	4165	3492	0,20,55,95,40,70,40,85,70,65,115,105,106,0,15,22,30,10,5,6,100,100,110,60,75,
Hard150	1	118519	3902	6816	90,65,56,15,0,100,40,0,65,71,70,115,60,35,105,25,17,20,80,70,6,45,52,0,60,25,80,10,90,26,106,30,
Hard151	1	111514	3604	3033	115,5,5,90,15,20,20,31,100,115,65,115,16,41,0,70,90,0,71,80,15,111,106,105,35,70,6,50,
Hard152	1	105825	3601	2519	86,50,45,70,45,105,95,26,96,10,30,30,60,5,70,110,71,65,105,85,6,36,90,21,
Hard153	1	109157	3536	1305	70,105,85,106,55,35,60,15,95,86,20,5,42,0,61,51,72,101,96,55,7,25,80,10,
Hard154	1	120232	3800	7969	90,80,45,100,50,67,55,45,6,17,20,20,1,52,60,42,60,6,110,95,70,80,10,106,95,
Hard155	1	107188	3625	14176	105,35,35,25,81,45,51,71,66,65,75,97,106,5,110,5,75,16,15,0,56,20,42,50,40,21,81,31,50,
Hard156	1	107847	3424	907	105,25,95,85,125,40,0,50,115,71,105,25,35,115,60,35,50,50,5,120,81,91,105,115,
Hard157	1	109673	3795	2926	105,20,105,36,115,90,65,45,115,10,115,70,51,5,120,80,92,85,105,6,55,55,110,40,40,
Hard158	1	119876	3839	2469	61,55,35,60,15,20,20,85,35,100,115,116,40,75,97,0,40,40,110,110,65,105,25,40,5,90,70,90,90,110,25,30,80,10,30,50,65,51,105,80,35,105,
Hard159	1	116384	3817	1548	96,1,25,15,100,85,16,20,5,92,100,60,61,105,97,0,25,11,80,105,10,70,20,45,105,50,70,70,5,90,70,60,55,5,101,87,30,
Hard160	1	110194	3499	4955	91,66,85,85,105,25,35,25,40,5,115,50,75,17,0,45,20,90,30,20,20,95,40,5,10,90,110,106,
Hard161	1	103232	3647	1228	75,35,25,85,45,120,25,50,120,5,85,110,105,120,75,97,70,125,115,60,0,56,21,30,40,55,
Hard162	1	104684	3808	2772	45,60,75,81,35,90,91,86,70,50,70,105,106,65,65,5,17,0,60,101,20,61,5,10,100,76,81,96,46,
Hard163	1	109132	3587	4252	111,85,40,65,35,35,15,20,110,106,105,95,95,50,75,95,0,51,100,50,100,5,90,115,90,90,100,30,25,10,30,80,60,61,45,35,45,116,
Hard164	1	103080	3342	4114	50,100,40,90,80,116,115,26,30,5,75,65,15,16,15,0,35,22,50,30,6,60,70,111,105,
Hard165	1	110084	3492	1768	95,0,25,16,40,16,0,52,65,5,45,30,45,45,0,55,100,12,50,5,20,80,40,60,70,5,110,96,
Hard166	1	113261	4083	5087	30,20,95,80,120,55,45,105,65,45,45,50,45,60,86,117,0,61,106,0,15,70,22,60,40,10,6,110,80,90,30,127,
Hard167	1	116607	3714	30188	116,35,51,5,16,75,15,45,60,35,60,5,25,10,26,90,100,0,16,0,55,65,80,10,101,100,95,32,75,30,50,5,60,115,40,
Hard168	1	101566	3373	2492	0,0,15,23,10,100,55,81,81,45,5,30,110,5,65,55,45,72,40,40,51,90,110,106,105,
Hard169	1	108185	3796	1254	45,5,110,6,80,45,26,15,37,111,16,50,21,120,50,50,120,120,1,61,70,106,90,35,15,61,105,
Hard170	1	116828	3812	13064	5,16,20,30,40,90,125,125,15,50,75,80,105,15,106,65,85,72,0,80,55,45,82,6,100,0,90,55,
Hard171	1	104788	3441	8094	40,90,55,40,105,60,105,5,61,25,15,15,60,105,30,70,26,2,45,21,102,95,16,52,80,20,5,50,5,80,45,45,96,
Hard172	1	108644	3534	3067	30,15,70,40,65,55,85,56,60,76,15,97,0,15,0,25,32,40,20,7,60,90,70,80,110,106,
Hard173	1	103965	3506	10613	81,95,75,80,40,55,25,10,31,0,55,100,117,60,60,60,112,50,85,105,36,20,50,72,91,85,55,106,60,
Hard174	1	104572	3308	8810	25,30,31,90,125,50,90,115,100,65,5,20,65,15,77,15,15,0,40,30,60,80,121,60,61,5,5,120,80,70,111,107,95,
Hard175	1	101248	3337	4000	81,96,1,75,106,80,35,27,40,5,90,80,90,25,15,90,101,100,37,105,95,10,40,60,50,
Hard176	1	100691	3634	7532	45,35,50,5,60,15,100,116,115,85,95,76,16,127,1,25,45,55,45,32,30,20,60,50,
Hard177	1	108459	3552	3711	105,10,115,125,106,30,0,20,0,41,0,50,125,35,100,60,80,110,80,90,125,75,37,6,25,120,117,100,40,
Hard178	1	104439	3967	1735	110,65,35,10,25,40,5,85,50,75,102,5,70,5,81,112,65,95,85,1,56,20,30,55,
Hard179	1	106934	4027	7041	105,106,0,111,71,55,91,55,60,82,65,51,76,96,116,75,55,6,16,100,15,0,25,100,30,31,80,20,40,
Hard180	1	104924	3585	1595	85,70,60,55,40,70,15,86,20,35,56,1,21,81,75,65,65,75,20,6,50,30,40,75,
Hard181	1	126559	3982	4798	5,10,100,50,50,120,25,32,20,111,125,40,56,126,60,85,0,30,55,61,70,122,46,90,115,25,115,115,105,70,25,60,
Hard182	1	102103	3257	14592	106,86,95,40,60,55,60,71,60,115,85,45,90,101,115,45,45,66,6,16,21,91,70,65,31,40,70,15,81,10,5,40,50,110,106,
Hard183	1	108150	3895	1216	20,45,80,50,70,30,50,61,95,70,96,45,5,17,0,40,90,76,55,55,20,85,41,5,10,90,90,65,6,46,80,51,
Hard184	1	107868	3747	2426	95,35,40,80,105,20,60,70,95,40,55,1,70,80,15,105,95,35,70,120,120,70,105,6,5,75,90,10,
Hard185	1	129491	4551	1862	70,35,105,5,110,25,35,110,15,85,110,40,95,60,70,95,6,35,61,45,115,80,10,20,
Hard186	1	111319	3707	4208	5,15,20,90,65,20,111,56,45,15,105,72,15,40,80,92,85,15,51,115,30,116,
Hard187	1	103528	4189	7974	50,65,90,100,115,35,5,45,26,50,120,120,5,120,70,80,100,15,101,95,85,75,75,15,15,0,55,21,20,50,30,40,
Hard188	1	114922	3903	1227	55,0,85,110,85,15,55,65,70,65,96,21,100,31,110,110,65,50,81,80,55,60,40,117,
Hard189	1	110838	3891	3317	126,125,26,90,65,70,55,40,30,70,70,15,105,115,60,121,105,30,40,1,60,105,90,116,25,61,7,65,100,10,
Hard190	1	112011	3566	8787	30,105,25,0,111,70,110,65,55,95,40,105,10,56,60,85,96,30,0,105,62,70,5,51,46,70,117,
Hard191	1	109166	3516	6506	70,30,90,105,70,85,60,106,55,5,15,16,0,30,25,25,51,50,5,100,10,101,96,5,65,75,
Hard192	1	109511	4195	4469	65,50,50,35,0,115,105,25,95,72,125,5,95,116,57,1,75,20,30,15,22,70,10,40,
Hard193	1	111932	3620	3009	60,20,15,100,97,41,5,51,15,30,100,85,60,16,70,56,6,45,47,90,1,51,10,10,80,106,91,35,11,
Hard194	1	113786	3735	2043	100,55,25,55,36,5,60,85,15,95,42,0,30,50,51,35,5,45,90,106,10,6,20,
Hard195	1	116859	3981	9635	90,100,90,45,50,5,100,75,45,5,15,20,45,30,5,95,100,96,62,91,90,105,85,40,20,35,87,45,95,95,60,17,91,0,0,40,40,70,80,80,106,55,70,41,
Hard196	1	113138	3586	17167	45,15,45,90,0,100,51,0,35,61,25,80,71,90,35,115,17,20,30,100,60,6,80,120,40,121,116,35,35,
Hard197	1	119512	3775	5902	15,60,80,80,35,105,41,50,50,115,106,20,5,62,0,51,70,30,30,91,71,46,15,70,116,15,35,
Hard198	1	107799	3457	4706	51,5,115,25,40,60,85,36,41,1,61,110,110,55,110,105,26,73,115,30,80,55,91,60,106,
Hard199	1	102322	3740	2680	35,85,5,52,60,0,25,72,105,70,85,5,65,57,0,85,0,75,15,23,70,10,6,30,40,
Hard200	1	110708	3541	2727	15,70,87,20,15,30,41,90,65,15,7,45,45,25,82,101,50,45,45,1,10,60,95,35,10,10,5,95,
Hard201	1	111276	4067	4622	45,110,25,80,45,25,15,35,50,110,76,106,5,95,61,60,60,0,100,100,70,70,70,115,30,20,40,106,85,115,5,65,5,90,10,55,20,
Hard202	1	108222	4112	1738	70,90,111,65,0,90,110,45,105,35,26,91,85,5,50,76,5,17,0,0,95,55,23,30,50,90,7,40,
Hard203	1	104477	3748	1219	80,56,25,60,80,25,35,95,105,76,15,45,5,61,60,0,40,70,70,70,45,5,66,10,100,30,90,85,6,21,
Hard204	1	110685	3603	5932	35,100,25,25,101,40,75,91,116,60,85,86,65,115,65,5,55,90,15,16,0,45,15,20,50,30,60,110,21,90,40,70,6,105,106,
Hard205	1	114249	3863	2976	6,45,15,100,20,50,110,125,61,36,60,120,95,50,120,45,120,70,97,75,127,66,55,0,55,65,0,55,122,115,25,71,80,90,116,35,71,
Hard206	1	105462	3865	1075	10,40,25,30,122,85,100,115,115,75,65,5,92,60,70,111,110,105,80,127,35,75,20,5,80,56,
Hard207	1	100790	3283	2541	36,46,70,50,26,80,65,50,5,95,17,0,56,42,22,51,5,100,10,31,90,60,5,86,
Hard208	1	106999	3585	3871	30,55,85,60,116,105,86,1,61,50,40,40,70,50,95,26,70,60,40,6,100,80,95,110,36,95,
Hard209	1	109172	3637	5455	26,30,5,80,80,15,40,75,65,95,55,16,0,35,20,100,20,20,30,40,5,10,90,5,85,70,86,
Hard210	1	122803	3934	10081	90,65,15,75,100,55,75,55,40,0,0,25,15,82,35,70,105,16,80,90,20,105,6,110,50,121,50,70,105,90,50,0,25,10,26,6,30,
Hard211	1	111496	3758	10122	95,80,61,26,45,35,115,50,50,5,15,75,16,100,15,0,105,70,56,22,31,80,30,41,80,51,
Hard212	1	107176	3878	3505	35,5,120,25,135,71,65,25,51,105,45,45,35,70,132,70,0,80,125,0,110,80,90,126,25,35,81,
Hard213	1	109042	3744	4359	45,5,105,5,55,35,120,25,25,16,45,121,60,105,111,80,110,60,70,90,92,75,85,65,65,115,125,11,105,20,20,30,
Hard214	1	106958	3606	5766	65,70,125,35,85,35,0,25,17,20,5,32,0,80,60,90,26,25,111,25,5,65,11,50,36,110,41,70,50,65,6,70,
Hard215	1	111366	3531	2044	50,70,10,95,25,81,96,65,30,45,66,0,31,91,86,76,30,5,61,60,90,15,40,15,50,5,85,
Hard216	1	140159	4399	29229	16,102,65,26,31,41,1,50,81,78,85,116,115,56,6,46,35,45,20,36,10,35,0,81,50,0,60,10,80,105,20,52,71,60,5,95,111,96,106,
Hard217	1	111664	3577	3099	100,85,75,46,0,15,100,85,90,100,65,50,35,36,60,105,15,27,10,95,10,5,55,42,50,40,0,15,15,21,90,100,65,31,90,70,15,80,30,5,60,106,105,45,90,30,
Hard218	1	103943	3482	4995	55,36,25,105,15,40,70,95,60,40,0,120,81,80,125,115,5,45,90,10,20,
Hard219	1	126578	4102	17477	0,0,61,81,91,45,55,35,15,25,110,127,90,60,5,70,85,71,50,70,0,66,121,60,115,65,10,90,65,20,
Hard220	1	103539	3345	2881	30,40,52,35,75,66,115,0,25,16,25,15,5,111,60,60,15,45,100,31,95,86,110,100,31,50,10,70,40,70,96,
Hard221	1	113586	3675	4201	60,90,82,95,65,105,70,65,5,17,0,35,20,60,40,60,90,60,6,71,100,90,100,56,86,
Hard222	1	118836	4358	3285	5,30,25,55,45,85,110,10,90,100,55,45,62,70,40,50,106,95,110,15,80,40,105,50,36,
Hard223	1	101628	3397	787	80,120,55,0,35,70,110,110,105,66,25,25,45,95,106,71,5,50,45,110,35,5,5,75,75,90,100,20,20,
Hard224	1	111259	3684	3773	36,16,115,25,105,25,116,80,106,41,5,55,63,0,70,45,50,45,100,80,46,110,55,5,110,20,66,31,101,110,11,20,
Hard225	1	109021	3814	4731	105,45,65,65,26,45,36,127,17,51,5,75,81,81,90,0,70,57,10,120,5,85,110,55,75,85,10,40,121,31,21,40,
Hard226	1	109333	3502	7602	81,71,97,70,55,107,55,66,80,6,27,16,15,1,35,41,85,65,70,40,30,7,20,51,90,20,85,100,85,
Hard227	1	112547	3620	2309	30,40,91,65,71,107,55,55,26,42,20,20,70,5,60,95,35,80,70,50,5,5,50,100,96,
Hard228	1	118408	4237	2628	25,40,1,51,60,115,25,70,60,120,90,105,35,25,50,5,45,85,115,46,0,55,21,60,20,50,30,
Hard229	1	110325	3868	6434	35,71,65,55,35,0,25,17,20,5,32,0,26,91,50,80,82,25,65,10,45,71,
Hard230	1	118595	4173	1672	105,105,35,95,40,25,60,86,105,40,1,50,70,116,35,50,25,50,5,100,80,5,90,115,
Hard231	1	110102	3459	25987	112,86,65,85,55,95,20,100,75,45,45,5,95,57,95,17,1,20,30,41,40,30,50,62,70,20,81,116,60,50,5,70,90,15,107,115,40,
Hard232	1	117458	3865	12234	120,120,85,105,90,47,5,15,75,66,50,116,65,70,20,95,115,20,16,1,70,30,120,65,70,40,41,61,81,56,125,100,35,126,40,70,
Hard233	1	125017	3985	10284	65,0,0,40,90,35,90,20,55,90,70,107,85,0,65,70,35,70,96,25,25,55,70,46,85,62,60,5,100,100,75,51,85,35,100,95,
Hard234	1	110098	3937	2236	55,25,80,15,1,80,70,90,66,36,45,105,71,0,50,90,91,85,55,5,75,75,100,5,40,31,
Hard235	1	112680	3637	3695	85,105,20,60,70,106,45,55,62,95,50,100,85,30,15,0,0,51,85,66,40,50,95,75,100,5,95,6,55,80,10,
Hard236	1	106338	3686	3580	50,80,16,26,31,105,45,52,40,1,40,70,96,25,100,40,56,60,100,95,15,40,
Hard237	1	102266	3424	2144	25,95,31,105,0,25,0,60,95,50,111,80,45,105,25,70,80,50,15,95,50,105,7,55,90,10,
Hard238	1	116857	3988	6686	100,100,91,116,56,115,45,75,65,5,90,15,90,75,86,5,15,28,0,95,80,95,16,0,35,41,80,40,35,63,101,40,50,50,31,5,90,90,
Hard239	1	113052	3760	2331	55,0,101,35,70,25,55,100,70,65,97,86,85,0,17,5,80,71,15,90,90,81,90,105,21,105,40,105,30,
Hard240	1	114515	3906	2109	60,85,90,40,25,26,45,96,1,101,50,80,100,46,20,65,95,35,0,15,20,50,50,20,40,40,105,85,86,20,106,6,90,5,25,80,10,
Hard241	1	109955	4174	1835	125,75,1,25,80,90,100,35,41,135,50,115,75,80,25,40,125,30,60,100,125,25,7,20,120,105,
Hard242	1	114711	3641	6985	115,46,50,115,65,1,35,25,105,15,80,50,120,0,110,91,91,125,40,115,105,5,55,10,20,5,105,30,
Hard243	1	109931	4041	7093	70,110,30,80,97,55,45,75,45,105,106,1,15,21,21,10,6,30,100,5,15,60,26,100,100,40,70,90,115,
Hard244	1	100822	3630	2324	71,35,0,111,65,15,105,80,91,90,85,110,50,61,45,46,65,75,75,55,115,100,10,
Hard245	1	108019	3583	3628	70,55,1,90,15,81,115,30,40,55,60,100,15,25,15,116,15,65,5,51,50,60,10,110,110,110,95,105,
Hard246	1	109686	3780	4152	55,80,26,55,36,96,107,40,25,10,60,40,5,110,70,82,75,95,6,60,45,45,100,30,30,
Hard247	1	104814	3405	2545	40,86,105,75,66,95,85,105,10,25,1,42,5,32,5,80,100,60,70,50,60,96,70,50,116,
Hard248	1	106128	3428	10146	30,52,40,95,105,40,62,105,95,71,45,95,36,5,15,20,16,0,31,30,105,5,40,100,10,92,76,66,40,55,55,
Hard249	1	109278	4505	3294	105,95,85,30,0,0,0,35,80,51,90,45,36,5,45,60,5,100,73,35,65,41,56,95,5,96,
Hard250	1	113516	3647	11799	41,115,50,30,71,50,62,116,55,36,5,15,16,0,20,31,50,30,5,50,10,111,66,110,46,6,75,
Hard251	1	121901	3894	4726	110,10,125,20,65,55,97,10,0,20,100,31,40,56,62,120,50,105,25,70,25,80,115,120,60,106,5,40,
Hard252	1	110289	3500	30435	110,15,105,5,20,82,76,45,15,45,16,2,35,85,28,80,30,6,40,41,11,70,16,100,1,37,50,10,60,15,5,70,90,105,20,95,60,
Hard253	1	105332	3539	2290	10,35,82,55,60,70,26,25,40,25,67,6,42,0,62,23,50,30,86,0,30,51,85,75,65,66,50,35,6,76,
Hard254	1	112134	3726	3543	26,115,31,65,5,73,100,0,35,60,80,37,5,95,46,110,20,65,5,65,16,20,110,50,50,
Hard255	1	107630	3631	4832	45,60,35,80,60,90,105,90,105,105,80,77,55,5,86,5,16,15,1,66,55,40,26,30,31,42,20,61,91,30,20,
Hard256	1	119166	3922	8868	25,10,30,55,110,48,50,35,20,106,96,21,30,60,86,105,30,1,51,40,115,15,70,115,115,50,
Hard257	1	108296	3508	4393	55,40,65,15,70,90,115,101,125,80,35,25,116,40,5,72,60,0,80,45,111,20,30,16,46,
Hard258	1	105674	3686	4825	96,55,61,70,80,95,80,115,35,35,5,15,35,65,17,20,0,60,31,110,86,75,90,31,5,66,50,5,51,110,61,71,45,45,
Hard259	1	105879	3879	6235	61,75,55,60,26,90,105,105,87,105,40,0,42,5,5,30,80,81,60,32,101,100,0,95,21,50,70,51,70,25,96,
Hard260	1	118655	3949	2814	80,96,95,55,46,35,35,1,25,75,16,15,20,6,31,30,41,1,51,60,91,76,61,55,7,85,
Hard261	1	104981	3930	13815	100,60,80,117,55,60,36,90,5,61,53,66,76,106,95,0,96,30,105,30,1,15,55,22,65,10,20,40,50,30,
Hard262	1	109481	3478	2175	81,30,80,65,71,96,70,60,95,55,85,35,70,6,17,1,25,75,31,31,70,20,5,40,6,10,50,90,86,
Hard263	1	109271	3631	5758	116,25,125,45,31,65,5,73,0,100,80,45,60,38,6,20,120,66,16,115,120,51,
Hard264	1	108381	3473	1378	60,60,75,51,87,50,45,35,50,6,15,15,15,1,25,55,31,31,61,20,50,7,40,80,76,
Hard265	1	117279	3824	8744	25,15,30,1,51,45,61,46,56,105,5,73,0,50,50,42,55,81,36,80,66,80,55,26,
Hard266	1	109318	3485	3605	10,65,121,85,55,45,35,45,70,105,90,5,65,10,20,20,91,110,100,120,77,105,95,30,41,51,
Hard267	1	110934	3563	1766	60,72,10,85,35,26,26,30,40,5,82,65,55,66,5,40,41,0,60,85,86,35,60,60,0,21,20,20,30,75,81,50,76,30,80,52,35,67,
Hard268	1	111310	3819	4074	15,65,90,101,40,71,80,81,76,55,45,25,105,60,105,97,30,5,60,61,80,0,55,35,105,91,10,36,5,20,65,35,90,40,
Hard269	1	118035	3839	2351	95,45,25,30,55,60,15,75,110,80,75,56,37,51,5,60,60,50,115,105,60,0,31,70,70,116,70,35,6,65,100,10,20,
Hard270	1	107770	3389	6735	120,56,0,35,75,80,105,25,135,0,90,65,81,70,65,125,25,80,45,25,5,90,30,130,5,51,100,70,50,90,0,37,125,20,5,110,40,125,
Hard271	1	113653	4487	6642	100,30,100,110,110,96,46,56,66,5,71,5,83,60,0,51,71,90,0,60,41,91,90,55,116,45,105,
Hard272	1	118463	3858	9553	65,25,15,30,30,50,86,0,47,5,55,36,20,35,50,0,10,1,100,90,72,70,45,105,35,85,95,
Hard273	1	120030	3818	3636	5,80,15,80,90,20,45,100,50,76,75,45,55,36,17,1,30,60,40,30,51,107,50,60,70,40,97,85,85,50,
Hard274	1	111691	5064	5219	80,60,40,80,75,75,90,117,106,5,50,50,50,0,100,100,70,70,70,106,5,65,85,5,15,20,30,40,
Hard275	1	107344	3530	4844	25,95,15,30,0,40,50,71,66,65,25,75,75,5,37,0,70,100,10,71,5,30,61,45,25,100,100,45,5,56,
Hard276	1	110767	3710	3875	81,65,105,75,35,35,0,25,17,115,20,5,30,31,70,0,25,60,26,5,116,25,10,35,65,35,92,50,10,80,41,5,80,50,
Hard277	1	107648	3965	1756	70,45,15,80,25,45,15,96,25,107,50,95,31,5,52,0,60,60,71,15,70,66,7,36,90,100,21,
Hard278	1	105917	3359	891	115,85,60,25,30,40,90,40,70,70,60,115,106,115,86,30,60,5,90,55,30,15,60,15,90,21,30,6,81,100,75,
Hard279	1	111568	4317	1074	55,15,30,40,62,95,15,45,37,95,105,25,40,95,65,40,5,53,60,0,71,81,15,80,75,7,45,90,20,
Hard280	1	106972	3394	2931	80,30,81,65,72,97,60,55,5,17,0,25,30,30,30,40,20,70,7,50,90,87,
Hard281	1	110739	3517	4766	85,55,60,96,106,85,40,61,71,60,45,115,100,90,115,45,100,6,80,70,15,20,30,70,5,40,110,96,
Hard282	1	108407	3577	4720	110,100,45,100,25,30,110,65,75,26,105,5,105,18,0,101,21,60,115,90,35,20,70,105,85,115,91,20,
Hard283	1	119081	3921	8195	35,65,56,0,100,25,16,65,40,0,72,60,105,15,80,90,15,20,70,6,52,0,25,106,10,80,60,30,26,
Hard284	1	112847	3593	4460	75,80,35,25,80,40,60,25,90,100,60,41,90,115,25,50,5,15,101,31,50,6,20,110,95,
Hard285	1	109333	3445	7585	26,30,100,5,40,15,70,115,16,0,35,22,100,51,30,60,95,5,10,85,110,95,105,106,
Hard286	1	104189	3597	7699	115,55,95,105,45,36,85,70,60,5,5,18,85,27,0,75,0,65,33,70,60,40,5,50,
Hard287	1	121575	3934	11173	35,90,115,35,40,50,61,40,101,90,126,86,115,85,50,35,115,91,6,25,15,40,27,0,50,30,80,105,30,30,
Hard288	1	112598	3646	10337	90,35,35,66,15,55,55,40,1,72,110,25,60,15,95,16,70,35,5,20,55,5,51,81,110,96,
Hard289	1	112682	3936	18083	116,100,50,70,90,115,65,72,36,5,63,76,110,86,55,107,55,2,55,95,15,65,22,20,10,60,7,90,101,50,40,
Hard290	1	116379	3963	2317	15,51,1,15,25,71,25,30,40,60,90,60,90,85,105,115,125,16,0,70,55,31,30,55,42,51,5,75,11,110,80,95,21,
Hard291	1	119371	3870	1044	25,60,5,17,0,70,60,20,31,41,50,50,50,85,46,36,76,75,67,21,5,12,50,0,26,25,5,16,62,72,31,85,
Hard292	1	110392	3659	2102	100,0,85,45,116,115,35,35,0,50,25,75,95,96,0,16,52,5,110,105,15,90,20,5,90,31,110,90,110,40,30,80,0,40,62,105,45,105,
Hard293	1	104313	3324	1078	25,50,25,40,105,30,90,105,61,86,30,40,30,21,40,5,6,70,80,65,55,16,30,80,100,95,95,
Hard294	1	111367	3526	5638	100,15,15,95,5,52,66,0,90,105,86,0,15,0,25,55,55,25,33,21,41,51,6,80,100,95,
Hard295	1	109680	3536	10441	5,110,92,100,25,75,30,110,65,30,26,5,80,15,80,41,106,17,0,101,30,21,70,20,60,106,95,80,20,6,100,116,
Hard296	1	115602	3975	3663	70,100,55,35,25,26,30,60,60,81,90,45,125,15,126,30,5,110,72,60,0,51,92,55,85,5,6,35,120,10,
Hard297	1	104297	3575	5970	80,90,20,30,55,56,35,5,25,16,16,60,90,20,30,0,85,30,42,95,51,95,75,65,65,85,65,31,85,75,
Hard298	1	112187	3578	4829	96,45,45,1,35,110,25,15,51,70,80,0,90,82,95,5,55,65,10,115,20,106,30,
Hard299	1	111071	3711	12517	41,90,90,5,25,16,70,90,50,25,26,0,55,95,45,30,15,0,85,15,102,56,20,75,95,95,0,60,20,21,51,60,85,60,85,46,107,
Hard300	1	107105	3559	10022	110,35,41,100,70,85,35,5,17,0,45,30,110,80,106,45,20,30,30,110,7,35,90,65,50,
Hard301	1	108160	3477	2081	80,70,101,65,45,35,80,96,65,95,56,5,16,15,20,0,52,100,70,90,5,70,11,91,86,85,6,30,40,
Hard302	1	107163	3859	2559	56,1,70,70,91,100,25,80,66,36,45,115,81,70,15,50,80,0,50,101,100,56,75,5,86,95,6,110,40,31,
Hard303	1	116583	4165	3167	65,40,120,81,90,100,56,25,115,30,5,80,127,61,60,60,0,70,70,91,90,76,122,45,5,85,85,5,45,5,35,110,20,
Hard304	1	118007	3712	4370	120,95,85,105,22,100,50,115,80,90,125,90,116,65,5,65,15,75,16,15,70,0,60,60,110,30,120,60,120,20,75,10,96,60,5,10,85,111,106,120,105,40,
Hard305	1	106961	3414	2993	100,45,20,100,115,56,5,85,18,80,30,20,0,53,5,61,86,110,90,5,90,110,75,5,105,
Hard306	1	119355	3880	22579	55,56,86,115,45,36,60,5,15,45,70,5,105,96,26,15,26,0,15,0,75,65,30,20,55,32,60,41,70,
Hard307	1	118038	3789	5323	81,45,90,71,116,107,115,55,55,65,5,18,0,30,60,20,52,111,50,65,5,10,101,10,75,100,85,110,95,95,
Hard308	1	117113	3723	10028	30,40,70,15,85,40,86,15,30,5,20,100,90,101,40,65,15,5,5,50,36,70,36,45,0,81,105,20,0,80,20,12,60,96,
Hard309	1	110453	3500	1615	115,25,105,40,65,85,35,120,25,50,75,90,5,17,0,55,22,50,5,11,70,80,101,30,116,
Hard310	1	105107	3474	5666	20,0,102,90,45,60,45,50,77,36,55,42,50,95,0,85,70,105,50,61,105,95,26,70,105,85,95,51,85,
Hard311	1	112294	3762	3558	5,100,100,75,55,25,32,15,80,55,100,20,95,30,16,96,60,0,60,40,61,90,90,15,90,5,51,85,72,85,55,107,85,
Hard312	1	106624	3722	3710	45,35,75,80,90,75,35,20,35,40,65,75,0,41,51,31,95,85,96,105,15,85,85,40,26,5,6,70,45,80,70,10,
Hard313	1	114583	3915	20357	46,10,70,0,70,81,101,56,60,92,65,51,87,55,105,105,76,105,10,55,63,115,50,50,71,82,55,101,116,96,35,71,
Hard314	1	106987	3401	1721	75,35,45,25,25,80,120,90,60,5,130,110,90,37,95,95,125,85,20,70,70,130,110,126,6,40,
Hard315	1	116894	3704	17608	65,56,110,0,45,35,75,65,80,45,105,125,25,0,80,90,80,70,115,115,26,105,115,100,30,80,6,52,15,105,90,70,0,37,100,35,20,75,6,41,
Hard316	1	108416	3899	1413	116,100,25,15,85,85,55,36,25,15,55,46,65,71,1,120,90,100,101,115,125,6,75,5,120,10,105,105,95,75,40,20,50,31,
Hard317	1	107762	3440	6601	30,110,80,46,65,105,95,30,0,50,25,77,55,5,37,0,50,71,90,50,100,62,40,105,17,97,105,85,50,105,6,31,5,55,91,20,
Hard318	1	108733	3445	1154	35,135,45,26,75,60,110,80,91,120,37,95,85,95,115,20,70,5,40,130,70,120,115,115,
Hard319	1	114874	3680	10982	31,65,95,20,10,70,115,116,55,0,70,35,70,45,63,105,51,75,110,110,25,82,95,106,95,35,35,75,25,50,50,
Hard320	1	107962	3398	6077	55,0,15,21,121,80,115,65,115,70,21,30,95,115,10,0,70,40,71,6,110,90,100,60,126,125,
Hard321	1	117321	3779	2778	100,125,35,100,45,26,50,65,75,115,5,17,0,55,20,21,30,50,5,11,70,110,60,105,5,80,120,90,40,5,106,
Hard322	1	114809	3657	5156	5,100,15,110,110,85,75,56,5,25,55,30,30,41,110,90,106,105,26,25,17,1,60,61,101,100,115,52,70,70,96,46,60,50,81,6,115,95,115,
Hard323	1	103162	3853	2850	95,105,35,40,25,0,16,85,40,86,35,0,50,71,96,35,51,15,7,55,80,20,
Hard324	1	110725	3612	3774	90,46,60,75,6,15,21,45,30,60,95,30,81,95,16,60,1,15,95,52,92,40,86,70,35,60,70,50,85,
Hard325	1	106352	3422	1333	90,0,0,80,15,71,50,60,50,80,35,50,97,40,62,45,91,85,76,10,90,85,56,5,85,6,15,70,20,
Hard326	1	106296	3347	5200	30,20,101,50,5,15,71,100,80,95,96,40,15,65,20,15,0,41,51,90,15,91,105,87,76,75,106,40,36,
Hard327	1	120027	4287	26262	55,40,5,15,120,71,92,86,76,125,126,10,90,46,0,1,25,95,18,20,110,90,50,45,6,43,80,1,115,70,27,5,55,6,10,30,61,
Hard328	1	119534	5426	1270	100,110,90,110,55,100,60,20,110,61,70,50,96,80,95,55,40,120,95,65,115,116,75,65,106,105,0,0,15,22,10,30,6,5,101,15,26,100,60,70,90,125,
Hard329	1	135556	4314	24519	105,95,95,75,15,66,95,80,55,55,35,55,40,0,25,85,17,61,0,73,5,110,45,65,20,65,45,50,5,91,35,52,110,106,36,
Hard330	1	110968	3613	2231	5,55,65,105,80,35,26,40,110,75,5,65,15,15,15,0,45,22,40,5,10,30,10,60,70,90,106,
Hard331	1	110191	3819	663	105,60,25,85,90,50,50,50,95,60,80,36,20,100,115,70,116,96,6,15,80,40,5,90,110,105,
Hard332	1	115211	3750	3640	80,40,90,26,65,75,105,55,30,5,17,0,110,35,22,30,6,10,100,70,40,96,
Hard333	1	114173	3766	4469	66,35,85,25,40,0,100,75,115,95,101,76,95,95,0,15,75,106,16,5,90,110,105,21,30,50,
Hard334	1	109685	4991	4684	50,30,40,66,106,70,95,110,95,85,85,105,0,17,0,25,30,31,20,5,5,100,80,90,50,115,
Hard335	1	109469	3664	785	35,45,55,0,120,80,70,111,65,45,65,25,25,107,95,71,5,50,110,35,6,76,100,90,21,
Hard336	1	108429	3547	4449	11,105,55,80,45,46,75,76,20,1,51,50,40,85,15,90,35,50,6,61,101,90,86,
Hard337	1	106818	3494	8140	15,0,96,40,0,26,55,55,71,16,65,70,5,45,46,0,45,60,76,52,12,71,91,65,21,65,80,6,110,97,
Hard338	1	113040	3689	991	90,0,70,130,45,100,130,55,125,115,115,55,25,36,126,71,5,65,80,80,130,90,80,100,60,45,115,6,76,120,31,
Hard339	1	108165	3569	1297	31,40,106,0,30,50,76,82,70,111,66,57,76,45,25,85,35,36,95,81,5,100,100,110,45,5,5,85,90,20,
Hard340	1	104267	3407	8822	30,50,80,50,115,15,105,60,25,97,105,105,30,5,41,50,60,40,0,36,90,20,90,35,10,
Hard341	1	107784	3459	17840	116,10,75,15,65,66,35,55,55,0,25,70,40,0,70,70,60,95,17,20,70,110,6,45,51,101,110,96,5,36,
Hard342	1	109606	3484	4291	45,1,81,36,60,80,97,50,75,45,0,25,51,85,17,20,5,32,0,75,50,41,90,60,60,91,85,75,85,60,45,
Hard343	1	119112	3813	937	70,105,96,125,135,55,115,1,70,60,81,36,115,45,125,70,45,70,60,60,6,130,91,101,115,5,125,
Hard344	1	103935	3641	2825	40,71,35,65,65,96,5,50,25,15,85,52,0,91,60,61,96,5,55,75,80,10,45,5,20,
Hard345	1	108231	3759	5012	70,60,120,55,35,100,55,35,45,120,86,25,90,115,115,5,15,70,71,0,111,81,125,40,30,50,65,105,30,80,125,116,
Hard346	1	107414	3573	4317	55,35,25,80,26,55,96,35,107,10,41,6,110,70,81,95,5,60,80,25,75,46,100,31,
Hard347	1	112329	3711	3902	5,75,65,45,100,85,36,50,5,27,0,55,32,40,50,5,20,5,110,60,70,86,
Hard348	1	109366	3693	1228	70,105,10,86,10,21,91,45,106,50,65,85,1,51,101,95,25,50,6,80,60,70,96,5,30,
Hard349	1	115144	4498	3676	75,90,111,105,65,35,45,110,26,85,5,75,50,5,17,0,55,22,50,30,6,40,
Hard350	1	113482	4295	11282	30,50,100,70,45,70,25,85,70,15,100,65,70,65,86,5,52,0,90,81,60,60,60,85,105,105,35,10,21,85,
Hard351	1	108340	3476	3133	85,75,45,110,85,75,55,60,15,20,110,60,125,96,20,30,21,90,10,90,65,66,50,95,102,40,30,70,70,96,10,5,6,91,120,80,116,
Hard352	1	109611	3754	1553	26,116,16,100,80,56,35,15,35,115,41,5,62,0,70,70,80,25,80,80,76,7,46,110,31,
Hard353	1	110295	3674	3301	30,105,60,82,75,65,15,106,20,36,6,40,41,1,50,30,70,72,55,115,5,30,60,85,55,85,61,36,5,15,15,
Hard354	1	109820	3548	3351	25,90,65,105,25,36,46,50,50,70,5,17,0,55,55,80,42,30,30,51,20,5,10,20,100,60,96,
Hard355	1	117299	3710	14015	0,15,21,120,105,65,57,115,20,60,95,10,40,20,116,0,30,62,6,80,110,90,0,50,70,125,5,100,40,126,
Hard356	1	120606	3884	6196	65,35,26,40,5,90,70,101,100,85,5,17,55,0,81,105,95,0,45,20,22,30,40,5,50,90,100,50,86,
Hard357	1	110351	3492	3581	51,0,16,21,30,30,61,110,90,80,100,80,125,40,70,125,125,15,5,55,56,0,30,20,12,120,75,5,50,100,121,116,85,
Hard358	1	111810	3628	1482	80,60,20,30,70,40,100,117,95,5,15,20,30,55,60,6,90,110,105,
Hard359	1	101368	3309	3392	105,30,75,40,60,50,50,80,40,60,106,97,75,75,30,5,15,5,26,80,15,51,80,5,31,25,71,90,65,
Hard360	1	124420	4061	5036	60,55,75,35,25,40,80,5,90,102,75,5,17,0,70,105,95,0,45,86,22,40,5,91,100,75,5,30,
Hard361	1	106894	3585	2690	40,0,16,80,60,20,55,30,15,55,96,6,40,41,0,0,90,10,90,52,96,50,35,15,
Hard362	1	113475	3589	1212	60,105,50,125,47,15,110,121,90,80,0,25,25,106,25,25,125,115,10,31,50,6,60,
Hard363	1	113304	3633	12790	40,106,70,40,35,95,25,0,65,72,5,45,65,46,0,95,105,115,95,75,20,0,75,15,30,15,20,31,30,50,21,11,5,71,5,50,
Hard364	1	107836	3407	2504	0,80,26,40,80,95,105,65,77,0,16,41,20,40,33,10,51,10,5,20,5,5,16,45,71,60,90,86,
Hard365	1	107341	3573	7681	100,115,75,96,36,1,25,40,15,115,25,25,15,6,32,1,21,111,45,105,15,20,5,90,15,91,70,110,52,50,5,81,61,106,45,
Hard366	1	109852	3543	7116	5,15,5,25,30,30,105,41,90,106,16,26,1,60,86,25,61,15,101,70,55,97,45,60,51,
Hard367	1	112414	4225	4030	20,95,0,40,85,55,71,115,65,106,105,0,15,22,10,30,5,101,6,60,110,75,
Hard368	1	104549	3617	2207	0,95,75,65,55,76,0,40,101,95,35,25,15,85,40,85,40,5,70,50,60,5,95,5,46,80,10,
Hard369	1	130081	4107	20619	51,125,65,5,25,25,36,72,40,16,40,80,25,25,0,55,15,0,61,70,91,100,60,125,20,111,15,125,55,36,91,0,22,6,115,65,100,55,
Hard370	1	106154	3439	9010	10,5,51,100,25,30,90,31,20,40,105,105,56,110,30,111,0,105,62,70,101,116,86,55,100,115,46,70,95,26,60,
Hard371	1	112364	3659	12862	76,36,51,0,45,90,25,92,125,5,86,117,55,56,1,96,20,40,15,15,40,40,22,40,10,60,10,91,30,60,30,
Hard372	1	107155	3431	5505	60,100,35,87,61,0,76,45,15,90,90,35,101,36,15,40,15,70,5,80,50,72,45,60,15,31,90,20,107,
Hard373	1	109872	3578	2134	90,45,105,76,25,35,35,55,15,60,5,85,61,60,0,50,31,72,35,102,5,65,80,96,10,5,5,20,
Hard374	1	118471	3761	7211	115,70,60,125,115,80,115,37,5,45,15,20,51,50,40,65,16,70,0,65,65,50,33,60,5,111,60,45,85,10,110,45,76,
Hard375	1	120383	4050	10446	75,115,35,95,26,85,115,40,50,105,85,6,17,65,1,55,20,45,21,20,65,40,5,30,50,
Hard376	1	109548	3704	884	30,60,90,105,15,15,30,40,60,70,106,40,0,0,115,50,80,16,115,25,50,50,6,100,120,115,
Hard377	1	109006	3578	6219	90,90,85,66,36,51,90,50,30,115,5,116,16,20,50,15,70,105,0,71,30,15,70,112,5,61,105,80,80,80,96,65,
Hard378	1	109465	3707	3153	36,65,70,85,85,71,60,55,15,60,105,95,96,20,45,5,111,110,61,50,80,106,76,6,25,90,10,
Hard379	1	111623	3856	2129	75,80,65,120,100,65,26,45,55,120,96,46,85,15,115,70,5,35,71,80,70,0,41,90,90,90,125,50,20,45,60,5,75,110,10,105,125,20,
Hard380	1	108148	3695	7294	80,40,66,50,117,35,35,1,25,41,105,71,96,80,35,71,110,111,56,6,5,75,115,100,20,
Hard381	1	102128	3280	4500	16,40,61,105,15,0,70,91,105,15,55,1,25,65,33,60,5,20,5,50,100,96,70,
Hard382	1	114954	3690	13072	0,30,10,110,95,50,60,100,88,115,25,65,55,37,50,60,0,100,111,70,60,82,71,45,95,95,115,107,115,61,
Hard383	1	106403	3572	6387	101,125,75,65,25,35,90,55,15,117,80,40,5,80,81,70,90,0,47,111,5,65,85,30,110,10,20,
Hard384	1	118015	3836	2322	60,90,75,50,75,45,75,5,50,100,110,96,5,17,0,60,90,115,105,0,25,33,20,60,50,5,100,110,95,
Hard385	1	112956	3645	3508	65,0,55,0,26,105,70,125,80,45,95,115,16,105,0,45,62,5,110,90,120,80,25,105,71,
Hard386	1	106181	3697	3096	10,90,1,100,110,55,60,80,21,110,82,60,72,66,50,105,95,70,105,110,50,37,105,55,117,
Hard387	1	106421	3834	2224	106,65,65,0,75,0,81,25,25,30,45,50,90,105,80,25,60,6,45,61,85,115,10,60,1,20,101,100,95,25,
Hard388	1	104124	3347	12431	16,0,51,60,70,116,45,60,15,105,60,105,55,70,22,101,71,20,50,67,10,55,31,40,55,65,106,110,5,25,110,105,
Hard389	1	109169	3557	2237	50,40,60,40,40,0,72,35,18,20,77,57,6,20,21,1,71,52,10,70,10,10,55,31,10,31,75,40,56,67,76,
Hard390	1	122290	4023	11318	45,45,55,35,71,91,101,85,117,86,95,65,6,17,95,65,0,76,0,25,30,50,25,32,41,52,71,21,6,101,
Hard391	1	109458	3746	8496	30,120,60,95,95,45,80,5,55,5,80,81,72,70,0,100,50,0,40,92,90,55,45,110,5,65,126,
Hard392	1	110229	3703	4008	50,0,71,50,105,35,65,85,115,46,51,0,16,27,10,70,55,10,40,5,41,60,50,40,0,15,15,91,20,31,70,15,
Hard393	1	108074	3572	3481	85,75,116,95,106,1,26,15,25,5,102,90,35,25,110,111,40,37,115,105,10,40,60,50,
Hard394	1	111509	3631	14942	71,50,86,96,40,52,45,90,81,105,61,106,45,90,45,5,15,20,60,30,55,85,5,60,55,5,55,41,101,85,85,
Hard395	1	114666	3751	7607	90,0,61,15,56,80,70,30,0,15,45,80,80,25,50,95,15,15,110,80,95,45,60,6,100,72,110,0,65,10,20,95,50,66,
Hard396	1	107301	3449	3010	55,25,125,30,40,90,115,5,115,62,0,80,135,35,135,70,80,35,35,5,5,15,121,40,5,20,
Hard397	1	110858	3639	6135	35,15,80,90,55,60,60,60,50,95,107,35,50,85,10,5,42,0,51,65,31,72,26,65,70,100,35,96,
Hard398	1	106100	3428	3860	55,25,30,15,30,130,115,75,40,130,120,66,26,80,100,66,70,137,110,51,0,0,70,70,90,60,125,45,70,126,
Hard399	1	112632	3600	8254	15,95,30,41,95,95,15,30,5,110,20,110,110,100,40,65,50,15,71,6,38,45,21,1,80,90,11,115,91,10,60,105,105,
Hard400	1	116517	4269	7955	85,75,75,115,10,35,40,75,80,80,95,96,86,0,35,0,116,25,35,71,25,50,60,60,101,95,25,25,0,45,76,45,50,51,40,40,70,5,70,21,90,21,105,
Hard401	1	104821	3404	9889	75,90,65,80,20,81,105,60,105,40,71,105,55,5,90,15,30,90,80,6,50,100,76,
Hard402	1	102919	3334	1793	30,100,65,100,115,95,1,26,65,15,25,6,25,110,105,35,46,15,92,111,70,80,55,106,55,
Hard403	1	118012	3757	6108	101,10,85,55,65,45,45,70,115,10,90,5,35,90,90,120,66,110,77,115,95,30,20,20,41,51,
Hard404	1	107634	3767	2099	6,70,105,25,85,15,35,112,40,60,95,70,95,5,35,60,35,60,45,115,10,80,20,
Hard405	1	114419	3867	6624	116,6,45,55,120,35,25,15,25,15,71,45,70,121,60,90,60,80,103,85,95,65,75,65,126,11,21,30,115,
Hard406	1	109816	3557	3193	55,0,25,25,15,30,0,115,105,105,70,45,80,125,115,45,95,105,16,0,52,5,100,80,90,71,120,5,25,115,
Hard407	1	121031	4176	12798	0,50,90,50,65,117,80,91,15,90,85,110,110,56,55,5,116,83,0,96,15,75,75,107,0,25,30,15,0,85,31,20,30,80,40,
Hard408	1	109599	3556	2546	90,90,45,35,65,26,50,5,105,16,115,75,15,0,55,21,20,80,30,50,5,5,11,100,70,60,40,110,97,
Hard409	1	109032	3825	4147	55,15,105,95,105,16,87,20,20,40,2,45,35,25,26,40,5,15,82,101,52,105,70,95,87,0,45,22,95,50,40,30,
Hard410	1	103624	3505	12522	90,55,65,55,90,115,70,15,25,35,107,40,5,72,60,0,80,15,80,45,46,90,101,5,30,20,16,
Hard411	1	112798	5033	2025	15,25,36,95,15,95,85,105,25,16,106,95,40,40,6,56,63,51,1,71,11,81,80,15,25,80,35,75,
Hard412	1	111094	3538	2331	36,0,80,97,80,80,45,0,50,25,51,85,75,17,20,5,31,30,50,40,0,92,60,40,60,75,61,75,86,45,
Hard413	1	109493	3791	7805	81,75,95,46,15,0,15,33,10,50,115,80,115,115,61,60,112,10,41,72,70,46,117,67,112,55,86,6,55,
Hard414	1	107920	3505	3768	100,40,95,1,25,30,40,100,65,116,26,6,51,51,1,21,60,111,40,105,35,20,6,55,90,71,105,81,105,
Hard415	1	105493	3435	1868	96,86,115,55,2,26,45,60,70,105,105,10,50,45,60,10,51,70,60,6,110,80,90,25,5,105,
Hard416	1	115671	4062	1528	60,0,80,80,102,95,35,75,25,45,80,80,65,25,65,50,5,5,15,16,1,55,20,40,85,21,20,80,5,30,50,
Hard417	1	106462	3385	20138	36,55,115,106,115,20,0,40,40,15,105,65,40,5,25,25,25,0,46,102,110,110,65,10,40,52,15,71,70,30,95,115,75,107,40,60,75,5,90,115,20,110,96,20,116,5,20,5,45,100,25,10,
Hard418	1	105951	3635	2142	45,95,0,70,101,65,95,110,15,35,85,86,110,70,70,5,95,40,100,55,6,75,65,110,80,10,
Hard419	1	113493	3593	13663	30,25,45,50,60,106,15,97,40,70,30,5,42,0,80,36,50,35,5,46,105,92,20,10,
Hard420	1	119634	4127	7188	15,20,60,90,125,85,46,15,55,115,70,105,5,72,50,40,0,40,82,46,30,65,15,
Hard421	1	112291	3570	19803	41,5,25,16,105,55,125,63,110,126,70,90,30,26,2,20,75,20,120,45,15,70,115,121,50,100,20,95,15,51,50,6,80,90,115,115,80,46,
Hard422	1	116502	3815	9956	95,30,60,85,115,46,55,26,15,105,5,73,50,0,41,80,65,80,95,111,25,95,80,45,
Hard423	1	107004	3921	11238	120,115,65,70,90,115,70,45,90,115,86,46,50,5,75,63,70,0,40,40,111,100,82,45,95,6,15,20,126,30,65,5,50,
Hard424	1	110507	3619	3014	85,90,70,30,50,70,40,67,85,116,85,45,6,15,27,91,0,40,60,41,51,75,
Hard425	1	112487	3569	5521	0,11,81,21,0,71,96,41,35,36,46,5,26,25,11,0,43,30,61,91,76,85,5,86,75,
Hard426	1	102628	3676	1687	50,80,65,125,40,95,105,0,70,115,1,70,45,25,30,50,31,65,45,20,80,115,45,70,7,40,110,85,
Hard427	1	118669	3931	1615	45,60,75,35,105,95,0,60,110,56,26,85,96,61,110,5,101,110,35,45,6,66,90,20,80,20,
Hard428	1	111841	4143	1022	31,40,105,60,15,25,55,61,45,35,15,97,36,41,66,50,6,50,51,60,60,70,1,70,81,80,75,15,6,5,45,90,20,
Hard429	1	111007	4074	4825	100,55,30,80,95,1,15,21,80,95,70,95,16,5,5,72,1,11,91,85,25,100,85,10,6,40,85,
Hard430	1	110993	4405	6588	80,70,70,96,80,66,35,25,115,35,17,20,5,45,50,51,40,30,50,0,30,60,61,75,35,85,
Hard431	1	120199	3987	1276	116,10,100,75,45,35,127,50,65,80,50,5,80,80,60,35,90,101,115,100,6,95,55,55,20,120,41,
Hard432	1	102545	3330	3706	105,85,5,15,21,30,40,30,90,106,50,16,76,86,1,50,15,50,60,101,95,95,35,50,95,
Hard433	1	106245	3968	1497	61,60,25,40,100,1,100,80,80,90,55,35,25,55,81,105,6,105,105,71,91,90,76,101,1,100,85,20,86,30,
Hard434	1	107947	4367	7807	40,40,115,65,101,95,115,20,5,36,5,56,83,50,72,0,30,30,90,70,105,50,0,61,92,35,65,
Hard435	1	106054	3559	2679	20,57,2,70,60,52,25,71,25,25,25,55,56,77,5,5,33,1,70,50,70,51,40,70,42,23,67,77,55,56,
Hard436	1	102167	3672	1630	40,0,70,0,115,25,30,51,80,80,95,65,70,115,125,105,0,65,47,5,31,70,20,5,5,40,110,85,
Hard437	1	116638	3709	3764	50,45,35,26,50,5,70,80,65,95,100,16,15,0,55,22,50,30,40,5,10,90,60,86,
Hard438	1	102975	3354	9124	55,110,40,105,1,0,15,45,20,70,70,65,110,20,21,40,65,80,5,50,10,5,100,90,91,85,70,60,116,115,
Hard439	1	104767	3590	5434	10,85,10,70,45,55,35,35,35,100,40,35,96,75,20,50,75,20,95,0,10,50,51,5,90,70,30,80,60,107,
Hard440	1	118513	3761	10072	117,20,10,45,5,35,52,50,0,15,30,110,60,16,5,55,120,45,71,70,110,80,110,100,70,20,40,127,
Hard441	1	111746	3523	1568	75,5,5,130,26,45,100,75,80,60,126,90,15,35,55,15,25,100,25,45,131,81,70,110,125,
Hard442	1	114843	3737	7667	111,75,85,55,25,31,90,55,30,110,5,105,106,60,17,0,15,40,61,102,30,50,80,20,115,60,50,5,71,95,116,70,80,55,5,96,
Hard443	1	103769	3338	5373	45,115,45,91,50,20,30,90,71,81,65,70,105,55,40,105,80,55,5,15,20,30,80,95,6,50,100,96,
Hard444	1	108703	3549	1022	115,101,65,95,85,75,1,26,35,35,58,21,31,6,70,111,81,91,65,105,
Hard445	1	108057	3755	2953	45,15,85,70,15,45,26,96,15,107,86,31,60,5,110,5,50,71,70,95,5,35,65,35,80,100,80,21,
Hard446	1	107346	3735	1329	35,95,0,70,70,35,100,66,45,55,45,100,87,25,71,5,91,100,35,55,6,76,80,41,
Hard447	1	106022	3738	2808	61,55,35,71,25,55,96,85,15,5,41,40,0,91,50,75,51,96,5,45,65,10,80,20,
Hard448	1	117779	3835	5174	70,0,60,35,85,90,20,35,15,106,50,0,51,60,101,71,95,85,45,85,50,6,96,5,55,80,10,
Hard449	1	113724	3852	3468	10,65,70,30,80,125,10,135,125,20,21,11,50,40,121,76,50,60,75,40,90,101,127,7,120,120,130,85,
Hard450	1	107470	3537	1826	45,0,60,95,80,0,115,116,55,45,61,60,50,105,50,70,95,15,105,35,50,110,66,40,110,95,50,5,105,6,40,55,90,10,
Hard451	1	110585	3857	10678	46,5,115,72,0,86,60,55,90,40,115,106,126,40,85,0,0,77,25,32,20,40,60,
Hard452	1	107454	3406	2101	65,6,25,25,16,120,35,50,90,65,70,116,80,90,45,26,70,35,121,70,60,100,115,
Hard453	1	107838	3555	12701	60,80,90,56,0,110,75,92,105,45,35,115,25,5,85,25,60,5,15,16,50,0,65,22,30,60,40,
Hard454	1	106666	3368	5945	20,20,71,5,15,30,70,102,95,15,15,80,96,0,20,40,50,65,41,15,91,90,105,50,86,50,75,36,106,76,40,85,
Hard455	1	105982	3622	1479	30,105,25,60,90,45,51,45,85,85,15,5,31,75,30,0,81,40,41,86,5,35,55,70,96,10,6,20,
Hard456	1	111622	3635	1805	96,1,110,80,105,25,45,80,35,75,110,110,66,26,5,90,81,25,60,60,117,5,30,30,50,40,
Hard457	1	102984	4818	6270	110,40,80,105,90,55,61,60,36,5,52,66,95,115,50,0,76,95,116,0,0,15,55,21,21,50,40,5,10,
Hard458	1	110877	3580	2793	80,46,6,90,15,65,20,45,90,20,85,31,90,70,70,85,16,85,50,15,1,50,50,80,80,75,80,35,50,6,96,40,60,95,60,76,
Hard459	1	105799	3395	3154	5,15,5,25,30,30,40,40,110,75,80,105,106,85,50,75,65,17,65,26,0,25,0,61,80,81,91,71,115,45,80,5,100,50,116,
Hard460	1	110801	3507	2176	115,71,90,50,65,90,116,106,86,6,25,15,25,51,30,40,30,40,15,71,5,80,50,80,100,110,95,95,
Hard461	1	118610	3812	1026	115,105,30,95,60,86,125,1,60,50,70,70,115,105,26,45,45,61,51,6,120,81,91,115,105,
Hard462	1	109240	3729	1767	0,75,50,86,0,15,65,50,91,75,15,65,35,45,25,35,65,51,5,80,80,90,75,15,6,55,60,20,
Hard463	1	112776	3571	3117	70,60,91,106,105,115,45,60,5,45,55,17,0,25,30,55,31,71,55,40,110,20,60,5,6,40,100,96,
Hard464	1	109790	3498	19694	100,76,55,65,91,35,76,40,85,101,65,36,97,27,5,92,31,105,41,70,60,80,15,80,31,106,
Hard465	1	113352	3680	3355	70,116,15,80,95,115,20,55,65,70,105,95,30,0,45,70,0,70,61,110,95,61,75,75,50,110,106,7,65,90,10,
Hard466	1	108984	3492	12713	106,120,76,91,55,105,45,90,60,5,125,125,28,0,115,65,0,85,40,35,36,41,60,50,90,
Hard467	1	102584	3279	1674	35,35,55,62,50,96,30,95,45,52,40,15,90,75,86,76,20,90,85,66,7,25,70,35,10,
Hard468	1	120795	4222	1594	25,95,15,125,31,0,60,15,86,117,0,50,70,125,25,51,5,110,80,90,125,
Hard469	1	104538	3716	2118	15,96,15,80,65,45,37,40,55,70,25,95,60,40,6,72,1,60,80,80,80,65,15,7,45,90,20,
Hard470	1	115351	3721	7627	35,25,15,51,0,60,75,75,75,65,5,57,0,61,10,101,96,60,25,70,110,36,80,5,40,95,
Hard471	1	118034	4380	1947	85,75,55,1,105,35,40,61,91,85,36,6,25,15,42,20,16,1,30,80,95,31,
Hard472	1	109417	3461	6829	11,21,31,0,100,0,125,110,125,52,85,45,122,62,71,105,90,125,25,115,40,80,116,50,25,90,60,106,
Hard473	1	105341	3444	9232	105,35,55,125,115,115,25,41,75,5,80,80,80,115,70,80,0,45,45,90,55,46,76,5,5,15,20,15,120,120,61,5,31,
Hard474	1	106188	3447	3282	115,95,55,55,65,0,0,71,35,25,15,40,80,0,51,82,76,56,35,35,7,105,50,50,105,85,60,90,110,105,
Hard475	1	103570	3504	4271	30,85,45,111,60,85,90,61,115,72,115,55,35,36,110,5,100,55,110,65,101,110,26,5,15,90,61,70,
Hard476	1	112559	3788	32565	76,85,45,90,110,85,125,45,5,90,36,56,90,60,26,60,5,17,0,66,21,52,31,20,40,40,80,61,
Hard477	1	121830	3871	19621	105,56,0,60,95,45,115,80,35,26,25,30,5,52,96,85,1,36,90,62,70,80,106,85,20,70,35,40,
Hard478	1	116191	3836	3754	105,70,21,45,85,91,106,50,65,0,30,86,0,51,101,95,25,50,6,80,60,70,96,
Hard479	1	111260	4184	2018	45,71,85,45,15,66,15,35,5,25,95,53,0,30,62,35,6,56,90,20,75,11,
Hard480	1	121261	3879	2853	45,0,50,90,50,66,36,90,0,46,65,17,86,5,20,32,0,11,41,60,40,55,60,60,55,100,70,16,110,97,
Hard481	1	110035	3635	7343	55,35,35,125,25,41,75,5,82,110,90,80,0,35,70,47,45,75,5,20,55,75,5,16,121,85,61,
Hard482	1	110957	3713	1201	36,40,55,25,15,105,121,115,61,80,90,115,5,80,35,80,65,126,100,10,20,
Hard483	1	113162	3998	4456	80,65,35,75,126,45,26,50,110,125,5,105,95,17,0,55,22,50,30,80,6,40,
Hard484	1	120307	3826	7491	0,91,15,80,40,25,30,60,101,75,55,100,26,95,96,17,92,21,50,70,106,105,35,20,5,81,20,
Hard485	1	112325	3963	6822	110,90,125,10,125,40,1,70,25,30,85,70,65,100,65,25,110,50,25,5,120,111,25,105,61,76,
Hard486	1	107476	3901	4801	60,75,60,55,36,105,87,60,15,0,21,90,106,41,40,101,95,25,40,25,65,10,5,82,100,31,70,52,70,96,35,65,
Hard487	1	112600	3949	3810	0,40,100,40,110,80,81,90,115,0,15,55,20,100,115,115,70,92,75,112,86,105,25,106,30,10,
Hard488	1	121599	3848	3244	80,5,90,35,15,100,110,35,55,55,45,45,16,0,20,15,0,41,72,51,115,105,105,90,70,5,5,80,116,
Hard489	1	117300	3708	10422	20,45,105,15,45,97,20,70,50,5,110,52,80,0,30,106,45,60,27,5,55,92,10,30,
Hard490	1	115759	3684	3282	10,80,96,10,70,80,55,35,27,80,25,75,30,40,92,76,6,31,30,1,70,71,22,52,77,86,85,
Hard491	1	105845	3690	3021	35,40,95,85,76,100,0,100,25,101,65,115,95,65,5,116,45,46,0,0,15,105,22,20,50,30,100,10,
Hard492	1	113722	5348	3311	20,30,40,60,110,95,86,76,56,105,106,96,0,0,15,20,40,20,20,10,5,5,100,70,80,115,
Hard493	1	114635	3912	10518	5,15,96,70,50,80,95,45,37,15,67,25,40,90,15,1,41,30,90,85,76,40,50,5,26,86,
Hard494	1	104537	3422	4152	81,20,51,11,40,40,36,76,66,65,5,5,22,1,71,30,86,61,30,45,31,75,66,5,75,
Hard495	1	104788	3324	4077	30,40,15,80,50,20,0,60,50,61,85,35,75,75,35,16,51,5,90,102,75,85,
Hard496	1	108596	3598	13658	55,35,35,45,45,60,26,90,106,60,105,95,70,105,85,5,17,15,80,0,65,65,41,22,40,50,70,60,90,30,50,60,30,
Hard497	1	107361	4111	1787	25,65,40,71,1,80,80,100,90,55,80,35,25,80,76,6,61,100,92,65,0,0,55,85,75,20,30,85,85,
Hard498	1	102685	3333	9250	85,111,86,65,55,95,75,96,45,15,0,45,55,21,21,100,55,30,62,51,10,41,81,105,71,60,105,5,105,70,45,116,
Hard499	1	107807	3514	3564	100,21,40,70,60,85,86,65,55,6,15,21,16,1,60,50,31,60,80,51,5,60,5,80,110,90,105,75,120,105,
Hard500	1	113415	4264	8160	5,52,100,115,90,100,0,72,105,66,115,97,45,1,55,15,23,70,50,30,10,
Hard501	1	111296	3642	2511	55,25,81,30,95,80,55,115,0,15,80,31,20,30,10,100,67,50,90,5,110,70,92,55,75,61,105,105,5,105,
Hard502	1	109215	3493	4198	50,65,1,35,100,115,95,0,60,100,82,35,105,55,35,55,35,26,60,60,5,76,90,110,105,
Hard503	1	117769	3763	1229	95,60,105,85,85,125,115,45,1,15,50,70,60,70,115,105,36,60,15,51,60,5,5,120,81,90,115,90,105,
Hard504	1	110907	3745	11945	20,106,5,40,5,15,20,111,20,110,60,60,70,98,75,105,66,16,117,2,112,60,15,45,60,70,40,72,66,80,115,55,115,115,
Hard505	1	111018	3526	10722	26,30,0,25,90,60,75,18,41,61,5,80,80,97,50,38,1,20,41,52,25,5,90,91,5,85,10,71,66,86,
Hard506	1	119962	4025	7979	115,96,80,60,20,100,46,116,50,75,95,1,51,111,35,105,60,25,30,50,6,90,105,70,60,80,105,
Hard507	1	112407	3574	3836	50,15,115,25,70,106,105,30,45,60,30,5,60,70,61,40,0,35,36,101,5,65,80,20,115,120,100,10,90,115,
Hard508	1	116330	3691	2925	75,40,66,105,26,30,115,5,55,17,0,35,22,30,5,10,110,95,40,106,
Hard509	1	106555	3591	1936	96,65,75,55,65,5,35,106,26,40,5,15,15,15,0,45,22,40,5,30,11,60,70,90,105,
Hard510	1	117290	3711	5146	40,55,1,90,105,85,0,50,90,61,60,37,95,26,46,51,5,80,100,77,95,
Hard511	1	108255	3734	12892	35,25,55,100,65,70,70,92,76,40,105,61,87,65,106,6,18,0,45,20,21,40,5,30,10,90,
Hard512	1	119727	4116	2324	75,65,10,10,21,80,51,45,65,80,45,65,76,5,5,31,31,1,60,71,40,60,42,85,75,66,55,5,85,75,
Hard513	1	123327	4003	8129	45,90,35,70,81,71,60,105,105,70,105,55,5,5,15,16,0,0,55,76,26,42,40,30,70,80,61,30,20,30,30,70,80,20,
Hard514	1	119678	4178	3211	75,106,50,86,15,75,25,36,45,5,61,95,61,40,0,31,100,85,70,55,71,35,
Hard515	1	112654	3594	3561	70,91,115,107,56,6,66,26,25,17,0,70,65,50,0,35,42,70,30,6,5,50,100,110,96,
Hard516	1	108336	3475	3255	105,80,70,40,70,80,95,95,55,106,5,15,55,65,17,0,60,26,41,31,70,30,70,40,20,50,20,5,6,100,50,91,86,
Hard517	1	114996	3791	1082	110,45,25,85,50,95,85,60,100,52,70,40,105,81,117,106,5,20,15,80,30,6,100,110,96,
Hard518	1	125463	4004	3020	75,65,96,32,50,95,105,40,66,0,10,25,40,72,70,60,110,5,5,81,106,110,56,
Hard519	1	105590	3343	11901	0,16,30,20,30,100,41,80,115,20,65,55,97,30,10,30,0,20,100,56,62,70,111,50,20,60,106,105,10,
Hard520	1	116614	3833	5809	5,82,90,25,30,30,100,100,65,25,40,25,96,5,18,30,0,91,22,60,95,85,71,20,105,105,5,40,
Hard521	1	110619	3730	2452	40,95,61,70,86,35,15,85,21,5,42,50,0,50,72,55,95,95,65,7,25,81,10,
Hard522	1	116095	3807	6942	50,45,0,75,35,80,110,111,85,70,26,122,105,95,86,116,60,5,5,70,15,16,0,65,22,75,30,40,60,
Hard523	1	113043	3673	5294	35,90,75,12,70,60,95,40,80,40,20,96,0,51,60,50,90,91,76,60,16,75,50,46,87,
Hard524	1	108203	3574	4760	55,61,95,71,80,45,25,15,60,96,15,50,30,50,82,55,75,15,7,35,92,20,
Hard525	1	111604	3771	2187	35,40,25,91,55,85,75,61,85,15,5,42,0,80,80,51,96,50,86,5,45,6,10,70,20,
Hard526	1	109132	3555	13280	35,20,40,65,15,56,55,45,110,55,60,15,106,30,31,41,70,96,105,1,60,15,80,60,50,117,25,95,60,
Hard527	1	106273	3359	5379	5,81,75,95,56,5,80,15,115,20,30,80,20,30,100,116,60,16,0,40,15,40,0,61,111,110,51,71,106,35,85,50,91,105,35,60,50,86,
Hard528	1	119180	3776	13001	91,70,85,70,107,56,66,6,16,16,26,25,70,0,40,0,35,42,30,65,70,25,7,21,51,101,96,
Hard529	1	121913	3901	9854	115,125,20,10,115,30,2,60,60,35,110,55,120,55,90,100,101,95,50,125,125,50,115,66,30,125,
Hard530	1	119028	3765	22953	115,65,100,50,50,16,70,95,70,85,65,45,50,106,31,31,101,11,56,50,70,60,40,15,56,65,106,21,20,35,20,10,70,80,25,105,
Hard531	1	108276	3884	2448	80,55,16,25,96,95,75,45,36,35,40,55,40,5,62,70,0,70,82,75,15,7,45,90,20,
Hard532	1	109278	3821	1308	75,36,45,5,100,10,100,75,80,100,55,26,95,95,5,25,45,62,5,41,20,30,71,70,25,50,107,
Hard533	1	101463	3727	1367	95,70,96,1,61,80,55,35,25,15,60,40,6,70,91,81,80,96,0,0,66,20,65,30,
Hard534	1	104696	3517	3673	55,0,105,120,105,55,75,82,70,50,100,125,101,55,76,116,30,10,20,40,61,
Hard535	1	104853	3450	3053	0,85,90,15,36,46,0,25,15,16,20,70,5,42,0,50,61,85,35,100,60,85,55,
Hard536	1	119328	3861	4456	20,90,90,66,105,35,90,50,45,70,106,35,50,51,31,95,100,61,75,86,95,100,26,31,55,40,100,5,95,85,
Hard537	1	110484	3595	3755	20,20,96,100,85,20,60,45,50,75,115,75,95,0,0,51,40,105,26,50,5,5,90,110,70,60,70,35,81,106,
Hard538	1	106817	4016	2281	85,46,16,60,25,105,85,36,55,95,5,73,0,50,31,82,35,5,75,35,55,75,100,20,11,65,
Hard539	1	103871	3355	5956	45,25,101,30,80,100,75,30,80,45,97,0,62,91,86,90,40,71,105,35,60,105,85,35,20,7,105,
Hard540	1	117086	4069	1946	15,55,46,105,25,97,30,6,15,73,60,0,60,61,41,0,51,80,15,81,55,7,35,90,20,
Hard541	1	124748	3927	8332	16,36,121,120,70,41,0,105,55,62,26,51,80,80,100,90,100,117,36,15,50,25,15,50,
Hard542	1	107762	3535	4014	95,85,65,95,106,0,35,75,40,112,75,36,15,5,100,20,40,90,50,35,70,117,
Hard543	1	128916	4037	35922	45,55,35,62,120,96,45,55,5,17,0,52,60,80,20,101,111,42,6,91,126,76,
Hard544	1	113722	5701	2689	0,95,115,20,95,10,20,31,120,51,45,100,60,120,45,70,83,65,75,40,126,40,125,56,
Hard545	1	114442	3720	1597	96,115,80,46,26,107,30,10,30,55,5,61,60,50,70,82,115,5,75,95,5,35,35,100,21,
Hard546	1	116496	3901	4712	121,75,101,86,75,26,36,55,55,60,115,5,100,91,100,120,45,90,15,110,66,50,65,115,95,40,50,30,30,21,
Hard547	1	121662	3864	21303	71,80,5,15,20,20,55,100,20,46,45,50,15,60,75,95,15,96,0,0,50,60,20,50,35,50,40,6,91,70,10,60,80,35,60,107,
Hard548	1	110814	3800	2275	110,45,105,60,61,40,70,90,116,16,20,115,16,0,0,50,80,105,35,51,5,5,110,120,105,
Hard549	1	116216	4540	1677	110,30,100,0,51,75,125,61,80,125,81,66,55,75,105,55,117,0,15,106,0,35,23,10,80,30,6,40,
Hard550	1	108054	3815	1911	45,101,61,70,35,96,15,95,20,5,80,60,35,105,105,41,41,105,0,51,71,70,56,102,66,5,6,25,90,10,
Hard551	1	110331	3708	2608	10,20,0,90,90,10,81,106,40,75,0,41,100,100,86,15,40,6,72,100,50,95,61,85,95,95,
Hard552	1	129020	4470	3275	25,101,15,30,125,85,85,55,40,5,110,125,55,65,25,70,95,72,60,0,51,82,121,106,115,25,55,
Hard553	1	113635	3761	3647	106,15,65,25,116,35,115,55,85,40,75,5,92,16,50,60,5,102,15,65,70,70,25,25,25,5,45,110,30,
Hard554	1	110830	3639	3250	40,75,55,86,1,40,91,35,25,35,75,16,67,75,41,5,81,90,50,15,6,45,60,20,
Hard555	1	109878	3795	2784	96,15,70,45,45,25,85,86,25,16,105,106,50,31,60,70,6,110,71,95,65,5,36,100,80,21,
Hard556	1	115674	3837	6172	15,80,55,45,95,65,45,105,36,0,25,17,20,5,32,41,5,60,53,0,0,60,90,72,105,105,65,
Hard557	1	105035	3599	3884	116,75,25,65,91,40,90,1,81,100,55,60,35,25,80,6,71,102,75,1,86,20,85,5,30,
Hard558	1	110159	3534	5662	120,105,95,115,65,45,115,35,50,5,115,16,15,1,25,55,30,32,20,5,50,111,40,90,100,125,
Hard559	1	117608	3834	5260	35,50,50,5,95,100,115,16,85,15,95,1,55,25,33,20,5,40,90,80,50,6,110,105,
Hard560	1	117198	3772	7733	30,1,15,21,90,90,101,116,115,15,40,50,65,15,5,5,52,1,11,110,60,110,95,105,25,70,70,81,105,96,10,5,105,
Hard561	1	112760	3555	9939	51,10,0,30,120,72,125,55,10,21,110,55,0,125,100,80,46,125,61,30,100,60,121,115,26,80,115,70,60,115,
Hard562	1	110717	3634	4154	0,15,25,110,15,30,95,0,15,42,5,65,35,106,36,0,45,11,10,40,5,30,20,60,70,96,
Hard563	1	120196	3815	1286	36,70,115,115,105,1,60,70,10,81,95,55,61,25,55,71,6,100,110,95,35,
Hard564	1	112920	3831	1646	90,50,50,46,86,60,5,105,25,15,75,33,0,80,80,40,62,41,86,55,95,5,35,70,10,20,95,
Hard565	1	103468	3336	3439	50,125,125,46,70,107,65,0,75,120,25,45,92,85,120,30,105,120,27,125,115,10,30,5,50,90,
Hard566	1	111332	3576	2336	90,110,105,80,55,35,20,15,70,1,71,80,50,115,105,115,105,70,5,90,115,6,75,100,10,
Hard567	1	103837	3355	2811	45,50,50,95,60,60,85,70,35,15,85,85,20,50,41,71,70,45,65,96,7,25,80,10,
Hard568	1	110291	3704	4751	60,95,80,56,36,27,95,106,10,105,41,70,80,6,95,80,110,25,80,75,5,45,45,100,31,
Hard569	1	126420	4085	5695	90,50,75,60,76,45,55,6,16,15,1,21,50,70,42,5,70,65,100,80,95,51,110,5,95,
Hard570	1	113987	3600	750	61,35,105,95,0,25,40,81,25,51,71,105,25,5,15,40,80,40,31,5,61,5,20,100,75,
Hard571	1	115030	3697	7832	127,95,85,36,40,60,85,0,85,92,110,121,81,75,110,25,105,90,5,30,120,56,110,66,5,5,95,126,100,20,
Hard572	1	118761	4435	1888	25,40,1,85,60,75,50,75,40,50,36,16,86,41,6,20,51,21,0,0,47,6,75,26,81,11,
Hard573	1	113751	3665	8736	40,61,75,36,5,20,15,100,81,91,35,60,47,30,50,71,71,35,55,40,41,95,60,96,
Hard574	1	106768	3493	8642	70,117,65,0,55,70,80,97,11,0,21,100,30,70,30,56,62,50,80,105,25,60,105,5,25,110,70,5,90,110,105,46,
Hard575	1	105610	3339	16527	0,55,25,35,15,40,125,16,0,15,70,20,71,66,90,125,6,92,81,101,60,0,111,25,10,85,26,30,125,
Hard576	1	107797	3443	5160	60,60,95,60,35,75,26,40,85,40,5,105,55,18,0,85,45,22,40,5,30,11,100,76,85,
Hard577	1	131156	4208	15930	105,95,110,41,31,65,27,50,115,71,65,116,5,50,50,50,80,0,110,111,20,20,105,60,60,35,20,46,115,60,115,115,5,35,105,
Hard578	1	102556	3998	1851	80,125,0,35,40,75,90,60,0,100,115,25,135,41,50,125,100,75,30,125,80,26,6,5,20,120,105,
Hard579	1	119838	4071	2019	80,100,95,50,66,36,5,25,15,75,42,0,30,62,35,85,5,45,70,100,10,85,20,55,
Hard580	1	119319	4232	1900	80,35,5,120,120,115,55,25,60,45,15,45,95,105,120,60,70,80,35,105,6,70,35,70,65,125,90,10,20,
Hard581	1	108709	3805	5756	70,0,90,101,90,45,66,35,25,25,100,85,90,77,96,50,5,5,17,0,45,55,21,45,30,20,50,
Hard582	1	113168	3740	4473	101,35,85,40,5,15,15,115,95,15,1,25,45,33,20,40,5,90,110,5,80,106,51,
Hard583	1	104934	3732	8364	5,40,25,80,112,60,90,105,70,55,90,35,25,40,5,91,75,85,66,17,0,45,22,40,30,
Hard584	1	119485	4227	1062	65,35,40,25,0,111,80,65,81,110,75,107,97,0,17,5,90,90,80,15,90,102,117,21,30,50,
Hard585	1	112766	3723	3094	25,15,55,116,35,115,80,90,40,100,55,75,16,6,82,0,90,11,65,72,15,26,15,5,5,45,110,30,
Hard586	1	103480	3396	2193	30,65,0,110,110,125,65,15,100,92,70,110,81,45,46,85,85,115,75,20,50,60,120,116,
Hard587	1	107911	3460	2907	55,45,6,110,70,15,100,70,55,60,96,15,35,45,60,25,100,111,60,50,80,95,
Hard588	1	100620	3779	4378	55,60,95,45,86,125,1,35,60,115,70,115,105,70,61,45,6,120,5,80,90,115,
Hard589	1	107353	3450	1808	60,116,36,87,105,1,50,60,71,96,46,60,50,26,50,5,60,5,100,110,35,95,
Hard590	1	115891	3803	2672	115,115,50,80,15,75,115,46,95,50,51,105,40,110,40,70,110,106,35,96,40,40,7,45,110,90,10,
Hard591	1	103763	3474	14108	51,15,45,80,60,90,115,80,77,36,80,42,85,5,125,62,100,0,70,40,31,95,56,72,85,26,35,
Hard592	1	117785	3732	6430	16,107,20,41,5,50,30,110,80,75,60,15,6,47,101,1,10,100,70,115,35,11,5,5,90,80,115,
Hard593	1	110459	3694	4809	75,15,116,60,80,75,45,115,95,45,55,62,41,70,106,35,95,95,41,65,111,105,5,6,45,90,10,
Hard594	1	110165	3484	8778	80,0,51,15,20,50,15,107,45,36,77,60,90,20,35,0,42,31,60,60,95,86,55,15,40,55,6,95,101,95,
Hard595	1	114809	3622	11046	20,35,105,15,97,20,50,40,5,51,50,30,60,70,80,0,25,105,26,5,55,92,110,10,105,41,
Hard596	1	111357	3732	3702	65,15,35,55,25,107,40,75,5,83,50,0,61,92,16,90,15,70,65,5,35,65,35,5,70,26,
Hard597	1	116353	3693	13084	90,0,90,15,85,20,15,0,10,41,36,50,61,35,100,46,5,25,70,45,80,30,75,95,105,10,100,5,51,31,95,40,70,70,105,105,95,
Hard598	1	117546	3994	4167	60,16,80,115,55,45,60,96,105,105,31,15,61,20,1,50,52,6,66,25,70,111,95,
Hard599	1	117117	3718	1295	35,15,55,65,6,110,81,55,65,71,105,105,25,15,45,35,111,70,60,90,105,
Hard600	1	102767	3335	5950	80,35,40,25,40,55,65,5,95,17,35,0,45,30,22,40,30,5,70,5,11,100,90,5,60,86,
Hard601	1	111102	3728	1655	30,50,50,62,105,25,45,60,90,45,86,5,75,15,30,31,0,81,40,41,95,85,55,85,6,35,10,70,95,5,20,
Hard602	1	110363	5370	2874	20,65,40,70,95,30,85,55,107,120,95,85,65,55,115,116,1,15,22,10,6,110,80,40,90,125,
Hard603	1	112168	3671	1020	96,115,105,70,105,85,36,16,116,20,45,85,50,85,20,5,51,40,60,71,95,5,70,105,5,65,25,25,80,110,10,10,
Hard604	1	108170	3470	964	105,70,96,55,135,1,70,115,60,81,115,125,10,46,25,70,70,5,61,5,130,90,100,115,90,100,125,
Hard605	1	119304	4039	4532	10,60,90,85,55,85,115,70,30,85,70,115,45,105,45,61,60,41,110,76,35,35,25,106,95,41,5,110,5,25,5,46,90,101,31,
Hard606	1	105575	3612	5879	0,91,25,16,30,71,70,85,45,107,0,62,102,40,80,75,95,75,16,80,96,60,20,
Hard607	1	106044	3382	2810	30,95,40,71,116,51,105,80,80,105,95,40,115,95,70,65,6,26,31,70,16,5,41,91,100,85,
Hard608	1	115789	3655	2411	75,100,80,90,65,35,25,15,45,111,50,0,25,90,100,90,65,85,86,96,5,55,85,105,70,10,105,20,20,40,30,110,105,
Hard609	1	112584	3617	1916	16,20,0,41,95,50,15,0,71,81,95,35,70,105,15,70,105,35,51,6,110,121,95,105,
Hard610	1	114583	3809	4865	36,45,0,0,90,91,51,50,95,85,75,25,60,15,16,20,85,5,32,0,50,41,60,76,61,45,5,96,85,
Hard611	1	105566	3405	19942	15,85,115,40,75,75,56,1,65,35,25,17,20,6,52,90,1,95,25,70,70,83,100,75,100,25,25,6,70,10,65,116,75,60,70,30,
Hard612	1	110220	3591	2448	40,25,95,55,116,115,0,60,61,112,15,30,51,72,56,70,117,65,66,111,26,6,45,45,
Hard613	1	108991	4003	3640	85,90,75,75,35,46,35,0,0,25,17,20,6,32,42,71,1,81,91,55,90,85,7,65,
Hard614	1	109197	3482	1668	70,126,35,105,115,1,60,70,81,95,36,10,55,55,25,61,71,6,110,120,95,
Hard615	1	116571	3662	27220	82,31,75,95,55,55,5,100,15,117,5,27,17,10,41,1,25,62,111,31,60,15,85,110,52,50,71,5,91,85,115,85,107,
Hard616	1	122138	3967	9716	20,30,90,60,75,115,80,100,116,95,46,7,41,15,20,40,85,0,0,90,80,112,105,95,
Hard617	1	106829	3371	1388	36,45,0,60,110,110,55,25,95,45,61,5,30,110,85,105,105,6,65,90,20,
Hard618	1	104786	3406	1051	50,85,35,85,76,96,65,35,15,15,65,95,65,21,5,40,52,75,85,45,5,5,26,60,90,10,10,
Hard619	1	107402	3507	6827	5,30,40,50,90,115,15,75,50,65,25,17,30,60,0,72,66,70,6,80,111,105,
Hard620	1	120989	4090	2430	110,125,26,90,56,125,36,16,15,125,41,80,6,72,60,0,61,0,80,92,86,5,25,5,5,46,120,30,30,
Hard621	1	110126	4123	6816	70,85,10,55,45,110,37,20,0,40,35,50,76,107,0,50,50,30,115,15,60,115,50,5,100,71,80,5,115,
Hard622	1	110197	3471	15800	100,80,56,15,116,46,30,70,96,45,1,71,25,111,105,16,15,50,20,80,106,70,
Hard623	1	111127	3717	1168	97,0,101,80,80,60,60,46,25,16,15,100,50,51,40,20,40,70,87,65,70,66,46,56,107,6,5,91,90,102,52,105,106,1,26,31,70,11,30,10,20,20,6,70,
Hard624	1	106987	3433	1883	61,110,75,55,125,85,105,110,0,25,25,90,110,25,55,35,5,75,35,5,42,1,21,31,51,115,50,70,95,20,65,35,5,100,71,65,35,80,120,116,
Hard625	1	107701	3476	1622	110,120,95,85,55,110,16,40,105,105,120,105,75,95,16,116,30,50,7,50,35,100,120,101,60,115,35,80,35,1,35,110,110,25,50,110,125,11,90,70,125,45,125,11,
Expert001	1	183142	5742	7650	100,120,130,56,115,5,85,75,17,0,76,120,50,40,30,50,50,70,70,135,80,80,91,105,90,135,65,15,86,46,25,70,127,55,37,50,50,5,75,11,10,70,10,100,0,56,31,90,55,5,120,40,15,121,80,40,111,135,20,
Expert002	1	190049	5979	20429	115,0,15,106,20,0,50,70,125,15,115,105,35,35,51,45,5,28,0,40,56,32,50,45,10,45,110,101,110,76,60,45,56,20,5,80,20,120,45,17,80,55,5,25,36,40,60,22,60,42,115,105,10,90,45,60,1,10,125,70,40,51,72,126,55,5,15,105,90,116,
Expert003	1	214598	6743	10358	80,25,25,5,55,15,40,16,100,30,56,20,85,110,55,60,0,87,90,65,25,15,53,30,61,21,72,65,80,80,80,65,45,116,36,107,20,55,97,20,5,10,12,50,0,70,26,80,45,26,55,5,91,15,15,102,90,115,31,
Expert004	1	142279	4471	4023	25,5,17,0,100,80,80,20,31,41,60,52,45,35,86,45,95,35,85,105,95,115,106,21,5,10,11,0,26,80,50,100,25,5,16,101,81,31,40,71,115,6,95,
Expert005	1	147336	4675	4472	25,5,70,25,45,15,100,81,15,91,31,47,20,75,50,75,76,55,25,16,43,0,51,21,62,56,35,35,95,106,95,95,20,87,20,45,5,11,60,11,0,40,26,26,80,90,80,5,45,16,91,30,50,70,80,30,5,105,
Expert006	1	155793	5063	11193	55,40,55,5,95,17,0,15,120,61,101,110,90,51,85,111,35,106,76,65,65,45,25,127,25,45,51,5,85,95,13,90,0,56,120,40,110,55,30,5,15,121,40,20,70,20,61,
Expert007	1	120320	3870	7515	55,5,15,55,85,20,16,120,15,61,90,0,110,80,51,111,90,102,95,76,95,66,46,125,35,25,35,25,126,50,50,85,45,5,11,100,11,0,110,55,80,57,5,45,21,85,16,120,121,60,31,60,
Expert008	1	139374	4455	5068	81,80,101,100,45,55,10,71,67,75,35,75,35,52,50,71,31,25,62,105,76,105,15,86,15,95,95,95,30,55,85,105,30,5,43,0,60,50,36,36,5,55,90,90,46,90,81,80,11,25,
Expert009	1	147414	4895	14631	61,5,50,85,106,115,41,50,70,97,75,55,45,110,46,100,50,15,0,71,80,90,81,65,36,26,105,117,90,16,105,70,70,55,5,43,80,65,0,75,50,10,75,111,75,5,10,21,
Expert010	1	137536	4429	4273	40,40,75,5,81,81,0,110,55,121,15,55,15,70,46,30,30,30,10,20,100,61,21,10,51,126,90,116,90,125,115,46,75,5,88,70,30,0,40,20,41,111,95,40,75,121,5,81,110,106,55,
Expert011	1	140653	4431	4439	100,85,100,75,115,46,50,0,16,25,91,100,65,35,85,26,10,55,40,110,36,60,95,105,95,10,6,5,41,50,70,17,90,0,20,20,100,90,0,65,31,80,30,60,90,105,30,105,105,
Expert012	1	132894	4422	5109	55,25,110,127,55,85,5,17,100,110,15,90,80,0,75,51,91,121,75,115,105,66,36,46,25,106,50,85,10,50,120,115,5,12,0,80,90,56,101,41,20,30,30,55,
Expert013	1	243551	7642	9846	90,45,110,30,5,15,110,51,16,0,71,40,82,65,76,56,115,25,125,115,115,36,40,40,5,12,80,0,47,5,15,112,31,20,51,70,101,65,125,
Expert014	1	263032	8230	25533	20,45,50,70,96,95,45,65,5,18,100,60,50,70,0,41,82,20,91,75,75,56,117,27,105,36,106,40,35,65,40,5,13,80,90,0,60,110,47,20,5,20,30,100,15,101,50,115,32,50,
Expert015	1	185218	5811	19880	5,15,20,30,91,60,50,85,30,87,55,60,45,17,70,0,40,50,50,71,66,35,95,35,115,106,95,25,25,50,91,97,50,45,5,25,11,11,0,40,30,70,57,90,60,5,15,91,81,115,105,30,
Expert016	1	178389	5954	4399	40,60,75,30,91,86,116,56,26,41,90,70,100,40,20,115,70,60,100,85,70,97,76,25,45,46,20,71,91,20,110,80,106,66,35,45,91,5,6,76,121,51,82,56,71,1,95,95,30,40,61,95,
Expert017	1	130198	4101	3983	40,70,35,100,70,65,35,5,25,95,100,110,35,46,26,50,0,85,125,0,51,40,115,105,105,50,6,21,120,80,40,30,20,90,0,90,30,60,61,75,35,116,
Expert018	1	152878	4813	6077	110,70,25,5,25,45,16,81,90,100,31,47,50,20,78,15,25,55,42,51,115,105,0,15,60,40,20,20,70,61,70,55,106,70,55,35,85,85,35,96,115,95,20,85,20,45,5,11,10,70,40,60,10,0,26,26,45,5,16,82,90,115,91,31,
Expert019	1	126939	4041	15588	10,31,70,101,70,81,45,60,45,50,91,90,100,55,41,86,76,35,85,15,45,90,45,51,25,115,96,17,30,20,5,61,51,70,41,60,0,70,83,95,116,75,46,
Expert020	1	173787	5439	13045	15,41,25,105,0,75,106,51,90,91,85,16,50,35,65,5,15,80,95,100,48,65,90,85,10,0,55,12,50,5,80,20,95,40,40,25,101,40,61,20,90,85,30,86,
Expert021	1	120821	3949	4287	70,100,115,115,7,111,15,20,110,105,60,60,75,80,60,105,105,117,1,81,90,55,45,35,80,6,55,112,66,65,91,115,25,70,65,10,70,90,116,1,86,30,40,85,
Expert022	1	141567	4668	1951	80,10,30,50,71,65,91,65,116,45,50,100,26,115,5,25,55,42,50,20,110,105,35,110,15,85,40,0,20,62,25,5,45,75,95,95,80,10,30,
Expert023	1	110850	3698	11166	30,50,105,80,20,30,5,40,80,75,105,115,40,50,60,96,95,65,55,45,46,110,0,50,10,100,60,70,85,90,60,90,70,85,70,105,36,126,117,61,105,6,5,66,111,31,
Expert024	1	132758	4238	9326	50,115,60,81,105,61,80,55,75,45,35,45,60,0,16,27,11,5,65,43,0,115,60,15,91,110,70,16,20,5,20,45,50,110,80,30,90,30,50,
Expert025	1	134683	4287	24993	45,15,45,65,126,26,115,25,31,0,116,52,5,35,35,75,35,0,56,110,111,21,120,20,50,120,62,126,80,80,105,117,80,50,95,35,85,85,40,60,105,125,7,55,110,65,30,10,
Expert026	1	123152	3904	5754	36,55,25,101,125,46,26,55,61,85,5,15,115,75,16,0,65,95,15,70,65,50,50,50,60,40,20,20,75,21,60,31,5,11,90,40,120,6,110,80,106,
Expert027	1	125348	3958	6509	50,101,95,35,115,100,61,72,95,115,65,95,82,115,46,5,15,20,65,45,55,16,0,15,50,43,5,91,111,61,77,65,55,65,11,110,106,105,5,30,80,
Expert028	1	136062	4482	8952	95,15,45,51,25,111,120,120,71,66,95,25,105,95,5,25,55,40,40,41,50,20,90,0,20,62,125,30,25,5,45,100,75,10,30,5,125,
Expert029	1	126566	4112	3464	36,5,65,16,15,120,40,15,70,90,0,100,60,31,90,40,70,115,81,80,56,90,25,25,76,45,115,45,106,125,126,30,105,30,5,65,11,11,0,80,90,35,60,101,37,120,115,65,5,120,16,120,40,100,20,20,40,
Expert030	1	154536	4850	13695	5,50,15,50,50,0,60,60,70,70,110,95,40,110,35,90,105,25,85,16,71,65,5,55,95,56,0,75,12,40,85,70,80,5,51,100,110,107,20,
Expert031	1	138221	4546	8073	111,65,40,96,105,5,31,40,50,76,75,55,45,36,0,35,40,50,85,50,100,90,62,70,115,26,16,95,70,107,86,51,45,5,32,60,115,30,0,40,57,101,80,5,80,95,11,
Expert032	1	130240	4165	9662	20,76,30,100,65,95,100,15,86,85,30,70,45,5,100,16,15,106,6,35,80,90,105,35,40,25,41,50,35,70,35,1,101,100,95,80,80,13,6,60,96,
Expert033	1	117307	3739	6436	30,110,51,70,100,126,40,5,80,72,55,0,120,106,66,95,55,115,95,115,36,115,1,15,75,23,70,10,6,31,110,40,91,101,125,
Expert034	1	123699	4176	3637	100,91,35,115,25,101,60,80,55,116,75,75,46,60,61,41,70,111,85,105,20,35,10,70,105,97,41,5,65,50,110,105,50,5,50,60,5,46,90,30,30,
Expert035	1	127642	4023	9456	20,15,20,40,1,91,107,35,65,70,86,55,16,0,45,27,40,5,10,25,11,0,50,35,20,61,100,72,65,85,101,96,25,35,
Expert036	1	134968	4244	11846	15,5,60,61,0,71,81,121,80,75,45,105,115,25,16,80,5,66,65,100,0,85,105,10,55,11,80,5,60,100,120,105,116,20,
Expert037	1	119158	3745	1387	75,91,81,100,25,40,0,60,25,40,40,106,105,85,30,55,15,86,0,31,100,100,95,76,30,5,80,80,50,80,100,60,46,96,6,35,71,10,
Expert038	1	122774	3950	6829	65,110,100,110,40,71,90,80,55,25,15,80,80,75,45,107,30,5,90,55,90,75,115,63,80,0,116,36,100,35,100,5,65,100,40,20,10,
Expert039	1	108908	3420	16633	91,101,125,125,5,115,60,86,115,55,30,60,60,1,120,105,120,95,115,15,75,0,65,20,22,60,5,125,110,40,120,10,90,100,5,126,
Expert040	1	128574	4536	1906	105,115,21,40,70,96,95,75,55,60,61,35,45,27,15,105,41,6,66,52,50,61,0,70,0,70,82,75,35,7,45,100,10,
Expert041	1	111057	3576	5148	80,40,40,50,50,16,75,65,35,20,90,106,40,85,90,85,22,10,81,46,10,30,50,60,45,50,85,86,7,80,80,95,100,96,
Expert042	1	125120	4034	5809	10,46,50,1,115,100,65,0,75,25,35,55,80,17,125,15,50,20,5,5,42,82,0,71,110,90,35,0,125,61,91,35,75,125,90,65,
Expert043	1	134615	4358	8590	75,95,85,65,46,0,75,15,101,100,110,52,50,115,35,115,15,105,25,26,106,11,55,5,43,50,0,95,15,115,15,21,30,60,15,101,30,
Expert044	1	123995	3908	2166	111,95,85,85,0,95,15,101,40,110,65,17,55,70,25,5,71,70,50,0,11,90,80,81,91,16,5,75,100,30,5,60,115,116,
Expert045	1	123836	3995	9019	90,85,90,50,36,0,0,100,15,100,60,35,55,45,95,45,25,80,100,56,30,75,96,0,31,61,51,106,85,86,105,16,30,7,35,80,40,91,20,
Expert046	1	108123	3423	1799	5,15,110,120,90,65,45,55,100,45,65,55,15,15,0,15,30,0,51,82,60,90,100,60,126,115,25,115,125,80,6,5,85,110,20,
Expert047	1	115413	3746	2855	36,5,15,65,16,0,15,60,110,40,31,90,40,70,70,82,75,106,55,25,75,45,55,45,97,25,115,116,105,30,30,65,10,5,10,11,0,60,80,35,35,90,110,35,20,5,15,35,20,91,110,65,15,110,41,
Expert048	1	112979	3865	9586	125,0,65,0,25,30,110,85,25,55,75,26,80,115,45,5,36,15,55,61,15,5,115,122,80,90,80,20,100,55,102,25,95,75,86,115,125,65,10,30,40,
Expert049	1	107546	3467	4391	100,125,110,41,60,90,125,30,5,62,0,55,120,45,105,45,70,105,95,85,105,95,115,85,55,116,0,15,0,20,30,70,65,21,75,10,20,60,6,100,110,80,90,80,90,125,
Expert050	1	131776	4198	5193	100,60,35,35,0,80,116,115,55,61,95,25,15,105,16,40,20,5,31,60,30,0,51,72,105,55,112,5,105,96,
Expert051	1	114090	3637	24198	35,90,40,91,100,110,75,36,35,56,60,73,81,31,107,116,115,67,5,15,20,75,50,40,15,16,95,0,70,60,45,51,110,110,60,100,100,61,75,5,45,70,85,96,30,30,
Expert052	1	108658	3872	3814	66,100,100,95,111,95,55,55,25,75,36,5,45,125,15,83,0,70,51,92,55,55,115,105,6,75,86,120,40,30,30,
Expert053	1	117475	3957	3240	46,35,5,15,75,15,16,70,0,110,100,51,80,80,90,41,91,85,85,55,35,55,66,26,107,115,116,41,5,75,13,70,0,90,45,46,101,5,110,35,110,15,45,20,75,15,20,100,110,50,50,
Expert054	1	110094	3563	2213	45,100,62,35,105,70,80,35,90,40,105,105,50,70,71,15,55,100,100,97,86,20,5,41,100,66,6,25,80,10,
Expert055	1	132067	4172	2494	85,111,75,45,0,15,100,95,110,65,85,37,60,115,105,10,5,6,15,100,110,65,30,125,45,50,15,26,25,10,55,42,70,50,16,1,30,120,21,30,100,90,60,115,100,80,30,116,
Expert056	1	128515	4212	10951	85,76,46,5,17,0,25,41,71,80,25,100,50,80,92,85,55,20,26,66,36,107,40,5,12,70,0,45,45,100,31,25,90,45,5,15,100,100,50,
Expert057	1	115119	3638	6141	41,35,51,70,115,116,25,5,16,100,50,30,60,25,31,55,105,11,0,30,21,110,95,45,85,85,70,111,45,96,106,55,20,20,
Expert058	1	120137	4752	5268	75,35,85,45,26,120,85,50,120,5,60,110,75,5,120,105,97,100,15,125,16,115,0,0,65,20,55,20,40,20,20,50,60,6,30,
Expert059	1	118888	3792	988	81,75,90,110,56,75,105,25,25,40,35,5,25,100,70,50,115,95,15,65,16,15,0,60,90,110,55,75,45,105,23,100,70,40,5,80,50,115,95,65,11,10,60,90,110,30,55,75,105,111,106,
Expert060	1	120079	3818	3499	65,100,95,85,45,35,27,80,115,50,105,5,18,100,85,0,20,55,20,40,21,80,50,5,105,12,100,85,70,30,110,86,
Expert061	1	107549	3428	2780	15,21,20,30,86,40,10,40,95,85,65,40,10,5,36,100,6,15,80,110,35,90,47,80,80,15,25,100,50,15,0,0,32,60,40,70,30,95,96,
Expert062	1	112680	3530	30186	120,86,15,56,0,40,0,91,25,66,15,85,115,35,90,81,125,16,20,115,35,110,75,90,6,46,100,126,52,40,70,80,55,100,50,0,28,110,5,30,115,35,75,10,31,
Expert063	1	127358	4043	3177	70,80,95,35,80,10,60,27,40,80,5,30,91,25,90,55,67,5,40,41,1,30,60,60,51,96,51,35,60,20,95,35,22,5,30,91,90,77,66,65,87,
Expert064	1	113812	3615	977	40,70,100,50,36,5,25,100,95,120,35,120,55,25,55,25,60,85,115,1,60,60,50,125,106,60,6,21,50,110,30,80,91,126,5,65,100,40,
Expert065	1	133873	4202	17847	15,25,110,110,40,55,40,61,70,95,85,70,56,40,35,40,116,20,10,70,106,10,95,70,21,110,20,10,10,50,61,110,101,46,30,46,55,117,80,107,
Expert066	1	115569	3659	25142	40,126,85,76,56,100,1,25,55,15,71,80,115,15,82,75,65,5,90,35,15,20,5,75,100,53,115,1,70,26,100,25,120,120,115,10,120,30,
Expert067	1	109559	3632	3036	115,90,10,40,65,55,105,75,55,36,2,45,15,25,16,40,15,20,6,31,30,1,50,71,80,50,115,100,61,80,80,115,75,80,65,
Expert068	1	114992	3729	4560	55,55,95,100,101,90,50,125,126,25,85,90,115,115,35,25,40,5,25,100,5,65,71,70,90,0,105,105,90,80,20,121,30,115,105,
Expert069	1	111901	3801	3135	10,5,50,20,110,35,125,50,35,5,60,95,45,61,122,70,97,75,127,65,56,66,120,1,55,120,120,71,90,80,117,35,70,25,70,
Expert070	1	109623	3459	1788	85,90,65,100,75,35,25,45,15,50,0,25,111,101,120,120,65,97,80,106,5,120,55,75,95,10,116,20,40,20,115,30,
Expert071	1	115322	3617	1040	100,80,66,40,50,127,25,115,70,36,1,41,70,70,120,60,95,105,95,70,35,120,80,56,7,75,110,20,
Expert072	1	113828	3693	3436	30,40,25,15,90,85,77,30,5,41,40,0,51,35,71,80,20,95,36,35,5,90,85,60,85,45,70,85,10,
Expert073	1	108359	3920	2158	85,55,45,95,110,85,95,20,100,110,110,65,36,47,50,31,60,75,95,0,50,61,35,35,40,115,10,115,105,50,50,5,41,30,6,80,115,
Expert074	1	111612	3512	18516	75,110,127,85,91,45,55,61,110,35,105,45,45,30,5,95,16,16,0,35,61,90,20,43,70,5,100,50,96,120,115,76,70,80,10,10,121,50,5,115,
Expert075	1	115371	3818	3661	65,105,70,87,75,55,101,95,25,95,25,30,5,15,15,15,0,35,22,91,105,105,70,80,50,81,30,6,75,50,50,101,96,40,95,
Expert076	1	113745	3575	5090	121,80,75,45,95,65,15,20,20,55,45,106,110,56,60,20,30,85,105,0,20,61,51,40,60,5,100,10,40,70,90,80,90,70,115,115,126,70,115,45,
Expert077	1	114712	3956	7929	17,110,45,90,60,45,50,25,80,25,35,110,76,106,5,60,61,0,10,101,70,70,55,115,10,30,70,21,105,105,40,95,115,
Expert078	1	110574	3586	813	97,0,101,71,100,56,61,60,81,50,50,75,76,56,66,107,7,102,16,60,92,16,61,106,105,1,25,30,25,42,31,80,20,80,20,
Expert079	1	106512	3393	1777	51,75,0,15,35,105,85,21,50,85,91,106,40,65,85,0,41,101,95,25,95,25,10,40,5,55,82,60,5,55,100,30,71,95,
Expert080	1	117887	3736	5871	0,26,42,20,110,125,20,50,75,67,106,70,95,105,0,70,40,70,60,10,60,70,5,80,100,90,55,120,55,115,
Expert081	1	124370	4072	3766	80,90,30,30,5,62,0,100,46,35,35,15,15,21,20,11,51,71,40,90,40,107,35,5,67,0,20,32,101,75,5,96,60,100,45,
Expert082	1	125022	4959	3128	35,75,25,50,5,81,90,100,115,45,122,80,25,70,102,95,75,87,70,105,60,125,5,125,17,0,125,65,20,40,0,55,21,20,60,50,30,
Expert083	1	106252	3832	2860	75,60,100,80,90,45,113,95,125,35,26,50,60,5,5,85,105,15,85,16,1,55,65,23,50,5,40,30,60,
Expert084	1	127612	4169	6991	5,45,15,95,65,55,105,20,55,30,20,15,30,110,55,70,60,45,15,85,106,0,0,61,50,70,115,35,45,115,60,5,100,80,100,90,115,
Expert085	1	116114	3788	1737	45,20,0,15,50,16,90,100,30,90,80,125,15,55,60,5,26,101,90,61,110,110,56,10,120,85,55,115,70,120,115,105,20,40,120,115,5,30,
Expert086	1	113004	3750	1711	137,95,85,37,80,0,40,92,120,100,130,65,130,120,75,66,105,25,115,85,75,90,5,31,105,55,120,55,5,5,95,110,20,
Expert087	1	119611	4107	1663	105,71,0,26,65,90,41,80,25,80,65,5,35,5,53,1,30,20,62,86,46,35,75,95,21,7,26,90,41,
Expert088	1	121462	4002	2741	110,50,10,125,100,96,30,70,81,125,95,45,45,70,65,70,70,55,115,25,41,115,120,86,36,115,40,105,90,40,120,75,5,62,120,55,70,26,6,45,45,110,100,30,30,
Expert089	1	107634	3531	17218	65,100,15,55,82,76,50,115,115,60,35,80,115,5,35,51,86,95,105,17,42,0,10,50,20,31,72,112,35,5,96,85,
Expert090	1	119343	3847	5486	80,91,111,80,26,15,15,0,100,90,40,100,40,36,50,35,60,45,45,95,45,10,5,31,50,106,115,95,10,50,20,30,40,60,71,115,115,105,
Expert091	1	106873	3743	2235	20,90,61,70,30,50,80,50,105,80,70,106,45,5,15,16,0,20,40,101,40,85,55,95,40,5,10,75,100,65,6,46,90,50,
Expert092	1	118039	3805	5893	41,50,81,50,72,55,80,55,60,95,35,95,60,117,36,45,5,17,0,95,15,40,31,20,110,30,45,30,5,12,111,40,66,51,86,76,
Expert093	1	116172	3671	1961	30,0,25,73,115,5,40,80,100,116,65,55,55,36,35,97,0,0,75,35,15,23,40,70,10,7,91,15,25,50,90,50,60,110,105,
Expert094	1	122920	3876	11559	126,85,77,55,15,40,80,120,55,1,80,80,110,65,35,65,25,70,105,35,17,80,20,6,51,70,50,0,110,25,10,91,25,110,25,120,106,5,31,
Expert095	1	117952	3750	8072	90,125,81,55,125,20,60,30,71,101,125,45,45,61,135,45,5,50,15,86,90,85,15,60,15,20,0,42,80,80,40,5,95,10,122,55,55,5,95,105,
Expert096	1	119805	4350	2159	105,135,45,115,35,0,82,120,75,55,35,60,6,25,26,0,65,0,30,50,86,70,125,85,30,30,60,5,40,6,80,120,75,
Expert097	1	112360	3900	5537	35,110,65,50,40,71,80,80,80,91,90,76,60,55,60,107,55,5,115,15,20,16,0,52,5,10,102,110,66,10,70,96,70,86,
Expert098	1	142482	4603	4200	120,55,100,25,55,25,45,15,121,75,75,35,86,35,5,90,60,35,71,125,115,61,0,70,30,30,82,125,35,5,65,40,110,20,10,50,105,125,6,95,20,
Expert099	1	118645	3946	2057	40,30,2,45,15,21,50,90,102,75,116,46,45,5,65,82,60,40,80,110,0,40,95,75,15,15,111,15,40,71,106,25,40,50,105,
Expert100	1	111694	3609	3964	105,15,20,75,1,60,91,87,116,115,65,5,65,55,26,30,26,0,50,60,90,30,70,10,61,70,110,60,81,110,47,75,75,96,
Expert101	1	130958	4321	5176	121,95,85,100,46,15,25,30,56,0,70,15,71,50,105,16,20,70,5,5,63,50,40,0,91,40,81,105,105,80,45,126,
Expert102	1	110439	3608	6522	50,60,81,125,95,115,61,75,55,46,60,0,15,15,25,35,25,80,25,10,65,40,10,5,42,60,0,16,20,70,15,20,5,45,102,80,30,51,5,30,
Expert103	1	106941	3426	8886	115,105,85,105,55,61,25,31,30,40,20,65,65,50,76,80,65,26,5,25,36,51,62,15,95,50,0,45,35,22,72,26,6,110,45,105,
Expert104	1	134706	4252	6919	30,91,65,71,70,60,105,95,35,106,70,55,5,80,5,16,15,1,75,30,25,32,20,80,40,70,7,50,85,100,96,
Expert105	1	131463	4163	3136	30,5,92,100,26,50,5,15,71,30,65,25,80,105,105,17,101,20,0,21,105,95,70,60,20,55,5,105,105,11,40,60,61,45,100,10,100,87,
Expert106	1	123111	3891	2146	55,45,30,90,86,90,100,46,50,75,85,0,50,60,20,115,50,41,105,60,106,96,15,95,36,50,7,55,90,10,
Expert107	1	108059	3440	5444	101,66,70,82,75,61,107,55,55,5,16,90,16,60,70,72,0,50,45,85,50,21,65,97,50,101,45,75,10,50,5,10,100,10,65,85,
Expert108	1	118464	4020	5131	20,55,55,5,85,16,110,15,45,61,15,80,90,50,0,50,90,101,75,35,75,35,47,100,96,65,26,65,116,115,50,50,85,5,12,100,10,0,80,56,55,5,20,55,111,85,16,20,30,110,61,5,30,
Expert109	1	111855	3541	10541	121,85,56,66,5,106,17,40,21,31,110,0,65,70,95,105,120,40,0,70,65,50,51,70,61,125,115,80,36,50,95,70,126,5,80,116,
Expert110	1	120295	3791	1841	35,25,15,51,0,91,67,96,65,5,56,55,0,90,75,85,10,55,90,90,100,100,100,47,106,50,70,105,97,5,20,30,
Expert111	1	110810	3644	2382	65,40,35,0,26,80,50,110,105,81,75,6,15,95,46,75,16,0,55,20,45,0,85,22,50,80,6,11,70,90,100,115,30,
Expert112	1	128822	4073	9013	40,111,75,80,81,101,127,70,65,115,45,80,6,17,27,1,85,35,40,40,41,30,50,80,6,5,21,105,60,10,120,116,
Expert113	1	109036	3419	6862	20,70,45,120,115,30,52,60,110,60,81,105,95,70,127,45,5,16,20,50,15,0,105,40,40,120,40,5,120,85,75,10,90,120,116,
Expert114	1	114567	3750	4572	0,66,95,25,125,40,112,136,90,15,60,30,0,80,107,85,135,85,5,35,75,37,70,80,131,0,40,81,100,90,10,57,65,80,96,100,116,7,85,120,20,
Expert115	1	131479	4424	2145	65,105,0,26,25,80,90,40,70,40,70,65,35,5,5,50,51,1,30,60,20,61,75,35,75,45,45,85,95,21,7,26,90,80,40,40,
Expert116	1	109242	3575	8088	30,40,15,0,20,110,120,66,80,70,105,80,106,75,55,17,90,50,0,70,100,30,70,90,90,100,30,70,85,85,61,127,115,70,45,45,
Expert117	1	121529	3892	2694	25,5,17,80,70,31,0,40,60,40,50,20,61,51,95,46,36,77,85,95,86,20,20,5,12,0,26,81,70,50,25,5,15,70,15,80,70,31,
Expert118	1	118526	3740	9943	90,40,1,15,100,25,85,30,30,30,115,100,65,16,15,55,5,48,91,30,50,20,0,13,80,5,55,5,65,55,110,70,71,42,51,61,95,106,110,95,105,
Expert119	1	114723	3944	2882	20,40,61,75,125,105,80,55,80,110,126,60,45,75,25,46,5,65,95,53,60,40,121,0,115,40,120,72,85,45,106,
Expert120	1	128466	4072	4137	50,35,40,5,120,105,95,115,80,15,105,75,65,16,0,45,30,0,25,30,30,40,30,20,6,110,90,11,60,70,100,50,100,125,
Expert121	1	136557	4352	2858	60,70,60,96,85,125,55,0,25,26,100,5,30,70,55,115,115,5,42,0,110,0,110,50,75,21,50,35,105,20,50,115,5,115,65,6,15,25,100,30,
Expert122	1	125385	4130	2018	90,116,65,115,75,82,45,55,36,25,105,15,106,15,35,41,85,85,60,6,62,0,0,80,80,71,92,76,15,7,45,100,20,
Expert123	1	134700	4258	5107	120,80,45,0,25,30,15,60,60,120,57,105,66,70,5,90,71,65,51,50,125,115,70,60,0,60,81,36,80,65,5,75,110,10,20,126,
Expert124	1	135957	4287	1854	36,15,65,85,70,105,70,45,70,50,60,30,106,27,55,5,42,50,40,0,22,101,35,65,100,75,75,75,61,95,86,95,20,95,6,5,25,45,80,10,
Expert125	1	113665	4092	2104	45,5,16,15,90,35,0,40,51,71,81,80,35,66,76,56,25,95,25,95,95,41,35,5,10,80,11,0,47,90,5,15,90,21,15,90,51,
Expert126	1	113603	3574	1901	80,40,110,50,36,75,5,35,25,80,100,100,56,27,60,95,1,60,60,51,30,105,85,70,115,45,85,60,70,106,7,65,80,40,
Expert127	1	106302	3734	3352	80,56,25,70,26,115,40,65,70,15,105,71,45,50,90,90,50,86,46,75,5,35,60,62,0,70,41,82,55,95,45,
Expert128	1	109888	3485	4928	81,70,95,10,20,65,45,37,80,40,5,50,92,35,77,5,52,0,0,71,70,40,63,20,45,97,5,45,30,32,40,90,87,91,77,
Expert129	1	109453	3510	9894	121,40,65,91,86,55,85,96,70,45,100,55,35,61,25,15,35,125,17,20,40,5,60,71,60,91,110,70,0,51,80,81,95,126,35,80,55,
Expert130	1	137047	4317	16836	40,100,100,75,82,90,117,65,70,105,5,45,16,80,5,28,15,65,1,35,20,95,85,43,50,30,60,93,80,7,21,60,110,106,
Expert131	1	118309	3725	1672	60,25,5,16,80,100,31,15,0,40,20,40,50,51,46,36,96,87,107,21,5,12,0,50,27,101,5,16,100,80,80,30,40,80,70,30,5,70,95,
Expert132	1	104725	3312	3129	70,90,30,50,65,25,25,25,95,5,5,15,71,80,95,15,16,90,0,90,23,60,5,96,55,10,95,40,60,61,45,11,30,91,85,85,85,
Expert133	1	110767	3897	3694	70,120,80,56,60,26,115,40,61,15,51,125,75,60,91,125,86,46,125,5,105,45,35,65,72,70,0,60,40,40,80,81,55,45,6,95,5,25,
Expert134	1	111051	3560	7162	110,110,55,80,55,60,71,70,65,51,116,115,45,5,15,86,17,45,20,100,50,63,55,75,35,107,40,0,42,65,5,110,110,10,35,10,75,80,110,75,55,
Expert135	1	125681	3974	7923	60,20,40,120,50,50,15,15,117,40,30,120,105,5,60,70,90,85,16,56,6,47,45,1,50,50,10,111,100,10,80,110,125,35,10,125,10,
Expert136	1	132158	4245	5983	40,65,36,6,15,20,100,110,65,70,96,35,55,16,1,15,50,70,80,31,80,80,90,90,76,60,116,30,115,105,60,30,5,46,
Expert137	1	126217	4004	9788	60,110,20,40,51,16,105,30,110,105,85,105,95,16,40,56,7,60,70,47,45,1,51,25,11,60,80,90,102,115,35,115,10,10,
Expert138	1	124687	4052	4550	85,0,100,116,15,115,65,55,35,90,35,35,100,70,85,0,50,61,15,70,70,105,111,46,26,97,15,60,55,30,60,5,30,110,30,30,105,70,0,65,50,10,66,91,6,85,21,
Expert139	1	106066	3904	3615	65,0,70,102,45,121,75,115,35,90,120,26,100,85,5,50,5,75,17,1,105,55,21,21,50,30,100,40,
Expert140	1	111404	3883	2682	45,35,45,75,5,35,18,0,70,110,51,80,100,40,80,90,40,91,65,100,85,65,100,85,56,115,26,116,35,41,5,75,10,10,90,11,100,0,70,48,75,5,16,112,50,21,50,
Expert141	1	108396	3555	4225	115,100,115,15,125,25,55,35,126,40,75,65,5,93,60,70,0,55,112,85,70,102,17,76,81,26,7,45,120,30,
Expert142	1	113888	3623	5908	55,35,26,40,100,60,82,65,75,115,96,105,5,15,15,15,20,0,45,22,40,5,10,10,80,110,106,30,
Expert143	1	112790	3695	3472	11,90,75,65,80,20,80,80,60,106,40,70,70,105,56,61,85,60,51,100,76,100,35,46,97,51,35,100,85,7,56,90,41,
Expert144	1	117733	3984	2978	46,70,36,56,25,25,61,70,85,101,95,125,135,5,17,0,115,65,15,80,65,50,51,30,22,60,60,5,85,30,10,10,40,120,40,90,105,
Expert145	1	112533	3576	7788	50,40,70,36,115,5,85,35,55,26,26,91,100,1,55,62,51,105,96,60,30,81,105,105,5,6,65,110,90,40,
Expert146	1	128910	4205	3098	65,75,35,25,50,45,25,5,111,120,110,80,90,102,100,65,95,120,120,75,87,90,115,85,126,105,116,125,5,17,1,20,40,55,20,21,50,30,
Expert147	1	125822	4003	21666	35,15,40,15,40,80,110,65,71,1,92,76,60,116,115,115,85,110,65,72,100,10,125,61,111,100,126,95,115,100,36,16,56,61,50,95,
Expert148	1	125050	4395	1280	50,107,95,0,0,40,50,60,35,25,75,85,15,41,0,90,100,85,35,25,85,90,60,61,95,80,20,30,105,95,5,55,45,10,70,20,
Expert149	1	105240	3339	11822	15,105,15,45,5,25,35,61,70,106,25,60,80,97,85,75,66,66,30,0,70,80,80,20,81,75,25,90,110,5,61,25,110,25,110,15,55,
Expert150	1	107297	3418	3484	80,45,105,20,50,70,71,65,55,25,25,95,25,51,115,106,10,5,5,30,30,50,20,75,30,0,0,50,41,91,20,60,75,60,116,60,60,45,25,
Expert151	1	128756	4159	3473	35,40,25,40,110,15,80,60,95,76,35,5,105,52,0,30,70,70,70,116,35,5,55,100,10,20,65,
Expert152	1	104630	3756	2097	60,86,90,105,45,115,0,90,120,75,55,36,60,90,90,6,27,1,95,65,32,60,50,70,95,125,95,40,5,6,90,120,75,
Expert153	1	117347	3762	5594	45,30,15,55,80,1,25,100,117,101,60,55,45,61,70,60,50,105,110,85,25,10,0,97,50,71,25,105,36,50,86,50,65,40,111,105,
Expert154	1	127102	4021	910	30,0,65,15,96,20,95,50,0,110,102,71,85,15,16,76,106,105,20,5,5,40,35,20,5,100,20,101,71,10,80,115,
Expert155	1	135590	4258	765	40,105,0,25,30,0,75,60,111,110,81,120,95,27,86,116,115,30,50,5,6,45,15,31,112,81,20,90,125,
Expert156	1	125127	3955	10006	15,40,30,1,51,110,25,100,100,65,95,15,15,80,50,5,37,35,0,55,115,12,110,50,45,85,5,31,20,40,60,70,5,95,95,
Expert157	1	110123	3588	3932	0,65,15,110,65,105,125,70,30,97,0,55,75,62,15,71,25,80,90,115,45,80,15,115,45,106,71,115,65,5,6,75,100,20,
Expert158	1	107049	3429	6349	40,40,100,50,100,95,85,85,60,85,36,0,91,130,75,25,40,90,125,90,81,5,30,55,130,130,65,65,55,6,95,120,55,20,
Expert159	1	116203	3659	8585	20,75,40,105,1,15,20,90,116,16,35,5,20,100,101,70,15,111,110,53,5,116,40,115,10,105,105,30,75,105,0,0,20,12,111,61,96,5,100,70,60,5,81,95,
Expert160	1	111399	3520	23027	105,125,55,1,15,20,110,75,16,6,120,100,15,50,70,45,45,115,121,50,71,10,105,80,106,15,20,75,105,126,85,125,20,110,76,57,40,1,10,40,11,70,10,70,80,80,101,91,116,115,66,81,
Expert161	1	121429	3845	1290	50,25,30,95,110,60,125,95,31,71,80,95,5,101,15,100,20,41,20,5,5,90,75,55,15,30,90,120,116,
Expert162	1	111258	3651	4430	30,0,40,125,71,115,25,70,65,57,5,35,36,0,60,106,75,95,20,105,80,0,15,22,40,70,10,6,5,100,90,120,116,
Expert163	1	122534	4046	20429	75,85,40,85,90,106,36,1,25,15,15,26,6,32,1,21,101,95,15,20,5,82,45,100,70,50,50,60,61,46,96,56,
Expert164	1	117275	3701	9453	30,0,15,85,20,0,60,15,75,95,102,95,125,70,40,80,95,125,125,66,55,5,25,26,11,0,100,30,25,50,63,121,90,6,70,116,115,
Expert165	1	105500	3460	6194	80,105,90,41,70,111,105,5,71,55,65,46,95,87,70,65,0,95,100,115,95,0,15,20,0,75,22,100,10,30,70,6,90,110,106,
Expert166	1	120349	3792	1530	90,85,25,35,25,25,80,40,50,5,70,70,65,105,115,70,15,55,95,17,0,90,85,45,23,30,80,95,10,40,5,10,10,100,90,110,85,86,6,70,
Expert167	1	114714	3828	2359	35,35,5,15,90,65,17,110,41,0,105,71,60,31,81,105,80,56,75,75,46,95,26,96,117,31,5,65,13,0,60,36,80,35,110,5,15,35,65,105,110,15,92,110,21,41,
Expert168	1	107685	3471	2353	5,25,100,110,70,56,26,60,45,85,125,35,1,61,50,115,106,60,6,120,70,80,90,90,116,5,65,101,30,
Expert169	1	109303	3949	1835	45,36,5,17,0,40,90,51,71,82,76,56,95,66,26,96,41,5,12,80,0,35,47,5,16,92,51,21,
Expert170	1	107706	3513	9546	90,50,40,50,80,111,105,105,5,80,75,81,55,75,55,0,47,101,115,97,0,0,85,15,20,22,105,10,80,30,60,6,65,90,110,105,
Expert171	1	120479	4103	2137	85,45,100,116,115,50,96,11,75,30,95,1,0,25,35,17,30,5,90,90,70,55,90,112,41,80,60,40,115,115,95,115,50,75,96,0,35,10,11,30,40,6,90,20,70,55,110,106,5,105,
Expert172	1	113367	4144	7608	52,71,115,85,105,65,46,50,0,16,25,35,26,11,5,55,40,41,60,40,0,70,15,50,15,20,30,15,90,6,90,30,70,
Expert173	1	112360	4003	4183	95,26,45,50,105,95,30,5,17,0,35,15,92,50,100,71,82,76,105,55,97,30,26,66,5,12,10,0,105,105,80,35,36,5,90,15,91,50,
Expert174	1	106501	4060	10037	0,40,115,80,55,40,95,116,70,80,81,75,110,110,46,5,45,115,105,115,71,85,66,70,70,110,0,95,85,95,106,1,15,75,50,21,21,10,70,30,
Expert175	1	115743	4030	7419	105,90,75,65,40,30,120,57,60,95,17,55,70,95,117,1,70,25,30,31,20,71,80,6,110,40,91,50,100,126,125,
Expert176	1	103689	3292	5727	40,92,75,82,70,95,45,105,80,106,65,6,17,25,26,1,85,35,25,43,80,30,5,50,5,5,60,100,96,
Expert177	1	123435	4066	7206	110,85,0,60,45,0,15,60,20,55,110,55,15,105,30,70,120,86,16,51,115,65,105,5,25,40,40,40,0,50,11,80,90,81,15,116,5,65,
Expert178	1	111414	3620	3450	30,100,100,95,115,60,86,85,45,25,65,115,45,55,35,16,70,16,20,30,60,5,72,50,40,110,0,40,80,82,45,110,95,95,106,65,
Expert179	1	118294	3871	1943	105,60,80,40,90,26,15,106,0,75,30,55,76,0,31,101,95,85,85,30,5,71,5,40,50,60,96,5,35,80,10,
Expert180	1	116470	3854	8567	56,110,75,92,125,70,50,126,86,46,70,70,25,105,95,115,15,5,62,70,0,40,35,40,82,45,95,5,120,65,10,115,35,100,20,
Expert181	1	113686	3738	2715	105,50,75,0,35,120,25,93,125,110,70,5,40,100,110,85,126,55,56,0,0,16,95,22,90,30,15,60,
Expert182	1	116360	3671	2446	81,66,75,95,45,35,26,50,25,90,5,115,105,18,100,95,20,0,55,21,40,30,90,105,10,20,50,5,110,10,10,80,100,97,
Expert183	1	109726	3719	8403	0,61,100,125,75,125,90,101,100,95,120,120,67,126,90,106,5,90,85,90,121,85,90,0,55,62,125,117,1,95,85,25,125,32,20,40,96,60,
Expert184	1	129273	4173	893	100,100,30,40,100,75,91,86,55,5,15,85,115,95,65,6,15,20,52,0,0,90,82,95,6,55,55,25,10,60,110,95,70,105,105,105,
Expert185	1	134377	4266	9303	76,0,90,40,16,50,40,35,100,26,25,30,86,65,85,0,30,30,20,15,51,106,96,30,20,46,6,80,70,15,60,10,70,105,
Expert186	1	122220	3882	3219	55,95,60,75,76,65,90,45,90,85,25,30,5,16,15,0,35,20,80,95,20,40,95,60,72,65,20,30,6,40,40,91,85,86,
Expert187	1	123827	3953	3087	35,45,70,25,25,50,60,90,90,86,85,96,65,5,17,0,55,20,21,50,5,11,60,30,90,120,40,117,
Expert188	1	109055	3758	4379	45,55,45,100,60,25,60,81,15,35,95,75,75,36,5,65,53,60,30,0,30,71,70,35,5,105,55,90,10,20,105,85,
Expert189	1	115854	3831	1847	41,5,72,100,55,15,20,55,70,15,0,30,46,30,90,30,21,61,80,11,90,50,80,50,107,45,5,75,20,76,0,30,40,41,100,5,100,96,70,100,55,6,85,
Expert190	1	112119	3741	3081	110,80,60,45,50,105,25,15,110,76,95,36,5,35,55,42,40,0,50,31,70,65,70,80,80,70,35,5,45,115,90,10,20,115,
Expert191	1	111577	4107	3797	100,100,65,90,90,86,25,46,55,5,15,70,70,25,35,115,70,50,70,0,41,82,46,55,5,76,110,105,30,95,20,20,
Expert192	1	109670	3467	4192	40,60,5,82,90,25,55,25,5,15,60,71,25,96,17,0,91,20,50,45,21,97,10,30,52,85,60,35,20,5,90,11,90,75,76,
Expert193	1	112059	3665	2012	30,60,51,25,45,105,96,50,5,17,0,55,92,100,65,30,71,80,81,76,60,35,95,106,96,50,5,11,40,10,0,55,80,56,5,15,92,20,105,30,
Expert194	1	125836	3979	9423	15,20,60,21,30,115,10,95,52,95,85,70,106,35,45,50,15,95,27,11,5,55,43,50,0,16,60,91,15,5,25,45,90,31,80,110,105,
Expert195	1	127621	4096	2838	40,50,1,90,25,115,30,15,31,100,75,16,15,5,65,46,46,60,10,0,30,20,110,10,95,75,11,65,65,6,82,61,70,110,70,106,50,105,
Expert196	1	139755	4578	1480	25,45,50,15,102,61,82,65,35,65,105,75,75,36,5,55,95,41,41,50,0,31,71,70,35,35,5,45,90,100,61,85,85,85,66,106,10,20,105,
Expert197	1	121882	4108	1443	110,85,55,110,45,95,10,100,85,110,65,37,5,45,5,70,26,71,40,60,115,105,15,90,40,51,50,45,95,10,100,110,65,30,80,81,35,60,117,
Expert198	1	103399	3381	1660	45,35,50,10,80,50,50,30,41,96,65,95,26,32,55,75,21,90,45,91,85,45,15,15,65,65,76,85,85,21,55,7,25,60,25,80,11,
Expert199	1	107799	3457	5095	40,50,0,0,100,15,110,95,125,25,31,110,75,16,15,5,65,48,60,0,11,31,120,105,10,10,75,65,65,50,80,20,120,5,90,5,81,61,71,117,
Expert200	1	108490	3612	10877	6,45,15,21,45,30,110,5,125,71,70,105,120,55,61,120,120,80,105,106,85,70,126,67,121,1,80,100,115,80,90,115,45,35,115,90,81,
Expert201	1	111398	4046	2014	40,65,65,70,96,55,105,95,75,115,105,60,61,35,45,27,30,15,105,30,65,50,5,51,60,50,0,71,82,90,45,75,7,35,100,10,
Expert202	1	114339	3725	3407	0,36,0,61,71,81,90,55,80,76,25,15,66,5,30,115,30,30,0,61,71,45,92,70,66,85,85,6,35,110,45,10,5,20,
Expert203	1	128395	4100	6328	25,35,106,40,110,50,77,55,5,17,80,0,45,55,102,110,62,95,115,35,107,40,5,25,12,0,60,50,50,70,35,71,116,25,55,
Expert204	1	123154	3918	6649	125,70,100,55,61,15,81,90,45,25,126,15,30,5,110,71,70,60,50,110,0,50,92,55,5,15,85,6,35,121,20,
Expert205	1	113708	3739	6180	15,70,35,40,50,100,80,135,115,95,65,125,70,25,42,80,20,30,76,75,95,26,45,60,5,60,61,0,20,90,91,25,5,65,120,10,110,50,25,71,36,86,
Expert206	1	107644	3411	4507	115,100,85,75,135,66,56,0,46,0,25,35,125,15,17,20,30,5,40,5,52,40,60,60,0,81,90,70,40,110,110,136,0,70,91,90,126,75,85,
Expert207	1	120035	4352	7728	110,55,55,85,5,18,0,100,110,90,76,80,46,50,50,91,115,65,35,65,35,107,26,50,85,10,50,5,12,0,90,115,55,80,55,20,100,100,31,41,55,
Expert208	1	119322	3845	9466	0,30,85,105,90,0,25,50,15,116,25,25,45,5,102,80,25,112,60,60,60,116,105,115,70,20,85,106,10,0,20,70,85,40,20,20,111,95,5,96,35,55,60,55,
Expert209	1	126363	4300	1739	35,100,5,15,15,15,0,70,90,100,60,50,70,30,50,46,25,50,105,25,97,86,30,30,5,12,0,36,91,80,20,40,76,50,105,35,6,80,20,
Expert210	1	135375	4575	3858	46,0,15,100,110,110,95,50,65,37,60,115,105,10,6,5,16,26,100,25,10,55,110,65,55,70,71,50,30,50,80,91,90,35,60,117,
Expert211	1	116092	3687	8729	20,15,20,50,0,0,100,115,115,115,85,75,16,35,0,55,26,25,100,50,90,5,10,35,11,70,80,0,110,80,92,111,85,35,106,65,
Expert212	1	116816	3841	3392	41,5,75,81,80,70,110,80,100,120,56,15,15,0,30,20,46,30,21,61,30,11,90,51,90,125,116,100,115,126,46,75,5,88,0,30,20,70,42,40,75,120,110,110,95,5,81,110,55,106,
Expert213	1	122506	4085	3376	111,50,60,105,35,110,41,90,76,35,25,5,60,15,85,61,0,30,72,96,35,55,7,65,80,10,20,
Expert214	1	120971	3803	10456	35,25,121,50,80,10,80,110,50,70,105,95,70,50,125,45,65,50,65,65,125,116,30,80,31,70,30,111,121,55,57,126,40,116,35,105,90,115,125,21,30,80,70,
Expert215	1	139441	4381	7485	110,120,105,75,67,36,5,17,110,0,31,40,61,70,70,125,82,75,45,55,25,117,90,30,100,5,12,0,80,35,111,60,20,55,36,5,15,110,40,125,5,100,125,
Expert216	1	116353	3690	10155	20,60,107,55,45,16,0,15,80,80,40,20,60,50,100,50,71,70,65,97,90,25,87,51,5,105,45,10,12,100,70,40,0,57,35,80,105,5,15,81,100,95,20,
Expert217	1	123622	4033	5882	40,5,100,90,125,110,65,15,55,17,50,60,101,20,40,0,110,61,56,80,121,75,95,10,56,120,65,117,65,30,
Expert218	1	108521	3527	1988	91,35,71,90,70,45,10,61,57,66,40,95,26,42,21,61,52,95,66,15,15,86,77,85,20,20,5,45,33,50,40,0,28,70,95,5,45,80,36,81,71,10,10,
Expert219	1	132094	4212	1531	107,0,111,71,110,55,91,55,60,61,51,95,76,80,80,96,75,56,66,117,6,18,5,110,100,110,110,101,62,117,0,0,25,30,30,25,42,20,30,20,81,
Expert220	1	123692	3925	2864	85,30,50,115,10,50,115,40,60,26,30,5,40,105,40,30,30,20,40,0,20,112,56,95,95,16,106,86,70,95,20,20,7,25,25,100,80,10,10,
Expert221	1	128795	4054	10472	15,35,41,0,51,25,100,66,101,25,95,17,90,50,5,80,45,105,115,46,0,45,100,95,55,10,11,10,90,30,50,105,5,41,40,110,100,60,95,21,96,
Expert222	1	103370	3402	3208	40,65,36,5,15,20,90,100,65,72,60,105,95,25,10,0,30,30,83,60,115,47,65,35,35,5,15,20,90,100,65,110,77,60,5,105,106,
Expert223	1	129668	4100	15621	36,1,40,105,40,55,61,25,115,125,15,15,40,15,20,6,32,60,72,90,0,51,81,81,75,100,115,55,125,100,125,115,
Expert224	1	141390	4553	10113	90,36,86,25,75,46,25,51,5,65,105,17,0,15,55,21,60,20,55,42,51,5,66,30,10,5,65,10,30,100,70,90,60,97,
Expert225	1	127431	4376	3540	70,31,5,72,90,45,0,15,36,20,21,60,10,40,51,80,80,97,35,5,78,0,20,30,31,5,91,85,71,90,45,5,65,
Expert226	1	117388	3739	7509	85,20,15,30,96,75,85,111,45,110,105,95,65,30,5,17,116,5,5,35,92,100,115,41,35,70,50,25,40,36,1,112,13,60,80,6,107,
Expert227	1	117162	3896	3594	80,55,95,65,5,47,106,16,116,31,30,10,20,50,120,45,85,10,60,85,115,0,0,61,40,70,125,25,60,125,5,110,80,90,125,
Expert228	1	155995	4935	8954	5,100,120,101,110,45,50,120,95,85,46,115,5,15,50,60,115,20,17,111,40,30,0,90,120,50,41,117,107,0,80,70,50,71,111,20,65,127,80,70,35,40,65,
Expert229	1	126262	4466	2217	65,40,115,25,50,70,70,16,70,55,35,45,107,25,46,50,75,50,5,62,60,70,0,81,92,85,5,15,25,6,55,100,30,
Expert230	1	117420	3786	2543	5,16,101,32,0,111,62,115,80,45,115,105,115,50,75,105,105,0,51,110,110,95,15,95,50,5,102,110,20,66,70,5,80,95,
Expert231	1	133050	4253	2963	85,75,25,5,16,15,0,90,20,30,60,40,30,40,50,50,75,50,46,36,66,65,85,95,96,21,5,12,0,25,50,25,90,61,25,5,15,90,15,90,60,75,31,85,
Expert232	1	136640	4373	6229	115,80,55,120,45,95,65,105,46,50,85,106,35,35,1,51,40,25,125,15,16,50,20,5,100,5,30,30,100,80,40,30,0,61,72,91,65,116,126,
Expert233	1	117712	3945	3412	36,45,5,16,90,100,15,50,70,50,70,0,40,82,66,75,75,25,56,96,25,107,95,41,35,5,10,80,11,0,47,101,5,91,16,20,100,90,51,20,
Expert234	1	118213	3780	2299	115,25,15,105,105,70,60,80,55,35,105,120,40,115,90,55,5,62,115,0,46,70,45,100,5,65,100,100,10,5,20,30,
Expert235	1	110109	3503	2820	95,115,55,60,80,45,70,35,105,15,96,20,5,72,40,0,50,50,112,80,80,65,80,65,105,55,5,105,6,25,90,10,
Expert236	1	148844	4726	11694	100,85,75,0,60,85,15,75,45,91,51,25,15,33,20,10,101,55,56,40,61,55,15,15,25,5,36,71,15,26,5,41,53,105,10,20,105,81,105,5,60,
Expert237	1	114763	3615	16261	26,110,30,5,15,110,70,70,81,90,107,95,86,116,10,76,75,80,0,115,36,43,50,0,60,31,86,70,93,120,75,80,6,71,101,120,66,56,
Expert238	1	125506	4115	3475	45,56,75,80,115,45,106,1,81,25,70,50,115,115,35,65,70,95,18,80,20,6,42,101,0,100,71,85,10,60,95,30,110,110,95,86,
Expert239	1	106777	3438	2707	105,85,15,86,90,40,40,70,60,116,35,70,40,95,60,56,81,10,100,80,115,96,20,20,61,6,71,5,90,110,105,
Expert240	1	117980	3840	5187	76,46,115,105,85,95,105,0,55,25,35,18,20,5,100,30,5,62,80,0,50,71,70,110,55,96,45,
Expert241	1	115966	4272	2267	65,110,100,70,56,45,35,85,16,126,35,25,125,35,41,5,75,63,70,90,0,90,101,15,100,95,7,45,120,20,
Expert242	1	117319	3829	8456	86,110,55,65,1,85,27,5,36,50,15,106,15,41,51,1,60,20,81,70,120,90,35,116,80,25,15,105,60,60,
Expert243	1	115681	3908	14208	51,95,0,85,35,71,115,65,46,51,0,70,16,27,11,5,55,43,50,0,16,100,20,70,30,60,100,95,15,30,
Expert244	1	123672	4043	3965	41,91,106,65,36,86,1,27,5,5,15,15,32,1,21,101,95,15,20,5,80,80,80,100,60,50,95,40,5,71,95,
Expert245	1	121630	4595	2200	95,75,66,37,61,70,105,1,70,80,55,55,16,95,45,25,70,66,95,30,70,6,32,0,0,75,80,80,90,61,75,75,5,5,40,10,35,90,20,10,
Expert246	1	128823	4115	2134	100,5,82,90,46,65,45,70,95,85,5,15,100,21,31,100,70,95,15,15,15,90,75,35,25,80,90,0,42,95,85,20,86,60,0,30,70,96,50,51,90,60,90,77,105,36,50,40,106,
Expert247	1	117414	3726	3812	35,25,45,90,35,45,75,55,25,55,105,61,5,110,17,0,66,50,50,50,60,40,22,60,31,40,6,10,100,70,80,95,95,
Expert248	1	113952	3606	2118	95,85,110,50,35,71,65,70,55,105,27,40,125,100,5,115,17,15,0,110,95,45,105,22,20,100,115,40,5,12,110,30,105,120,70,106,
Expert249	1	118005	4388	1930	65,35,25,50,5,71,120,80,100,80,115,80,45,25,100,80,5,65,126,17,0,85,75,20,75,0,55,21,20,40,30,80,50,
Expert250	1	114467	4029	7325	100,75,100,65,40,36,15,95,95,20,100,87,0,95,51,51,91,105,25,5,10,82,90,31,60,61,105,70,35,46,105,
Expert251	1	108629	3479	1193	100,10,90,30,50,50,60,71,125,117,45,45,60,25,61,41,112,120,55,76,55,35,35,106,95,25,105,41,6,5,46,100,90,31,
Expert252	1	123737	3969	4523	65,115,30,70,50,90,20,125,0,17,5,25,100,100,31,40,15,100,111,76,80,75,50,60,10,40,120,95,75,116,121,115,
Expert253	1	114785	3618	2699	86,91,105,37,1,100,25,95,15,16,20,5,81,80,100,60,70,45,61,105,87,0,25,12,90,20,106,30,50,5,80,72,55,60,5,31,100,100,95,96,
Expert254	1	118228	3724	2589	15,25,31,0,41,92,85,16,40,15,75,55,105,5,80,35,95,36,65,0,45,35,90,85,10,12,80,20,40,95,5,32,90,100,87,
Expert255	1	121335	3907	5189	30,100,85,115,1,50,25,126,26,5,110,15,80,45,25,111,120,121,60,61,125,70,115,90,126,20,10,115,40,85,115,0,20,70,21,5,120,105,120,106,35,60,56,
Expert256	1	122715	3867	1691	115,50,30,105,26,41,61,85,125,0,50,72,65,105,65,46,36,51,5,120,115,80,35,41,60,5,90,115,90,105,
Expert257	1	126345	3996	2248	75,65,35,110,50,81,80,55,105,27,40,5,100,115,16,15,95,125,0,75,45,15,110,105,22,100,115,20,30,40,5,12,110,120,107,80,
Expert258	1	115369	3660	2304	35,70,95,70,55,115,40,5,17,20,40,70,0,100,115,115,62,111,105,46,60,5,75,11,110,50,30,75,91,106,
Expert259	1	109616	3949	1602	101,66,70,45,96,50,20,30,72,55,90,60,41,80,60,80,107,56,5,15,75,20,17,70,50,0,50,101,85,85,46,95,51,5,75,12,100,65,70,6,56,90,40,40,
Expert260	1	110879	3523	3103	16,0,25,110,31,0,41,50,75,105,15,15,40,5,60,90,37,0,45,12,40,5,30,20,5,70,120,80,106,
Expert261	1	123526	4209	2561	75,65,87,25,0,33,40,20,66,72,60,45,101,55,46,65,75,35,55,10,65,25,36,71,5,81,100,25,
Expert262	1	102432	3574	1881	95,5,20,65,15,80,55,47,15,106,32,110,10,45,10,50,85,60,85,105,1,60,60,40,115,70,25,60,115,5,100,80,90,115,
Expert263	1	104728	3498	3253	95,110,55,125,105,126,46,60,0,35,105,85,105,1,25,61,16,120,115,15,60,20,6,102,42,121,0,51,72,90,115,115,55,36,
Expert264	1	125492	3992	2240	30,111,76,45,5,15,125,90,110,60,80,125,125,55,45,62,115,40,95,105,120,10,0,40,71,115,25,35,120,105,35,40,105,65,96,40,5,50,120,115,6,45,90,20,
Expert265	1	121867	3989	7681	50,90,80,46,5,127,45,15,110,85,15,16,80,0,40,40,50,120,90,102,95,65,40,25,76,35,85,55,117,40,10,5,12,100,80,0,47,5,15,111,30,20,110,50,
Expert266	1	116103	3712	6732	60,85,55,36,75,35,0,15,95,50,15,42,10,60,100,100,60,20,57,16,5,110,45,32,60,70,15,70,50,50,50,10,81,107,
Expert267	1	120504	3944	3914	125,90,65,105,35,70,20,40,115,105,70,55,40,15,70,105,60,120,1,60,90,115,35,61,5,76,80,120,5,115,5,65,100,10,
Expert268	1	123309	4272	3184	100,86,20,100,0,15,90,100,65,36,35,60,105,95,10,55,7,15,45,90,100,65,45,73,40,30,40,50,81,80,35,60,107,
Expert269	1	106207	3369	3001	105,90,75,65,55,55,45,125,45,1,115,25,35,17,20,5,15,30,5,41,50,70,40,0,0,70,80,50,61,101,81,116,75,80,125,65,5,125,
Expert270	1	112626	3771	3377	110,80,45,45,65,25,15,105,95,31,0,50,75,76,55,5,37,90,100,20,0,51,60,40,61,105,96,95,50,85,71,106,7,55,90,10,
Expert271	1	108824	3480	3188	15,20,40,50,50,96,15,80,95,30,110,40,5,80,110,75,100,15,15,80,5,5,45,56,45,25,100,60,46,51,10,1,10,70,115,91,35,10,90,10,6,115,
Expert272	1	106327	3625	1617	40,70,40,5,72,90,0,45,100,56,16,45,32,21,20,90,10,10,61,81,51,106,105,45,5,75,76,20,0,30,40,101,41,5,70,85,100,96,55,
Expert273	1	118066	4148	844	0,95,25,100,65,110,111,25,75,45,95,35,46,35,70,115,105,35,21,7,25,100,110,75,56,81,80,50,40,90,50,60,90,90,45,70,117,
Expert274	1	121057	3852	6769	60,45,26,85,75,25,40,0,16,32,61,10,95,45,20,111,46,70,60,17,40,100,50,5,35,40,21,40,70,10,81,115,116,
Expert275	1	113885	3627	1407	111,95,65,1,35,25,42,50,110,85,30,100,100,125,97,105,65,70,25,25,5,15,6,20,40,21,75,60,120,1,100,92,106,80,117,
Expert276	1	116338	3902	30185	55,115,125,60,1,15,21,85,15,15,6,120,50,110,46,50,15,81,90,120,120,80,10,117,115,95,15,65,86,57,60,80,25,60,90,0,90,100,20,40,75,91,
Expert277	1	113972	3633	3979	62,85,111,46,50,76,105,0,16,30,95,26,15,5,100,71,15,55,41,30,115,95,60,100,30,100,41,10,50,115,80,80,115,
Expert278	1	109778	3464	7671	20,51,81,95,75,45,5,15,20,20,45,110,126,17,120,0,120,41,90,70,86,30,40,125,126,60,107,30,90,0,61,70,40,121,20,60,116,5,115,
Expert279	1	117550	3720	1642	55,110,85,55,5,15,105,90,20,35,41,110,90,110,106,15,15,60,0,61,101,95,95,45,60,5,115,11,115,100,45,30,50,80,80,5,95,115,
Expert280	1	108081	3510	4230	80,100,96,66,50,6,26,15,25,1,40,70,125,35,55,17,30,5,80,81,1,20,20,20,71,61,55,110,92,65,55,5,126,
Expert281	1	108730	3426	36153	15,25,30,25,15,111,65,40,30,40,0,0,70,50,92,85,75,61,86,55,85,65,5,65,5,35,47,10,0,20,60,15,11,35,35,20,0,117,35,110,51,61,60,71,50,110,105,81,97,106,
Expert282	1	114115	3744	1582	90,30,10,75,50,61,105,25,5,40,25,51,85,35,95,75,41,50,0,20,20,100,100,66,15,85,15,96,100,75,85,35,21,5,5,5,26,70,90,11,
Expert283	1	112392	4009	3917	41,0,76,30,0,25,30,81,95,95,25,26,5,91,85,35,15,71,85,70,90,52,95,75,10,30,80,80,95,60,95,20,60,61,25,91,85,86,45,36,50,6,45,
Expert284	1	139310	4381	16713	60,30,60,91,85,5,55,105,5,15,55,30,110,126,27,25,40,31,121,0,52,80,126,16,40,0,95,15,100,95,125,71,50,71,120,80,5,100,121,5,117,
Expert285	1	115208	3748	6334	55,1,35,100,117,85,55,35,65,46,90,0,100,45,60,51,71,110,70,85,35,105,97,25,51,65,40,85,111,105,
Expert286	1	128065	4151	6223	35,15,81,20,100,0,112,46,50,75,35,76,60,55,40,41,95,115,105,95,87,10,0,51,61,105,70,70,105,116,26,51,95,
Expert287	1	118337	3753	17014	35,41,61,70,57,75,65,45,46,60,70,30,72,65,35,81,42,80,105,126,50,50,60,125,36,5,77,17,0,40,105,30,101,20,30,121,31,55,5,70,10,55,120,70,66,105,5,86,
Expert288	1	110503	3667	2860	55,91,81,106,76,36,1,26,16,25,6,32,0,0,21,100,100,85,15,20,5,71,96,70,100,40,50,61,95,86,
Expert289	1	105855	3381	9621	30,46,15,65,125,115,30,0,115,25,50,115,51,5,75,125,37,0,55,110,111,121,75,62,80,125,105,115,116,50,40,105,5,32,95,71,0,60,126,57,6,111,20,10,
Expert290	1	122526	3986	1426	25,5,17,0,70,30,62,30,20,41,52,45,35,67,86,45,35,76,75,21,5,10,10,10,0,50,27,5,16,72,60,61,31,
Expert291	1	114251	3610	1229	85,0,90,111,55,46,60,75,105,0,61,40,116,35,25,96,60,5,40,100,50,80,70,5,80,115,5,65,90,20,
Expert292	1	108433	3465	1354	106,105,55,46,75,80,90,60,35,15,45,75,21,50,75,1,51,40,60,96,86,100,50,6,70,100,95,5,55,80,10,
Expert293	1	125506	4313	1473	35,45,80,10,100,1,55,0,40,60,60,72,66,50,105,15,105,85,95,40,51,61,115,35,75,50,115,75,46,115,5,25,45,55,33,50,40,0,110,40,105,72,45,65,
Expert294	1	110950	3715	1943	95,101,55,0,27,70,30,60,5,60,55,86,5,43,1,81,50,20,50,106,65,35,50,75,86,21,7,25,70,30,
Expert295	1	121237	3928	2347	85,100,25,96,30,40,66,70,65,45,5,17,0,35,92,45,100,50,51,105,97,30,5,12,25,0,50,41,61,60,45,25,106,
Expert296	1	113339	3930	3100	25,15,115,45,51,75,61,90,105,81,75,80,65,36,116,35,5,55,43,50,0,31,72,35,35,6,45,60,100,10,86,20,
Expert297	1	123269	3920	8625	15,30,0,25,100,25,41,91,51,70,85,26,106,5,37,15,35,16,40,0,101,22,0,80,75,105,20,106,60,60,40,61,6,80,101,97,
Expert298	1	118412	3986	4574	25,105,75,40,66,50,80,82,55,35,15,115,25,15,45,116,45,45,51,5,85,73,80,0,90,57,5,110,75,41,111,20,20,11,30,
Expert299	1	121032	3875	8022	20,20,35,0,50,90,15,35,15,91,110,50,45,60,100,70,110,100,46,55,56,40,40,5,106,96,10,61,30,40,50,60,70,81,105,25,116,5,115,
Expert300	1	111668	3581	2876	30,40,110,105,75,20,0,75,80,96,65,95,85,72,80,91,115,105,80,121,115,55,45,15,36,105,81,5,75,60,60,115,90,120,45,6,85,100,10,
Expert301	1	124906	3935	6233	105,20,110,60,35,82,65,115,40,25,80,75,55,125,25,40,5,15,16,0,45,21,105,20,40,95,5,11,120,116,30,
Expert302	1	118568	3734	4492	35,25,41,5,15,55,25,110,90,60,15,81,75,105,80,15,0,65,95,110,45,21,21,40,5,10,80,100,30,96,
Expert303	1	125732	3954	8592	65,5,17,40,115,0,61,15,70,80,70,100,95,116,70,65,66,75,20,10,95,30,45,5,11,70,60,110,110,105,30,50,110,85,95,
Expert304	1	122840	4072	5762	76,55,75,45,1,16,25,115,15,25,115,96,5,30,60,30,40,40,120,40,1,80,50,10,70,107,95,115,51,71,15,5,25,
Expert305	1	114790	3799	3418	35,135,40,100,75,55,80,125,65,81,115,115,70,20,40,15,1,70,100,125,115,35,70,86,130,90,130,70,125,7,75,110,10,
Expert306	1	135083	4418	3794	105,125,105,65,1,36,50,70,110,125,65,85,92,80,60,120,115,75,55,31,5,5,60,102,65,1,37,40,50,5,5,71,
Expert307	1	110285	3546	6478	20,40,91,100,66,70,87,75,55,35,62,105,70,80,96,10,0,70,111,105,45,26,71,5,35,25,105,65,51,110,45,
Expert308	1	112971	3800	1796	90,60,45,81,20,90,30,60,51,106,71,105,45,5,17,0,40,20,100,75,100,75,56,96,86,40,40,5,10,100,65,6,45,45,80,51,
Expert309	1	124262	4002	1861	40,100,50,25,80,25,90,30,116,115,75,65,5,17,0,35,22,30,50,5,11,60,70,111,110,95,105,
Expert310	1	131997	4401	8042	70,100,55,35,25,26,30,61,80,115,80,90,45,15,115,30,5,71,70,0,60,51,92,85,55,5,5,45,5,35,110,10,
Expert311	1	132446	4169	9824	21,95,101,110,41,65,71,85,95,65,55,5,36,125,15,17,120,20,30,100,20,31,125,11,80,30,90,90,60,50,60,75,116,
Expert312	1	128752	4126	10301	70,110,125,95,65,35,70,25,15,105,85,43,30,20,50,77,26,45,5,60,62,0,20,82,90,26,72,20,5,120,115,35,35,5,55,55,
Expert313	1	120456	3878	18731	100,5,61,100,45,50,111,85,45,5,15,45,5,21,105,30,110,106,70,71,95,100,70,101,115,40,95,96,45,105,105,17,35,1,67,101,41,81,91,116,55,41,
Expert314	1	136746	4370	11992	20,35,40,90,20,15,90,0,112,56,60,86,35,85,70,65,50,105,51,115,95,95,10,60,95,81,0,60,71,115,105,45,26,105,60,46,60,115,
Expert315	1	144313	4837	5601	56,85,65,35,40,41,30,80,65,52,86,35,45,111,106,25,15,35,5,125,35,75,93,70,0,30,30,102,115,115,80,36,5,95,120,10,80,20,5,56,
Expert316	1	119716	3877	2322	115,15,60,70,80,25,106,55,90,35,120,55,105,40,5,61,60,116,70,0,45,46,101,5,20,65,100,10,30,
Expert317	1	111694	3732	5086	45,1,90,105,105,105,45,65,16,81,16,60,40,101,90,0,20,40,71,70,95,56,36,87,41,5,65,10,11,60,100,95,6,45,45,25,80,10,31,
Expert318	1	132538	4433	2926	110,65,20,65,70,105,45,105,50,71,60,60,70,30,55,100,41,90,90,81,117,56,5,15,20,75,17,70,0,51,111,96,85,45,45,105,51,75,10,5,11,110,70,65,6,55,55,100,41,
Expert319	1	137841	4696	3200	75,65,87,0,15,90,21,51,46,16,75,106,6,32,1,101,10,40,40,40,106,55,25,95,11,7,16,90,20,
Expert320	1	126785	4359	2817	15,40,0,105,90,110,111,56,60,90,85,70,87,51,117,96,5,46,45,0,90,110,110,10,90,90,5,40,110,55,55,80,5,80,65,65,5,76,
Expert321	1	139308	4398	8776	75,65,100,35,115,45,95,27,50,85,90,105,5,18,100,95,65,20,0,55,21,40,20,50,90,5,105,12,110,100,97,60,5,30,
Expert322	1	173137	5670	2962	80,90,80,45,5,90,16,100,110,70,66,15,35,0,40,71,56,25,35,115,25,107,40,40,5,12,0,46,70,100,30,30,60,100,20,20,50,95,95,45,115,
Expert323	1	137513	4331	6322	75,65,45,0,15,101,100,110,52,80,35,95,125,80,115,105,75,115,105,45,50,15,27,10,105,55,10,5,40,42,120,0,80,50,15,15,115,20,60,30,101,30,80,15,
Expert324	1	116417	3797	5946	35,0,100,16,115,116,75,65,47,90,60,0,100,80,71,80,110,110,55,55,25,25,80,15,35,105,97,71,65,5,43,110,105,0,75,60,75,10,35,91,20,80,20,75,
Expert325	1	145910	4582	20360	105,105,85,90,90,55,45,60,35,60,110,110,60,125,45,5,106,50,45,70,97,40,101,17,20,0,60,41,90,40,50,120,75,6,81,116,120,75,
Expert326	1	126895	3996	8224	71,50,80,66,70,45,65,85,5,91,100,85,5,15,16,0,80,106,96,0,25,30,15,32,50,80,20,70,5,90,10,100,100,85,50,85,
Expert327	1	132282	4193	8879	117,75,35,80,90,101,80,125,47,85,50,5,15,15,16,0,80,40,100,41,85,95,85,70,20,111,40,5,5,71,80,80,91,121,107,65,66,
Expert328	1	121087	3825	5236	40,36,116,56,120,26,60,75,60,5,16,16,70,0,65,65,51,50,21,111,60,30,77,90,30,100,10,80,102,85,95,20,60,71,117,
Expert329	1	125041	3999	3006	5,60,92,100,46,5,15,75,45,20,105,95,20,31,81,105,17,100,85,0,35,25,90,100,42,105,97,0,20,70,30,65,80,105,105,52,101,85,60,70,36,50,85,5,40,5,85,
Expert330	1	155063	4894	11327	15,90,40,0,25,40,70,0,70,15,90,115,65,70,51,105,15,70,5,47,0,55,75,11,10,70,5,20,50,40,60,40,80,55,106,
Expert331	1	136700	4302	2932	40,92,61,75,85,35,26,55,115,40,105,25,5,80,95,16,16,0,90,85,45,23,40,5,80,95,10,10,10,90,110,30,100,87,61,
Expert332	1	120776	3844	3011	101,100,45,35,70,60,10,60,57,25,66,25,41,40,61,40,105,21,51,86,50,105,66,15,15,97,20,75,75,45,75,20,30,105,5,32,50,0,25,40,25,26,5,45,35,85,90,35,70,91,10,71,10,
Expert333	1	108699	3625	8225	95,56,70,46,0,0,35,110,110,80,66,95,25,95,45,15,75,52,70,40,105,90,50,0,40,82,90,45,116,7,55,100,10,20,
Expert334	1	107456	3617	15702	55,15,105,21,40,30,63,15,45,35,91,27,30,85,25,105,45,30,65,20,50,5,52,40,90,0,35,60,101,90,35,70,35,46,20,11,
Expert335	1	129257	4083	4505	90,35,115,91,60,80,105,50,60,71,70,80,65,116,106,47,55,5,15,20,17,0,50,40,40,111,101,41,5,60,77,85,65,85,65,95,55,11,110,30,100,96,
Expert336	1	117760	3719	2809	120,20,100,60,20,0,15,40,60,72,66,115,26,107,15,115,127,41,35,5,53,70,0,80,30,47,45,35,5,100,100,56,120,121,20,60,90,115,100,20,15,
Expert337	1	114304	3795	4345	95,5,5,100,10,101,95,50,50,85,60,86,85,65,55,55,107,95,2,102,50,50,62,80,55,55,70,45,45,35,25,60,107,7,90,100,100,90,70,71,105,105,1,65,20,30,55,66,
Expert338	1	126016	4099	3882	26,0,115,51,60,25,71,61,55,105,105,32,95,100,40,76,80,116,56,5,65,21,21,60,0,51,72,55,5,25,110,90,111,10,105,105,40,
Expert339	1	116429	3692	9662	100,30,0,17,40,5,35,40,90,50,70,85,20,20,15,90,106,36,35,41,20,101,1,10,80,75,10,10,20,107,63,5,10,80,100,50,100,96,95,
Expert340	1	130226	4231	9333	15,20,20,50,105,0,35,65,126,46,15,15,1,55,27,50,6,40,10,41,0,10,121,25,61,61,126,5,47,16,1,65,80,20,55,100,22,50,60,30,116,
Expert341	1	125439	3959	13324	100,127,85,91,55,45,61,100,60,50,35,115,70,46,5,95,96,17,0,60,15,20,41,110,105,50,120,105,41,90,6,81,110,76,
Expert342	1	109868	3562	18773	15,25,31,50,65,116,0,16,26,45,1,55,37,50,6,10,22,10,110,0,35,110,63,5,80,116,26,16,105,25,1,65,30,55,32,60,105,40,50,
Expert343	1	128907	4387	2263	30,60,30,5,62,80,0,90,80,35,45,35,15,20,50,20,50,71,20,10,40,97,35,5,67,0,20,31,30,5,91,60,75,90,45,85,85,
Expert344	1	122821	4111	5483	0,110,51,10,60,70,95,85,95,85,45,60,60,25,55,31,31,50,70,70,20,67,55,40,55,110,5,100,110,35,65,26,5,40,35,80,25,60,80,55,115,40,61,75,20,90,116,75,
Expert345	1	119348	3914	9959	80,80,10,30,20,100,52,70,70,45,105,85,50,65,37,5,55,41,15,41,95,50,30,0,30,61,96,60,36,55,75,106,
Expert346	1	123989	4209	9674	41,50,5,70,71,101,70,100,0,65,56,35,35,1,45,25,75,15,45,15,15,70,95,15,20,5,5,30,31,0,50,61,81,105,96,80,45,65,
Expert347	1	120395	4131	2995	106,70,96,56,25,45,5,25,45,65,35,80,125,115,81,15,60,80,40,0,40,92,75,45,5,85,45,65,85,120,10,30,5,110,21,
Expert348	1	118777	4082	1926	41,5,75,81,110,55,80,55,70,15,20,15,80,0,46,32,60,21,11,51,115,90,60,90,115,100,100,115,45,45,5,75,88,30,0,70,41,40,20,40,75,111,5,81,95,110,55,5,106,
Expert349	1	115358	3769	5690	77,45,55,0,105,0,16,115,30,15,26,95,5,115,95,60,40,40,40,80,0,10,70,30,0,120,50,106,71,115,50,25,95,50,15,
Expert350	1	132268	4770	1694	51,100,65,111,72,60,80,20,90,40,106,120,106,85,65,75,75,55,117,55,1,15,21,30,20,10,6,110,5,15,26,111,70,80,100,125,
Expert351	1	121383	3813	6833	45,75,35,75,35,55,110,125,45,0,25,15,16,20,5,41,120,40,115,0,26,10,52,110,125,61,30,70,10,30,80,70,80,126,25,105,5,46,50,45,0,20,10,121,105,21,75,5,70,40,85,120,116,75,
Expert352	1	104391	3671	1701	75,45,51,45,85,90,20,60,106,85,15,5,30,31,0,80,100,65,25,95,80,40,41,85,90,20,55,60,105,85,5,35,10,70,20,
Expert353	1	118489	3857	2518	70,36,85,55,47,105,105,30,95,75,10,20,120,45,50,75,95,105,1,111,51,40,125,25,50,60,6,125,100,70,80,125,
Expert354	1	111073	3761	3975	41,80,5,82,0,120,110,55,55,15,46,15,22,32,70,11,60,51,60,70,115,101,91,116,45,5,87,30,0,40,20,110,125,110,105,41,5,80,110,55,95,
Expert355	1	112262	3625	8898	101,35,60,61,35,40,52,45,30,50,30,107,25,5,16,90,30,25,42,85,35,95,11,0,75,40,20,20,70,102,86,65,55,75,95,75,56,95,21,35,
Expert356	1	113580	3907	6500	5,25,10,100,31,81,75,125,40,115,40,50,60,96,95,65,55,46,110,0,120,45,50,61,72,90,125,86,36,90,115,25,105,116,61,125,6,5,66,111,100,31,
Expert357	1	119876	3842	3246	30,5,90,15,90,115,100,56,60,85,85,25,85,45,65,51,105,35,50,96,10,60,80,95,0,80,61,71,60,106,35,7,55,65,90,20,
Expert358	1	107797	3405	1095	80,90,60,80,45,50,15,125,115,25,107,30,5,62,0,51,41,15,70,71,115,90,15,115,45,5,5,5,35,100,20,
Expert359	1	110765	3531	1819	115,20,50,70,80,30,80,115,45,127,45,71,65,70,41,110,85,110,106,55,95,121,26,35,95,41,5,75,61,110,55,105,6,45,90,30,
Expert360	1	111036	3603	2414	90,40,50,70,20,70,106,35,35,51,45,95,50,31,100,100,87,76,26,96,15,31,5,55,62,50,100,45,6,36,90,20,20,
Expert361	1	121645	4038	2536	90,106,105,36,5,55,16,80,90,16,75,60,50,0,30,100,45,30,25,60,75,60,45,95,86,25,85,30,55,10,101,75,95,30,6,5,35,10,10,50,35,80,21,
Expert362	1	118965	3773	831	60,50,105,110,25,30,80,125,41,71,125,105,31,50,20,110,105,5,15,50,110,20,6,100,85,65,15,30,100,120,75,
Expert363	1	110587	3532	2942	50,100,70,46,6,15,20,85,30,20,30,45,105,90,90,50,105,17,1,101,40,80,41,105,75,106,62,102,96,45,80,45,35,60,6,95,
Expert364	1	137165	4321	11769	100,45,130,51,85,60,130,75,125,95,45,115,45,76,80,105,126,5,15,20,16,30,130,1,80,50,20,75,40,41,50,90,80,71,80,136,35,110,135,40,90,65,65,
Expert365	1	108984	3727	3554	100,75,40,110,81,91,65,90,86,65,115,55,45,15,55,105,115,25,105,115,105,30,70,5,72,90,0,36,35,5,101,75,100,20,40,5,10,
Expert366	1	128750	4092	12106	15,95,96,55,100,40,60,85,40,75,15,60,35,20,55,40,106,21,20,10,101,46,60,45,115,30,70,106,105,5,92,10,60,
Expert367	1	127144	4081	2398	20,120,40,15,107,40,50,50,15,30,120,95,75,16,7,56,46,110,25,110,60,100,45,80,45,51,0,0,11,90,70,126,101,35,10,10,
Expert368	1	119789	3914	1384	20,60,70,60,45,90,30,51,80,80,100,90,70,100,117,46,5,65,18,20,0,60,41,110,110,86,55,55,106,96,41,65,5,12,110,60,75,6,46,90,51,
Expert369	1	113856	4394	1445	65,100,55,70,55,15,85,45,15,37,25,115,116,41,75,5,60,62,70,0,91,100,101,15,95,6,5,45,110,20,
Expert370	1	114127	3723	4759	110,100,110,100,56,60,72,65,51,107,45,115,5,18,0,115,90,50,115,45,62,20,35,75,55,60,96,95,42,101,35,40,5,65,11,75,100,55,
Expert371	1	116442	3738	2581	85,15,55,95,110,15,40,95,100,75,95,30,15,15,5,116,51,5,5,80,35,90,100,60,115,36,25,35,1,110,105,50,111,11,70,106,90,90,45,11,
Expert372	1	105577	3817	21740	90,110,0,90,101,76,36,55,65,90,125,110,45,45,45,0,25,15,15,16,65,20,125,5,80,90,5,110,81,120,120,60,80,0,96,50,10,100,31,96,
Expert373	1	110992	3718	5625	45,45,5,16,90,50,15,35,0,40,71,82,65,25,76,55,96,95,41,5,11,80,10,0,46,90,30,45,5,70,15,65,91,50,20,
Expert374	1	106501	3951	3482	101,55,35,15,21,80,100,65,35,95,75,76,96,0,42,90,90,105,85,26,40,5,72,90,10,31,52,35,105,5,60,60,105,86,
Expert375	1	107870	3587	4667	10,70,45,110,85,20,120,35,95,55,37,40,50,75,106,75,111,105,10,0,52,5,100,70,80,60,20,30,127,
Expert376	1	108307	3615	1777	100,10,50,125,70,80,90,126,30,80,116,46,71,65,25,70,40,120,40,55,110,86,105,36,95,106,40,40,5,110,75,25,62,70,110,55,6,46,100,90,31,
Expert377	1	105331	3373	1998	101,115,96,35,36,0,0,110,25,15,105,16,20,5,92,110,70,71,115,97,80,40,0,25,12,100,55,116,60,70,20,30,6,90,82,30,65,110,30,110,107,
Expert378	1	109899	3529	1487	35,2,95,26,30,105,50,72,56,16,105,115,116,31,5,45,62,80,60,0,40,35,70,35,110,36,5,45,25,65,65,110,110,11,5,50,5,90,105,
Expert379	1	119263	4070	2000	81,20,30,71,100,115,51,91,116,46,65,5,17,15,20,60,0,40,41,110,65,95,55,105,110,40,85,10,5,10,110,75,6,45,95,100,50,
Expert380	1	110460	3623	3796	0,71,90,45,30,0,61,25,15,57,115,66,5,80,82,100,0,60,91,90,66,51,5,85,36,76,110,10,20,
Expert381	1	115794	3772	3967	55,45,20,80,75,90,46,50,65,76,0,50,100,50,36,15,40,95,100,86,40,50,5,71,100,26,5,65,95,95,5,55,81,10,
Expert382	1	120917	3977	2703	35,5,70,70,80,100,115,116,105,85,76,75,30,80,0,100,101,90,131,110,65,25,57,95,125,85,70,65,100,95,5,70,130,46,6,105,120,20,
Expert383	1	110075	3525	2900	91,26,36,45,75,105,85,45,51,5,15,115,65,16,0,55,15,60,55,40,41,51,5,31,20,65,10,10,110,20,80,100,70,5,96,
Expert384	1	109938	3497	3178	15,30,110,90,15,40,40,1,51,25,60,75,105,16,50,5,46,45,0,55,12,50,5,20,5,40,70,120,80,106,
Expert385	1	122886	3874	5645	65,0,105,0,15,20,21,80,90,115,115,16,5,100,35,60,101,15,112,43,117,10,105,20,65,50,106,0,30,12,6,110,100,70,60,50,70,110,87,97,
Expert386	1	121055	3969	1143	50,85,35,15,50,90,20,100,115,35,47,30,110,105,25,95,10,5,70,5,70,71,63,1,15,90,20,100,115,35,40,40,40,30,110,105,25,95,10,55,30,82,35,55,6,5,15,90,20,
Expert387	1	114413	4019	2048	40,80,40,5,80,110,56,81,16,20,0,45,45,21,31,30,60,70,70,101,60,11,51,91,117,45,5,86,20,85,0,40,30,41,5,80,110,110,95,110,105,55,
Expert388	1	107284	3773	2116	50,71,36,40,61,91,85,25,25,50,5,15,115,125,105,15,15,0,15,70,56,41,40,22,51,5,30,30,5,75,11,110,80,95,
Expert389	1	121492	3886	1269	90,20,60,70,20,60,55,55,15,15,55,35,66,42,61,40,11,52,86,65,65,25,76,25,97,10,75,10,5,45,31,30,50,30,40,0,16,16,45,5,36,92,20,72,20,85,
Expert390	1	105055	3429	7148	0,30,0,15,21,125,111,125,60,70,90,100,90,55,100,85,125,16,6,71,70,1,11,121,40,115,50,80,116,25,10,
Expert391	1	114238	3630	3890	100,110,65,71,35,85,95,45,27,50,80,105,5,15,17,0,55,100,70,85,21,21,80,30,65,50,5,105,10,40,11,100,110,86,85,
Expert392	1	118555	4096	7659	125,10,40,70,87,36,75,0,0,26,50,60,60,90,90,115,85,25,75,6,46,125,51,50,41,0,0,21,20,80,95,
Expert393	1	119180	3750	5404	121,30,55,60,80,90,80,77,85,85,46,25,35,52,80,125,115,18,30,100,20,80,5,70,61,60,0,125,125,50,41,100,72,45,115,115,85,
Expert394	1	119005	3850	4796	90,90,116,100,30,60,86,45,25,85,45,55,65,35,18,30,20,5,70,71,50,70,60,40,0,40,110,81,81,45,95,65,110,6,106,
Expert395	1	140475	4720	2130	85,105,55,60,95,15,22,95,10,100,40,30,110,70,87,105,20,95,40,7,92,65,50,50,50,60,95,25,50,95,95,0,0,100,80,0,90,80,81,115,95,105,
Expert396	1	116593	4179	1799	105,105,5,6,100,15,20,65,101,72,80,107,0,0,80,80,90,55,55,45,35,80,6,100,101,90,78,90,105,25,10,61,90,106,1,87,30,40,
Expert397	1	139922	4720	4517	112,85,46,100,67,40,70,97,75,95,45,61,105,55,60,41,80,90,20,115,60,70,91,0,70,81,46,105,16,115,35,36,105,10,71,10,115,
Expert398	1	125208	4397	2940	45,25,35,61,35,90,125,25,45,50,75,90,85,50,5,105,115,18,0,70,56,40,22,41,51,5,75,10,10,110,5,31,80,95,
Expert399	1	105754	3658	4341	80,90,70,100,113,105,125,45,55,36,95,86,60,5,70,15,5,27,0,75,15,15,0,30,65,31,50,30,60,5,70,40,
Expert400	1	120669	3846	5548	35,125,50,125,75,81,90,101,115,46,5,15,20,125,45,85,17,80,0,43,110,120,85,106,6,95,85,70,120,71,81,91,110,66,
Expert401	1	122272	3950	6002	85,36,26,46,85,90,50,65,90,75,50,5,105,85,17,0,15,60,56,42,51,21,5,31,65,11,6,100,70,96,
Expert402	1	119038	3748	2319	0,15,91,102,55,75,15,86,75,15,15,45,5,61,60,60,30,0,40,11,80,72,15,80,5,80,65,15,90,20,50,106,105,
Expert403	1	120481	4066	2237	36,5,110,65,100,16,16,60,100,110,30,0,30,41,71,80,81,90,91,56,76,46,105,26,117,106,30,30,5,65,12,80,10,60,0,37,110,5,90,100,35,15,110,65,100,15,110,100,21,41,
Expert404	1	125207	3940	5256	110,35,55,100,26,111,100,35,0,56,35,16,15,5,20,85,90,75,15,40,30,20,30,105,30,10,70,60,85,20,0,70,10,51,115,106,50,116,15,
Expert405	1	131827	4153	4086	50,60,80,60,95,60,80,115,55,75,125,46,0,60,16,25,35,26,10,65,10,5,41,41,60,0,15,100,15,70,20,100,15,30,81,5,20,45,100,50,30,50,
Expert406	1	121499	3822	1700	0,51,100,110,46,70,60,85,125,35,0,61,41,55,25,70,115,106,60,5,120,80,90,70,55,116,6,65,100,20,
Expert407	1	142257	4777	3115	45,101,65,25,70,91,90,75,30,61,50,115,105,87,106,116,65,7,110,111,55,40,41,50,116,15,40,115,0,1,111,60,81,80,66,70,96,80,116,
Expert408	1	118852	3757	1825	90,0,100,85,100,110,41,50,40,115,115,25,105,70,25,115,15,30,65,106,0,30,30,50,111,50,95,86,95,30,5,102,60,110,70,95,46,6,35,80,10,
Expert409	1	115018	3786	2229	41,75,80,5,82,70,0,110,55,45,55,16,100,30,20,45,31,10,60,21,10,100,60,91,51,117,45,5,45,75,88,70,0,41,30,20,110,40,40,5,95,110,75,81,110,55,105,105,
Expert410	1	115903	3721	6225	101,25,75,35,25,45,35,95,85,45,51,5,115,15,65,15,16,60,0,56,42,31,51,5,65,10,10,21,110,70,6,106,
Expert411	1	104283	3336	5921	90,36,26,15,116,120,15,100,66,46,115,51,75,5,81,80,70,80,0,56,11,90,55,110,40,60,5,125,85,55,75,110,40,85,110,10,31,20,20,
Expert412	1	120406	3783	7972	25,30,15,30,0,41,91,90,75,15,85,15,40,5,15,55,105,70,85,95,37,35,0,45,90,75,13,25,70,40,95,30,100,5,31,90,75,21,76,85,
Expert413	1	119840	4081	5173	46,55,60,35,60,101,91,87,95,115,126,115,125,115,6,25,26,0,0,65,110,120,120,120,95,65,50,30,40,51,100,60,90,127,115,5,31,60,5,100,40,
Expert414	1	126350	4234	5414	90,66,115,45,105,56,1,25,15,35,17,30,20,5,5,52,1,61,35,71,80,35,81,90,10,75,40,35,106,
Expert415	1	123608	3974	3346	65,10,90,55,70,70,105,70,116,80,30,50,60,60,106,115,46,52,41,102,76,26,65,95,110,65,36,95,95,85,41,7,46,80,110,90,31,
Expert416	1	140273	4430	9673	85,75,110,45,0,15,100,45,110,50,65,85,37,15,60,115,25,26,105,11,6,55,40,40,5,40,50,70,17,21,100,101,110,15,1,65,32,80,90,30,55,6,60,117,
Expert417	1	122088	3957	1751	40,60,75,95,15,21,40,0,35,0,100,75,101,76,65,50,51,105,106,86,36,6,45,25,10,27,40,1,100,101,70,31,56,85,60,71,90,70,65,51,107,36,
Expert418	1	130552	4117	5524	45,50,101,60,100,115,95,25,85,35,75,25,25,50,90,5,105,15,17,100,0,55,95,21,85,45,21,50,90,105,10,5,10,30,10,110,100,95,45,96,
Expert419	1	118003	3835	5232	95,102,50,70,37,0,55,105,0,15,90,112,56,30,60,45,75,106,0,30,30,51,115,60,60,25,97,16,30,116,7,35,91,20,
Expert420	1	125442	3954	3067	65,70,95,80,35,25,27,10,30,5,50,75,40,92,40,76,5,52,41,0,72,97,35,23,30,92,0,85,30,60,62,85,35,85,77,
Expert421	1	124933	4046	7022	46,115,55,25,60,70,102,75,15,125,75,91,115,86,115,36,35,65,5,52,50,0,60,31,82,95,35,112,5,55,120,95,10,35,71,106,20,
Expert422	1	162836	5227	5966	20,40,30,105,95,112,90,60,101,127,135,75,136,75,85,5,18,40,80,20,0,70,72,5,90,55,121,131,56,95,106,95,85,11,120,116,
Expert423	1	140910	4736	2257	60,51,60,85,15,45,45,95,100,20,70,117,95,5,31,30,0,90,110,75,25,105,90,40,41,95,100,20,70,115,95,5,55,35,5,10,80,20,65,
Expert424	1	117112	4302	2470	10,50,100,1,26,30,60,80,95,120,100,75,25,5,5,56,47,120,51,1,20,110,90,86,66,45,35,21,70,5,5,70,92,75,0,0,26,25,40,5,30,61,
Expert425	1	130204	4143	8680	30,50,30,0,45,15,50,110,122,76,80,107,85,90,45,71,125,115,105,10,70,0,81,91,125,65,25,56,125,36,55,116,80,80,7,75,85,41,110,45,20,
Expert426	1	137442	4400	5061	35,91,45,35,45,25,75,85,25,51,5,65,115,16,105,16,60,0,55,55,40,41,30,20,50,65,21,50,5,11,30,110,80,100,70,95,95,
Expert427	1	119515	3762	2234	110,95,111,75,95,126,56,45,35,105,25,65,5,15,83,0,60,51,121,120,90,91,55,46,70,5,85,115,10,116,20,30,
Expert428	1	126188	4111	3225	35,5,17,80,90,40,40,61,70,0,55,30,25,55,71,106,25,66,46,95,87,96,30,30,5,10,11,70,0,37,5,15,15,82,92,20,41,20,
Expert429	1	132480	4386	4513	45,5,45,15,75,15,110,16,0,101,70,51,81,41,91,90,85,55,65,65,85,26,105,55,36,117,106,41,5,75,13,0,45,100,70,90,45,46,5,75,15,15,112,101,50,21,50,
Expert430	1	108207	3457	7927	40,80,90,116,15,5,50,50,50,65,0,70,16,100,110,96,85,65,85,105,106,0,0,110,55,25,30,32,20,40,50,65,6,100,81,90,60,90,116,
Expert431	1	121020	4126	2257	50,15,50,85,61,45,45,115,95,100,20,70,116,95,5,32,0,90,110,75,25,105,90,41,55,40,95,100,20,70,115,95,6,65,36,80,10,20,
Expert432	1	126769	4005	9378	15,30,30,0,25,41,55,111,110,105,16,70,40,15,60,5,95,85,100,115,36,35,95,35,0,45,110,105,106,13,40,5,20,
Expert433	1	124073	4248	4129	100,100,65,75,35,35,15,96,20,100,95,87,50,0,50,50,90,50,105,25,10,40,5,5,40,80,41,0,81,91,31,60,61,70,35,105,5,105,
Expert434	1	129427	4186	7977	25,80,35,35,100,45,75,45,25,50,95,50,65,5,18,80,0,60,56,42,85,30,21,50,20,50,6,66,11,90,70,86,30,
Expert435	1	132939	4405	3514	105,65,85,115,35,26,50,75,40,5,5,17,1,55,45,23,50,40,6,11,70,80,30,100,115,115,
Expert436	1	116004	3741	1342	110,120,30,55,25,105,110,66,40,65,70,115,101,20,50,40,125,80,116,5,15,100,30,6,110,110,120,55,
Expert437	1	104782	3302	10531	45,20,70,125,90,30,51,60,80,110,126,90,46,5,17,0,41,20,101,120,120,50,116,41,85,5,65,10,120,75,60,
Expert438	1	142162	4510	5112	20,50,60,82,55,75,105,25,90,26,45,51,85,125,117,10,6,60,60,32,50,0,21,60,0,50,41,73,101,25,85,45,126,
Expert439	1	142182	4515	6189	105,41,95,35,40,5,15,16,0,45,92,20,50,62,55,70,25,97,40,5,10,105,11,0,45,90,80,60,30,46,5,15,91,20,105,
Expert440	1	112870	3589	6162	65,45,120,85,26,0,15,75,25,40,15,32,10,110,110,95,121,45,100,20,70,45,66,45,15,35,16,5,41,21,115,95,50,70,40,125,20,0,11,60,61,115,81,125,15,5,125,115,
Expert441	1	121469	3840	10039	40,92,75,82,70,107,65,117,95,5,45,15,80,15,5,15,27,1,85,25,110,35,41,40,50,40,80,30,7,60,90,10,100,97,
Expert442	1	116846	3870	3025	50,105,65,0,27,80,5,30,70,40,65,96,5,52,1,20,20,91,60,61,95,45,35,85,95,20,5,6,25,55,80,30,
Expert443	1	111445	3707	2988	100,45,35,65,110,80,65,26,45,130,96,55,5,15,125,72,0,50,91,90,135,40,55,85,20,60,5,75,115,120,10,20,135,
Expert444	1	114332	3840	3073	36,71,100,55,115,46,55,60,100,95,135,25,25,125,60,5,85,18,0,80,66,20,20,50,40,51,40,20,60,60,30,5,85,11,120,90,30,105,
Expert445	1	122316	3841	8465	36,55,100,45,115,45,0,25,16,15,20,5,42,0,26,110,20,10,25,105,52,60,70,60,70,100,95,116,10,115,25,5,45,45,45,15,11,50,0,95,22,5,111,40,110,105,30,30,105,75,
Expert446	1	114866	3688	4513	46,101,16,0,100,21,31,111,61,121,57,66,5,71,80,65,51,116,105,10,125,105,40,70,50,60,80,90,90,126,115,
Expert447	1	126077	4106	8468	15,20,100,55,115,115,115,15,60,15,85,95,20,40,96,2,45,35,27,40,6,91,80,65,10,11,0,110,90,111,52,117,60,95,87,95,65,95,110,105,25,70,50,5,18,0,105,10,0,55,105,45,22,50,20,30,40,
Expert448	1	122195	3958	3812	65,35,25,50,45,25,111,5,102,70,110,80,93,85,76,105,65,76,116,105,115,80,5,95,105,17,20,1,55,22,50,30,5,40,
Expert449	1	109296	3590	3835	20,60,30,50,85,75,92,71,81,102,75,45,116,115,46,65,5,17,15,20,0,60,41,41,70,5,111,106,105,75,65,11,86,110,75,96,
Expert450	1	138808	4619	12428	40,5,120,110,75,6,46,37,60,120,17,41,61,81,1,90,90,120,100,80,55,25,55,25,15,35,90,90,6,71,101,100,76,0,0,97,10,5,30,20,20,
Expert451	1	113680	5316	3863	100,96,100,40,50,20,70,30,85,110,60,87,65,55,107,95,0,0,15,20,40,20,20,10,6,100,5,15,100,26,100,50,60,80,115,
Expert452	1	141286	4468	3663	90,75,45,45,80,105,36,26,55,55,61,5,17,110,0,65,22,65,51,31,50,61,5,10,100,41,5,70,96,
Expert453	1	110179	3952	1893	101,0,15,90,86,100,65,37,60,105,95,10,5,55,6,16,90,25,100,65,26,10,46,72,41,30,50,81,80,35,60,107,
Expert454	1	135062	4260	20694	10,10,35,40,120,61,81,115,105,60,45,55,30,60,125,75,75,125,32,80,40,120,90,120,91,65,66,50,126,21,80,90,75,100,115,65,125,46,
Expert455	1	113694	3631	2293	60,85,30,110,25,40,15,56,70,105,95,105,5,42,0,101,52,106,115,5,45,35,115,90,6,10,20,
Expert456	1	107576	3537	7259	85,90,10,100,115,35,35,27,6,51,5,30,30,45,111,105,110,60,87,65,115,115,100,115,37,57,112,105,60,15,0,0,80,60,21,61,70,5,105,5,105,
Expert457	1	132954	4197	6545	30,0,61,81,55,46,106,10,20,120,45,30,50,85,90,115,105,0,50,50,40,71,126,25,70,50,25,5,100,80,40,90,125,115,60,115,
Expert458	1	121583	3852	2956	85,35,50,91,90,60,60,72,85,65,105,106,85,46,45,5,55,16,16,50,0,40,40,40,60,80,100,100,76,75,20,65,55,40,5,80,65,10,10,100,97,
Expert459	1	121652	3841	5033	120,35,95,115,27,40,5,75,110,50,65,15,80,81,55,105,125,75,16,15,120,116,0,45,23,80,40,115,30,
Expert460	1	104631	3489	4817	5,91,90,105,85,15,66,20,125,35,41,110,125,15,125,15,70,15,50,0,70,70,120,95,120,115,45,45,120,70,5,30,61,80,81,95,65,115,100,100,115,
Expert461	1	126580	4018	6266	15,35,35,115,65,0,25,40,40,0,51,15,71,125,15,135,15,50,80,20,6,30,100,31,70,60,0,60,111,91,125,125,90,65,6,136,
Expert462	1	106304	3503	823	97,0,101,60,60,81,46,50,70,100,51,70,40,85,40,85,67,85,46,56,107,7,16,16,92,102,52,107,1,26,32,71,20,20,
Expert463	1	104051	3770	3135	65,25,15,105,110,45,90,65,25,90,90,55,110,85,85,35,45,5,70,70,70,0,40,82,45,115,5,75,50,100,115,5,20,10,5,20,
Expert464	1	124108	3931	2931	0,85,115,0,25,30,100,125,50,125,26,5,110,45,80,25,121,105,35,15,111,120,62,90,125,116,70,10,30,100,40,126,20,85,115,0,21,121,55,105,35,20,35,5,60,55,110,5,80,90,70,105,105,
Expert465	1	114983	3750	1172	80,70,95,80,25,50,25,96,30,45,0,67,0,31,15,91,86,76,30,6,60,40,50,85,5,35,70,10,
Expert466	1	114109	3649	17774	110,75,56,15,40,1,125,75,25,35,81,90,80,70,15,117,15,80,110,5,15,20,5,50,51,45,105,0,65,25,10,115,45,90,30,40,70,26,
Expert467	1	115998	3733	4414	100,20,100,66,116,35,5,15,80,100,50,70,115,35,51,105,85,45,10,0,50,30,110,95,30,60,95,85,60,105,25,85,25,30,75,55,40,111,30,95,105,
Expert468	1	108840	3577	15186	110,45,35,26,55,15,71,121,60,0,120,110,80,107,105,115,5,86,77,90,50,0,111,90,45,90,10,81,35,102,125,36,110,5,85,45,
Expert469	1	109746	3652	1161	95,105,55,35,0,85,26,71,40,70,5,5,15,66,16,1,75,45,21,20,30,40,20,70,6,11,60,80,90,106,
Expert470	1	102070	3318	3081	105,30,51,50,50,40,75,66,105,20,35,0,17,20,5,85,100,60,15,60,30,45,30,96,85,101,31,40,10,71,95,
Expert471	1	111624	3854	1655	35,71,101,45,95,35,26,45,56,115,61,5,85,16,15,0,15,65,80,65,52,60,85,22,60,5,31,11,110,90,5,105,41,
Expert472	1	115128	3775	1363	76,100,100,45,75,35,55,1,15,16,95,5,21,95,32,0,0,40,60,110,10,70,71,16,50,106,95,41,51,5,10,6,80,105,
Expert473	1	108263	3563	2197	125,25,40,5,15,101,110,66,70,97,75,60,60,45,115,105,10,55,60,0,105,105,71,81,115,35,35,71,5,91,115,15,45,6,75,100,20,
Expert474	1	136671	4476	8741	20,110,10,75,35,10,100,110,35,57,0,30,60,86,86,45,35,65,50,51,105,30,50,30,61,71,105,116,16,70,96,61,80,80,5,105,115,35,
Expert475	1	111377	3972	2060	70,125,96,100,65,1,25,30,125,50,100,95,65,15,71,25,25,110,70,6,45,45,62,75,115,10,60,1,20,91,90,25,105,
Expert476	1	116994	3885	3554	120,75,65,120,85,105,10,105,55,25,30,55,30,110,65,65,70,95,40,105,0,70,70,60,115,35,70,35,60,20,51,81,125,80,116,55,125,
Expert477	1	101500	3397	3284	5,120,120,85,15,65,20,95,65,35,40,115,40,100,15,120,116,15,0,15,70,70,50,70,112,105,45,70,125,45,60,30,60,80,5,81,65,91,126,106,
Expert478	1	110869	3811	3283	46,55,60,70,101,100,76,91,86,36,25,5,35,65,51,50,15,115,50,0,60,31,82,35,5,55,35,110,10,96,71,106,20,
Expert479	1	114828	3622	5057	101,75,65,125,85,10,40,65,20,130,65,0,125,70,105,125,0,40,71,60,60,80,80,90,55,135,25,70,5,110,120,100,91,85,110,136,
Expert480	1	114200	4060	1372	25,95,0,70,25,85,41,0,51,70,61,36,15,15,95,85,95,51,5,46,5,21,20,61,20,41,1,71,58,46,5,5,26,91,10,10,85,
Expert481	1	111225	3738	6672	50,36,5,16,70,90,90,50,70,80,15,0,65,30,30,81,75,55,96,45,25,95,30,5,12,0,45,35,80,36,5,15,75,90,20,91,50,
Expert482	1	143762	4532	41249	110,101,66,55,45,55,65,70,81,45,91,81,75,60,105,60,35,117,50,75,50,105,5,40,106,75,90,60,86,15,17,95,81,0,45,71,20,26,50,110,110,95,102,45,95,105,45,21,91,95,71,60,
Expert483	1	103001	3423	5262	85,70,90,50,26,1,31,100,25,100,55,95,60,95,46,80,100,57,15,30,105,20,75,95,0,87,20,61,21,5,106,6,25,80,10,
Expert484	1	121391	3860	15749	75,45,35,35,100,60,110,45,45,72,80,80,55,41,70,107,117,67,35,5,75,18,70,0,61,60,20,110,60,75,100,5,110,12,101,15,40,10,85,46,6,55,
Expert485	1	110960	3649	5339	105,80,115,116,15,20,75,65,16,50,1,0,45,35,55,25,25,25,25,30,80,50,90,5,12,60,0,71,92,45,75,105,85,110,105,45,
Expert486	1	113915	3594	21533	90,60,75,45,36,50,46,73,55,30,90,80,40,40,80,115,116,30,40,56,5,15,75,20,80,16,75,75,50,95,15,0,30,52,71,110,10,5,90,45,10,66,111,45,86,
Expert487	1	112821	3892	4041	5,100,65,40,30,86,95,30,40,50,75,76,55,45,35,36,90,40,50,80,60,0,71,50,105,61,26,85,16,96,95,51,45,5,33,60,0,85,40,56,90,55,90,5,11,105,
Expert488	1	133823	4692	2963	61,5,25,15,40,110,121,120,85,76,25,55,25,55,1,100,65,35,15,75,80,125,115,0,15,22,5,110,120,85,70,105,15,30,5,52,0,70,70,81,91,105,90,105,66,85,
Expert489	1	119564	4093	1425	121,55,0,25,105,110,120,75,46,45,70,125,115,20,7,25,110,120,55,60,75,25,37,20,66,82,61,40,90,102,45,70,127,
Expert490	1	118593	4171	1849	25,81,10,125,76,45,90,30,110,125,5,105,45,55,60,61,50,40,120,115,35,95,15,60,0,40,72,25,45,85,6,65,10,5,90,30,
Expert491	1	112559	3703	2238	60,110,125,85,105,0,26,90,110,75,25,75,45,5,5,52,0,0,40,70,115,95,22,5,100,80,120,71,45,5,115,65,
Expert492	1	120329	3824	17077	70,5,70,80,90,115,15,120,40,90,115,115,100,85,75,17,70,0,65,35,81,100,100,95,80,55,25,65,45,127,80,5,75,110,13,0,111,85,120,70,30,100,85,85,5,15,120,117,120,40,20,
Expert493	1	109037	3599	12307	85,10,100,55,45,15,71,115,80,66,25,5,70,40,50,30,116,25,41,75,85,105,31,40,0,21,111,62,25,10,75,97,
Expert494	1	123035	3897	2146	75,90,55,20,100,45,46,50,85,65,86,0,51,40,111,35,15,105,96,50,5,105,40,81,60,70,110,105,25,25,6,55,90,10,
Expert495	1	115921	3776	4730	111,55,30,80,80,77,86,50,60,45,25,35,16,115,16,90,20,45,5,51,80,30,80,60,60,50,60,0,70,100,40,40,70,115,115,70,85,70,45,
Expert496	1	116745	4224	8134	55,5,15,55,75,15,16,90,0,70,100,100,80,51,81,45,25,106,66,36,25,95,95,95,51,5,45,75,12,70,10,0,80,57,91,20,31,
Expert497	1	113412	3771	2685	35,5,16,15,0,100,80,40,40,30,61,71,56,26,70,66,46,106,96,85,95,86,105,31,5,10,11,0,36,100,70,35,100,5,20,15,82,15,100,40,40,20,
Expert498	1	113749	3584	14552	0,26,50,125,17,46,30,0,72,65,5,37,0,35,60,76,42,20,70,65,65,90,80,30,12,20,70,101,110,110,6,125,90,85,
Expert499	1	106217	3755	2905	60,90,25,35,35,25,45,60,45,51,90,5,85,15,75,105,125,115,16,15,0,70,56,41,22,40,50,50,5,75,10,10,110,80,5,31,95,
Expert500	1	108240	3464	6417	56,30,75,90,90,126,90,85,70,65,50,125,85,46,70,71,40,40,80,25,116,106,80,96,121,36,40,55,40,115,75,7,45,100,20,
Expert501	1	115675	3733	11809	110,95,85,56,46,20,70,55,82,90,30,50,80,60,90,101,50,75,117,40,100,76,85,5,18,20,0,80,70,40,40,71,110,70,5,85,11,96,111,56,5,106,
Expert502	1	142217	4518	10418	15,55,21,40,30,60,60,60,60,35,96,105,45,15,27,30,65,95,70,30,5,53,60,70,0,80,37,20,10,5,55,20,90,91,41,105,10,105,
Expert503	1	139824	5120	2732	25,40,15,40,0,50,65,50,101,82,95,100,70,25,30,70,67,76,105,35,20,90,106,56,5,47,0,51,100,95,10,50,5,25,41,101,70,30,70,62,95,95,75,85,85,
Expert504	1	123385	3941	4346	30,0,30,0,100,71,80,45,25,10,90,70,45,107,62,101,25,95,15,60,5,36,20,55,35,0,65,12,60,5,30,50,80,96,70,5,5,20,
Expert505	1	112281	3607	5061	45,36,45,25,90,90,115,75,105,25,85,51,5,65,16,15,0,15,60,56,40,30,41,22,51,65,5,10,10,65,100,70,80,30,110,95,95,
Expert506	1	119429	4162	2730	70,26,41,0,50,0,95,85,50,61,70,36,16,95,105,95,105,105,50,46,86,20,50,6,70,22,1,41,56,61,80,70,56,5,46,5,25,25,80,101,11,
Expert507	1	121919	3900	12734	60,85,85,95,116,0,15,95,20,105,30,0,0,110,95,110,110,45,50,81,65,46,80,117,5,90,100,45,5,36,35,90,10,0,60,25,90,62,40,105,70,106,
Expert508	1	120195	4001	5090	35,45,51,25,100,75,101,97,60,6,62,1,91,71,90,25,56,55,40,70,55,95,96,5,42,0,92,52,105,106,95,96,
Expert509	1	117370	3855	8706	30,55,61,45,25,15,80,80,60,91,76,36,5,105,35,65,50,52,0,60,31,72,35,5,86,95,95,6,55,100,90,30,10,20,
Expert510	1	119184	3872	12124	36,90,100,26,115,16,66,45,125,15,45,126,50,50,75,5,82,70,80,0,90,56,11,111,56,121,5,85,75,40,31,85,120,20,40,20,
Expert511	1	136046	4719	5029	75,81,96,45,75,45,36,55,105,16,25,60,115,5,62,0,50,30,30,72,36,6,65,55,65,110,85,5,20,11,
Expert512	1	117754	4322	2015	55,15,31,65,40,71,70,106,15,45,37,115,25,105,41,75,6,75,50,63,0,70,50,51,70,0,81,92,15,85,7,45,100,20,
Expert513	1	126749	4007	2724	0,81,25,15,30,70,92,65,55,70,26,87,15,31,30,10,70,82,21,40,21,87,16,7,10,10,80,50,60,97,
Expert514	1	129942	4157	11111	1,60,70,125,100,91,25,125,135,135,110,46,36,135,90,61,5,55,80,75,100,81,90,50,110,125,6,66,130,31,
Expert515	1	121832	4166	4749	55,5,15,55,95,20,16,0,120,15,60,60,101,90,51,110,111,106,66,76,125,36,25,86,46,126,50,25,95,50,5,10,10,110,11,90,0,58,5,120,95,40,21,16,121,61,5,31,40,
Expert516	1	121439	3974	3877	5,17,0,55,20,62,50,105,71,106,45,15,51,96,65,25,35,25,25,60,55,60,5,10,11,50,50,40,75,100,100,95,
Expert517	1	109193	3452	5503	6,25,15,30,30,41,120,85,90,60,117,85,95,60,75,15,75,26,25,50,70,80,16,1,70,50,92,80,125,45,90,5,100,110,100,126,
Expert518	1	130935	4135	6664	85,61,90,100,55,75,35,25,25,25,70,40,95,5,16,16,90,75,55,0,20,45,22,70,40,96,5,90,12,50,90,100,75,86,30,60,76,
Expert519	1	127967	4028	21328	90,55,60,15,0,40,40,25,105,0,60,60,35,16,81,75,80,15,80,5,66,47,10,110,0,85,11,10,20,100,80,55,60,111,30,65,5,105,40,70,100,5,90,107,
Expert520	1	125025	3974	8344	0,115,15,20,0,60,75,30,90,85,90,90,86,65,70,100,126,5,125,25,65,55,27,10,0,50,61,120,30,60,70,60,81,120,46,105,45,76,5,96,
Expert521	1	139764	4383	5726	50,92,85,45,36,25,26,30,50,65,80,105,5,95,18,90,75,0,85,55,23,50,40,80,95,10,5,10,100,10,90,85,30,86,
Expert522	1	129466	4147	8345	0,35,25,15,0,51,105,40,90,105,0,90,105,71,65,85,65,65,75,5,46,45,10,0,72,60,80,100,110,97,100,25,50,36,
Expert523	1	125343	4016	10203	120,66,85,36,5,15,16,20,0,30,30,80,110,61,106,96,75,15,81,35,45,50,52,120,30,120,85,40,60,85,86,70,10,91,45,37,55,45,45,81,65,56,6,71,80,65,40,100,127,
Expert524	1	168784	5291	14153	35,21,90,35,5,65,16,20,101,40,50,66,110,30,95,15,65,70,20,97,40,75,60,15,35,0,115,62,71,31,80,25,81,55,75,115,90,91,55,75,45,26,45,107,31,65,5,12,80,10,55,51,25,60,0,35,90,36,100,55,35,21,65,100,5,16,115,26,22,100,110,41,115,
Expert525	1	229820	7389	9137	51,80,5,80,110,120,66,71,15,81,100,0,55,90,20,21,30,70,60,125,10,40,125,90,60,70,116,100,115,56,5,125,55,85,75,86,20,85,70,0,51,51,111,120,5,75,81,105,110,125,65,95,
Expert526	1	127858	4045	7562	120,85,105,120,75,45,105,0,15,110,120,95,45,85,65,50,37,15,60,27,10,125,55,115,40,10,5,42,0,15,50,110,110,15,70,21,15,120,65,5,32,80,45,110,60,126,100,30,6,125,
Expert527	1	123864	4182	4049	40,40,5,85,92,90,130,80,0,120,56,16,45,20,45,32,70,60,70,111,21,11,50,60,50,101,127,45,137,5,45,95,20,85,95,96,30,0,80,42,120,85,40,5,91,120,105,120,55,115,
Expert528	1	150223	4765	4231	115,36,5,65,16,120,40,70,15,100,90,40,0,15,70,60,80,31,80,91,80,75,56,26,75,46,115,106,127,105,30,65,30,5,13,80,60,0,37,5,120,15,90,35,65,101,115,120,15,100,120,40,40,20,5,20,
Expert529	1	150212	4824	2721	61,20,45,90,70,50,90,100,100,125,70,30,50,81,117,45,125,125,45,65,5,18,0,60,40,40,111,120,86,20,56,105,95,95,40,40,5,65,11,110,120,75,10,105,6,60,46,90,51,
Expert530	1	130852	4107	20844	116,0,15,25,105,30,106,15,46,0,61,60,5,55,35,37,0,65,100,50,65,100,41,10,25,100,20,40,60,111,58,65,30,15,105,35,46,65,15,20,6,31,25,71,81,20,65,15,51,31,70,51,10,25,26,115,60,91,110,117,
Expert531	1	164128	5275	5636	90,40,80,26,5,55,100,16,90,30,57,60,20,86,86,25,65,50,30,51,16,50,0,60,21,60,72,65,45,35,106,65,35,97,21,5,55,13,0,70,25,50,27,90,5,55,16,45,90,90,30,60,30,80,105,
Expert532	1	143631	4867	8355	36,5,51,5,61,71,80,125,115,50,107,85,25,75,75,67,71,0,0,80,100,80,90,45,15,116,45,15,35,81,76,6,60,61,70,60,100,91,1,70,86,30,110,85,6,65,20,110,100,11,
Expert533	1	162397	5187	10189	70,40,90,35,81,115,105,15,80,115,55,60,125,23,120,40,10,90,30,65,75,76,35,80,35,66,125,50,100,126,7,51,122,62,30,127,1,30,70,25,50,110,0,121,75,72,70,35,95,125,115,125,
Expert534	1	174359	5531	8662	100,120,20,66,70,30,45,116,50,71,70,61,55,81,105,105,125,110,41,91,105,126,56,75,5,16,16,70,0,110,51,120,20,120,101,85,96,46,116,51,75,5,11,100,120,10,65,70,6,56,85,110,40,65,40,
Expert535	1	167033	5355	12846	80,110,65,15,70,125,70,92,75,100,75,60,115,116,85,65,71,55,125,70,25,45,125,95,35,15,36,40,40,5,75,81,81,0,55,70,60,60,101,15,50,95,100,65,5,6,45,120,20,
Expert536	1	152948	4973	11646	55,5,16,20,120,61,91,112,15,0,50,101,100,85,96,45,76,85,35,66,45,125,35,126,25,50,25,50,5,110,10,100,10,10,115,0,57,120,5,21,16,120,31,120,70,40,40,61,
Expert537	1	211606	6787	12832	1,35,25,55,120,15,110,111,120,80,80,90,100,66,45,80,126,25,116,80,50,125,70,100,115,0,10,71,70,121,5,90,37,90,125,125,6,75,15,75,55,110,111,90,101,76,120,1,120,120,85,86,6,20,40,
Expert538	1	130192	4124	9054	70,95,45,85,65,25,26,40,0,16,30,70,31,10,121,70,45,46,105,66,20,16,5,80,15,110,40,40,20,125,105,35,21,40,50,10,80,0,10,60,60,70,91,60,15,126,
Expert539	1	135288	4871	2294	40,60,75,91,86,56,30,26,42,60,90,20,71,101,85,70,97,76,25,46,45,20,71,91,80,20,106,65,5,65,45,35,90,76,90,110,110,6,50,50,82,56,0,70,0,70,95,96,5,30,40,61,
Expert540	1	122847	3885	3048	25,35,116,120,40,105,50,75,75,75,55,55,5,17,0,45,112,120,62,125,115,116,40,25,5,10,11,0,60,50,80,50,71,125,105,70,125,55,5,25,6,95,45,110,30,
Expert541	1	141808	4624	12213	111,75,50,96,105,5,40,40,15,50,60,85,86,65,55,46,100,45,50,0,90,61,70,71,95,81,10,105,35,35,26,115,115,106,60,15,15,55,60,5,43,80,70,0,95,65,50,66,101,10,10,5,21,
Expert542	1	169578	5462	6718	45,25,45,5,25,15,110,75,17,70,0,40,120,51,80,80,40,91,90,102,65,86,56,115,65,125,125,36,116,125,25,41,5,75,13,70,0,45,100,45,90,46,120,30,110,120,5,15,75,15,111,120,30,51,
Expert543	1	142303	4781	7947	15,30,40,125,80,100,55,126,75,20,0,65,81,80,45,115,71,90,35,115,120,35,105,15,35,71,41,6,86,63,120,80,0,115,46,90,45,30,6,11,
Expert544	1	114772	3911	4023	41,65,5,71,80,70,100,55,91,70,15,0,45,21,30,20,60,10,50,80,106,105,47,5,65,75,20,76,0,75,60,43,100,95,65,70,5,70,101,56,95,85,
Expert545	1	138149	4486	7450	40,41,50,67,15,40,2,82,30,61,55,57,66,5,48,0,25,61,75,10,60,32,85,65,18,80,60,37,67,5,43,0,50,60,61,75,32,75,65,51,26,50,87,66,
Expert546	1	201007	6328	5213	40,55,82,90,50,45,45,0,35,25,0,15,80,0,40,60,98,45,65,5,85,10,20,30,5,5,41,55,87,50,45,45,1,0,40,35,25,41,55,5,81,100,120,80,50,60,60,71,35,115,25,90,115,115,60,90,35,
Expert547	1	179670	5629	23052	110,80,37,5,41,85,60,50,17,86,0,40,121,32,80,65,50,80,115,90,90,102,76,110,65,96,25,85,65,85,55,35,85,127,55,45,46,30,30,5,12,115,0,110,35,100,121,36,5,15,41,120,20,51,
Expert548	1	211950	6701	21978	40,40,80,120,0,120,60,91,56,70,100,101,75,50,50,126,125,95,96,65,55,100,5,5,16,16,0,30,51,85,70,65,106,72,0,60,60,91,116,120,55,37,60,25,106,50,76,10,120,115,25,100,60,50,
Expert549	1	194548	6091	20901	41,50,60,75,15,41,76,1,90,91,0,70,70,67,57,65,76,30,5,48,0,10,70,86,71,30,25,31,75,95,18,61,70,90,80,37,65,77,5,65,55,42,40,0,50,72,32,36,52,30,30,76,62,27,96,60,71,85,91,85,77,20,5,97,
Expert550	1	126482	4120	1622	105,45,120,25,50,105,15,121,60,60,81,76,105,80,65,35,36,65,125,5,55,40,115,42,0,50,31,100,100,70,100,71,36,5,45,110,120,60,60,87,66,127,6,10,20,
Expert551	1	120570	3963	5397	41,75,5,100,82,120,56,15,80,20,15,70,110,0,45,45,30,31,10,21,110,50,60,10,60,91,105,110,50,105,127,46,5,75,86,86,30,20,70,0,40,40,40,40,75,5,80,115,80,120,121,115,115,95,55,
Expert552	1	120404	3909	7812	25,40,120,90,56,75,115,105,40,15,0,60,85,86,65,5,45,100,46,0,110,70,20,61,50,71,80,95,80,115,115,105,106,36,115,60,6,5,65,100,100,10,
Expert553	1	151188	4753	11236	135,120,115,81,45,55,61,20,120,30,71,91,136,46,5,15,85,20,60,30,50,15,60,85,120,85,15,0,42,80,130,125,96,130,35,40,125,5,10,110,130,125,80,56,
Expert554	1	146601	4698	7010	35,5,51,60,115,70,97,125,25,75,65,56,0,55,60,71,80,91,80,116,46,16,107,35,35,71,5,65,52,80,60,50,0,77,31,100,20,5,10,55,40,101,10,
Expert555	1	151289	4781	11672	85,60,70,20,30,102,75,50,75,90,91,70,80,125,80,126,115,115,46,5,115,45,65,15,15,16,0,60,42,70,105,121,111,20,40,106,75,65,85,10,85,75,5,11,120,96,
Expert556	1	133782	4278	14670	110,80,35,40,36,5,15,110,40,51,90,85,90,100,17,0,80,31,75,75,101,65,96,56,25,46,30,117,85,10,30,5,11,100,65,10,80,0,25,38,5,15,111,41,110,51,21,
Expert557	1	152685	4825	8153	35,40,25,41,111,125,30,75,15,110,60,60,81,90,55,75,61,115,35,35,5,126,35,65,45,105,53,60,0,31,72,35,122,116,45,5,55,100,5,85,10,20,
Expert558	1	150767	4754	7326	30,80,75,80,45,5,105,18,80,0,20,90,106,52,102,40,71,95,70,40,62,46,25,87,50,105,5,10,10,11,0,55,81,60,90,70,106,56,5,55,101,97,15,80,30,20,
Expert559	1	222582	6982	7817	105,65,15,110,40,85,75,56,1,110,75,92,70,25,115,35,15,15,90,15,20,6,120,50,50,70,80,101,100,85,75,125,56,115,1,25,95,12,30,20,111,75,96,5,120,100,95,70,117,
Expert560	1	186710	5887	15858	5,26,25,60,0,85,90,126,40,91,80,100,25,55,125,55,75,82,70,116,35,95,46,0,72,120,5,15,105,35,65,45,91,5,85,85,22,120,115,15,20,10,80,0,97,40,30,10,61,
Expert561	1	310891	9782	18579	40,0,75,120,0,30,0,15,45,105,21,120,120,116,95,47,111,50,70,70,65,110,105,15,5,95,16,116,80,5,82,111,10,0,100,10,10,90,76,117,0,41,40,110,101,111,15,125,91,10,70,25,15,126,40,15,
Expert562	1	111406	3498	3072	30,1,110,15,20,20,65,111,106,70,87,75,55,102,60,16,40,85,5,15,106,38,0,101,12,20,106,80,65,105,70,80,30,50,81,10,5,31,75,101,115,116,
Expert563	1	138628	4339	16757	55,61,110,45,35,110,70,47,75,115,115,67,111,50,72,80,40,116,106,70,55,62,41,110,125,80,110,126,55,55,80,76,5,17,75,20,60,0,53,5,71,85,10,122,117,30,95,46,80,5,85,90,35,85,
Expert564	1	122986	3886	2789	10,50,95,70,110,30,40,61,126,25,5,25,40,40,35,115,50,51,40,20,0,20,120,105,121,66,16,35,80,106,96,116,21,7,25,25,110,90,10,10,
Expert565	1	140091	4441	4347	25,50,25,0,50,60,60,36,40,72,45,31,66,65,55,36,55,42,31,40,51,62,75,35,15,85,35,15,95,95,106,105,50,45,86,50,5,21,21,40,0,56,100,60,56,5,95,45,26,100,100,81,10,80,75,10,
Expert566	1	174940	6176	2925	16,40,0,30,0,80,100,55,25,15,81,126,75,5,66,35,36,0,35,60,85,10,115,20,85,50,105,85,6,45,12,40,1,80,80,100,55,80,
Expert567	1	148749	4702	8013	85,75,92,60,20,30,50,70,70,125,81,102,117,75,126,47,65,5,15,16,0,15,60,42,110,70,20,110,121,107,75,85,40,5,65,11,85,75,110,120,96,
Expert568	1	138674	4429	3846	95,110,25,45,15,50,111,75,61,26,82,25,75,66,35,95,95,115,36,5,55,41,105,40,50,40,0,31,70,71,90,90,90,35,5,45,100,35,110,61,85,86,66,117,
Expert569	1	200332	6294	8720	80,40,26,110,55,5,16,100,15,30,57,60,90,0,30,20,86,86,25,65,50,15,45,50,50,50,61,21,72,115,82,65,35,115,65,45,95,95,35,107,95,20,45,20,55,10,80,5,12,115,0,50,70,27,91,5,100,15,25,100,55,15,100,90,31,
Expert570	1	188151	5885	7521	100,66,100,120,56,86,35,25,15,40,41,115,30,40,20,80,80,51,105,61,125,125,50,85,27,5,75,60,90,45,91,70,90,0,21,102,26,5,95,110,80,30,5,55,66,55,
Expert571	1	130941	4466	5416	30,50,30,5,75,81,110,90,45,80,80,15,0,35,22,10,50,60,60,40,90,70,115,115,101,115,35,35,5,35,85,75,86,0,85,70,31,20,31,75,110,5,105,81,111,45,95,
Expert572	1	207412	6524	6197	105,45,55,45,60,75,25,125,80,125,31,30,120,30,120,20,70,70,90,91,105,76,125,105,115,86,27,65,5,35,53,0,60,21,82,25,5,102,55,110,120,70,25,70,97,76,20,127,
Expert573	1	131192	4229	11825	70,110,41,5,72,100,55,0,55,60,45,62,90,50,45,15,22,80,10,50,81,30,90,107,117,45,5,45,65,78,60,85,0,42,65,20,70,40,5,70,102,55,5,70,85,95,
Expert574	1	131612	4330	5975	105,25,105,30,5,25,45,15,50,115,17,110,70,90,0,35,101,90,100,50,70,80,90,81,76,25,66,55,115,10,115,90,107,30,5,12,0,25,115,35,80,36,5,100,100,15,100,50,
Expert575	1	151756	4779	2816	70,26,80,45,5,16,90,30,45,15,80,100,46,20,50,0,78,55,80,25,30,42,50,105,50,15,40,21,61,60,71,105,70,56,35,35,96,85,95,85,20,45,10,85,20,5,11,40,70,60,10,0,28,45,5,90,16,91,82,105,31,
Expert576	1	112011	3576	6461	40,110,35,25,70,106,40,70,67,92,76,5,17,0,45,102,110,52,115,107,40,5,12,50,0,71,62,115,75,5,25,115,5,26,5,45,100,100,30,
Expert577	1	136875	4314	3447	65,100,25,120,15,56,115,85,35,41,40,30,80,50,51,105,85,36,5,126,35,75,90,46,91,70,30,90,0,30,102,35,35,80,5,95,110,10,56,20,
Expert578	1	136554	4494	8947	55,66,6,27,0,40,15,85,90,91,80,116,75,60,25,115,55,82,50,110,10,0,50,105,65,95,36,105,47,51,90,86,90,6,21,110,20,20,0,16,95,80,95,40,95,30,30,105,
Expert579	1	138830	4464	4171	110,60,60,45,20,100,71,100,97,30,125,51,80,110,80,126,46,65,5,15,17,20,60,40,90,0,40,121,85,85,55,55,115,105,105,41,5,65,115,11,120,75,10,6,60,46,101,30,51,
Expert580	1	170302	5373	2943	80,55,111,5,15,20,100,110,75,90,125,30,91,70,115,125,105,25,10,0,50,125,85,86,56,65,5,17,0,30,15,60,50,120,50,50,20,120,81,70,47,100,110,75,75,95,65,10,120,95,95,70,117,105,50,
Expert581	1	176430	5718	7184	31,5,90,50,80,65,90,73,116,0,100,35,45,15,60,21,20,50,80,10,35,40,107,36,5,65,76,75,0,20,75,60,33,65,101,5,85,110,70,70,100,95,45,95,
Expert582	1	167679	5454	7201	45,5,17,120,0,110,51,81,102,40,91,65,90,25,85,76,65,36,100,25,85,56,117,127,41,5,11,10,0,90,46,110,45,5,15,15,122,31,50,111,50,21,
Expert583	1	163248	5268	8910	65,75,30,40,1,111,0,45,15,21,50,110,106,95,47,100,101,15,71,95,16,6,105,105,83,101,10,1,11,90,76,107,42,100,101,70,115,91,116,25,40,5,16,
Expert584	1	156902	4929	10764	100,115,5,17,50,20,0,112,81,65,65,70,105,90,15,71,70,115,60,60,86,115,55,91,85,66,36,95,57,111,30,30,60,60,80,81,75,96,66,10,76,75,61,85,85,115,106,116,25,5,12,0,110,110,80,100,101,81,116,5,65,
Expert585	1	220416	6938	10640	25,61,100,55,25,70,5,45,85,15,35,96,100,110,25,60,36,40,75,16,95,60,1,41,30,115,105,65,105,40,6,12,65,90,70,30,0,20,20,52,81,116,65,25,
Expert586	1	110618	3625	4528	31,5,90,65,73,60,90,110,0,46,16,36,22,10,100,50,10,40,50,80,40,95,80,116,115,35,95,5,75,35,65,76,0,20,75,60,33,110,90,65,5,71,110,106,110,45,85,
Expert587	1	122321	4032	4801	46,75,5,15,15,120,15,110,50,50,15,0,81,70,41,100,90,100,91,66,100,25,35,86,56,116,115,35,25,35,127,41,5,75,10,10,100,11,90,0,70,48,5,75,111,120,120,20,15,15,20,110,120,51,
Expert588	1	128907	4138	2768	101,90,10,100,55,70,115,71,50,35,105,65,40,50,15,82,116,55,25,65,26,5,45,30,95,32,40,20,0,21,61,110,50,85,110,86,55,60,26,5,105,35,90,105,70,
Expert589	1	129250	4212	7324	100,35,45,25,25,112,125,65,70,90,86,126,56,72,51,120,81,115,95,115,35,105,45,106,51,35,5,75,60,120,120,115,6,55,20,61,70,55,100,41,
Expert590	1	166705	5541	2783	46,75,55,60,80,25,116,32,111,85,30,20,70,70,90,91,75,75,115,85,26,35,105,25,65,5,50,51,50,0,60,20,20,80,81,26,5,55,100,110,71,95,95,95,76,115,116,
Expert591	1	151908	4854	6722	40,75,80,100,100,40,5,80,120,55,81,0,55,15,15,30,45,70,45,22,31,11,60,50,60,90,50,125,110,125,90,125,45,5,106,85,20,45,75,86,30,85,70,0,43,120,75,80,5,80,121,55,101,116,95,
Expert592	1	176643	5631	7880	101,55,15,22,10,100,65,80,80,75,76,85,85,45,45,60,62,41,80,80,72,86,106,16,26,95,35,25,96,41,20,65,50,5,50,51,70,0,60,48,35,65,105,5,21,56,92,11,
Expert593	1	163155	5168	10572	40,35,81,0,15,102,110,55,55,60,95,35,96,65,75,51,116,45,50,15,28,110,70,10,107,10,55,5,32,30,50,0,61,71,70,45,65,115,95,5,115,85,
Expert594	1	160391	5157	14337	40,15,136,50,30,75,90,110,0,65,135,15,85,91,90,55,80,80,125,130,100,25,125,115,25,47,50,16,81,5,50,5,96,73,130,90,0,125,56,35,100,90,40,55,10,21,
Expert595	1	198419	6281	9495	15,95,25,41,0,101,67,105,105,5,45,10,46,0,102,75,45,51,50,35,85,105,18,80,75,100,55,56,40,71,107,5,42,0,100,101,51,50,105,85,62,106,11,85,30,85,20,
Expert596	1	221887	6947	9461	70,45,60,15,110,45,20,52,40,30,115,90,81,65,50,105,21,10,40,75,90,76,116,45,106,81,20,7,102,55,110,60,61,50,106,25,60,115,105,2,86,40,101,73,95,45,106,5,5,85,
Expert597	1	290336	9182	13530	50,50,5,71,70,120,0,55,65,15,110,22,40,65,10,83,90,101,61,125,30,116,90,125,125,56,5,55,75,85,75,76,80,20,0,51,115,120,51,5,120,85,72,105,95,120,66,
Expert598	1	125932	4174	8864	45,50,35,50,70,80,67,85,75,56,55,71,80,40,82,61,101,90,90,117,127,45,46,85,5,17,0,15,80,40,40,20,41,120,115,85,5,11,121,105,65,95,
Expert599	1	140617	4436	16812	115,0,16,96,20,0,36,51,105,95,50,5,25,45,25,25,25,0,40,56,30,31,110,10,91,100,50,45,110,47,55,60,15,20,35,71,55,15,15,35,6,61,55,20,41,115,115,20,41,50,10,81,111,107,116,20,95,115,
Expert600	1	144766	4750	2984	90,10,60,80,125,100,55,60,25,80,40,30,110,100,125,125,76,25,25,5,65,52,60,20,120,115,45,15,95,50,0,20,120,71,70,25,85,5,55,90,10,106,40,
Expert601	1	146420	4663	8221	30,61,80,70,115,80,105,55,60,35,136,21,20,80,20,30,65,131,50,76,66,36,40,100,90,35,61,85,5,50,25,50,135,125,50,0,60,31,115,72,136,35,5,55,120,5,105,85,10,5,40,
Expert602	1	141823	4647	2428	130,115,55,25,115,60,35,42,130,85,15,30,130,71,92,115,85,76,37,135,65,50,5,45,50,125,51,60,30,0,30,81,80,35,5,112,35,55,120,130,71,96,95,75,75,137,6,10,20,
Expert603	1	129631	4088	4921	51,60,45,110,80,45,110,0,35,75,90,25,15,50,125,1,90,40,87,45,5,55,10,85,95,20,30,6,41,65,57,60,46,1,35,0,25,40,40,40,91,70,80,115,65,50,25,5,80,51,120,90,60,70,100,116,36,
Expert604	1	172704	5529	5883	105,120,110,66,20,70,45,105,30,50,70,80,80,71,61,116,55,100,41,91,115,100,126,55,125,55,75,5,18,0,70,50,20,50,111,105,95,120,95,46,105,51,85,75,5,12,70,120,110,120,65,6,56,100,41,
Expert605	1	169239	5391	10194	55,36,5,55,85,15,16,120,60,20,60,91,15,0,110,80,50,50,102,111,96,66,76,35,126,35,45,45,125,50,25,25,85,30,50,5,11,110,100,11,0,55,20,35,80,57,85,5,16,21,120,121,41,61,
Expert606	1	174086	5510	16673	70,110,96,86,45,0,51,16,25,70,100,33,110,10,20,56,70,40,81,100,110,56,66,25,15,16,36,26,6,41,51,115,105,40,1,51,105,21,75,11,61,75,61,25,115,90,15,90,36,115,
Expert607	1	177136	5683	11397	40,95,96,65,40,5,83,110,55,0,45,15,60,100,22,45,10,50,115,30,70,116,46,5,90,85,20,65,85,85,100,85,0,60,41,105,41,5,65,82,110,106,111,55,75,
Expert608	1	172820	5520	6490	100,125,5,95,17,0,120,50,115,75,75,80,35,120,20,120,80,80,35,65,105,15,80,126,57,121,85,10,100,55,31,86,126,125,6,5,122,80,80,70,11,80,126,25,125,0,10,1,121,70,90,91,65,90,75,126,
Expert609	1	334693	10515	17202	101,110,51,5,72,0,110,65,55,65,80,90,15,80,22,10,40,80,61,105,90,80,35,106,116,115,57,85,5,75,76,20,0,75,80,52,110,85,50,95,30,5,110,100,71,105,110,35,35,66,
Expert610	1	135402	4579	2113	30,0,100,110,95,40,25,85,100,100,55,56,106,80,20,90,115,105,5,63,0,100,110,95,25,100,70,85,100,50,50,46,50,105,80,70,20,90,115,36,70,106,7,100,110,95,
Expert611	1	121006	3853	2218	86,85,20,10,1,0,60,100,25,80,115,45,50,25,90,115,25,5,30,70,15,81,115,25,90,55,15,90,61,101,55,55,20,110,110,75,55,106,95,10,40,110,105,5,60,5,30,
Expert612	1	147161	4740	3377	46,25,75,91,85,90,125,55,60,71,100,15,101,85,115,40,125,75,36,125,35,5,65,50,52,0,60,30,31,70,80,105,80,121,106,75,35,45,75,80,35,5,55,110,95,10,20,95,
Expert613	1	134115	4208	7446	40,15,75,40,0,25,50,50,100,85,101,95,35,17,50,90,105,5,45,65,115,25,47,100,0,55,95,12,90,105,40,10,50,30,5,20,40,40,100,95,110,60,20,96,
Expert614	1	135883	4280	2956	75,0,95,30,51,0,100,25,30,100,116,25,45,25,5,90,70,25,111,55,105,35,15,90,90,110,61,60,115,95,55,10,30,100,80,55,116,20,75,96,0,40,20,20,110,110,106,35,20,5,90,35,60,70,80,105,
Expert615	1	111695	4025	8329	40,15,102,50,70,40,5,71,55,105,90,10,110,111,65,70,105,57,60,116,36,1,105,0,75,15,25,45,35,15,15,70,5,30,110,100,100,110,65,50,95,15,20,5,30,50,30,30,0,50,45,60,60,80,96,81,65,5,45,
Expert616	1	116272	4054	7470	110,100,55,0,35,25,15,0,101,110,82,90,115,105,105,105,65,0,45,50,65,116,10,25,70,72,111,80,6,90,37,116,5,76,15,55,101,91,76,100,1,112,85,20,40,86,
Expert617	1	141654	4469	4752	90,90,105,31,85,65,40,41,55,30,96,85,0,25,15,106,26,5,82,50,25,92,75,65,16,15,70,96,85,95,20,55,86,0,20,21,91,5,82,102,45,90,77,36,45,
Expert618	1	194878	6150	11348	25,41,70,100,0,16,30,120,50,110,30,50,90,90,130,85,15,85,5,25,5,62,1,20,10,82,136,25,95,55,125,35,11,7,70,80,16,120,85,50,
Expert619	1	273735	8565	16499	55,105,5,111,15,75,120,45,90,55,110,67,16,20,0,52,30,95,61,15,70,70,81,60,80,55,25,75,35,75,35,115,25,126,116,26,51,30,65,70,100,45,5,11,11,0,60,55,80,111,90,56,5,15,100,110,30,45,125,
Expert620	1	255989	8015	18128	125,105,46,65,5,105,15,75,15,110,65,30,15,0,20,50,65,42,60,60,70,55,70,95,15,60,82,45,25,76,36,125,115,116,25,25,41,5,65,11,80,10,25,60,30,10,0,70,47,110,100,5,125,15,110,110,55,30,
Expert621	1	220202	6886	11698	110,35,40,5,50,70,40,85,36,115,90,100,5,15,25,90,100,15,115,27,16,111,1,30,30,40,80,30,115,75,116,60,40,61,80,111,110,105,106,95,36,70,95,75,60,7,65,90,55,51,
Expert622	1	212972	6705	6265	80,35,41,35,50,5,90,127,35,110,85,15,15,110,50,90,16,0,80,31,40,100,30,75,101,65,85,120,10,121,65,96,55,116,25,85,85,75,35,85,55,115,47,31,5,10,11,0,35,111,20,100,35,35,40,5,15,40,110,51,
Expert623	1	261004	8162	21784	26,0,16,45,115,30,80,0,60,80,126,116,45,61,55,5,38,50,0,66,42,10,60,110,56,110,70,90,121,30,85,90,85,20,56,15,66,65,16,45,51,5,45,32,5,70,125,25,115,71,50,10,20,0,10,80,26,50,60,100,25,0,65,61,82,65,100,15,126,
Expert624	1	262042	8244	9535	100,85,75,65,90,90,85,85,105,115,41,90,20,30,60,70,116,105,50,5,15,17,20,40,0,102,62,70,106,85,96,105,45,6,5,45,100,45,101,65,10,11,60,105,25,106,1,10,90,15,80,75,10,0,101,81,70,80,106,40,95,6,75,
Expert625	1	138801	4579	3490	95,55,126,110,125,106,60,85,15,16,21,40,105,2,35,45,27,40,6,10,101,11,80,0,65,100,120,121,51,90,115,25,50,126,50,5,17,0,55,20,110,125,70,60,85,105,106,0,45,20,21,40,30,5,100,80,65,50,120,116,5,115,
