Easy001	1	1000013	71573	172	0,35,12,21,36,
Easy002	1	1000044	59798	2305	6,20,30,5,50,47,
Easy003	1	1000148	42912	780	51,35,47,5,5,22,1,40,40,31,56,30,10,46,
Easy004	1	1000022	62717	488	45,55,20,10,5,30,5,46,
Easy005	1	1000249	43291	48	45,20,46,35,7,30,40,25,
Easy006	1	1001930	35250	1602	1,80,40,40,60,80,76,60,61,55,85,85,75,
Easy007	1	1000872	40334	2410	40,0,40,50,21,0,66,71,52,45,65,35,76,
Easy008	1	1000238	37657	2378	5,51,80,35,15,22,10,76,41,
Easy009	1	1000227	35910	2581	75,66,46,0,45,10,60,25,86,26,31,50,
Easy010	1	1000202	35284	590	30,1,26,61,75,25,5,30,41,61,
Easy011	1	1000384	35441	5990	65,10,20,20,1,70,40,65,52,75,5,65,
Easy012	1	1000384	35492	2370	0,0,15,60,22,70,72,10,40,80,6,5,55,
Easy013	1	1000119	33137	864	33,10,25,40,55,77,67,
Easy014	1	1000052	42959	7093	40,50,10,50,0,0,71,81,65,80,75,
Easy015	1	1000178	50817	291	30,30,52,1,15,15,0,20,36,22,31,40,40,11,
Easy016	1	1000230	40623	729	75,55,15,25,31,31,10,20,40,6,65,
Easy017	1	1000535	39882	132	0,0,15,75,80,90,15,20,21,10,95,30,85,70,10,30,
Easy018	1	1000196	34926	16466	1,31,50,30,21,20,11,41,76,50,66,65,20,75,30,
Easy019	1	1000533	49105	784	60,42,65,0,75,16,15,51,40,5,50,20,
Easy020	1	1000127	46803	964	0,90,85,15,70,91,61,51,35,46,35,50,60,97,
Easy021	1	1000239	86094	5768	10,61,20,43,25,25,30,56,65,66,
Easy022	1	1000284	35256	2376	61,0,16,70,85,71,22,31,61,15,5,41,
Easy023	1	1000349	37151	2096	25,65,0,25,0,30,31,6,75,40,80,65,50,65,
Easy024	1	1000400	33330	8953	5,80,71,81,40,65,65,25,35,65,
Easy025	1	1000173	39715	2298	0,70,50,31,40,11,30,75,6,65,
Easy026	1	1000118	35715	1597	27,65,17,30,57,30,5,40,71,66,
Easy027	1	1000475	45748	5144	76,0,17,65,25,30,31,40,20,50,
Easy028	1	1000686	42098	2196	1,31,43,66,50,65,35,6,25,
Easy029	1	1000147	35873	4189	40,30,40,5,15,71,20,30,65,66,
Easy030	1	1000573	35548	26607	50,0,70,0,40,60,50,62,55,45,70,35,6,86,85,
Easy031	1	1000241	33643	6193	30,6,71,40,40,80,51,80,20,67,5,10,
Easy032	1	1000986	33169	3521	0,80,51,65,75,10,21,50,30,85,
Easy033	1	1000436	42387	56	26,86,31,55,5,61,90,46,6,56,36,80,21,
Easy034	1	1000061	43381	2208	51,75,0,30,26,25,5,50,15,62,50,30,
Easy035	1	1001061	33824	2610	60,10,33,40,55,75,15,25,67,
Easy036	1	1000206	56129	993	50,65,66,46,20,45,10,21,60,70,30,55,56,
Easy037	1	1000269	44486	2376	5,5,70,5,95,15,80,15,25,50,26,80,30,10,40,90,75,75,60,75,
Easy038	1	1000548	33123	22236	10,30,41,75,81,51,61,30,20,76,
Easy039	1	1000026	38941	14874	40,30,0,75,50,40,52,26,80,35,76,45,
Easy040	1	1000194	46710	11250	45,10,45,20,50,5,50,70,67,
Easy041	1	1000339	42511	1492	40,75,60,76,1,15,20,21,10,5,31,
Easy042	1	1001099	33880	2996	70,30,40,55,0,60,32,65,10,5,75,55,
Easy043	1	1000174	67396	1680	45,0,25,90,70,90,50,51,35,86,96,
Easy044	1	1000110	40196	552	70,66,7,55,11,71,55,20,40,55,
Easy045	1	1000376	32800	4294	10,0,80,60,61,20,10,85,5,76,20,30,
Easy046	1	1000074	38933	442	60,10,0,20,85,21,85,30,40,5,50,76,75,
Easy047	1	1000358	44899	1246	72,65,0,65,45,25,30,15,70,31,30,20,10,
Easy048	1	1000187	34515	4854	21,20,20,66,40,30,75,65,50,76,5,11,
Easy049	1	1000444	38155	4372	50,0,25,15,33,10,50,5,20,40,
Easy050	1	1000389	34996	767	40,40,0,1,45,15,21,21,45,15,32,30,51,11,41,
Easy051	1	1000973	34415	1440	75,1,80,40,15,15,21,20,10,50,60,75,10,6,75,30,30,
Easy052	1	1000281	39973	3299	75,36,95,25,47,87,51,95,35,
Easy053	1	1001130	32493	1355	20,5,40,60,61,71,80,70,57,10,
Easy054	1	1000313	46896	338	40,55,60,40,75,56,6,15,41,60,21,
Easy055	1	1000627	38118	5849	76,85,40,25,30,0,16,30,30,20,15,51,
Easy056	1	1000379	43653	1300	25,30,80,50,50,70,71,56,85,35,66,85,20,85,70,35,
Easy057	1	1000523	35258	6765	71,35,42,35,20,35,76,10,65,50,10,40,65,65,
Easy058	1	1000364	39765	6126	0,45,27,71,5,16,70,31,5,50,60,85,
Easy059	1	1000736	38179	11574	100,56,25,0,25,16,42,31,70,61,20,30,70,15,20,
Easy060	1	1000214	51016	412	77,30,51,2,55,15,21,20,20,50,40,10,
Easy061	1	1000335	37788	4558	10,20,30,75,30,41,52,75,45,75,67,
Easy062	1	1000883	34857	5677	45,10,71,50,31,45,25,5,60,70,30,55,45,55,
Easy063	1	1000524	34072	549	1,30,41,30,61,53,26,61,45,36,5,45,16,
Easy064	1	1000159	49742	884	75,0,51,75,67,0,50,15,22,50,10,5,30,
Easy065	1	1000078	70800	966	65,40,25,66,31,5,40,70,5,50,25,
Easy066	1	1000172	41602	828	70,70,35,35,0,25,40,0,41,40,60,30,77,
Easy067	1	1000153	42215	2699	30,20,55,20,55,60,70,11,40,87,55,
Easy068	1	1001212	34447	3302	25,0,15,71,70,15,30,61,61,85,31,15,21,5,41,
Easy069	1	1000027	47162	1245	80,70,80,10,35,70,26,40,41,20,50,30,60,87,
Easy070	1	1000171	38385	5995	15,55,71,5,45,61,70,25,35,55,55,
Easy071	1	1001177	32992	1539	0,50,17,72,20,40,35,61,85,5,20,
Easy072	1	1000276	38537	8644	5,70,16,61,40,70,31,30,57,40,75,40,25,75,
Easy073	1	1000976	48254	300	66,56,77,0,0,25,85,30,15,32,20,10,85,40,
Easy074	1	1000199	45090	4256	11,30,10,30,20,5,5,41,70,65,65,
Easy075	1	1000267	35883	902	32,65,1,65,16,75,20,40,80,50,65,15,
Easy076	1	1000362	36939	4752	71,5,70,45,16,50,60,32,46,66,25,
Easy077	1	1000252	38021	19219	30,5,20,16,90,41,50,51,60,70,87,
Easy078	1	1000605	36892	1911	10,0,41,36,40,25,50,65,70,66,
Easy079	1	1000113	69934	1280	65,65,15,65,20,30,30,6,5,35,60,10,
Easy080	1	1000471	36461	12825	81,5,15,71,80,40,65,55,35,66,20,
Easy081	1	1000153	52049	1850	70,0,0,90,55,70,45,80,90,82,55,75,96,65,
Easy082	1	1000269	58654	4132	20,72,65,45,30,15,21,20,10,6,70,
Easy083	1	1000371	33219	8688	0,30,40,70,50,65,40,40,40,51,81,25,65,80,76,
Easy084	1	1000638	47928	343	45,0,77,1,50,15,25,33,10,50,20,
Easy085	1	1000276	35276	2332	45,35,61,60,30,70,90,55,45,90,85,10,85,90,85,5,5,20,
Easy086	1	1000524	34430	5008	65,5,70,15,70,81,30,25,55,66,
Easy087	1	1000740	35138	14395	10,20,0,70,30,40,52,67,75,
Easy088	1	1000598	35613	4599	66,1,51,20,15,20,75,30,80,40,20,65,
Easy089	1	1000411	32835	2291	0,15,21,70,20,40,60,10,62,5,45,30,55,77,
Easy090	1	1000082	35385	8373	60,95,95,1,35,25,0,92,51,50,95,95,95,70,36,80,105,
Easy091	1	1000352	64881	1822	16,50,30,30,1,70,20,52,65,75,
Easy092	1	1000224	52894	2076	0,46,30,66,77,0,15,22,10,6,30,
Easy093	1	1000295	49776	510	50,66,76,21,0,0,80,52,65,35,85,
Easy094	1	1001255	40801	6576	10,75,0,55,0,60,21,30,55,40,55,20,
Easy095	1	1000382	42233	122	11,35,55,56,41,6,5,45,45,50,30,20,30,
Easy096	1	1000597	34215	7952	0,15,15,21,60,71,40,42,56,70,35,15,66,
Easy097	1	1000211	32621	885	60,31,50,75,75,40,30,40,30,66,75,10,20,65,
Easy098	1	1000214	35108	5575	0,35,17,70,71,61,60,21,40,6,50,5,85,
Easy099	1	1001109	37734	4878	70,87,0,1,80,50,60,80,62,86,55,6,45,
Easy100	1	1000513	45832	705	31,0,0,62,16,70,85,15,20,60,6,35,70,41,
Easy101	1	1000088	35606	3590	50,67,1,70,0,61,70,41,40,40,75,35,65,65,75,
Easy102	1	1000843	43479	640	17,40,60,60,1,25,0,65,31,30,30,20,50,60,
Easy103	1	1000877	61978	1239	75,30,60,42,65,35,75,35,5,15,50,20,40,
Easy104	1	1001074	33797	2146	75,50,86,40,85,76,1,51,60,35,50,
Easy105	1	1000585	44671	7935	1,41,60,60,70,40,51,72,55,26,30,65,
Easy106	1	1001564	32764	12267	50,40,65,80,31,30,85,85,25,75,75,
Easy107	1	1000282	52479	684	75,0,65,65,65,0,15,21,21,10,41,30,
Easy108	1	1000562	35702	1483	66,0,30,80,90,43,95,95,35,25,
Easy109	1	1001171	40818	2608	20,30,0,20,30,60,60,81,72,55,70,65,86,45,
Easy110	1	1000499	65150	1429	35,25,50,1,90,45,50,90,63,35,45,55,96,
Easy111	1	1000478	53339	681	50,95,60,76,85,40,1,0,45,15,20,20,21,40,5,10,50,
Easy112	1	1001605	37093	2136	25,1,40,40,50,85,40,25,70,25,50,36,
Easy113	1	1000327	39379	2521	10,20,40,60,85,40,76,20,10,30,30,50,85,85,75,
Easy114	1	1000572	38825	6762	50,0,50,0,30,62,55,60,35,35,55,40,6,26,40,15,15,
Easy115	1	1000185	43995	310	85,75,55,25,55,30,105,97,0,15,32,40,20,10,
Easy116	1	1001076	33240	6355	1,75,10,21,80,55,60,40,20,6,76,
Easy117	1	1000381	47866	4984	31,25,75,50,1,25,63,6,50,80,25,80,46,
Easy118	1	1000322	38274	1924	10,30,61,95,20,71,81,80,96,75,5,46,50,
Easy119	1	1000684	37180	4644	76,46,0,30,50,86,0,27,30,50,
Easy120	1	1000151	48815	9059	30,70,30,52,45,35,45,85,60,85,10,77,50,
Easy121	1	1000158	40139	296	41,75,65,1,40,30,25,26,6,15,51,40,30,
Easy122	1	1000190	54291	372	25,85,40,30,6,25,96,52,60,60,70,25,70,90,46,
Easy123	1	1000310	39675	7817	85,1,61,51,72,65,70,55,45,86,
Easy124	1	1000435	55607	811	65,55,55,40,77,20,1,40,15,21,20,31,10,
Easy125	1	1001817	34418	3643	40,1,80,60,90,15,20,50,21,10,77,30,
Easy126	1	1000734	60700	3514	45,66,0,65,0,15,55,71,46,20,30,16,
Easy127	1	1001011	34025	1746	10,70,60,31,51,60,60,81,60,45,55,5,80,76,
Easy128	1	1001538	57668	1250	105,75,115,97,85,1,35,25,41,40,115,50,30,26,60,
Easy129	1	1001017	38768	15201	30,0,41,65,0,30,51,77,51,45,35,66,
Easy130	1	1001450	32566	13892	60,0,61,30,85,20,60,16,70,56,20,15,5,30,86,30,
Easy131	1	1000777	83303	3780	75,76,20,1,51,61,35,50,45,
Easy132	1	1001764	37924	1736	0,50,50,35,46,35,81,25,80,75,75,65,66,51,45,35,
Easy133	1	1000376	33819	9354	45,20,50,0,61,30,60,80,71,95,60,105,81,96,
Easy134	1	1000462	32571	3268	60,0,90,85,16,21,30,50,85,20,41,70,30,10,10,85,
Easy135	1	1000848	52246	386	35,26,40,5,15,50,65,85,16,0,45,22,40,50,6,30,
Easy136	1	1000525	55916	2694	66,50,15,65,30,40,20,31,60,70,57,
Easy137	1	1000569	33141	638	51,85,75,10,20,30,40,60,86,75,10,20,40,
Easy138	1	1000499	32959	6762	1,90,70,15,45,20,30,20,90,20,10,90,52,87,97,
Easy139	1	1000060	60960	3993	5,70,20,36,5,56,20,16,80,41,
Easy140	1	1000475	36615	4831	61,0,60,26,85,40,25,71,40,5,60,15,70,30,
Easy141	1	1000070	38284	1596	80,25,25,15,80,31,51,62,25,55,6,45,
Easy142	1	1000974	48332	1670	76,45,67,0,16,20,21,30,10,10,75,6,30,
Easy143	1	1000274	49813	2589	41,0,50,70,70,20,0,15,85,70,20,16,30,70,
Easy144	1	1000836	32307	2838	75,40,0,65,30,51,26,30,65,81,30,65,76,
Easy145	1	1001410	34322	11534	0,20,45,10,31,50,80,63,85,75,
Easy146	1	1000223	40123	1614	10,40,60,60,81,92,85,1,26,30,25,6,50,71,
Easy147	1	1001014	39056	4634	75,65,10,10,30,5,30,80,25,
Easy148	1	1001908	32292	2554	50,65,70,50,15,20,45,65,21,50,65,71,10,10,5,50,85,
Easy149	1	1002094	35892	1089	70,51,0,50,75,85,16,62,15,5,20,30,6,50,
Easy150	1	1001725	33943	18366	37,0,85,85,90,25,46,50,60,72,85,25,70,95,50,
Easy151	1	1000713	58204	456	5,60,77,66,56,85,86,1,25,0,30,40,15,31,20,30,10,
Easy152	1	1000112	37984	1875	55,26,0,41,70,35,71,55,36,66,25,10,55,65,41,
Easy153	1	1000382	33175	7914	60,40,76,75,1,80,0,71,80,51,51,86,35,76,
Easy154	1	1002807	32868	2841	55,30,65,56,2,50,70,43,66,75,55,
Easy155	1	1000823	36886	1519	50,60,10,60,60,50,71,82,75,95,35,20,5,40,96,35,
Easy156	1	1000319	34070	9323	71,95,35,0,25,26,80,5,15,80,42,50,50,80,70,31,5,70,
Easy157	1	1000960	39313	1368	46,15,20,15,87,65,50,66,70,6,20,
Easy158	1	1000316	39485	9303	76,32,70,80,62,60,85,45,85,76,6,55,
Easy159	1	1001037	33389	12727	10,40,80,60,41,5,32,20,71,80,67,57,
Easy160	1	1000744	36608	2074	20,1,52,45,5,5,25,45,25,15,85,30,60,70,90,86,
Easy161	1	1000123	32799	7022	30,40,5,15,20,51,5,20,30,61,85,40,86,
Easy162	1	1000123	37998	25559	40,40,25,40,1,50,60,50,60,73,35,65,25,55,
Easy163	1	1000347	37803	8990	40,0,90,72,95,6,85,15,20,5,50,30,50,
Easy164	1	1000472	32532	1992	20,10,70,20,50,65,80,80,5,65,30,40,50,65,
Easy165	1	1001562	33745	8102	0,30,0,80,30,80,51,43,50,25,76,85,50,85,5,35,
Easy166	1	1001543	32867	5019	30,40,80,0,50,40,51,85,26,92,85,76,50,45,
Easy167	1	1000117	58539	628	75,75,65,96,85,86,1,25,15,33,20,10,6,50,40,
Easy168	1	1000535	38807	1764	75,17,85,25,35,86,15,40,65,71,25,5,5,36,25,
Easy169	1	1001196	36101	3406	20,65,46,57,0,10,20,31,65,76,75,65,21,
Easy170	1	1000884	50076	575	87,67,55,1,25,0,30,15,40,30,30,30,20,10,
Easy171	1	1001244	32954	35298	11,70,80,52,20,70,40,32,76,67,81,75,
Easy172	1	1000715	32703	1989	61,55,95,15,60,85,23,30,10,85,75,85,30,6,60,
Easy173	1	1001387	40409	4242	25,0,15,82,60,43,0,50,85,35,10,50,60,60,60,35,20,55,86,
Easy174	1	1000995	55562	1456	26,6,30,71,16,70,30,40,50,65,
Easy175	1	1000622	35874	3489	0,26,25,5,15,15,72,30,40,62,30,6,50,85,
Easy176	1	1000537	34812	45799	0,75,0,26,31,81,53,85,75,25,62,5,85,75,45,
Easy177	1	1000952	33642	8789	36,40,0,90,85,50,60,26,35,72,85,70,95,50,85,
Easy178	1	1000642	32161	1327	10,30,61,55,76,40,60,20,75,60,20,30,86,
Easy179	1	1000529	35371	20579	0,42,60,60,0,51,70,72,55,5,65,5,25,25,35,
Easy180	1	1001075	33167	10538	0,90,45,71,45,15,15,31,85,22,70,50,50,95,30,11,
Easy181	1	1000108	32897	10605	55,60,0,33,42,15,20,65,72,5,65,5,56,
Easy182	1	1000899	40103	734	75,20,65,76,1,30,51,15,21,15,30,31,20,10,41,10,
Easy183	1	1000332	37514	3599	35,80,0,61,60,35,86,55,17,71,5,70,20,60,
Easy184	1	1000529	47498	824	15,95,15,40,61,1,15,25,0,65,33,60,50,20,
Easy185	1	1000296	45258	722	95,95,30,40,60,40,85,1,15,95,0,45,22,20,40,50,5,10,5,50,
Easy186	1	1001568	35628	1416	35,0,40,26,25,15,40,35,40,5,50,81,76,
Easy187	1	1000150	56939	1147	30,55,61,0,70,60,1,50,70,80,50,80,80,75,45,80,55,
Easy188	1	1000309	37721	7613	25,65,0,10,56,80,70,80,32,40,41,66,86,
Easy189	1	1000211	33884	2574	72,80,20,65,41,35,40,65,25,40,87,10,
Easy190	1	1002560	33002	1243	71,60,20,85,5,32,80,75,40,40,51,76,5,15,
Easy191	1	1000816	32861	2611	0,40,0,90,60,15,50,85,22,70,100,10,30,86,
Easy192	1	1002366	32604	7626	40,67,1,0,80,75,60,50,50,51,65,75,5,85,
Easy193	1	1002001	32331	22361	90,0,41,85,10,40,70,50,30,25,50,40,5,61,86,
Easy194	1	1000523	37242	1030	5,61,75,75,5,15,15,26,30,40,50,25,80,10,70,67,
Easy195	1	1000677	42256	11264	50,5,72,30,40,50,65,20,
Easy196	1	1000100	38318	9130	0,32,5,65,25,41,65,40,21,50,15,71,65,
Easy197	1	1001755	35645	1701	75,31,60,40,50,10,20,87,75,40,
Easy198	1	1001173	35681	22741	1,30,20,53,25,80,75,61,15,75,31,25,40,80,5,75,
Easy199	1	1002510	49734	2212	95,85,95,76,85,26,25,70,1,70,15,15,30,31,10,10,41,
Easy200	1	1001158	46185	1374	75,0,75,30,66,65,0,20,15,22,10,30,
Easy201	1	1000671	39182	2158	81,0,42,25,36,0,52,30,70,86,50,85,
Easy202	1	1000600	33135	456	30,15,57,30,60,23,66,40,77,65,51,10,
Easy203	1	1000675	39384	5222	30,70,20,60,52,85,50,75,10,36,
Easy204	1	1001687	32142	3668	10,20,61,70,56,95,30,86,30,95,6,60,10,20,60,
Easy205	1	1001251	49638	320	5,56,75,5,75,82,10,30,40,41,35,20,66,65,
Easy206	1	1000289	52530	2062	30,56,71,15,1,31,20,40,67,30,
Easy207	1	1000275	32741	1844	10,75,10,6,90,81,90,30,51,60,30,41,25,60,76,
Easy208	1	1000508	47004	3280	0,85,95,65,85,25,65,25,0,25,80,80,15,15,30,40,30,40,30,11,
Easy209	1	1000096	41797	6877	10,20,45,1,70,50,71,50,30,51,77,67,
Easy210	1	1000399	44613	2502	60,80,95,2,60,90,70,45,90,55,72,65,95,95,
Easy211	1	1000551	38448	765	25,41,60,71,60,55,56,65,35,15,70,45,23,10,40,70,
Easy212	1	1002735	38580	4550	30,10,20,10,0,0,72,30,30,41,53,45,67,30,75,76,
Easy213	1	1000503	34221	2712	80,105,50,60,35,25,81,50,60,72,96,65,36,
Easy214	1	1001009	49460	7881	65,85,66,0,17,26,71,40,6,30,
Easy215	1	1000729	34028	10135	45,0,51,10,60,90,60,50,5,75,75,36,86,75,
Easy216	1	1000270	37067	862	45,52,45,2,41,71,83,92,66,90,75,46,75,
Easy217	1	1000919	38587	2519	30,60,70,10,70,105,20,50,70,60,80,80,92,45,85,45,106,
Easy218	1	1000652	53072	3572	65,40,75,75,75,1,15,22,30,10,
Easy219	1	1000559	51364	8848	65,45,75,75,75,1,55,15,80,45,45,80,30,20,16,
Easy220	1	1001175	36044	5116	0,0,50,10,41,51,61,35,73,25,65,50,35,46,25,
Easy221	1	1001113	35582	1866	100,30,30,40,25,96,86,100,41,40,50,95,105,81,20,75,35,35,105,105,
Easy222	1	1000320	39586	1352	40,30,0,66,85,75,0,40,50,75,25,75,41,
Easy223	1	1000506	35217	5076	65,20,75,16,30,66,20,40,5,15,80,51,50,85,76,
Easy224	1	1000870	34419	537	80,106,2,100,40,55,61,100,73,65,105,105,65,50,6,46,
Easy225	1	1000152	32186	6057	81,5,71,10,31,41,21,57,67,
Easy226	1	1000179	35216	781	81,75,55,75,66,26,15,31,30,55,40,15,42,20,10,30,20,10,81,
Easy227	1	1001176	45664	794	82,75,45,45,25,105,96,95,0,15,31,80,30,20,30,10,51,
Easy228	1	1000679	33993	1510	1,72,21,20,65,20,40,65,75,31,42,35,65,76,5,57,
Easy229	1	1000662	34910	4930	40,10,76,10,30,20,60,50,80,97,80,75,20,6,30,
Easy230	1	1001468	47246	912	5,71,26,5,15,15,65,30,65,31,10,40,50,20,5,76,75,
Easy231	1	1001698	37854	690	0,95,16,95,100,20,30,60,20,100,70,85,30,41,50,86,50,15,
Easy232	1	1007722	32285	6106	0,15,61,40,50,15,20,75,80,60,30,40,15,30,6,75,
Easy233	1	1001197	41534	3967	35,15,55,75,17,60,71,26,25,95,96,35,35,40,
Easy234	1	1000960	35182	5210	20,50,61,15,61,35,40,55,40,85,75,76,20,5,85,85,16,
Easy235	1	1000255	40418	1022	40,36,25,40,61,51,73,55,35,65,
Easy236	1	1000153	38883	14950	45,60,53,1,35,86,41,62,45,90,35,5,5,85,
Easy237	1	1000199	37951	30613	70,5,25,15,16,30,20,1,15,50,51,80,60,96,
Easy238	1	1000757	42257	3148	75,35,25,10,40,60,76,0,62,81,56,36,
Easy239	1	1003057	40703	10882	0,31,25,25,80,10,55,40,75,61,30,80,75,
Easy240	1	1000322	37048	1388	25,0,81,15,30,51,61,61,46,86,5,55,26,
Easy241	1	1000837	37391	1343	10,30,50,50,60,25,96,95,77,82,10,
Easy242	1	1000558	46681	2821	85,96,0,26,25,0,40,81,16,30,31,50,11,50,
Easy243	1	1000221	43188	6426	5,35,25,10,5,70,35,80,25,40,41,50,20,30,60,76,5,75,
Easy244	1	1001774	35428	4937	0,0,11,70,71,22,65,20,31,43,35,65,75,65,76,57,
Easy245	1	1002782	33463	38628	1,81,50,15,20,20,80,50,50,41,30,61,76,60,40,20,10,87,75,
Easy246	1	1001020	39347	781	16,0,25,105,25,105,31,40,40,51,95,70,61,80,95,95,25,
Easy247	1	1002116	38546	847	46,45,35,36,85,25,77,50,60,92,85,50,
Easy248	1	1000270	32688	3621	1,80,15,60,90,22,10,40,50,77,30,
Easy249	1	1000194	31871	2654	41,10,40,10,20,50,40,65,35,77,87,
Easy250	1	1000153	48828	8313	40,25,67,0,75,0,40,41,51,5,80,76,35,
Easy251	1	1001322	43446	1219	105,55,1,15,80,15,30,31,22,11,41,
Easy252	1	1000562	34376	2104	75,75,1,30,25,30,85,40,90,50,75,41,80,36,
Easy253	1	1001476	42176	2757	41,75,51,36,95,75,81,10,60,96,75,5,80,50,50,40,40,10,
Easy254	1	1000948	46410	547	75,50,65,35,26,40,5,16,15,0,45,22,40,5,30,
Easy255	1	1000757	40897	3008	25,15,41,60,60,72,66,51,5,26,36,
Easy256	1	1003578	38314	10078	75,75,46,95,1,26,36,51,51,21,60,31,60,
Easy257	1	1000347	40918	6195	26,50,85,16,30,40,85,30,0,90,62,95,75,85,76,
Easy258	1	1005491	31807	2647	10,80,70,40,5,62,71,80,40,55,35,40,40,55,55,
Easy259	1	1000243	34664	9366	1,30,11,71,70,32,40,53,65,20,66,75,76,
Easy260	1	1000885	58894	446	85,45,2,76,75,50,81,50,62,60,86,55,6,45,
Easy261	1	1000400	32410	4708	5,70,50,80,35,25,40,41,50,15,20,30,75,61,80,75,75,
Easy262	1	1000061	32820	9383	0,61,50,15,90,75,75,23,75,30,10,5,86,
Easy263	1	1000281	31884	7342	25,0,15,31,30,30,50,10,41,60,90,86,20,
Easy264	1	1000269	37650	1519	10,81,96,75,55,55,75,27,30,71,90,86,40,100,60,85,
Easy265	1	1001209	32352	4602	30,60,55,41,80,40,15,20,80,70,80,66,56,
Easy266	1	1000910	40935	10665	65,20,0,10,0,40,30,40,53,35,75,45,76,
Easy267	1	1000550	50938	2634	25,40,6,95,16,15,1,15,90,45,22,90,71,40,70,80,55,5,70,
Easy268	1	1002084	39391	2219	70,40,30,85,20,10,60,31,40,50,30,76,86,75,
Easy269	1	1000172	34027	20168	5,10,60,75,41,20,80,50,40,70,67,6,30,
Easy270	1	1001300	42809	3737	75,15,15,66,20,20,0,40,30,90,52,85,95,76,
Easy271	1	1000344	52656	6848	5,15,70,65,15,5,22,0,71,31,42,35,66,
Easy272	1	1001089	143106	1069	85,16,85,35,25,35,40,25,40,51,1,90,70,85,71,95,7,15,
Easy273	1	1000242	59348	2158	75,57,40,67,0,0,30,30,40,30,25,30,5,6,76,
Easy274	1	1001282	34202	1168	35,25,35,56,60,60,70,100,90,80,70,82,35,101,75,5,95,95,
Easy275	1	1000310	51247	1496	51,40,75,35,76,35,5,17,0,30,20,71,30,55,45,30,
Easy276	1	1000328	31671	5307	30,20,50,61,0,72,32,41,86,15,
Easy277	1	1002279	34997	12321	40,60,20,0,20,0,40,50,85,85,90,90,50,35,51,96,45,
Easy278	1	1001509	39435	3326	95,20,31,86,61,20,105,85,0,70,96,52,5,71,45,65,
Easy279	1	1000331	32476	10673	5,70,51,35,65,10,70,85,42,50,80,66,75,90,76,
Easy280	1	1000830	39229	1698	35,45,26,60,55,55,6,16,15,0,65,22,30,60,40,
Easy281	1	1000820	32582	4351	80,30,60,50,45,75,15,30,92,50,60,60,85,60,75,75,55,85,
Easy282	1	1001456	39985	4964	67,0,15,22,40,10,6,50,80,76,
Easy283	1	1000145	36655	11558	20,0,20,91,65,80,53,35,86,35,95,95,5,46,
Easy284	1	1001478	36394	4417	35,75,96,66,25,80,105,81,61,91,36,106,25,55,55,61,
Easy285	1	1001920	32028	6048	72,41,51,36,80,66,10,65,51,10,41,
Easy286	1	1001629	47401	432	25,65,55,40,25,65,1,42,6,35,60,60,71,35,25,
Easy287	1	1001658	59666	737	85,105,75,85,105,97,0,17,0,35,40,25,60,42,20,30,6,50,
Easy288	1	1001457	36320	987	35,1,17,72,81,35,43,30,6,60,85,86,
Easy289	1	1000311	31824	10948	100,90,42,96,0,50,60,86,20,95,15,20,21,30,10,
Easy290	1	1002887	32885	2435	40,10,35,50,35,10,21,60,40,86,76,
Easy291	1	1000615	39228	25337	40,60,0,55,16,82,70,71,20,95,20,41,15,
Easy292	1	1000315	33745	38479	15,95,40,55,62,20,95,70,55,95,45,85,21,60,10,86,
Easy293	1	1001338	33161	1013	10,1,60,35,41,51,41,25,6,80,70,30,80,67,
Easy294	1	1001026	38151	1669	41,81,35,25,51,61,73,86,65,36,
Easy295	1	1000434	32494	6186	51,5,80,35,10,25,42,20,60,30,5,70,87,
Easy296	1	1002452	34693	2029	35,42,85,30,50,86,25,65,30,30,45,76,45,30,66,20,10,81,75,
Easy297	1	1001773	34147	753	75,75,55,25,65,0,0,31,30,40,6,60,70,56,
Easy298	1	1001650	36110	2448	21,11,6,80,80,41,50,60,35,91,50,60,76,
Easy299	1	1001064	32189	1533	50,60,50,30,95,50,85,15,45,22,50,20,75,10,5,30,86,
Easy300	1	1000582	38340	11838	56,0,0,35,25,91,15,40,0,85,50,72,35,70,85,55,96,85,6,35,
Easy301	1	1000239	31646	4404	60,10,76,22,0,75,55,10,40,80,42,72,5,81,65,66,
Easy302	1	1000339	41210	3284	1,81,60,61,70,45,45,85,0,86,51,70,71,55,55,82,66,
Easy303	1	1000540	41169	2635	40,60,25,10,30,25,40,97,76,80,60,30,75,
Easy304	1	1000272	44196	18246	20,50,95,0,77,0,85,50,42,61,35,86,5,51,
Easy305	1	1002874	46050	4309	90,20,30,40,40,72,83,66,45,95,20,45,35,96,5,70,35,
Easy306	1	1004091	32167	12635	90,62,20,10,0,31,70,40,40,50,85,50,31,85,
Easy307	1	1000302	41222	6707	30,55,30,25,80,41,60,61,45,85,75,20,60,75,55,86,5,55,45,36,
Easy308	1	1001546	32772	7568	10,30,10,0,70,41,51,41,66,50,82,76,25,65,
Easy309	1	1000855	37653	2212	0,60,25,15,30,25,60,70,50,70,71,65,45,55,25,
Easy310	1	1001433	46724	1932	7,10,80,90,50,36,26,41,40,60,20,30,70,95,96,
Easy311	1	1001517	35662	8506	85,21,30,50,40,60,75,15,90,30,50,62,90,55,86,45,76,
Easy312	1	1000819	32845	4554	1,90,15,21,15,30,40,50,31,10,60,20,10,70,6,86,40,
Easy313	1	1000865	54857	14809	65,86,0,27,6,70,15,70,30,40,
Easy314	1	1000321	37522	5304	80,25,5,43,25,16,70,81,31,65,55,66,30,85,56,86,
Easy315	1	1000539	75391	12071	85,60,45,20,85,50,76,85,1,52,6,60,35,
Easy316	1	1000254	39627	3410	61,35,25,70,41,50,50,71,86,70,55,65,85,36,
Easy317	1	1000816	32752	2104	25,61,75,55,80,76,80,31,60,5,15,60,80,30,21,95,
Easy318	1	1000975	37566	1389	75,85,20,90,45,75,75,85,85,1,15,52,22,60,40,30,95,10,50,96,
Easy319	1	1000306	40633	1464	80,10,55,80,45,60,60,71,92,55,90,75,85,
Easy320	1	1000826	33459	50002	0,20,10,92,50,0,33,41,62,51,76,96,50,45,75,87,95,
Easy321	1	1004074	32326	1429	80,81,10,90,10,105,105,30,5,60,5,31,100,60,70,70,41,51,25,95,96,
Easy322	1	1002715	48301	19583	0,20,80,51,46,90,60,72,65,41,56,5,85,86,
Easy323	1	1000596	36046	1302	75,55,35,25,40,6,17,1,45,22,40,30,
Easy324	1	1000482	39049	988	60,60,50,30,20,50,86,46,15,20,60,60,20,20,15,32,51,11,
Easy325	1	1000938	47574	1284	65,75,75,86,20,65,20,1,90,53,95,6,35,75,
Easy326	1	1000702	35516	10360	85,40,0,26,75,0,42,91,50,60,60,50,5,50,95,60,95,5,35,86,35,
Easy327	1	1002299	31988	1784	80,60,90,46,51,50,40,70,95,50,60,15,96,85,85,21,85,20,30,10,
Easy328	1	1004365	32378	6970	10,20,0,40,30,20,40,50,60,52,35,45,5,5,95,71,96,87,
Easy329	1	1000351	31918	4170	65,6,70,95,81,11,40,10,21,90,50,40,31,50,76,66,75,
Easy330	1	1001128	33927	240	40,5,70,65,55,26,31,5,40,65,70,56,65,
Easy331	1	1000723	34089	4367	10,30,30,51,81,40,105,90,10,105,70,40,70,105,90,65,91,75,85,
Easy332	1	1000668	37347	22494	90,105,45,25,2,101,100,62,71,105,83,55,75,106,
Easy333	1	1000457	38546	35087	30,1,50,61,50,73,87,55,65,6,45,
Easy334	1	1000210	46526	1078	6,70,25,15,65,71,40,51,25,35,25,80,35,
Easy335	1	1002454	32050	2617	30,70,10,95,80,20,40,65,40,50,65,65,5,50,21,90,77,
Easy336	1	1001840	39246	10201	10,0,30,0,60,80,50,75,51,85,5,21,75,
Easy337	1	1000240	31746	11899	40,30,95,0,20,85,15,20,61,55,21,85,61,95,10,95,30,
Easy338	1	1001252	34757	2603	0,70,95,25,101,60,85,100,52,61,107,36,80,45,20,45,
Easy339	1	1001851	51368	3279	85,76,26,85,30,30,0,0,45,90,62,95,85,
Easy340	1	1002240	60731	1070	1,25,75,15,75,75,81,31,40,41,35,40,25,86,15,
Easy341	1	1000448	48418	2958	76,75,0,66,65,43,50,0,33,50,87,25,
Easy342	1	1001341	33549	1231	60,76,0,75,25,31,30,20,0,70,20,41,55,65,40,25,70,56,
Easy343	1	1001118	62551	1516	25,40,35,1,26,67,71,41,40,35,75,75,
Easy344	1	1002128	34821	10558	16,85,70,30,85,40,6,40,30,40,80,51,75,60,91,60,76,20,
Easy345	1	1000987	46781	1215	5,15,20,45,80,90,45,36,5,50,60,51,70,30,40,95,96,
Easy346	1	1000478	54178	1455	36,5,61,56,76,96,75,60,1,15,0,20,40,65,20,21,10,60,
Easy347	1	1000618	41142	8222	0,55,77,0,15,25,40,86,33,20,40,10,
Easy348	1	1000856	44055	1122	45,70,70,95,105,2,100,95,95,50,100,61,61,55,45,106,
Easy349	1	1000477	33244	5447	85,15,15,50,30,1,25,40,15,25,61,85,70,15,100,41,85,25,
Easy350	1	1000659	33085	2382	5,15,70,31,41,85,52,60,60,45,5,86,20,
Easy351	1	1000348	35677	14086	45,85,95,85,101,15,21,51,62,55,70,35,96,
Easy352	1	1000376	56043	3297	0,45,67,80,45,55,0,45,15,71,16,20,30,
Easy353	1	1002865	46390	1150	30,55,25,65,1,85,30,40,0,66,20,41,56,35,75,20,20,
Easy354	1	1001491	36877	5927	95,85,65,75,46,95,1,86,25,30,50,65,25,25,
Easy355	1	1001023	35160	26628	80,20,0,60,16,31,80,52,61,45,76,86,50,15,
Easy356	1	1001024	46757	1215	5,15,80,90,45,20,90,45,36,5,52,30,40,60,95,70,96,
Easy357	1	1002421	33986	3188	5,61,35,71,85,41,90,20,40,80,77,20,
Easy358	1	1001603	32810	2814	75,80,15,21,80,65,31,41,66,80,76,40,57,
Easy359	1	1000594	36518	6129	30,45,20,55,102,60,80,10,95,0,0,60,61,6,70,95,95,
Easy360	1	1000619	32365	12240	20,85,15,5,31,40,100,40,52,60,45,71,86,96,
Easy361	1	1004763	41570	19496	60,15,20,0,60,0,70,45,50,50,72,55,85,85,65,
Easy362	1	1001097	32676	7897	0,81,65,20,15,30,20,30,43,53,35,65,86,75,75,6,65,
Easy363	1	1000571	35664	5215	85,25,30,50,0,70,61,70,71,90,65,5,55,86,46,
Easy364	1	1003822	52535	962	115,105,40,70,50,96,116,1,25,30,15,30,40,31,20,10,5,50,
Easy365	1	1003859	36283	12385	30,61,45,20,86,85,75,10,30,76,
Easy366	1	1001356	50462	2372	25,35,65,2,30,40,65,50,75,75,85,65,51,31,5,45,5,75,
Easy367	1	1003246	33168	4931	17,20,70,40,80,50,20,80,65,0,30,40,50,80,65,41,50,76,
Easy368	1	1001205	32998	4419	16,75,15,85,21,40,0,31,15,30,50,5,50,75,61,86,75,
Easy369	1	1000951	33991	2346	50,95,25,36,50,71,100,25,40,60,81,35,81,75,65,100,5,96,
Easy370	1	1001343	40603	7296	85,60,35,105,86,0,60,70,60,0,60,50,51,70,45,7,97,
Easy371	1	1000666	42931	8352	10,50,80,36,26,40,5,60,41,20,30,85,85,70,85,
Easy372	1	1001684	50529	1914	10,5,20,90,6,41,90,55,36,61,60,30,50,70,80,97,
Easy373	1	1000186	38857	20381	0,10,50,60,90,91,30,61,72,36,20,40,60,6,87,
Easy374	1	1000613	50985	604	35,66,35,0,0,71,25,55,35,70,81,45,45,45,85,85,77,5,5,50,5,20,
Easy375	1	1001137	33629	1318	20,0,17,80,45,5,26,81,30,72,50,60,95,30,
Easy376	1	1001639	37522	2352	61,45,51,30,87,61,77,6,10,20,
Easy377	1	1001436	33625	10555	80,75,30,10,30,80,50,41,50,51,85,45,61,75,60,5,75,85,20,
Easy378	1	1003161	33974	5219	21,15,55,91,85,30,20,90,31,100,17,55,40,60,107,
Easy379	1	1000320	41299	3665	10,20,0,90,51,46,60,71,70,65,41,56,5,97,
Easy380	1	1000150	39682	28347	30,0,0,16,40,40,81,61,76,55,61,86,15,
Easy381	1	1003921	33543	17207	56,45,0,35,45,1,81,25,52,62,36,86,76,
Easy382	1	1000832	33124	1755	75,15,40,95,0,65,80,65,0,80,23,30,5,75,50,75,
Easy383	1	1000465	37131	9400	65,25,0,40,75,40,95,86,0,32,51,75,5,66,50,75,45,
Easy384	1	1002621	39726	21816	70,51,91,47,15,95,21,50,30,60,95,20,70,95,10,
Easy385	1	1001070	32193	845	1,61,20,41,41,25,5,77,60,25,33,65,20,65,72,65,57,
Easy386	1	1001759	34226	9818	25,75,90,30,57,10,40,60,86,85,96,10,21,31,
Easy387	1	1006770	32147	5575	10,1,71,61,30,70,31,42,20,60,30,22,75,57,40,67,76,
Easy388	1	1002026	41080	2092	25,76,36,35,25,87,10,41,5,50,60,92,25,75,
Easy389	1	1001294	39714	2347	0,51,85,50,75,67,0,15,20,76,30,20,20,50,10,
Easy390	1	1001813	32255	2140	85,60,0,30,40,51,76,85,26,90,90,85,75,30,30,
Easy391	1	1001009	35166	3264	90,0,38,0,85,40,25,60,95,75,96,40,26,5,50,
Easy392	1	1002536	40940	3870	86,45,85,35,50,0,27,6,17,0,55,32,50,60,40,
Easy393	1	1000608	33604	5474	0,61,80,11,30,80,30,43,35,50,85,25,76,85,
Easy394	1	1000758	42359	5075	55,10,0,82,62,76,20,45,60,75,30,87,
Easy395	1	1001172	35288	6746	30,0,50,85,95,26,50,41,60,60,73,55,96,85,85,65,
Easy396	1	1000415	62018	944	40,75,85,50,66,85,30,85,1,15,22,20,10,40,30,
Easy397	1	1001319	39014	8568	35,80,52,5,15,50,35,20,15,70,81,42,65,85,86,6,66,
Easy398	1	1002046	48463	9674	5,30,5,15,70,85,15,26,25,10,10,80,75,30,30,81,1,41,52,75,45,75,
Easy399	1	1003037	39819	9783	61,76,50,25,75,30,40,52,45,71,67,
Easy400	1	1003505	32851	6594	85,16,60,25,30,1,15,60,41,60,91,71,86,15,60,26,40,
Easy401	1	1000922	33547	8403	90,40,0,15,72,20,50,63,16,55,85,35,5,85,
Easy402	1	1001136	38103	2736	35,25,25,50,40,5,5,17,1,55,20,45,21,50,20,40,5,5,30,
Easy403	1	1001258	32528	18048	80,30,30,52,42,96,15,75,35,86,20,21,50,85,40,10,
Easy404	1	1000817	45930	2066	40,55,95,77,1,25,80,26,5,5,15,30,80,40,
Easy405	1	1002970	31831	7576	85,20,52,46,60,96,10,10,75,95,50,20,86,20,
Easy406	1	1001199	40304	3468	61,0,25,60,70,81,55,35,35,35,50,86,75,20,85,
Easy407	1	1003227	53135	1276	65,95,65,55,95,85,75,75,30,86,1,15,20,0,35,21,40,20,30,10,
Easy408	1	1006009	32653	24192	0,80,0,95,10,10,95,33,5,90,21,91,43,5,51,71,86,85,
Easy409	1	1003725	34524	5692	25,81,50,51,60,97,87,2,60,81,72,45,65,70,86,
Easy410	1	1000315	36146	21045	35,1,80,50,70,0,51,30,80,40,41,40,35,86,5,67,
Easy411	1	1002588	35910	2579	0,51,91,25,30,60,15,30,25,60,71,71,25,65,55,5,45,
Easy412	1	1001066	33561	6460	20,5,81,15,50,80,20,50,60,35,71,61,96,55,
Easy413	1	1001661	45147	2415	75,20,50,40,30,65,76,1,15,22,40,10,
Easy414	1	1002428	37129	2988	40,20,0,50,71,82,100,80,75,101,56,60,6,97,30,
Easy415	1	1008224	39900	33627	85,75,75,40,66,75,25,1,41,50,85,40,85,
Easy416	1	1001205	32127	6973	70,10,85,45,45,55,61,20,30,96,61,6,50,40,81,95,
Easy417	1	1001956	39378	7278	0,15,80,81,35,25,41,60,60,70,36,71,55,66,55,97,70,15,15,
Easy418	1	1001790	78020	7256	96,35,70,85,86,1,61,60,5,55,70,45,
Easy419	1	1001538	48080	1943	35,40,26,51,5,15,16,0,55,22,50,5,30,
Easy420	1	1001469	50283	1179	65,106,96,95,16,40,1,25,30,15,0,45,32,40,50,20,
Easy421	1	1000084	33446	1976	75,25,35,62,25,40,5,60,15,55,15,15,75,0,45,22,40,30,75,
Easy422	1	1001486	33959	19396	55,60,60,71,80,105,15,30,60,51,81,80,55,45,5,75,91,106,
Easy423	1	1002619	32828	6830	50,80,91,15,35,25,5,41,60,75,50,40,20,60,30,87,
Easy424	1	1000663	39811	12456	5,81,15,65,50,80,31,15,15,25,40,50,75,
Easy425	1	1003244	34084	9782	60,45,35,25,25,90,50,35,60,73,46,65,35,80,96,
Easy426	1	1000412	32401	6960	75,20,0,92,35,20,35,50,40,65,85,0,41,75,75,50,50,40,30,30,97,
Easy427	1	1002821	32187	6646	85,60,60,40,0,85,40,55,15,96,20,15,95,22,11,61,30,5,30,
Easy428	1	1001462	35225	12769	25,0,15,30,60,50,82,95,66,70,80,56,5,70,26,45,45,
Easy429	1	1001055	34128	6808	65,0,41,95,50,75,85,0,75,75,25,31,51,66,30,45,
Easy430	1	1001198	32591	4385	35,41,0,26,51,111,63,116,80,20,20,30,55,55,106,115,
Easy431	1	1000394	34457	12627	10,10,31,40,71,40,60,80,60,82,65,90,75,55,7,107,
Easy432	1	1001103	60939	831	40,55,95,40,67,95,55,77,2,45,15,21,21,40,5,10,30,
Easy433	1	1000894	33102	2968	80,52,60,25,25,10,96,70,86,36,40,
Easy434	1	1001663	32565	5676	80,80,10,20,90,5,46,35,35,5,20,50,51,61,30,40,30,40,71,97,
Easy435	1	1001843	51066	4459	75,95,45,0,76,0,27,6,80,15,80,30,55,
Easy436	1	1001884	34379	24504	65,26,32,2,81,50,20,43,25,51,86,77,
Easy437	1	1001876	35563	5535	80,80,90,45,35,20,15,5,51,50,30,60,70,40,95,96,
Easy438	1	1001632	32122	69216	0,0,51,60,115,25,61,50,5,90,71,100,81,115,46,100,80,115,75,
Easy439	1	1002160	40213	3388	66,26,35,51,85,6,17,1,56,40,32,21,51,
Easy440	1	1001310	47303	14518	0,40,87,60,0,15,70,91,20,71,55,65,46,30,16,
Easy441	1	1000221	47853	1315	36,45,25,87,70,51,61,45,72,35,65,
Easy442	1	1002235	34232	3877	80,90,15,60,20,61,95,55,85,21,30,105,85,85,10,60,
Easy443	1	1002718	31766	7583	0,110,16,106,30,23,32,51,41,70,60,96,105,11,
Easy444	1	1001717	32401	4598	0,80,80,0,80,23,31,50,65,41,41,35,50,76,65,75,50,87,65,
Easy445	1	1001767	36569	372	20,0,15,61,30,30,51,75,60,20,16,6,5,10,70,55,
Easy446	1	1006070	31997	6155	80,90,30,90,60,32,10,50,40,41,75,87,97,20,
Easy447	1	1001492	31888	6642	40,21,15,50,60,6,91,60,70,40,50,70,86,35,85,
Easy448	1	1000478	52055	1057	51,45,85,0,75,67,0,20,15,22,30,51,10,
Easy449	1	1001569	37656	9038	35,2,85,40,60,30,61,45,45,50,96,105,31,7,51,40,80,95,
Easy450	1	1000320	34577	53014	50,30,92,1,50,40,63,85,86,45,55,77,
Easy451	1	1000912	54297	1005	80,40,75,30,60,95,96,75,75,1,15,22,10,6,30,
Easy452	1	1003399	34129	105586	15,31,15,40,20,60,1,60,50,80,73,95,55,107,96,65,
Easy453	1	1000535	47856	20557	55,65,87,0,55,75,65,25,90,65,25,25,6,15,90,40,30,
Easy454	1	1000928	44964	34705	85,70,105,40,56,1,15,25,30,70,31,105,20,16,60,
Easy455	1	1001418	37794	3539	95,25,66,73,105,60,60,90,56,45,60,60,5,5,26,
Easy456	1	1005746	34842	22954	15,75,30,55,67,0,80,30,42,85,76,85,31,25,
Easy457	1	1000847	46360	3085	65,50,0,75,20,50,95,75,75,0,15,22,51,30,40,10,
Easy458	1	1000970	35924	288	30,75,40,15,65,25,66,30,40,52,45,5,16,6,35,60,20,
Easy459	1	1000393	33372	30772	40,90,30,20,91,0,80,40,52,50,66,75,45,5,86,75,
Easy460	1	1002299	35502	14446	85,46,2,35,25,42,91,52,62,96,77,5,36,
Easy461	1	1001168	31708	58460	60,0,81,20,30,11,90,62,50,41,71,106,5,105,
Easy462	1	1001411	42092	593	45,16,16,20,51,45,110,105,111,70,1,70,80,105,90,35,71,5,5,105,
Easy463	1	1000353	34926	6289	16,30,1,85,26,46,51,95,60,100,70,16,85,50,5,25,
Easy464	1	1004030	31737	23399	100,40,80,10,80,0,40,30,51,70,25,40,80,60,95,70,40,95,
Easy465	1	1005838	33316	9897	10,55,60,40,60,41,80,25,75,5,32,70,81,55,55,66,65,
Easy466	1	1002060	37279	10714	20,30,0,20,11,0,82,30,75,30,41,50,50,30,75,66,50,50,65,87,45,7,75,
Easy467	1	1002274	41623	13477	55,0,70,0,90,55,60,10,81,91,111,105,35,81,40,5,105,75,
Easy468	1	1000487	47512	1776	75,30,85,46,50,65,85,75,75,66,1,15,20,30,21,10,
Easy469	1	1003113	33658	7790	30,50,85,25,30,70,50,60,0,41,86,60,61,45,5,55,70,95,95,
Easy470	1	1004349	31844	8736	60,85,90,90,30,90,70,15,60,105,55,20,86,21,31,11,
Easy471	1	1003351	35705	6097	36,65,25,5,25,70,52,65,70,85,42,91,65,90,35,80,77,
Easy472	1	1000220	32961	3367	5,15,80,31,41,40,51,95,70,70,62,20,96,55,
Easy473	1	1000440	68699	8543	56,85,75,85,40,30,76,55,85,1,17,20,40,
Easy474	1	1002829	36088	11308	10,60,0,21,20,77,43,6,30,80,31,71,80,51,10,67,
Easy475	1	1000854	32886	12233	45,50,10,35,1,50,73,5,20,90,61,80,105,5,105,105,
Easy476	1	1001112	33383	3874	66,30,45,65,0,31,81,75,25,15,55,30,5,61,80,75,75,
Easy477	1	1000664	32953	18712	21,30,50,0,91,10,30,71,50,60,71,62,45,55,87,96,
Easy478	1	1001420	50873	2778	25,65,35,25,40,5,17,0,45,22,40,5,5,30,50,
Easy479	1	1002099	48354	2828	65,57,10,7,25,70,71,81,30,40,66,
Easy480	1	1000393	45508	5092	100,0,100,65,45,86,85,0,15,50,50,90,90,46,16,90,20,30,50,
Easy481	1	1001511	37216	5868	51,20,10,20,67,0,42,20,40,6,32,61,71,56,55,
Easy482	1	1002159	42905	1333	65,76,85,86,75,30,0,0,16,23,30,31,10,51,10,41,
Easy483	1	1003691	33221	9828	6,41,65,85,75,15,40,20,40,1,91,52,76,95,95,
Easy484	1	1001894	32750	2533	10,0,60,10,21,80,80,30,30,50,41,50,51,41,86,5,77,35,
Easy485	1	1000540	35232	468	60,16,61,77,55,21,15,5,6,25,70,60,
Easy486	1	1001802	41996	19663	0,95,40,25,15,100,30,0,71,100,83,106,75,55,5,95,95,
Easy487	1	1000183	37390	32870	20,1,50,70,61,45,72,65,90,90,55,5,5,87,
Easy488	1	1002455	36921	3816	0,65,100,36,26,56,71,81,90,100,90,91,35,65,105,85,105,
Easy489	1	1006210	32111	3284	40,40,85,50,75,35,50,96,17,86,51,30,70,46,20,6,95,
Easy490	1	1001498	34426	2069	40,71,85,65,36,15,70,20,105,50,105,105,96,95,21,10,40,5,5,5,70,
Easy491	1	1001375	61102	1681	67,30,77,1,15,22,10,41,
Easy492	1	1000829	33645	1471	75,80,80,0,0,61,21,75,11,96,10,20,30,40,50,75,
Easy493	1	1002411	40535	9946	45,50,75,45,35,25,61,6,17,1,65,22,60,30,
Easy494	1	1002159	34113	4253	80,52,15,95,40,85,75,22,76,30,10,50,
Easy495	1	1001920	39400	5837	75,45,35,26,61,5,17,0,65,21,20,30,40,60,95,
Easy496	1	1004079	36902	35735	60,0,70,10,30,20,70,102,40,71,81,5,80,46,5,50,96,95,
Easy497	1	1002717	33387	11043	35,15,40,90,52,60,40,81,60,20,71,70,65,107,
Easy498	1	1001246	35231	1744	60,52,20,70,46,5,86,5,15,50,70,21,
Easy499	1	1000270	53022	1977	35,85,25,40,6,50,17,50,0,0,45,20,21,30,40,
Easy500	1	1001374	44941	936	5,70,25,10,86,6,91,35,25,42,20,50,30,60,95,96,
Easy501	1	1001119	41047	3305	85,75,35,50,45,26,75,50,5,5,16,15,0,55,22,40,50,5,30,
Easy502	1	1000800	32038	4874	5,90,10,70,85,21,31,42,51,80,90,61,75,76,
Easy503	1	1001262	32980	4728	45,35,26,80,51,61,97,71,71,85,35,46,85,35,5,65,
Easy504	1	1007274	37058	2951	76,27,40,17,67,30,80,50,75,51,85,
Easy505	1	1003603	37510	6470	1,51,60,77,22,31,71,16,41,66,65,56,20,
Easy506	1	1003350	33873	13816	75,50,10,80,45,76,6,32,1,70,70,40,41,75,75,85,5,85,
Easy507	1	1002663	31775	7929	0,60,15,60,55,15,86,97,33,23,11,5,5,60,41,60,
Easy508	1	1001530	45061	2388	6,76,60,80,26,5,16,30,40,31,10,20,50,87,
Easy509	1	1001070	55002	6357	45,26,50,65,85,77,0,52,90,5,25,90,71,90,45,36,
Easy510	1	1000788	35587	1696	70,80,55,30,0,70,65,25,26,30,80,5,90,80,65,45,5,16,90,70,80,70,
Easy511	1	1000425	33461	1484	72,50,95,25,35,25,41,80,5,50,60,80,70,95,95,36,
Easy512	1	1000251	52132	6920	85,40,66,30,56,65,76,75,1,32,5,86,40,25,
Easy513	1	1000786	42610	12412	36,5,50,95,76,86,51,96,2,55,15,23,10,40,50,
Easy514	1	1001544	36471	2756	46,35,85,27,100,50,30,6,91,100,61,71,45,86,
Easy515	1	1000305	70643	4118	75,85,30,40,85,66,55,55,85,76,1,17,5,91,30,20,
Easy516	1	1003471	34303	1530	26,50,31,0,71,40,50,85,61,15,15,85,26,51,85,6,15,
Easy517	1	1003539	34915	5394	71,10,60,35,20,86,1,53,81,60,76,75,
Easy518	1	1001034	34034	7673	70,65,35,51,26,70,90,85,40,5,41,50,80,91,76,66,75,35,35,
Easy519	1	1001895	36648	1922	71,60,60,86,85,55,5,17,55,0,25,25,41,60,31,40,31,21,60,71,
Easy520	1	1002283	40208	1786	50,40,60,106,77,95,0,0,25,80,30,26,5,5,15,80,40,
Easy521	1	1002517	36132	3706	15,5,31,20,15,91,40,30,0,40,61,70,71,65,5,65,51,87,
Easy522	1	1002717	32864	400	80,5,30,41,75,65,26,30,5,51,80,75,65,65,75,
Easy523	1	1002785	55278	2468	65,35,25,25,40,5,15,16,0,45,20,30,50,21,40,
Easy524	1	1003303	44937	3744	6,70,80,36,26,5,40,50,16,41,60,20,30,87,
Easy525	1	1000810	45357	1427	87,45,35,50,5,17,1,55,25,33,20,5,40,50,
Easy526	1	1008979	34278	53995	50,30,0,15,85,20,15,0,95,50,62,15,60,55,72,96,
Easy527	1	1002650	40595	505	10,55,10,5,71,80,25,6,16,50,60,31,
Easy528	1	1001494	45380	1432	51,35,85,35,5,17,20,0,30,45,31,80,5,5,55,70,70,80,45,
Easy529	1	1001505	33885	2146	85,10,70,90,40,21,70,6,40,51,61,86,35,
Easy530	1	1005203	32314	3214	0,20,70,30,42,25,50,86,25,31,66,30,20,75,80,81,65,76,
Easy531	1	1006480	40662	4280	56,87,77,1,15,15,31,40,30,96,21,20,11,5,95,40,
Easy532	1	1001497	34905	1720	65,75,26,5,51,31,80,5,41,76,80,65,65,
Easy533	1	1002482	32776	4730	95,70,80,55,35,1,63,100,50,85,6,45,90,70,100,86,
Easy534	1	1001621	37709	6914	30,50,0,80,50,70,41,80,80,41,35,20,21,67,85,86,10,
Easy535	1	1001073	37920	1220	65,10,5,30,25,40,70,25,6,15,60,30,
Easy536	1	1001560	33603	3823	95,85,35,27,40,5,30,5,50,60,70,60,95,70,86,5,95,
Easy537	1	1003475	48409	20766	40,36,1,71,80,40,70,50,60,97,25,70,
Easy538	1	1002912	39170	9839	70,70,85,40,60,20,85,35,85,50,61,60,55,81,75,76,
Easy539	1	1002777	48945	6082	65,56,20,85,0,55,86,0,15,16,6,25,91,40,30,
Easy540	1	1005435	31788	13771	72,5,20,91,10,30,43,51,61,86,
Easy541	1	1000809	34559	18950	101,5,50,15,80,70,30,50,60,70,61,55,97,45,
Easy542	1	1005822	36226	44982	50,35,25,25,40,5,65,18,105,0,45,21,30,20,40,
Easy543	1	1000514	33157	3838	16,36,40,90,0,91,85,25,40,0,50,16,25,61,35,71,85,35,60,25,85,60,
Easy544	1	1000456	37760	1528	15,75,41,20,80,6,51,36,5,25,70,10,
Easy545	1	1000531	46691	2904	11,85,95,55,55,95,60,35,95,41,6,5,45,45,90,30,20,30,
Easy546	1	1002354	34257	3883	20,80,60,35,95,6,40,17,70,70,0,41,30,85,25,50,40,85,6,85,
Easy547	1	1005828	37990	7875	30,1,106,105,0,15,20,75,65,36,15,40,50,42,10,22,30,30,10,50,
Easy548	1	1000222	52467	7660	5,45,46,71,95,67,75,0,85,85,96,0,15,20,21,10,6,30,
Easy549	1	1003501	39807	4705	95,60,76,105,95,1,26,25,80,6,15,80,30,5,40,
Easy550	1	1000844	35950	1228	15,55,71,55,60,15,45,25,15,55,30,6,5,35,50,20,
Easy551	1	1001035	34460	14852	20,20,105,40,16,31,61,40,70,70,81,81,75,90,55,90,65,106,
Easy552	1	1001940	36916	3894	25,85,25,75,50,65,85,35,0,50,51,5,81,92,35,25,45,45,
Easy553	1	1001480	37400	13489	50,60,0,35,71,45,26,60,80,80,35,93,85,35,46,75,
Easy554	1	1005999	34830	6282	75,55,25,35,25,40,5,15,16,0,75,45,22,40,75,86,30,5,85,
Easy555	1	1003964	32254	17439	1,15,90,20,90,90,20,21,70,87,31,10,60,31,40,81,6,77,5,97,
Easy556	1	1001532	32644	9616	75,45,45,50,15,60,51,41,71,80,106,16,35,35,40,90,5,40,5,80,105,
Easy557	1	1005433	36501	11949	30,30,10,60,0,21,77,53,40,30,5,20,80,5,41,71,80,66,65,
Easy558	1	1004829	32014	37614	10,60,0,0,80,20,60,20,70,10,61,50,51,70,31,50,80,95,96,5,107,
Easy559	1	1009196	33218	34051	81,95,105,50,35,76,106,65,35,0,26,41,40,40,21,81,51,
Easy560	1	1001403	34193	3640	95,0,60,50,85,0,40,100,60,71,16,95,85,100,36,40,95,61,40,85,
Easy561	1	1002164	37632	11583	1,85,50,60,36,10,70,86,41,40,81,50,76,15,60,75,40,
Easy562	1	1001800	37177	723	0,15,30,70,40,70,20,70,61,85,16,30,5,6,10,80,65,
Easy563	1	1000664	35769	13509	60,100,70,83,75,55,46,107,10,30,97,
Easy564	1	1001842	32759	13396	85,60,95,17,100,31,0,50,40,100,20,0,15,70,61,41,70,95,86,60,5,95,
Easy565	1	1000839	37068	1680	50,30,1,70,17,15,20,6,65,56,36,90,90,20,40,40,105,
Easy566	1	1003284	38005	15497	65,35,26,50,45,45,5,5,85,16,15,0,55,21,20,30,50,85,
Easy567	1	1002880	33786	3196	10,80,5,30,70,91,105,40,25,51,41,100,96,61,95,
Easy568	1	1001056	36402	15982	0,51,20,30,41,61,72,86,65,70,85,55,95,95,95,
Easy569	1	1000437	37279	2422	15,65,70,41,35,20,35,5,5,5,25,60,10,
Easy570	1	1005371	36299	29628	65,40,95,66,0,0,75,30,85,40,51,75,25,75,85,50,85,31,45,
Easy571	1	1001582	91369	6861	85,76,16,85,21,31,1,60,90,45,62,95,5,75,
Easy572	1	1003520	42682	1864	95,55,35,95,60,85,26,0,86,101,100,60,37,65,107,5,40,
Easy573	1	1000511	35574	1815	51,0,71,60,81,96,25,45,26,45,15,71,
Easy574	1	1007565	37245	16198	60,95,85,26,16,100,30,0,50,0,60,73,65,96,100,86,55,
Easy575	1	1002494	39014	1491	81,30,20,51,46,60,5,70,50,5,5,90,71,65,40,87,
Easy576	1	1004911	34312	2300	85,65,85,75,0,57,0,31,41,65,30,6,70,80,65,25,
Easy577	1	1004148	39024	17697	91,81,76,46,5,61,60,60,0,55,40,71,55,85,95,70,45,95,
Easy578	1	1002546	51241	2745	52,20,45,50,95,75,65,0,85,85,85,30,0,15,20,30,21,10,
Easy579	1	1000191	82959	15257	25,16,41,31,0,0,90,72,55,95,85,
Easy580	1	1000287	52551	4512	55,35,45,60,1,60,70,0,40,71,66,50,86,95,10,40,40,5,5,85,
Easy581	1	1000426	33756	4973	70,86,16,21,0,0,85,41,15,60,40,30,40,6,81,50,75,76,
Easy582	1	1002868	40928	7916	35,50,26,101,67,105,20,105,70,40,20,50,80,105,30,
Easy583	1	1001759	34891	898	50,10,0,22,0,72,50,40,65,66,30,40,41,35,61,60,57,77,
Easy584	1	1002584	42263	19048	95,55,35,55,45,26,61,6,17,0,65,22,60,5,30,40,
Easy585	1	1002299	31928	625	35,25,80,91,90,50,45,45,70,45,50,95,96,70,85,20,86,30,
Easy586	1	1013532	34497	24042	30,76,85,65,40,65,25,95,75,1,31,40,25,40,40,51,30,86,96,
Easy587	1	1001878	36182	1549	15,40,65,71,20,36,7,25,60,10,
Easy588	1	1003637	42554	4168	20,20,70,5,70,40,66,35,50,5,50,51,0,30,62,35,76,45,
Easy589	1	1001318	32822	43282	10,40,20,1,10,20,92,41,30,40,51,61,95,61,71,71,55,96,87,
Easy590	1	1003957	32572	12433	0,90,16,22,10,81,70,35,20,97,50,10,52,5,5,70,91,87,
Easy591	1	1003514	42121	13057	6,35,86,25,10,90,35,25,42,20,50,60,70,30,96,95,
Easy592	1	1008697	34406	56597	60,51,75,35,35,5,17,0,100,30,70,41,20,31,97,
Easy593	1	1003703	35843	24143	50,75,15,76,21,1,90,0,85,70,40,63,75,5,95,85,
Easy594	1	1004157	35928	3260	0,10,21,80,0,31,81,60,50,77,40,40,52,46,72,67,86,85,
Easy595	1	1000332	35387	13755	35,105,90,105,25,41,51,70,70,40,100,83,76,105,60,105,36,
Easy596	1	1003759	42512	2435	51,60,25,76,25,85,15,85,85,30,30,40,40,62,55,25,45,75,
Easy597	1	1000119	39409	2315	31,105,90,25,85,90,61,45,70,106,55,45,61,97,6,80,5,20,
Easy598	1	1001168	34840	5273	45,81,20,95,35,95,60,1,62,90,70,90,85,86,
Easy599	1	1004340	32574	12975	60,45,15,30,0,51,60,25,95,15,80,16,80,50,20,45,96,
Easy600	1	1001879	35977	11541	70,15,21,0,85,15,60,35,85,40,0,41,40,81,50,75,60,76,
Easy601	1	1003401	53228	1965	91,85,67,0,55,86,25,26,5,5,15,71,30,5,40,
Easy602	1	1004084	33392	6414	95,80,95,55,0,15,20,70,21,10,70,5,50,40,90,85,85,
Easy603	1	1001141	39921	6750	85,75,0,31,0,40,75,25,50,75,86,91,40,40,25,35,40,95,95,
Easy604	1	1000470	37584	2913	75,10,50,5,40,80,26,6,15,70,31,
Easy605	1	1001855	41904	9865	81,75,5,17,20,80,50,0,30,71,15,70,51,85,85,65,50,76,85,66,40,75,
Easy606	1	1002340	34660	7179	106,65,95,40,70,85,105,36,40,25,40,96,40,31,31,60,25,
Easy607	1	1005281	32884	3266	30,50,85,50,65,85,65,0,10,32,5,41,60,75,80,75,25,
Easy608	1	1002297	49746	4362	80,20,20,41,80,70,50,70,66,35,6,52,0,30,62,85,75,35,
Easy609	1	1006105	40307	5028	41,5,25,51,16,65,65,5,32,60,71,57,
Easy610	1	1000229	34129	645	70,30,85,30,42,65,65,65,25,7,60,80,75,
Easy611	1	1002285	36733	6300	35,40,35,52,60,95,25,40,50,30,60,30,73,95,80,35,95,5,65,
Easy612	1	1002501	36336	3175	20,70,40,55,55,11,60,20,10,51,60,77,30,20,40,41,35,71,70,67,57,
Easy613	1	1003158	32313	13562	50,22,80,15,90,50,90,47,75,50,30,17,50,85,60,86,5,97,
Easy614	1	1001600	37109	24493	55,90,6,25,25,17,30,91,65,40,25,30,1,70,51,70,50,5,85,5,86,
Easy615	1	1008565	33561	1464	72,80,10,90,100,90,36,60,20,5,100,100,45,55,36,97,
Easy616	1	1002403	33686	1645	70,60,80,35,1,95,40,60,40,50,60,51,45,60,5,45,30,5,87,
Easy617	1	1006844	35133	5015	70,10,20,80,45,1,96,30,62,91,60,70,87,
Easy618	1	1003890	32533	25147	20,11,0,20,102,30,40,53,40,105,60,82,60,95,73,65,80,96,106,
Easy619	1	1002574	45420	1348	55,65,1,25,85,45,70,71,6,60,91,55,26,
Easy620	1	1001816	32541	5396	90,5,15,91,20,100,30,56,61,30,80,81,71,70,66,50,50,106,105,
Easy621	1	1007070	41105	9301	96,70,86,50,15,31,0,0,100,60,20,70,95,71,105,
Easy622	1	1006012	42694	9573	30,85,50,65,70,45,6,17,21,1,86,40,60,55,40,40,
Easy623	1	1006381	41624	2010	0,66,75,56,76,85,0,30,40,85,25,30,30,5,70,50,60,85,
Easy624	1	1003190	34574	2160	0,11,20,70,20,0,70,87,41,40,81,75,30,25,60,40,76,
Easy625	1	1000113	37542	4324	35,26,15,40,0,35,81,65,70,70,91,102,95,100,35,85,
Medium001	1	1001469	38367	6019	45,0,87,101,0,70,70,55,15,91,90,20,65,100,70,47,107,16,30,
Medium002	1	1007366	32653	2732	75,101,65,35,45,25,15,5,82,100,90,57,95,85,10,20,30,76,
Medium003	1	1004524	36137	13448	85,65,85,45,35,26,50,100,72,105,45,6,17,0,55,21,20,50,30,85,
Medium004	1	1004983	39713	4215	96,65,35,65,26,35,51,5,15,75,15,15,0,15,70,95,56,32,21,40,50,50,
Medium005	1	1005239	38907	11885	80,100,35,5,16,15,20,80,61,100,0,30,60,52,45,106,95,86,85,31,7,95,
Medium006	1	1007294	34137	21129	55,60,60,105,90,60,105,50,71,105,80,45,45,52,65,41,95,36,96,25,101,41,5,100,75,65,35,
Medium007	1	1007090	34428	3732	95,40,0,15,25,30,60,31,80,95,20,50,30,10,5,5,50,100,50,90,87,40,
Medium008	1	1002285	37760	4264	15,55,30,40,0,75,1,90,50,90,61,26,15,76,60,95,95,46,50,15,25,50,
Medium009	1	1003545	32803	670	60,107,0,55,45,87,70,0,15,20,20,20,30,10,7,15,25,81,80,40,50,100,97,
Medium010	1	1001278	31899	373	1,80,90,35,51,71,105,50,60,30,15,95,85,85,50,96,6,5,55,80,10,
Medium011	1	1000990	32827	1060	1,15,81,40,91,35,40,50,35,60,72,65,30,45,70,55,30,96,86,10,45,95,
Medium012	1	1001176	36652	12186	45,100,85,56,65,5,5,15,20,65,73,0,61,0,51,81,80,55,6,106,
Medium013	1	1004314	33899	1782	70,11,20,95,45,20,81,96,1,52,90,90,70,87,30,25,50,
Medium014	1	1004902	32461	1163	0,25,32,80,20,91,5,90,56,45,45,71,100,70,41,51,87,97,
Medium015	1	1001976	33939	887	36,1,80,95,75,80,50,45,0,30,25,65,31,5,70,50,90,50,85,85,5,5,35,60,20,
Medium016	1	1003613	36790	5339	75,75,5,16,86,5,15,27,30,0,40,0,15,82,50,30,72,50,66,25,50,50,75,65,76,87,
Medium017	1	1004379	32216	3273	0,30,75,105,65,25,25,15,15,90,30,41,86,40,35,95,10,10,21,100,35,60,5,70,85,
Medium018	1	1001371	35401	17234	97,65,55,70,56,36,1,62,50,80,75,90,10,45,60,6,30,80,75,90,75,
Medium019	1	1003025	44898	1347	35,25,45,25,90,50,5,60,82,65,15,95,15,75,105,15,0,55,20,80,20,30,20,50,5,40,
Medium020	1	1001693	41029	5740	95,45,36,50,71,6,16,27,15,0,0,55,75,32,70,30,50,40,60,
Medium021	1	1005749	35548	776	75,60,36,85,85,16,75,40,97,20,50,61,20,5,85,100,75,60,55,6,26,90,11,
Medium022	1	1006448	36735	1420	75,90,75,5,42,55,0,70,95,55,67,1,15,20,45,22,40,10,6,60,30,90,75,
Medium023	1	1006281	42029	2880	51,101,35,5,90,100,90,35,85,6,70,57,0,0,15,22,40,10,
Medium024	1	1003621	39711	28341	72,85,70,50,100,35,60,100,20,100,6,62,0,30,81,80,35,35,40,97,
Medium025	1	1007221	34835	23394	65,95,35,26,95,50,100,82,105,46,6,95,17,0,55,22,50,30,
Medium026	1	1005838	35750	4567	10,100,25,30,55,48,35,96,22,50,31,60,86,95,1,51,70,40,105,105,15,50,105,
Medium027	1	1009829	34643	3390	0,50,20,15,75,20,0,90,63,95,5,25,70,85,85,10,6,35,
Medium028	1	1004704	34138	5691	30,0,90,106,90,85,25,105,90,55,45,76,60,10,75,85,46,50,0,52,40,40,100,5,61,95,70,101,36,85,96,
Medium029	1	1005145	33618	8542	101,26,80,100,30,75,61,30,60,50,75,51,46,35,45,35,87,105,21,75,60,5,50,106,
Medium030	1	1004440	35882	2066	20,10,71,10,40,40,36,55,56,5,22,65,0,51,32,56,65,76,6,45,65,
Medium031	1	1002321	34065	4454	81,0,75,96,26,25,5,55,60,75,31,45,5,15,100,15,100,81,61,
Medium032	1	1010048	34878	42359	30,12,80,0,62,105,30,55,5,46,72,41,50,101,96,
Medium033	1	1004664	35017	1812	35,85,40,25,55,15,97,40,5,63,0,45,70,46,90,5,65,91,10,5,30,20,
Medium034	1	1001756	34226	945	65,55,70,71,50,60,107,95,95,45,5,17,0,90,20,91,15,52,97,5,80,76,30,
Medium035	1	1002681	40180	8302	80,40,95,40,20,50,75,35,96,6,60,62,1,30,71,55,70,35,
Medium036	1	1006169	40609	10890	81,80,55,75,75,47,6,50,16,27,31,85,16,1,72,25,50,51,67,77,86,
Medium037	1	1000903	41896	10331	76,0,25,80,16,65,15,20,5,71,30,70,80,5,40,51,65,65,
Medium038	1	1002576	43352	14057	75,45,95,35,86,50,60,6,27,15,0,16,0,55,30,40,31,50,
Medium039	1	1002010	34285	4860	60,0,25,31,80,46,106,50,75,95,0,50,50,101,85,35,35,60,50,86,20,
Medium040	1	1004493	37530	3887	0,40,100,50,70,60,85,87,65,55,97,105,0,15,22,10,5,40,
Medium041	1	1002940	32340	1517	5,90,55,35,71,90,25,15,70,80,60,46,45,85,75,10,20,30,
Medium042	1	1001801	35765	832	45,75,16,25,67,30,75,5,50,15,5,80,91,75,5,35,60,20,
Medium043	1	1002663	34397	29478	60,90,85,100,55,5,45,17,0,35,20,52,70,45,60,80,100,96,
Medium044	1	1003627	34025	6623	15,25,86,55,62,85,30,95,40,73,96,46,52,26,66,16,
Medium045	1	1004303	33901	2344	55,85,35,26,40,5,17,0,45,20,30,21,40,7,11,90,60,70,85,
Medium046	1	1002645	38478	6383	85,15,55,0,60,60,20,70,0,106,40,71,70,45,5,25,105,45,25,90,60,50,51,35,66,35,
Medium047	1	1013638	35005	14896	60,11,0,45,21,35,91,90,35,76,35,10,50,86,40,65,75,0,41,30,51,30,97,40,
Medium048	1	1002739	37213	2380	60,81,75,20,55,60,55,35,5,42,0,30,75,51,86,65,50,35,
Medium049	1	1001351	37509	9953	76,15,80,20,35,40,41,51,75,61,40,25,96,87,5,12,61,51,21,
Medium050	1	1002265	33945	4821	75,45,35,45,95,55,60,60,5,5,25,16,15,26,0,0,66,50,51,32,61,6,41,
Medium051	1	1003294	33610	2477	60,106,80,0,55,25,25,80,76,45,25,5,5,31,15,90,15,90,60,81,60,
Medium052	1	1002959	37984	3954	85,86,50,35,40,90,105,77,0,27,5,70,100,95,5,15,15,15,0,45,32,50,40,
Medium053	1	1003111	37968	621	75,75,1,41,50,35,25,15,41,6,70,70,81,51,50,76,1,45,46,10,20,
Medium054	1	1003292	39177	21629	20,45,30,2,91,40,61,61,45,5,25,70,90,45,52,97,87,
Medium055	1	1003535	34334	5858	80,91,55,90,65,80,16,21,5,5,15,40,40,37,75,46,80,1,35,11,10,60,30,10,95,50,96,
Medium056	1	1007314	34198	5703	71,95,95,35,55,0,65,25,81,65,45,25,25,6,16,100,81,100,71,
Medium057	1	1004981	34325	1121	70,70,55,65,35,26,41,85,5,55,17,0,55,45,21,30,20,40,5,10,80,76,
Medium058	1	1002654	35896	1223	80,15,45,25,65,75,66,30,50,5,51,81,70,15,15,6,35,60,20,
Medium059	1	1001754	36415	1951	35,55,25,85,0,15,41,0,100,70,95,60,70,70,105,5,45,10,95,80,20,
Medium060	1	1003042	33825	2736	60,100,85,45,75,75,15,75,20,5,52,60,0,26,70,70,10,30,25,86,
Medium061	1	1007897	34791	3016	60,45,70,86,60,90,85,55,5,15,20,90,16,30,0,52,5,80,10,81,76,65,
Medium062	1	1005695	35062	2304	80,70,46,90,107,15,15,60,30,1,61,100,100,95,70,15,95,60,80,5,95,
Medium063	1	1003524	48144	2200	80,40,40,75,0,90,90,51,106,75,50,95,86,85,1,45,15,22,20,10,50,30,40,
Medium064	1	1003736	32084	986	80,80,55,35,5,25,15,62,70,91,45,80,46,75,65,10,5,20,30,
Medium065	1	1004272	41043	14139	76,36,86,55,25,45,25,45,55,61,6,17,0,66,52,21,31,40,60,20,60,6,40,
Medium066	1	1008083	33960	5287	45,35,71,65,50,86,6,15,16,25,26,1,55,31,30,71,40,50,
Medium067	1	1006484	33656	1200	55,0,45,90,65,76,105,75,0,90,15,82,90,47,16,5,96,20,30,70,100,95,
Medium068	1	1000250	40001	5195	30,50,21,70,95,95,40,65,30,85,1,41,91,75,25,50,40,6,76,
Medium069	1	1004319	33484	13604	61,70,55,85,45,70,55,105,106,30,70,20,97,0,15,15,20,70,32,60,10,21,60,10,
Medium070	1	1007355	33097	7081	80,70,96,95,20,10,45,67,0,0,30,20,30,21,6,90,60,40,50,90,75,76,87,
Medium071	1	1001215	33575	34190	10,90,70,45,60,100,45,30,50,50,50,80,40,106,40,75,65,80,50,75,105,96,95,20,5,10,75,45,81,
Medium072	1	1002040	33037	526	85,0,30,91,0,105,27,25,45,15,100,95,45,35,6,95,15,82,100,100,60,56,70,95,
Medium073	1	1005904	42280	16354	45,60,55,55,70,5,80,80,95,35,26,60,5,17,0,65,21,40,20,30,60,
Medium074	1	1004093	34882	6570	100,35,40,60,95,26,40,55,61,71,60,0,80,51,81,80,75,35,55,35,7,96,
Medium075	1	1008094	37447	7944	86,0,50,26,101,95,85,30,15,30,0,50,61,77,96,25,16,51,
Medium076	1	1000685	39054	13826	90,55,80,45,75,90,65,75,36,5,45,15,17,20,40,80,80,0,31,60,95,95,31,
Medium077	1	1011177	32308	4639	40,5,105,60,86,16,15,0,60,60,15,55,101,70,86,100,95,23,60,5,40,30,96,
Medium078	1	1004072	33794	2400	65,55,86,35,40,25,95,85,25,0,55,55,63,40,6,100,50,70,70,35,100,35,96,
Medium079	1	1004728	34653	8397	20,95,10,0,50,50,45,36,80,80,75,76,50,0,35,40,60,90,42,30,86,5,90,5,85,
Medium080	1	1001709	37259	1479	75,30,45,15,45,20,80,20,80,97,60,0,61,90,91,40,70,85,85,70,26,60,5,85,10,
Medium081	1	1002320	49701	3595	50,15,97,40,86,15,60,75,75,85,0,15,1,25,30,50,45,31,30,20,40,
Medium082	1	1002985	33490	9112	55,35,25,45,6,15,92,100,60,72,65,85,105,95,10,20,30,85,
Medium083	1	1001915	32419	3066	25,0,105,15,32,20,80,105,30,40,10,60,6,51,95,41,100,86,60,70,95,70,85,
Medium084	1	1007372	37083	16642	0,35,25,15,40,90,90,90,40,61,70,80,71,70,81,65,65,36,56,107,16,
Medium085	1	1006200	37392	13073	80,15,56,60,38,65,26,107,16,40,40,5,71,71,0,80,47,5,101,76,100,15,21,
Medium086	1	1008880	35605	6805	0,40,60,85,75,25,40,15,76,36,50,40,90,60,86,7,45,70,10,
Medium087	1	1000958	34253	1394	0,80,105,25,0,65,65,36,71,95,80,55,71,5,6,76,90,30,30,
Medium088	1	1001387	42700	8505	80,35,25,100,1,0,45,30,51,61,60,56,40,106,95,85,31,7,105,
Medium089	1	1001553	40793	1967	55,80,95,5,45,16,60,15,5,27,0,65,0,35,40,40,41,30,60,50,
Medium090	1	1006476	41523	5301	105,96,10,95,20,2,50,25,50,91,100,46,25,25,50,7,21,36,62,30,70,40,105,80,106,
Medium091	1	1007040	43352	1255	50,50,100,45,10,90,25,100,45,36,60,5,5,70,80,60,25,60,30,30,40,107,40,56,
Medium092	1	1008229	38300	2522	65,75,20,45,30,1,90,15,90,0,65,40,15,51,15,50,95,36,76,65,41,95,
Medium093	1	1003058	46940	8990	20,51,20,5,41,65,91,101,86,36,65,5,73,60,0,31,82,35,95,105,
Medium094	1	1002998	35010	8092	10,71,65,45,25,31,85,70,0,90,45,107,51,50,102,75,95,36,20,41,62,80,50,80,96,5,45,6,75,
Medium095	1	1008589	36844	20745	61,95,30,40,56,70,96,5,42,0,106,91,80,51,65,105,50,96,5,35,
Medium096	1	1003241	33642	3355	36,71,50,82,97,66,5,15,40,16,0,25,80,25,40,41,52,31,21,5,71,
Medium097	1	1002011	36281	19757	65,100,100,70,95,25,71,40,81,95,5,95,105,15,16,55,0,45,22,70,40,
Medium098	1	1001655	33020	2763	60,60,55,55,70,25,85,85,5,25,35,42,40,30,20,0,20,81,50,50,65,75,50,25,65,
Medium099	1	1003133	35361	736	51,1,26,40,60,30,60,81,75,95,15,16,0,56,30,40,40,30,21,40,30,51,5,10,90,6,70,85,
Medium100	1	1007223	52359	3355	46,65,50,35,95,26,16,50,1,100,82,105,6,55,96,5,10,20,30,
Medium101	1	1003040	36529	1373	80,81,75,46,15,105,25,96,95,30,5,53,0,106,60,37,91,5,20,55,90,10,80,
Medium102	1	1004311	36681	5008	25,50,75,15,45,87,30,5,50,51,0,60,45,35,36,6,81,20,10,
Medium103	1	1005024	34817	2269	45,60,35,60,91,81,75,76,85,55,6,17,1,25,85,66,55,25,33,40,42,61,21,91,
Medium104	1	1001899	32989	5400	0,15,15,21,30,90,70,105,55,30,90,20,45,86,85,10,46,60,20,0,53,100,40,96,100,95,10,
Medium105	1	1002049	38332	10165	66,36,45,51,105,5,15,5,27,16,1,56,40,41,51,31,71,
Medium106	1	1001746	38199	7754	5,45,25,26,80,25,90,101,45,35,35,52,30,30,20,60,72,65,40,107,
Medium107	1	1007393	37042	1484	20,50,75,11,20,50,65,45,45,75,75,5,32,0,71,41,40,76,5,55,
Medium108	1	1004921	33283	7141	30,95,50,10,60,80,70,1,96,20,50,21,91,75,87,66,20,5,30,76,
Medium109	1	1005715	34047	24491	25,10,90,30,50,85,45,51,70,70,50,60,95,60,105,105,35,95,22,11,86,95,31,71,5,61,
Medium110	1	1000421	47097	1686	25,85,40,75,30,5,85,53,0,85,35,70,60,36,6,15,20,70,40,
Medium111	1	1013877	34586	6846	101,75,65,65,46,0,0,25,30,90,50,66,72,61,81,96,35,56,35,20,70,95,
Medium112	1	1002379	44963	16488	40,30,101,95,65,5,65,75,16,16,50,70,20,60,0,60,90,61,105,
Medium113	1	1008200	51187	1365	40,90,10,36,6,101,5,55,27,31,46,62,40,70,50,105,80,106,
Medium114	1	1004087	33894	3018	71,81,56,26,5,35,42,40,30,20,0,20,50,51,75,25,65,65,5,75,85,85,5,65,
Medium115	1	1006999	38152	2402	60,50,75,85,60,45,35,26,50,5,17,0,55,21,60,20,40,50,30,
Medium116	1	1002650	32956	2629	71,85,55,0,95,25,30,67,0,15,31,30,10,5,60,60,40,50,20,80,76,
Medium117	1	1002092	37922	2622	21,10,70,30,10,5,65,51,70,46,65,65,5,32,0,60,60,42,65,65,5,55,75,75,
Medium118	1	1000454	52175	4568	85,32,40,5,50,17,30,86,0,20,61,60,60,90,81,90,6,45,55,55,45,
Medium119	1	1018444	35639	17225	85,65,45,35,50,5,95,85,5,17,26,25,0,0,55,32,50,95,40,
Medium120	1	1011782	31790	10712	90,40,75,86,12,0,22,20,30,81,95,40,96,60,61,102,92,10,87,60,40,6,30,
Medium121	1	1003528	33785	718	25,15,5,85,90,91,70,40,50,100,60,27,105,45,95,80,30,
Medium122	1	1001531	35807	1664	85,45,50,50,61,70,50,40,85,35,15,85,20,40,72,65,45,5,6,25,80,10,
Medium123	1	1006485	33106	942	51,45,95,65,105,76,75,50,0,15,85,23,10,5,50,30,71,100,90,86,
Medium124	1	1004986	34487	2041	60,95,86,70,45,15,21,85,31,5,50,50,60,5,70,95,95,5,35,80,10,
Medium125	1	1005433	34401	9889	96,25,95,65,45,35,65,35,25,45,50,50,5,15,16,0,75,56,42,22,51,31,
Medium126	1	1002254	36424	1426	70,70,11,40,40,35,55,35,55,55,5,67,5,20,20,20,1,60,60,30,75,51,30,75,31,66,56,5,45,
Medium127	1	1007148	35255	8924	60,70,85,70,61,56,35,60,85,45,6,70,17,0,0,65,25,33,20,85,5,70,60,
Medium128	1	1012240	33310	17646	80,30,51,51,36,60,20,5,15,60,80,41,41,85,30,92,86,5,5,77,
Medium129	1	1005574	34133	1456	0,45,55,80,95,67,0,15,80,70,71,20,80,45,45,15,45,86,15,5,60,90,30,85,
Medium130	1	1006583	34743	1660	61,45,25,70,70,45,57,6,32,0,0,20,50,50,43,25,66,75,75,56,
Medium131	1	1007630	35429	3639	60,75,86,95,0,25,95,15,25,26,30,5,82,92,46,45,60,95,85,5,10,30,50,
Medium132	1	1014622	37398	2298	70,30,90,0,65,15,21,70,45,86,0,91,85,52,82,75,25,40,61,97,25,50,10,5,75,75,
Medium133	1	1005645	36447	3924	55,60,41,96,5,80,95,25,26,0,16,30,0,0,20,20,91,90,46,50,85,50,71,16,51,45,20,86,
Medium134	1	1003880	42734	3886	25,55,40,35,25,40,5,60,17,0,90,45,22,40,30,7,77,
Medium135	1	1005831	33556	1571	25,35,25,40,5,16,15,50,0,45,22,40,30,7,80,65,90,66,
Medium136	1	1002954	32725	1030	25,35,25,40,5,17,0,45,20,21,40,6,30,50,5,70,80,65,65,
Medium137	1	1004709	47729	2480	40,25,55,35,25,60,80,80,40,75,5,16,95,15,0,45,20,80,80,30,21,40,
Medium138	1	1005259	35448	859	25,60,15,75,5,82,50,40,90,27,95,45,85,70,30,
Medium139	1	1001312	37048	5494	80,15,15,30,0,80,40,40,95,96,50,60,71,70,65,91,87,15,15,40,
Medium140	1	1003467	32589	1863	35,26,41,5,17,60,0,45,22,40,5,30,6,50,60,90,77,
Medium141	1	1003542	32628	3480	25,15,85,77,31,5,42,50,50,0,60,37,5,70,45,70,70,10,5,20,86,
Medium142	1	1002337	38060	875	95,25,15,87,30,55,45,15,5,61,61,40,0,51,71,70,55,15,7,35,80,20,
Medium143	1	1005231	38874	1634	85,1,51,45,90,15,20,21,10,90,45,60,70,5,80,71,65,50,40,97,
Medium144	1	1017547	32111	10175	0,0,71,80,95,10,96,22,91,90,15,31,61,85,40,75,41,15,75,20,35,6,86,
Medium145	1	1003001	36501	5081	75,75,66,87,0,40,50,96,25,40,15,40,5,50,80,60,35,70,5,95,
Medium146	1	1001770	32157	309	85,0,95,25,70,35,40,50,25,50,61,95,25,41,5,15,71,31,6,20,90,65,
Medium147	1	1004060	35367	813	35,80,95,66,35,45,45,95,95,25,51,71,82,35,75,7,75,56,90,40,40,
Medium148	1	1003360	32801	336	40,55,60,95,96,86,2,81,60,71,71,65,86,7,80,92,65,50,46,
Medium149	1	1009394	37055	36874	50,30,75,50,45,45,60,75,75,5,22,0,71,40,40,35,40,55,95,76,6,95,
Medium150	1	1011173	38969	2794	92,55,86,45,45,75,0,35,15,25,16,15,20,5,42,80,80,0,51,60,35,61,35,55,75,75,
Medium151	1	1006398	34692	5774	65,5,80,35,25,15,80,80,90,46,75,5,45,95,85,10,20,30,50,
Medium152	1	1003421	35855	14789	60,0,75,61,55,36,15,23,80,97,41,40,40,92,10,31,71,52,87,60,35,
Medium153	1	1002205	39579	9274	35,75,95,35,45,61,6,26,17,25,1,66,42,30,30,50,61,
Medium154	1	1000404	35173	24201	65,55,55,80,36,55,1,10,63,70,90,6,30,90,45,50,70,87,
Medium155	1	1004435	38101	11825	0,95,86,45,35,17,52,35,60,5,61,31,40,91,85,25,
Medium156	1	1003820	36065	4242	31,96,25,0,60,60,56,61,5,86,85,37,0,0,66,15,15,95,21,21,11,5,61,41,
Medium157	1	1008537	41760	20198	95,57,75,35,85,45,26,60,85,6,17,0,65,22,40,60,30,
Medium158	1	1009524	33875	16432	35,25,75,65,12,80,65,70,26,30,55,65,0,30,10,42,30,21,86,75,76,30,95,6,85,95,
Medium159	1	1001834	35162	5909	35,90,15,65,35,15,22,10,90,71,0,90,87,20,51,51,82,5,10,30,95,61,96,76,75,
Medium160	1	1002523	37494	7944	60,75,0,35,35,16,22,60,80,10,60,10,95,80,96,51,20,60,50,92,30,70,70,87,50,
Medium161	1	1004220	36810	1532	65,40,75,75,0,20,15,65,20,1,70,90,51,51,85,75,5,95,5,25,60,10,
Medium162	1	1002152	37601	3585	35,70,70,81,63,97,46,56,5,5,70,15,16,0,65,30,0,25,32,20,81,60,70,
Medium163	1	1004348	33192	3930	76,85,40,75,21,50,5,60,42,50,0,25,70,85,70,26,5,45,15,85,70,31,
Medium164	1	1003701	37828	4290	80,50,80,71,95,96,65,80,6,15,16,27,65,1,35,40,40,80,35,50,70,51,40,31,70,
Medium165	1	1005116	39721	10156	85,85,46,35,55,70,70,6,27,15,16,1,76,30,30,60,51,30,40,50,71,6,40,
Medium166	1	1003198	36242	1666	70,55,15,30,85,25,86,41,15,60,60,70,71,65,15,6,5,45,80,20,
Medium167	1	1008096	41811	16666	55,75,56,5,85,95,35,45,26,85,60,5,17,0,65,22,60,5,40,30,
Medium168	1	1004773	46225	4782	50,50,41,81,90,90,76,35,21,6,63,0,30,72,85,35,95,
Medium169	1	1005811	36656	1390	35,86,25,15,77,40,5,85,52,60,50,0,45,71,20,46,5,55,70,10,5,5,30,
Medium170	1	1007158	33760	4259	80,95,70,45,30,0,15,21,80,96,50,0,51,91,85,70,26,10,50,86,
Medium171	1	1009913	41604	4824	55,75,35,40,25,40,5,5,17,1,60,90,45,21,30,20,40,7,75,
Medium172	1	1006453	43444	5811	70,45,46,85,95,35,76,25,25,50,6,15,16,0,55,22,30,60,50,
Medium173	1	1001679	36920	11345	40,15,25,55,35,96,95,70,40,60,16,5,62,0,45,70,90,50,46,90,30,20,
Medium174	1	1008820	33564	842	16,25,36,25,85,75,75,50,75,86,41,5,50,51,60,0,47,80,71,30,5,56,81,10,21,30,70,10,
Medium175	1	1003040	36106	4225	80,35,5,55,17,0,25,60,25,80,30,80,70,40,41,76,65,56,66,25,31,
Medium176	1	1010318	34131	27616	10,21,85,55,96,5,5,41,35,75,11,40,1,91,51,86,50,96,
Medium177	1	1006459	36214	5398	82,35,62,56,25,5,41,41,0,20,30,52,26,60,30,87,75,76,
Medium178	1	1003710	32720	9266	0,70,21,92,10,0,85,50,30,86,41,61,52,61,45,5,45,80,30,77,81,96,95,
Medium179	1	1000889	37793	1974	70,25,80,40,70,80,65,25,95,25,5,15,80,30,6,20,90,75,
Medium180	1	1004824	40274	1536	71,80,35,51,80,61,97,45,5,17,0,41,20,91,40,5,10,85,90,65,5,75,
Medium181	1	1004431	33350	2516	75,0,45,81,25,95,65,45,0,15,33,20,10,6,50,40,60,90,86,
Medium182	1	1005415	33888	1126	0,80,90,65,15,21,20,10,80,56,45,30,5,45,70,71,90,41,51,87,
Medium183	1	1002701	41725	1165	50,35,40,26,80,71,65,50,5,95,15,16,0,55,22,50,5,10,90,5,60,75,30,
Medium184	1	1002431	36708	5009	31,61,91,56,25,75,86,85,6,42,1,20,80,80,51,96,50,50,85,85,5,25,5,65,
Medium185	1	1004909	38772	7342	50,80,65,10,11,70,30,60,87,0,41,51,50,45,45,5,82,67,5,5,77,
Medium186	1	1005323	42396	1242	50,40,40,75,61,95,50,96,75,35,5,17,0,20,32,5,91,10,90,65,55,45,
Medium187	1	1004153	33142	933	30,51,71,70,81,97,46,67,5,16,15,0,25,40,32,20,70,7,40,90,85,
Medium188	1	1001895	35018	2120	66,31,0,81,96,77,0,15,20,0,35,21,20,30,10,5,40,5,40,70,70,90,85,85,
Medium189	1	1005856	37833	23303	90,30,60,70,45,20,0,60,61,80,97,50,72,55,5,91,87,
Medium190	1	1003101	46979	12206	81,55,35,55,25,96,40,6,17,1,45,22,65,40,30,
Medium191	1	1000848	37214	6009	30,90,0,90,65,46,15,85,23,70,90,86,50,51,82,50,10,95,40,5,40,61,96,60,75,45,76,
Medium192	1	1004928	41242	2714	40,85,75,60,40,0,60,25,85,55,61,55,5,45,76,46,0,65,0,20,15,20,21,10,60,30,6,85,
Medium193	1	1005266	33266	3913	91,90,70,55,87,20,66,46,10,65,1,21,30,80,95,20,6,60,41,95,51,60,60,80,77,95,
Medium194	1	1001590	33540	1199	55,61,0,15,25,80,60,30,15,41,31,71,81,95,21,15,7,10,90,75,
Medium195	1	1008408	48037	891	51,0,65,15,50,70,70,81,36,27,31,85,75,75,10,55,6,90,91,31,20,55,40,60,60,86,
Medium196	1	1004039	33159	1151	65,75,90,81,30,10,20,46,50,76,5,30,31,0,71,41,95,40,95,75,75,6,25,
Medium197	1	1001812	33606	540	0,95,80,30,60,96,55,45,20,76,75,0,15,22,10,5,71,30,6,15,25,70,40,50,90,85,
Medium198	1	1004948	33210	26675	5,31,90,30,50,75,0,12,80,70,95,21,96,41,52,46,90,90,85,90,85,75,76,6,85,
Medium199	1	1001286	33408	551	95,20,30,51,85,30,61,85,75,45,75,96,20,51,75,6,5,16,21,71,80,65,
Medium200	1	1001437	33202	7307	55,0,80,95,67,77,0,15,22,10,5,30,60,90,85,
Medium201	1	1014363	35024	6414	60,70,70,30,91,70,60,57,95,95,45,6,15,16,1,60,25,32,60,20,70,
Medium202	1	1006274	32537	2660	46,1,20,82,95,75,0,41,52,85,37,26,40,5,70,85,90,85,5,5,67,
Medium203	1	1007348	42546	982	40,30,30,0,50,60,0,15,21,40,60,50,15,77,15,6,37,21,1,11,10,5,70,66,5,30,70,55,
Medium204	1	1003436	40663	1753	80,95,75,46,75,0,0,45,90,25,16,85,15,20,6,70,70,70,91,50,60,86,
Medium205	1	1002283	36606	17298	11,21,31,80,95,95,0,0,42,91,85,25,90,40,51,62,85,55,5,5,71,85,
Medium206	1	1003040	32866	3583	75,0,25,80,95,65,55,76,0,15,30,32,10,5,70,70,50,40,90,20,86,
Medium207	1	1002397	34247	11890	80,65,35,25,40,5,96,5,17,50,1,45,20,21,40,6,30,
Medium208	1	1006007	34303	2520	71,81,45,96,95,65,65,45,55,35,5,71,5,17,0,76,0,26,30,52,32,71,41,80,80,50,21,
Medium209	1	1005677	33611	2204	15,20,6,30,40,61,57,65,65,45,35,10,36,40,60,90,61,80,77,
Medium210	1	1002586	36413	4764	35,5,17,60,25,70,0,25,80,30,42,25,75,55,65,80,80,55,75,65,65,31,55,
Medium211	1	1001213	32818	2931	70,66,35,5,85,35,20,45,52,40,30,50,0,30,80,80,61,60,35,76,
Medium212	1	1001457	37410	825	85,55,45,45,15,95,25,86,15,30,5,60,5,60,60,40,60,1,40,51,70,71,15,55,7,35,80,20,
Medium213	1	1007346	32822	695	50,45,35,70,60,35,10,45,20,70,70,45,5,20,21,0,41,30,31,65,46,5,65,
Medium214	1	1006291	39360	10022	30,90,20,60,75,75,45,6,52,0,40,70,70,95,70,45,80,95,65,
Medium215	1	1006039	34073	1239	71,95,65,35,35,0,25,17,20,5,31,60,30,0,26,10,25,81,51,5,36,80,10,40,40,70,5,70,
Medium216	1	1002664	33986	2035	86,40,76,60,35,15,75,20,50,90,62,95,6,85,5,25,70,10,
Medium217	1	1012005	32186	3571	25,60,0,85,60,71,10,86,30,31,81,75,80,65,65,30,5,20,51,16,76,
Medium218	1	1001277	34180	2247	25,5,30,50,71,45,66,5,32,1,61,40,20,40,40,40,76,66,25,
Medium219	1	1002525	32114	524	50,75,26,50,30,75,61,75,46,16,30,31,10,40,50,10,21,50,5,6,40,70,66,
Medium220	1	1001230	33122	2909	70,61,55,35,5,25,81,15,60,80,90,46,45,95,85,10,20,30,
Medium221	1	1001784	37305	31259	86,65,75,45,35,50,5,65,5,17,26,25,0,0,55,32,40,50,
Medium222	1	1004061	44793	14098	95,46,50,81,60,71,20,96,61,56,5,15,20,40,70,31,70,6,50,90,86,
Medium223	1	1000895	32345	600	40,81,30,80,65,71,97,56,26,41,70,60,40,85,21,35,70,5,5,50,5,50,90,85,85,
Medium224	1	1003037	33674	525	0,51,91,45,90,45,35,26,86,77,35,65,50,50,7,55,60,55,70,20,20,
Medium225	1	1002376	32883	2063	91,55,65,35,5,25,15,72,80,45,90,46,85,75,5,10,20,30,
Medium226	1	1009017	34499	12642	31,60,55,41,55,26,76,91,25,35,6,17,60,0,31,20,60,96,41,30,
Medium227	1	1005357	33046	2257	70,30,65,30,85,26,45,6,45,53,41,20,80,80,1,20,60,75,61,75,25,
Medium228	1	1001579	36522	802	15,70,65,71,20,30,52,45,65,35,26,25,30,55,65,77,11,7,15,60,15,70,51,
Medium229	1	1015215	37642	9959	15,20,0,82,61,30,30,77,40,52,45,71,65,66,85,86,16,30,
Medium230	1	1002998	37348	4318	52,95,30,41,71,62,96,45,36,5,17,0,20,31,40,30,65,91,5,65,10,90,75,40,56,
Medium231	1	1007751	36963	10434	55,60,35,25,71,40,95,5,70,85,17,0,45,21,70,20,40,30,
Medium232	1	1004024	50989	6242	60,36,90,16,40,60,25,90,56,86,5,75,42,0,80,80,50,65,51,96,20,85,11,85,
Medium233	1	1004419	36562	3624	26,16,50,70,30,30,0,95,45,50,86,0,51,40,15,25,40,40,40,56,60,6,91,85,
Medium234	1	1006413	35317	1513	80,1,15,40,61,70,50,41,86,25,85,30,51,50,35,82,76,66,10,45,75,45,
Medium235	1	1006115	32254	849	25,30,0,16,30,71,40,30,20,51,70,61,95,15,20,40,6,5,10,90,65,
Medium236	1	1007007	36479	5017	50,75,65,75,75,0,15,22,10,5,70,60,91,40,85,55,86,41,95,30,95,95,
Medium237	1	1004723	35233	1056	10,70,50,95,60,30,60,96,46,51,25,50,40,40,90,66,36,85,90,75,85,41,5,5,25,5,46,70,80,31,
Medium238	1	1002238	37106	2484	70,70,20,55,40,65,55,66,35,6,42,0,60,0,60,30,50,76,51,65,50,65,35,
Medium239	1	1016129	32767	15889	81,65,20,0,12,60,70,85,86,42,80,90,52,81,76,75,65,15,65,91,15,40,65,5,36,
Medium240	1	1005582	38576	13458	50,60,40,60,81,71,70,65,96,45,45,35,50,5,16,20,15,0,40,90,41,60,75,85,5,90,75,
Medium241	1	1005893	33370	2158	51,65,45,75,95,86,20,0,15,22,10,5,81,30,51,90,76,
Medium242	1	1005232	47171	6945	85,85,76,45,50,50,35,26,25,30,56,40,10,70,80,30,7,41,50,60,97,
Medium243	1	1004278	32220	2358	70,60,85,56,26,35,40,5,40,40,30,20,40,0,82,20,52,75,25,66,
Medium244	1	1000607	43116	2308	40,16,20,70,95,20,0,35,42,0,31,91,60,86,15,31,5,85,
Medium245	1	1003340	33419	3935	70,66,25,86,25,45,50,5,52,40,0,21,81,60,35,75,61,25,75,
Medium246	1	1000975	52821	2266	30,41,30,91,85,26,55,55,70,60,6,71,50,61,60,70,0,50,0,21,82,25,95,
Medium247	1	1012052	37982	707	20,60,1,15,95,71,81,95,35,40,95,50,60,60,60,55,91,85,75,75,10,86,
Medium248	1	1007085	42715	13093	65,95,80,46,96,56,0,45,1,35,25,51,90,91,50,61,70,71,5,87,65,36,
Medium249	1	1001514	35067	3930	35,61,15,21,75,35,80,96,21,60,0,95,51,51,92,30,85,71,10,60,85,85,
Medium250	1	1001393	32548	934	70,0,71,60,40,35,51,85,25,70,5,25,40,5,60,91,86,36,
Medium251	1	1001641	31951	5266	46,1,80,80,95,35,75,65,0,40,52,40,26,40,66,5,70,90,36,86,
Medium252	1	1003093	40743	5306	61,70,30,16,86,20,45,56,55,0,21,80,80,30,76,66,20,5,5,75,
Medium253	1	1003275	57914	1245	26,16,87,30,50,70,70,65,30,15,6,41,40,40,1,50,10,62,25,15,75,60,55,
Medium254	1	1006201	34010	1341	10,61,70,55,35,5,71,26,25,30,25,65,65,40,52,65,5,42,0,61,35,60,21,20,67,75,76,
Medium255	1	1003317	33629	397	85,0,30,40,60,56,25,70,40,60,96,26,5,15,71,30,5,5,20,90,65,
Medium256	1	1012174	33407	3887	0,81,95,66,50,65,0,15,21,20,10,30,5,61,50,50,90,85,85,77,
Medium257	1	1000945	34561	4668	45,25,10,25,37,65,90,65,75,76,80,35,80,1,42,30,95,15,50,40,95,95,
Medium258	1	1003828	33929	1989	26,35,41,5,80,16,55,95,15,0,46,32,41,5,10,60,90,70,50,85,21,5,85,
Medium259	1	1002611	40912	2072	65,75,36,0,25,40,16,15,20,75,5,32,0,40,50,66,51,45,5,6,75,
Medium260	1	1007102	33387	3583	80,20,40,66,91,77,35,5,53,0,30,62,35,85,5,90,45,85,
Medium261	1	1000636	32845	732	85,75,15,66,25,65,31,41,51,75,50,45,16,5,5,75,5,35,60,20,
Medium262	1	1002363	37742	8274	60,60,55,25,60,75,25,80,97,40,42,5,5,30,60,30,31,92,20,71,0,20,50,51,85,86,25,
Medium263	1	1008287	34617	787	56,65,55,10,1,0,81,20,15,52,20,60,80,77,40,30,42,35,70,65,71,86,65,85,55,65,56,10,25,25,
Medium264	1	1005487	34494	989	91,40,41,25,40,85,65,30,56,85,0,25,17,5,80,50,15,20,50,35,75,20,95,75,81,21,10,60,30,95,60,95,
Medium265	1	1007633	37142	5744	60,45,5,16,20,15,60,0,91,40,80,51,90,50,85,66,20,75,65,85,40,75,40,
Medium266	1	1002098	32541	400	50,36,75,16,65,65,75,87,20,40,51,50,65,75,20,7,45,26,80,11,
Medium267	1	1005366	44705	1192	65,91,85,45,35,26,50,6,15,75,65,16,0,55,20,20,20,30,40,50,
Medium268	1	1009010	36482	4798	0,50,60,90,72,70,85,35,26,95,50,6,15,16,0,55,20,20,40,20,50,5,30,
Medium269	1	1007243	32526	2057	80,5,15,71,80,70,56,20,46,5,30,62,40,40,90,51,85,86,
Medium270	1	1004631	33795	3128	85,70,65,36,45,45,5,50,5,51,40,50,1,40,31,62,81,75,20,35,75,
Medium271	1	1000408	33066	1080	60,25,81,96,50,60,70,30,5,10,40,61,55,41,91,87,
Medium272	1	1006240	37592	4566	75,36,55,80,97,65,5,16,40,20,15,0,62,91,5,10,90,35,86,
Medium273	1	1003294	34629	1012	40,76,1,15,40,80,35,55,65,25,15,56,41,5,70,70,81,15,66,5,5,45,50,20,
Medium274	1	1009195	35700	2756	61,55,0,80,26,70,81,37,85,86,5,5,40,42,0,0,82,31,20,75,20,50,51,50,30,25,76,87,65,
Medium275	1	1008639	34087	4388	71,15,60,45,70,25,26,66,30,51,65,5,5,32,1,60,61,20,21,75,42,75,67,75,
Medium276	1	1003097	34997	1187	65,55,45,86,1,30,90,25,15,75,66,31,5,80,90,40,50,75,75,6,35,60,10,
Medium277	1	1000984	34593	15957	25,80,45,15,97,30,52,15,40,61,40,70,26,72,15,65,45,
Medium278	1	1002288	36384	3566	25,30,52,71,80,95,45,15,95,60,30,60,82,65,75,5,5,5,35,90,10,
Medium279	1	1012088	35368	21075	75,45,35,96,61,6,17,27,1,50,65,32,40,60,
Medium280	1	1001674	44607	3341	60,55,35,26,40,6,81,91,80,90,15,75,65,66,15,86,15,1,45,20,30,21,40,
Medium281	1	1012197	33481	5196	55,35,25,65,70,90,91,85,40,6,17,0,0,45,22,40,30,
Medium282	1	1003460	32764	1878	16,30,91,20,50,87,41,75,5,50,15,60,6,47,0,0,10,70,95,80,81,35,95,11,
Medium283	1	1013694	34556	6725	90,40,50,75,91,85,6,27,31,15,40,1,0,80,80,20,62,85,36,16,21,5,85,75,75,
Medium284	1	1001631	33986	19241	50,30,90,75,0,12,80,60,70,95,96,41,30,51,62,50,45,45,92,87,77,
Medium285	1	1002489	31650	4411	70,10,0,81,50,97,80,45,36,67,0,10,35,43,51,31,75,5,60,85,90,90,90,86,25,76,
Medium286	1	1005115	32850	1414	60,35,70,40,0,71,51,35,25,85,25,40,70,90,5,5,60,86,90,35,
Medium287	1	1005230	43304	1992	25,50,36,1,51,61,45,15,76,50,5,5,31,30,0,0,55,61,56,6,70,20,35,70,10,
Medium288	1	1004290	35428	3130	10,20,70,10,50,40,40,36,66,5,5,22,0,61,32,65,76,65,45,
Medium289	1	1006831	38522	12629	0,20,85,67,0,15,20,51,70,20,85,20,40,90,10,6,40,30,40,80,75,75,75,
Medium290	1	1002676	35271	1233	60,35,10,1,70,70,25,70,26,25,77,5,43,1,70,71,30,50,30,50,20,66,51,36,20,20,65,77,
Medium291	1	1002948	33079	1718	0,25,32,20,70,55,5,82,45,55,45,62,90,41,51,86,75,76,85,
Medium292	1	1004752	37897	28987	0,60,97,20,45,80,35,75,75,75,36,0,42,50,90,30,85,25,90,86,40,
Medium293	1	1008285	35466	4091	25,65,15,55,30,45,55,75,0,55,32,80,26,5,71,81,66,16,
Medium294	1	1002646	34463	1855	80,65,35,71,11,40,40,35,55,66,5,21,20,0,61,32,65,55,65,86,45,
Medium295	1	1001471	32464	1754	5,61,55,35,60,70,25,15,70,70,80,91,47,85,5,75,10,20,30,
Medium296	1	1004182	55012	2103	71,65,35,25,16,15,20,6,50,51,1,30,45,60,75,61,35,
Medium297	1	1004311	43435	6093	50,75,75,86,40,50,51,45,80,60,70,60,96,95,45,5,15,20,30,80,61,6,40,90,75,75,
Medium298	1	1006815	37667	2030	30,80,81,42,95,61,51,50,60,96,86,85,35,35,5,15,20,16,0,32,5,80,90,10,10,91,80,80,45,56,45,5,66,
Medium299	1	1004889	33582	9062	80,70,45,92,60,51,51,25,40,95,15,87,30,40,26,62,16,45,96,
Medium300	1	1004447	33822	964	75,85,60,20,50,40,35,90,75,15,90,75,20,6,41,40,1,50,61,85,60,55,85,7,25,70,10,
Medium301	1	1002402	34162	10102	70,10,81,40,51,25,95,95,95,36,40,10,41,85,31,90,65,90,25,90,85,77,31,25,85,7,55,
Medium302	1	1004576	32622	1726	35,45,26,50,5,60,17,0,55,22,40,30,50,7,60,90,76,
Medium303	1	1003816	44786	3825	75,26,65,50,65,65,35,35,40,0,0,71,40,85,71,6,60,30,91,56,25,
Medium304	1	1004607	38521	5530	60,75,56,55,0,15,21,60,20,75,10,5,40,80,35,5,80,40,40,70,67,
Medium305	1	1007050	40924	808	15,86,15,55,45,37,95,40,25,85,40,5,61,61,50,0,50,70,71,15,55,7,45,80,20,
Medium306	1	1001152	33257	1767	65,35,25,40,6,17,50,1,45,21,30,20,40,7,80,90,66,
Medium307	1	1004359	32499	6320	70,85,50,0,90,25,50,0,16,15,32,5,20,40,5,5,10,80,76,
Medium308	1	1003156	33527	2116	26,81,35,40,40,51,40,30,71,95,25,5,15,80,30,6,20,90,75,
Medium309	1	1007928	37595	9446	35,5,17,60,81,50,50,0,30,42,85,75,26,67,25,50,31,5,85,75,
Medium310	1	1006393	35171	2088	95,65,46,5,17,0,40,75,20,40,35,40,90,50,6,81,75,90,65,75,
Medium311	1	1004024	33519	2919	35,26,40,61,85,5,15,16,0,45,22,40,30,5,10,80,65,65,
Medium312	1	1007528	33017	4044	70,0,0,15,21,85,60,70,20,86,10,40,20,40,90,41,50,6,80,32,80,90,67,5,77,
Medium313	1	1004127	38075	4955	60,60,95,71,95,50,95,45,5,15,16,0,40,90,35,20,41,5,10,91,65,75,6,55,
Medium314	1	1007833	34335	6382	70,20,55,11,70,55,41,35,66,5,5,22,1,55,61,30,76,30,30,66,
Medium315	1	1000348	35627	2236	35,0,71,40,70,50,85,26,40,70,6,50,90,61,90,36,85,85,
Medium316	1	1009310	34070	3113	80,95,27,0,31,42,50,96,36,35,45,5,22,75,40,30,91,85,90,75,75,
Medium317	1	1001855	33373	1143	11,60,5,30,45,20,72,55,56,5,22,0,51,0,30,43,35,56,5,66,
Medium318	1	1007985	32075	4256	60,70,80,56,25,95,5,25,35,42,30,20,40,0,20,90,52,90,90,25,85,66,5,76,
Medium319	1	1009596	33540	5061	20,0,65,30,80,80,95,77,0,15,40,21,20,10,5,71,90,40,86,
Medium320	1	1006773	42897	1936	75,61,25,46,86,15,76,30,50,85,6,52,61,1,37,70,6,55,70,10,20,
Medium321	1	1000729	32773	4791	25,1,81,50,66,25,35,75,40,42,30,0,21,51,61,50,86,25,75,
Medium322	1	1004093	33122	534	15,60,71,85,20,70,40,51,86,36,41,40,31,75,80,55,81,76,55,65,15,26,65,65,30,30,6,15,5,36,60,21,
Medium323	1	1010606	34223	753	35,91,70,80,56,55,35,5,15,40,90,76,5,20,5,32,0,0,71,52,75,85,85,75,
Medium324	1	1001529	35839	1770	10,40,35,0,25,50,40,85,86,71,71,80,6,62,80,55,91,55,36,
Medium325	1	1011763	33484	2181	60,0,15,20,80,21,70,46,10,35,5,35,50,50,90,50,31,40,86,60,85,40,77,
Medium326	1	1005974	39427	777	61,35,35,25,45,81,25,50,75,50,5,95,16,15,0,55,20,55,20,41,40,20,50,50,5,5,10,90,30,30,70,85,
Medium327	1	1006420	35205	4804	81,10,45,35,5,51,60,50,50,30,40,0,40,75,75,75,62,86,45,25,
Medium328	1	1001270	32646	6848	80,30,50,80,70,46,25,5,50,32,0,20,40,41,25,50,86,5,76,65,66,
Medium329	1	1004501	49179	4212	76,66,35,41,26,6,5,17,21,45,45,30,31,60,70,40,50,95,96,
Medium330	1	1010485	35625	3958	1,60,70,71,27,77,6,33,1,70,71,22,65,75,41,50,52,45,76,66,15,
Medium331	1	1002322	35881	1528	96,15,95,50,60,45,50,85,77,20,6,30,30,16,50,50,30,0,0,41,91,60,61,86,45,
Medium332	1	1002910	35403	2990	30,0,51,90,75,65,80,50,35,35,25,15,66,50,6,40,40,90,80,76,5,55,60,10,
Medium333	1	1010743	32830	13766	15,77,90,80,60,35,35,42,40,85,30,70,70,70,51,60,30,95,96,86,21,51,31,10,
Medium334	1	1001431	37977	1348	60,35,60,55,25,75,55,85,15,85,5,41,40,40,0,80,80,50,51,65,85,85,5,45,10,5,70,20,
Medium335	1	1007292	42137	11439	40,60,76,35,25,40,50,6,17,1,45,90,22,40,30,75,
Medium336	1	1006207	42950	2907	80,5,15,20,52,31,71,85,60,86,40,60,61,45,82,55,55,77,
Medium337	1	1009528	35052	2974	30,1,80,70,15,45,21,80,97,61,60,91,86,26,10,70,85,60,
Medium338	1	1009717	33688	6965	0,25,92,60,85,60,37,80,95,75,60,0,15,23,10,40,95,95,
Medium339	1	1001352	40059	1516	71,45,81,15,30,55,45,66,5,32,0,60,60,42,25,65,65,76,86,
Medium340	1	1001001	32463	5091	80,60,20,70,56,35,80,5,42,0,30,51,76,50,80,66,35,
Medium341	1	1003163	45044	5928	40,70,91,40,70,65,20,20,65,5,35,5,50,51,50,0,30,60,96,61,75,35,
Medium342	1	1006251	33937	4416	70,30,81,45,45,51,65,25,65,5,5,31,30,1,20,40,60,86,60,42,65,65,25,76,
Medium343	1	1007076	35075	3534	80,40,50,61,60,55,80,97,46,5,16,15,0,40,40,20,40,51,90,5,90,10,90,75,85,76,66,85,
Medium344	1	1006389	37637	1350	61,70,40,35,15,85,21,5,41,40,0,51,72,55,65,7,25,80,10,
Medium345	1	1005444	33154	5482	25,91,30,55,10,86,40,61,85,10,6,42,0,0,81,52,96,86,
Medium346	1	1002237	44805	1332	20,61,45,81,50,50,97,75,20,20,75,60,60,75,30,6,15,5,20,72,90,85,86,
Medium347	1	1007810	33728	1528	65,65,10,10,30,1,81,97,45,80,25,52,25,65,85,85,0,35,17,30,5,25,60,60,75,60,50,40,92,85,5,76,
Medium348	1	1002939	37556	11837	80,66,80,95,76,36,0,0,25,35,90,85,17,20,85,6,71,70,90,40,50,65,50,85,
Medium349	1	1005208	34738	2770	5,10,30,20,85,40,60,55,55,86,5,40,41,0,81,50,51,25,86,35,
Medium350	1	1006616	32599	1740	71,61,86,46,5,56,17,0,25,31,30,20,61,7,55,41,80,75,75,
Medium351	1	1003211	34128	3798	50,30,65,20,12,60,70,36,90,40,52,85,45,30,30,77,67,
Medium352	1	1003441	38126	13763	55,35,25,40,60,72,95,5,17,0,45,21,20,40,70,6,30,
Medium353	1	1005973	33710	1771	80,40,75,80,35,55,26,40,95,5,65,16,15,0,45,22,40,5,10,30,90,86,66,
Medium354	1	1004559	35310	929	20,41,30,30,51,77,66,20,40,85,86,65,40,5,6,60,16,20,20,60,70,55,
Medium355	1	1004692	42835	3417	61,55,90,86,20,21,80,80,0,50,30,65,65,95,96,41,52,45,5,45,92,85,35,35,86,
Medium356	1	1003634	36569	1575	0,81,65,15,23,70,60,85,10,50,86,41,52,46,80,75,81,30,75,5,75,67,
Medium357	1	1011259	35865	2832	35,15,95,50,25,70,96,65,40,70,83,17,60,36,76,60,5,26,
Medium358	1	1008252	36282	11944	25,85,70,65,35,45,25,46,50,6,76,17,0,55,22,96,50,30,
Medium359	1	1009073	34647	8737	95,10,21,76,10,60,80,95,95,30,55,75,1,30,40,30,40,91,85,85,15,30,5,5,70,50,60,85,
Medium360	1	1011713	33911	11760	85,91,30,65,85,25,5,30,5,75,25,46,52,50,41,20,1,20,61,95,70,60,85,25,95,
Medium361	1	1002167	32915	6011	60,1,15,25,31,31,70,20,10,86,60,6,40,50,51,80,91,77,
Medium362	1	1014010	32569	6646	80,70,55,60,60,55,96,25,25,5,35,40,42,30,0,21,52,65,92,25,5,76,6,85,
Medium363	1	1005747	40823	3670	80,35,62,26,85,40,5,95,17,0,45,20,21,40,30,51,60,
Medium364	1	1004678	32740	2068	0,80,95,75,0,25,25,31,80,52,85,35,45,65,35,21,5,70,65,90,85,
Medium365	1	1005437	39340	1511	5,15,20,80,75,56,35,95,16,41,0,15,80,95,95,60,61,90,91,85,46,50,30,60,85,71,85,
Medium366	1	1009556	38043	995	90,45,90,85,61,70,36,85,60,15,85,95,20,40,5,42,0,96,51,72,56,92,65,65,6,5,25,80,10,
Medium367	1	1004930	32097	2038	0,10,80,95,70,95,65,95,20,45,50,66,0,10,22,6,90,30,60,86,40,85,90,50,30,77,
Medium368	1	1005611	34217	394	87,0,92,60,60,46,52,40,70,40,66,70,65,45,45,56,95,96,5,6,17,92,82,15,52,95,96,0,0,25,25,32,71,21,
Medium369	1	1006877	39441	5088	10,90,50,50,60,72,80,56,97,15,45,5,60,60,60,45,55,0,91,82,96,75,5,75,
Medium370	1	1007692	33108	6596	1,15,21,81,97,20,10,80,30,55,60,76,5,41,62,50,91,75,85,90,85,85,
Medium371	1	1001944	38491	733	40,95,30,75,65,80,40,31,50,30,95,95,87,60,5,5,15,60,20,5,80,90,76,
Medium372	1	1007226	33477	1096	75,87,55,46,36,0,0,25,17,20,6,31,30,40,0,40,50,0,60,50,61,81,75,75,60,55,
Medium373	1	1010880	34875	1880	15,41,20,81,36,50,75,75,65,5,20,21,0,70,70,30,31,75,75,86,45,
Medium374	1	1004184	32561	760	35,50,25,15,50,0,71,67,76,5,57,55,10,0,72,65,82,47,87,76,75,20,30,
Medium375	1	1007090	37374	12404	65,35,26,80,51,95,95,6,15,16,0,55,21,20,30,50,6,40,
Medium376	1	1002510	32612	3845	0,41,85,67,0,15,20,21,70,90,40,70,10,85,50,6,30,90,51,80,75,76,
Medium377	1	1009228	35445	15220	45,65,5,17,70,80,0,91,40,52,85,75,66,75,90,35,75,20,40,40,85,5,35,
Medium378	1	1003724	46871	917	90,62,80,70,5,15,20,20,31,80,97,50,72,55,91,86,85,36,60,
Medium379	1	1009143	33298	5738	20,80,70,65,95,36,6,46,51,51,1,41,31,91,61,85,60,35,75,75,
Medium380	1	1004623	35444	10008	71,80,40,0,97,40,35,40,25,65,65,15,65,26,0,50,32,15,50,20,20,85,76,30,91,50,46,5,5,86,
Medium381	1	1000886	47023	2409	5,21,5,10,30,45,70,90,81,45,50,60,61,55,40,86,40,35,35,85,
Medium382	1	1011212	32613	8200	5,80,60,95,96,15,45,37,75,40,15,76,15,20,1,20,41,50,30,90,40,90,87,
Medium383	1	1014612	36559	25229	26,30,5,85,17,0,35,21,20,30,90,6,70,85,52,90,80,77,
Medium384	1	1001711	36637	6375	50,35,5,80,16,50,20,70,40,15,0,65,30,81,41,75,55,75,56,31,65,
Medium385	1	1004577	51950	10654	40,25,75,40,30,55,55,60,75,40,96,75,6,17,0,45,21,20,40,6,30,
Medium386	1	1005455	32475	3172	40,5,5,60,15,85,60,70,26,86,16,0,30,56,0,30,30,80,15,40,80,76,65,65,75,30,
Medium387	1	1016426	32057	7257	0,60,80,60,70,97,12,90,91,21,85,75,30,65,65,50,10,5,86,50,31,75,25,75,
Medium388	1	1001777	40818	1215	90,10,41,1,61,90,80,55,35,25,60,6,71,80,81,75,0,0,66,20,65,30,
Medium389	1	1002948	38085	14741	35,0,10,90,61,70,60,95,45,30,81,10,96,50,60,71,70,55,90,90,87,
Medium390	1	1001040	39839	4440	80,21,50,10,50,80,45,45,66,65,10,6,33,0,61,42,55,66,85,85,
Medium391	1	1004382	33472	8667	70,40,60,40,35,52,17,50,95,87,20,30,70,30,45,62,95,35,95,45,
Medium392	1	1000911	37946	2126	15,45,80,25,81,52,85,75,75,85,75,30,85,41,63,45,45,80,25,80,80,25,56,16,
Medium393	1	1003360	34726	11535	30,80,80,70,65,12,50,60,20,70,85,86,40,51,50,45,82,65,77,66,
Medium394	1	1007332	32369	940	70,85,61,35,35,85,40,70,85,56,5,15,16,0,26,42,61,20,30,50,20,30,7,50,80,76,
Medium395	1	1002256	38190	2412	45,85,25,25,75,0,55,37,63,5,90,81,91,55,25,45,
Medium396	1	1009270	33976	2015	70,70,95,65,55,0,16,45,25,35,26,10,10,5,50,51,70,60,0,17,21,5,55,82,30,30,40,5,40,70,
Medium397	1	1011671	32448	1690	50,96,35,75,85,1,26,50,42,51,5,61,75,5,80,90,75,36,
Medium398	1	1000765	33064	4002	35,20,70,40,35,66,5,15,55,20,21,0,60,15,60,31,76,15,30,66,
Medium399	1	1005495	32514	28862	80,25,30,43,51,95,75,85,61,95,11,86,35,5,10,22,50,61,50,31,
Medium400	1	1005774	35547	1146	50,35,45,70,26,61,5,85,95,16,15,0,65,21,20,60,30,6,40,10,90,80,75,
Medium401	1	1007257	41507	11864	70,5,95,16,15,30,45,20,30,80,96,0,50,51,90,90,70,85,60,35,85,50,85,
Medium402	1	1006405	32505	892	20,60,70,45,5,60,50,36,70,46,5,21,20,0,40,40,32,66,46,
Medium403	1	1002322	32255	1308	36,71,40,81,95,96,55,55,5,65,18,0,60,26,42,71,21,31,7,51,90,86,
Medium404	1	1003222	32920	600	45,60,16,85,75,45,26,75,86,30,50,30,15,6,62,75,55,5,36,80,21,
Medium405	1	1004464	40602	3276	81,50,75,35,5,75,45,60,5,62,1,40,30,70,86,70,55,71,35,45,
Medium406	1	1009098	34316	6643	20,50,90,90,70,66,70,35,5,42,0,30,61,55,95,60,70,35,87,95,
Medium407	1	1008151	35426	21640	71,1,11,20,80,96,32,90,25,91,40,40,50,85,76,30,60,25,50,60,50,86,45,
Medium408	1	1007246	34345	6158	95,0,11,66,80,70,96,20,45,65,0,21,90,90,31,75,86,15,20,5,60,40,51,5,85,76,
Medium409	1	1007565	39940	1742	80,15,80,41,20,36,66,5,55,22,0,61,32,75,86,65,65,45,5,75,
Medium410	1	1014679	41110	7125	36,0,75,25,40,40,1,15,75,91,30,60,61,95,85,15,25,75,85,25,30,30,15,95,
Medium411	1	1004030	35757	20916	0,70,30,15,90,45,15,21,81,20,10,96,95,60,72,10,65,90,90,87,
Medium412	1	1000633	39531	14784	0,20,30,90,55,45,20,85,90,77,15,90,0,46,51,62,20,51,5,86,41,97,36,
Medium413	1	1008695	32901	2277	85,40,95,60,11,20,30,56,86,5,40,41,0,80,80,75,52,35,86,96,
Medium414	1	1004944	33650	6344	40,0,0,15,81,40,91,36,60,72,65,30,46,30,97,86,10,
Medium415	1	1004128	39325	10166	50,36,10,95,80,95,95,40,65,77,0,41,91,85,15,50,40,5,85,85,
Medium416	1	1004704	42939	1804	95,70,55,85,70,25,45,55,15,86,30,45,96,6,63,70,1,70,37,6,65,81,20,10,
Medium417	1	1004971	39226	10578	60,81,75,45,45,5,15,61,95,60,0,40,72,85,45,15,55,5,15,
Medium418	1	1008360	34396	3390	45,30,80,20,75,11,10,70,0,92,87,52,81,80,96,61,77,36,16,95,50,
Medium419	1	1003440	34346	2038	40,85,96,65,25,85,0,0,40,31,30,51,5,65,75,25,41,5,80,90,65,75,75,
Medium420	1	1012097	32996	1700	0,80,95,75,20,0,40,80,51,50,65,85,26,41,5,70,90,85,35,65,
Medium421	1	1010062	33973	5320	80,80,66,55,25,5,25,35,40,75,42,30,75,20,0,60,20,52,25,86,
Medium422	1	1006007	34820	954	30,15,40,15,95,25,85,76,75,30,5,40,41,0,50,50,62,86,15,55,7,35,70,20,
Medium423	1	1012234	37971	6469	75,81,40,61,55,75,75,6,40,16,41,1,71,50,51,76,5,5,85,35,85,
Medium424	1	1006136	34842	9439	1,60,90,10,61,91,85,50,70,85,85,31,42,40,50,51,35,35,81,20,76,5,80,97,75,
Medium425	1	1003622	35198	3401	30,71,95,80,0,65,50,15,95,15,95,65,20,45,65,0,21,91,85,76,20,5,60,40,5,50,30,86,
Medium426	1	1004447	34963	3874	0,71,55,45,95,85,67,0,15,23,30,10,5,60,5,60,80,50,76,
Medium427	1	1009516	33283	2943	75,85,30,25,45,85,65,15,55,0,25,65,30,30,90,65,15,30,5,80,80,91,25,76,15,
Medium428	1	1006857	34318	4879	31,80,66,11,71,21,50,10,61,85,86,40,52,45,81,75,76,80,67,
Medium429	1	1004179	33129	871	76,86,35,95,60,35,16,96,20,50,60,85,40,60,60,75,20,6,55,5,26,90,11,
Medium430	1	1009865	34765	4353	30,20,50,81,46,75,67,5,32,0,61,42,85,85,25,66,
Medium431	1	1010264	35009	3901	66,11,40,80,50,20,20,75,0,40,75,51,65,85,91,30,90,85,15,15,41,7,75,
Medium432	1	1013716	32685	8700	90,76,90,80,56,66,25,5,25,35,43,0,75,30,20,20,61,52,96,86,25,
Medium433	1	1014363	33663	6580	10,70,60,71,40,51,97,86,85,36,41,40,75,31,82,75,10,27,67,30,91,90,75,30,55,
Medium434	1	1004867	32477	951	45,15,65,75,66,20,75,80,36,52,85,6,75,5,25,60,10,
Medium435	1	1008005	34868	3564	5,15,21,95,15,31,81,96,15,50,70,0,50,40,50,90,90,85,86,35,50,
Medium436	1	1008112	41321	3561	85,11,21,70,70,61,56,86,40,5,42,0,80,80,52,35,86,75,65,
Medium437	1	1001109	34450	2036	10,55,20,70,30,60,70,70,46,55,55,5,31,30,0,51,41,25,40,55,55,66,
Medium438	1	1004337	38662	9641	5,81,80,90,50,60,10,20,52,70,35,70,96,95,40,62,45,5,90,90,77,
Medium439	1	1006759	35016	4884	0,30,15,75,45,65,25,15,75,0,30,55,80,30,56,30,5,80,71,26,66,80,15,
Medium440	1	1010246	38717	4989	40,75,95,15,25,85,35,86,40,5,50,60,51,0,47,5,55,82,10,5,30,20,
Medium441	1	1009886	33364	2025	61,10,20,30,46,71,57,5,32,0,51,41,65,40,65,56,
Medium442	1	1008930	40192	830	70,46,16,86,26,85,97,50,31,5,52,0,61,70,70,15,70,65,7,65,35,80,35,90,21,
Medium443	1	1006429	34257	1409	0,15,50,15,82,40,70,40,70,95,15,5,20,30,5,5,10,90,75,
Medium444	1	1006325	35940	6162	45,60,60,80,71,80,71,97,55,6,15,15,25,25,80,15,25,0,75,0,35,43,60,80,30,5,70,
Medium445	1	1004926	34923	2261	85,95,30,50,50,41,61,96,86,76,75,30,5,16,51,6,26,31,71,80,65,
Medium446	1	1005689	35071	3696	70,35,95,81,96,60,40,10,6,50,51,72,65,91,86,20,85,
Medium447	1	1010387	32643	8436	0,25,80,40,70,0,16,95,31,15,30,5,50,50,20,6,10,90,86,
Medium448	1	1010602	41005	3547	61,36,25,25,85,46,95,51,5,75,15,16,0,15,70,56,42,22,51,31,
Medium449	1	1011067	32915	6768	95,71,80,60,11,95,25,95,0,42,60,50,91,85,85,85,76,40,
Medium450	1	1003900	34059	21693	60,90,75,0,12,80,70,20,30,10,97,42,40,30,61,92,50,51,87,77,
Medium451	1	1013904	34924	4679	60,85,20,90,60,40,56,35,85,70,85,6,41,40,1,30,81,53,35,96,65,86,
Medium452	1	1003632	38630	5719	0,95,25,60,70,60,45,95,80,95,25,25,6,15,70,30,5,21,90,87,
Medium453	1	1007155	33034	13935	75,90,65,65,20,36,5,45,53,85,86,0,40,30,30,60,61,71,96,35,
Medium454	1	1002627	38604	6537	45,35,25,25,50,5,60,81,75,95,16,15,0,55,22,40,81,50,30,
Medium455	1	1006954	34496	3533	71,70,35,60,11,56,41,40,35,15,66,65,5,21,21,40,55,0,62,12,30,31,75,65,76,65,65,
Medium456	1	1009692	33162	11366	70,20,15,95,85,86,20,5,31,31,40,0,25,60,60,55,96,81,26,60,5,60,10,
Medium457	1	1004062	36354	36544	46,30,0,15,21,80,95,45,95,60,71,70,65,91,85,26,86,10,
Medium458	1	1003543	32294	625	0,20,55,62,90,50,25,35,90,35,26,55,55,90,86,75,15,76,85,60,7,65,70,10,
Medium459	1	1017879	38138	844	40,95,96,76,0,0,41,50,35,25,80,15,40,6,71,52,75,75,0,0,46,10,45,20,
Medium460	1	1004359	43506	6581	71,95,55,5,17,20,30,0,52,5,5,61,91,46,75,
Medium461	1	1017156	33766	14034	75,25,90,55,55,25,5,40,60,42,0,20,52,60,87,96,25,6,35,
Medium462	1	1003301	34394	2064	65,15,70,46,25,80,5,55,65,33,0,20,80,80,40,40,65,40,76,25,
Medium463	1	1001496	34646	3168	70,70,35,95,46,5,16,60,15,0,41,60,20,90,40,75,6,81,90,56,
Medium464	1	1008284	38261	2035	30,0,25,90,90,60,55,70,87,25,25,5,5,15,60,40,5,21,80,76,75,
Medium465	1	1006709	33557	1740	81,20,50,41,36,75,75,5,21,65,15,20,0,71,32,85,45,76,5,85,
Medium466	1	1005591	35995	35438	45,36,5,17,80,0,40,75,91,60,51,50,95,61,20,76,87,41,95,35,
Medium467	1	1009019	38722	1034	55,91,0,26,80,76,90,55,36,35,25,7,21,45,45,62,40,30,72,35,50,97,
Medium468	1	1002597	33156	1791	60,30,51,0,81,95,95,45,1,15,55,23,10,50,6,60,40,90,86,
Medium469	1	1001865	34666	1695	35,1,51,80,45,90,80,45,75,26,75,65,51,35,5,5,5,55,55,70,20,60,20,
Medium470	1	1005726	32977	4994	35,26,40,81,5,95,15,16,0,45,20,21,80,30,50,40,50,76,5,10,90,50,87,75,
Medium471	1	1005789	38595	1498	95,67,95,50,85,1,40,50,75,75,25,41,6,30,80,90,75,
Medium472	1	1001526	36554	5877	15,15,50,70,95,26,31,45,50,86,0,0,51,15,42,90,56,60,90,40,85,
Medium473	1	1007381	33994	1403	95,40,65,40,70,20,31,95,51,86,85,65,95,20,40,65,6,16,70,40,5,21,60,60,80,55,
Medium474	1	1010376	32935	7278	15,85,95,60,25,86,30,50,5,52,40,0,36,60,80,35,5,70,55,81,10,95,20,5,95,
Medium475	1	1009934	32634	3221	60,0,75,80,25,30,0,15,30,30,60,75,30,10,40,20,6,50,51,80,70,67,
Medium476	1	1001319	35643	3026	65,51,75,65,20,45,85,85,5,65,10,22,0,80,30,80,40,0,32,41,55,5,85,85,76,
Medium477	1	1007314	35740	2595	85,50,95,0,51,85,40,95,60,0,95,25,35,40,16,40,55,75,15,20,55,5,80,81,40,30,90,90,76,
Medium478	1	1001429	37250	2138	35,95,95,85,1,75,50,60,75,25,50,50,6,45,80,90,75,
Medium479	1	1001790	34769	4245	85,65,91,45,65,36,90,78,95,96,50,6,15,26,25,16,1,30,55,31,40,30,50,
Medium480	1	1003119	34789	2201	95,96,50,45,51,85,15,77,20,5,32,60,0,50,41,15,62,85,91,45,85,6,15,
Medium481	1	1004590	37722	1696	85,90,40,60,85,0,0,40,50,35,25,40,15,40,6,80,80,90,52,86,0,0,47,10,20,
Medium482	1	1001389	40763	1010	62,20,45,51,80,80,95,96,75,20,60,76,6,15,30,20,5,70,20,71,90,87,
Medium483	1	1003091	34709	1289	91,50,50,60,70,35,15,87,35,20,50,97,41,62,46,92,55,55,7,25,80,10,
Medium484	1	1008466	33925	912	82,75,60,10,5,50,40,23,75,0,75,31,41,40,36,72,55,5,55,66,65,55,86,85,
Medium485	1	1007920	52185	1221	70,45,35,66,10,90,65,80,90,90,55,0,26,37,21,40,40,52,25,25,30,95,75,95,85,41,6,95,
Medium486	1	1001359	38000	4372	15,65,20,35,55,41,55,76,6,22,0,0,71,32,75,65,75,65,
Medium487	1	1003147	44369	3858	90,65,91,85,5,45,35,26,50,5,76,17,0,55,21,40,20,50,5,30,
Medium488	1	1006040	32836	7996	85,30,85,55,75,25,90,85,5,65,41,41,0,91,20,52,76,25,35,
Medium489	1	1003824	41397	1735	75,75,50,80,75,1,50,60,45,35,25,51,6,70,70,62,75,75,1,55,20,56,30,
Medium490	1	1006774	32407	4311	95,71,81,96,56,65,6,65,70,15,26,16,25,0,65,0,35,40,70,41,30,7,51,90,86,
Medium491	1	1005678	37540	942	15,66,55,15,75,25,65,45,37,41,5,80,80,91,15,55,6,45,60,20,
Medium492	1	1012851	33883	12510	75,21,75,80,31,50,42,35,51,95,96,65,86,70,85,5,50,15,70,40,70,20,
Medium493	1	1005014	35115	1575	95,60,0,10,80,20,76,10,20,80,95,35,95,40,55,75,0,41,91,85,25,40,5,70,50,60,86,
Medium494	1	1014640	32949	1840	30,80,70,45,56,60,20,11,81,55,6,32,1,50,50,42,55,75,55,6,75,
Medium495	1	1007114	33212	10658	70,80,80,96,40,66,25,25,35,5,50,52,30,20,91,0,20,62,25,5,45,86,
Medium496	1	1003668	37435	2737	45,51,71,80,35,15,60,97,20,5,62,0,50,41,80,80,75,80,45,5,6,25,90,10,
Medium497	1	1004484	33521	1095	65,75,86,35,5,17,0,20,80,81,75,91,15,90,37,95,95,95,87,40,40,50,
Medium498	1	1006121	38333	2299	65,36,0,40,25,15,16,20,5,32,0,75,40,52,76,66,45,
Medium499	1	1011377	33301	1399	20,90,45,15,45,85,75,30,50,85,5,32,0,81,42,86,65,25,95,5,95,
Medium500	1	1007712	32328	9017	95,60,25,10,70,10,80,96,30,0,31,90,40,90,85,60,76,30,6,86,
Medium501	1	1009079	32494	3443	0,30,45,25,85,0,15,15,31,75,67,30,5,91,25,81,40,90,25,15,50,50,76,
Medium502	1	1012455	37966	3754	80,45,65,30,51,65,76,6,32,1,71,42,76,85,6,85,25,
Medium503	1	1006318	37903	5447	25,50,15,35,86,85,40,5,51,50,0,46,60,80,45,5,30,55,81,10,5,20,
Medium504	1	1005652	32185	6174	70,81,60,56,25,95,95,25,35,5,43,0,30,21,52,91,86,25,90,76,
Medium505	1	1007620	38424	1779	65,71,56,35,25,65,17,20,65,5,5,42,40,1,30,61,50,76,50,51,35,66,
Medium506	1	1002248	32728	5710	20,35,76,50,62,75,0,55,15,81,80,91,20,35,35,15,15,6,70,60,15,30,97,
Medium507	1	1011790	35873	1464	95,26,35,15,15,87,41,5,52,50,0,61,70,71,25,65,5,15,6,45,80,30,
Medium508	1	1004150	33550	1013	35,85,0,61,91,56,45,90,26,86,60,75,35,60,45,7,66,80,20,70,20,
Medium509	1	1007149	35405	3680	50,0,75,35,80,81,70,55,10,25,80,90,5,40,5,60,35,35,90,55,
Medium510	1	1004714	34756	3899	60,90,85,90,85,5,61,60,56,76,0,80,95,75,0,15,20,0,65,20,21,10,60,5,5,70,90,85,30,
Medium511	1	1001320	39707	2284	61,50,50,40,40,96,95,35,85,5,85,16,15,0,30,91,30,65,55,20,30,5,10,90,45,
Medium512	1	1012784	34093	1726	15,20,80,50,80,65,41,36,76,5,21,20,0,70,70,30,31,75,86,45,75,
Medium513	1	1004804	32366	6198	11,95,61,0,70,0,95,80,95,20,20,20,91,30,75,86,51,66,20,85,30,76,
Medium514	1	1005591	32873	7421	80,40,95,70,66,26,35,5,53,30,0,21,91,60,61,75,85,25,75,45,
Medium515	1	1008887	33617	3449	35,65,80,0,25,17,20,5,32,80,0,40,52,66,77,45,
Medium516	1	1018459	37535	8550	30,30,90,75,11,10,70,95,80,40,0,95,95,50,50,63,56,90,90,85,90,77,40,85,6,85,
Medium517	1	1015394	33547	7848	15,85,20,30,41,40,85,85,35,15,27,25,31,45,50,5,51,50,60,40,0,37,5,55,82,11,
Medium518	1	1003724	36701	3908	60,5,82,90,60,41,50,70,70,40,25,95,10,96,30,52,35,92,76,75,46,
Medium519	1	1011151	33722	4206	71,80,55,81,25,15,91,55,90,15,16,76,75,40,5,42,0,70,71,11,11,75,75,20,51,85,50,75,85,97,85,
Medium520	1	1005492	31941	4386	90,5,15,90,62,20,90,70,85,16,0,86,32,41,81,55,95,95,15,80,76,67,75,30,26,5,95,
Medium521	1	1007004	43573	3526	50,66,85,35,25,75,1,35,45,35,50,51,5,5,81,91,45,26,
Medium522	1	1006521	37452	3996	15,25,95,55,45,45,87,15,30,6,63,0,41,0,51,73,55,25,5,25,15,
Medium523	1	1004568	32926	7887	82,1,41,31,26,91,40,50,25,36,61,35,20,5,95,5,51,95,21,30,71,10,95,
Medium524	1	1011841	35485	5125	60,15,71,31,70,27,65,55,55,65,65,30,5,43,0,62,22,51,50,76,66,65,75,
Medium525	1	1008111	43807	1764	45,65,90,35,91,25,25,75,50,65,6,15,86,15,15,0,55,21,40,20,50,30,
Medium526	1	1002418	34292	17985	66,95,50,85,26,5,52,0,45,20,70,62,96,35,25,
Medium527	1	1008283	32270	2799	81,80,70,35,25,40,27,10,30,30,56,60,77,5,41,40,0,72,52,35,35,21,20,20,76,85,75,86,
Medium528	1	1004960	32419	3308	20,85,50,76,36,45,60,5,60,61,40,0,31,72,82,36,50,97,
Medium529	1	1007239	35437	17661	35,5,16,90,61,15,20,0,30,80,51,75,75,50,90,85,45,67,90,85,31,
Medium530	1	1011906	36485	12444	90,60,20,10,70,0,61,10,95,45,81,95,95,50,70,70,70,55,30,92,65,65,87,
Medium531	1	1004530	33060	1520	86,35,85,45,51,0,0,25,75,17,20,5,32,51,0,41,60,62,81,76,45,
Medium532	1	1005629	39488	2660	35,35,55,25,85,0,75,46,75,61,91,75,61,5,81,90,45,35,55,
Medium533	1	1002102	37793	19975	30,20,10,0,10,80,97,75,40,75,65,75,0,40,51,40,91,30,87,15,40,
Medium534	1	1007410	35824	4534	65,20,70,57,40,35,66,12,5,5,22,0,61,31,30,75,65,75,65,
Medium535	1	1000938	36059	3662	0,25,70,15,32,55,30,80,80,97,60,20,10,72,65,91,87,40,
Medium536	1	1025127	32446	4159	5,90,15,25,25,32,42,81,20,97,16,40,0,51,30,51,91,70,70,5,20,87,
Medium537	1	1003399	39731	6138	86,40,15,50,6,85,15,40,30,66,76,30,25,41,10,80,80,65,
Medium538	1	1004809	34429	854	40,40,15,85,25,65,66,70,32,75,60,60,50,20,80,75,10,96,75,5,6,70,90,85,
Medium539	1	1004572	32244	2353	15,80,0,90,53,60,96,25,10,95,30,40,61,60,5,45,30,30,91,85,86,
Medium540	1	1003454	34504	13336	20,60,10,10,97,55,46,75,80,45,76,1,51,60,35,20,50,91,40,87,15,50,
Medium541	1	1008209	38886	953	85,70,50,16,46,25,86,25,97,31,5,52,0,61,71,15,70,66,7,36,90,80,21,
Medium542	1	1008351	33586	15389	40,76,90,66,26,5,35,50,52,0,30,20,20,87,60,70,60,60,25,5,96,45,
Medium543	1	1002514	38163	16569	80,80,76,95,35,36,0,0,90,85,25,15,15,15,85,45,20,5,72,90,50,61,85,
Medium544	1	1005617	32878	3535	70,61,85,96,70,86,95,45,45,55,55,5,30,17,0,25,32,61,55,20,7,41,90,80,76,
Medium545	1	1006424	35946	2658	55,80,61,11,41,36,56,5,76,22,0,51,31,85,30,56,85,5,5,45,
Medium546	1	1008327	32352	3760	70,40,55,80,40,5,26,5,25,15,60,85,70,85,15,40,85,15,0,15,0,32,80,45,81,20,50,76,66,50,45,75,30,
Medium547	1	1018735	32381	4113	40,42,60,16,72,20,15,65,36,50,66,5,20,21,0,62,10,30,31,77,11,65,65,65,
Medium548	1	1009979	36006	3389	45,35,1,80,81,50,50,25,15,50,85,16,20,60,75,5,32,0,50,41,61,86,60,45,76,
Medium549	1	1023664	38369	16788	67,35,0,26,1,80,91,51,75,30,42,75,15,95,75,87,50,30,95,25,30,
Medium550	1	1011441	35482	19666	0,41,80,50,35,26,90,15,75,25,30,65,76,0,31,50,50,20,95,20,45,15,15,86,30,45,96,
Medium551	1	1005723	48640	1589	81,55,36,15,75,67,0,75,20,80,75,43,70,5,85,70,62,70,25,10,31,50,51,35,85,85,
Medium552	1	1007334	53946	1701	55,45,75,75,20,80,75,92,65,0,36,47,50,50,31,61,60,35,35,40,10,97,85,51,
Medium553	1	1008346	33526	3210	15,75,20,30,40,66,85,65,91,20,15,5,32,0,40,50,52,86,45,5,90,15,76,
Medium554	1	1021441	32332	895	0,16,80,80,25,31,41,50,50,30,71,20,95,80,15,20,7,10,90,75,
Medium555	1	1008876	34523	11000	71,30,20,45,51,45,67,10,6,32,0,61,41,40,75,25,75,66,
Medium556	1	1008305	34229	5939	1,71,70,25,61,25,25,10,76,75,30,6,32,1,72,21,40,53,20,67,76,75,
Medium557	1	1004889	42195	3264	60,70,82,95,45,35,25,75,25,50,65,6,17,0,55,20,40,20,30,20,50,
Medium558	1	1006768	43166	4956	35,25,61,70,80,95,45,81,25,50,75,65,5,5,17,0,55,22,40,30,50,
Medium559	1	1004253	40755	3528	40,15,71,61,56,86,5,42,20,0,81,30,52,86,65,5,75,
Medium560	1	1002311	32760	1179	45,15,95,52,85,75,40,25,76,30,40,62,45,16,86,7,35,70,20,
Medium561	1	1006772	44504	10194	45,65,35,90,85,26,50,75,5,5,17,0,55,22,30,50,40,
Medium562	1	1003463	33814	2789	95,75,40,50,80,60,96,75,5,5,15,20,30,50,5,70,90,85,
Medium563	1	1003388	35075	2128	0,80,65,15,23,60,10,70,30,85,86,40,52,50,45,82,30,67,76,75,
Medium564	1	1004471	41509	4363	85,75,10,21,85,51,45,75,65,75,5,5,32,1,71,42,76,55,85,
Medium565	1	1008599	50501	9293	46,26,90,35,90,85,70,65,70,65,50,86,15,5,51,50,0,81,61,95,30,20,75,95,20,60,85,85,
Medium566	1	1004531	46511	5836	35,90,15,70,40,35,15,25,90,65,65,86,85,5,52,50,0,81,61,60,95,86,20,45,5,10,30,75,10,95,
Medium567	1	1005150	36547	3278	50,70,95,1,40,50,60,35,25,15,85,51,0,91,62,45,95,95,5,55,80,10,20,
Medium568	1	1010801	33769	1851	40,95,35,50,25,25,15,86,85,40,51,61,71,70,25,16,65,7,45,80,30,
Medium569	1	1008493	33601	1403	45,15,70,15,95,45,26,85,85,95,95,30,60,70,15,85,50,30,7,71,35,65,35,90,21,
Medium570	1	1011519	41678	1876	25,40,81,50,35,25,65,75,95,50,5,17,0,55,22,50,5,10,90,70,30,85,
Medium571	1	1000956	33155	8227	40,95,80,75,35,35,55,5,40,55,60,5,62,1,50,50,31,90,72,85,35,5,5,20,90,85,
Medium572	1	1010968	33015	3030	45,35,50,6,16,25,25,15,25,1,55,75,32,50,40,60,7,80,90,76,
Medium573	1	1013640	38102	5933	75,65,75,65,85,85,85,0,40,50,95,25,35,41,5,5,80,60,70,95,
Medium574	1	1008674	33698	1696	85,20,75,10,10,20,50,50,45,65,45,65,86,76,5,5,32,0,80,80,0,71,40,40,41,55,76,5,85,85,
Medium575	1	1008218	36194	4233	60,75,61,46,25,80,10,95,31,80,96,50,0,50,50,91,86,35,90,50,65,5,40,71,35,65,20,85,
Medium576	1	1012780	33585	5648	80,65,55,0,90,25,91,35,70,25,36,97,6,43,1,90,91,30,30,30,20,95,20,60,52,50,75,75,25,62,75,95,86,95,
Medium577	1	1000699	44545	3214	55,46,25,15,87,30,60,15,6,25,62,1,41,70,25,51,72,15,55,
Medium578	1	1008255	37365	10920	20,35,1,11,81,71,96,40,41,92,75,15,50,40,5,61,5,76,5,87,
Medium579	1	1006298	35246	4652	20,50,80,70,60,95,30,70,95,50,45,80,95,45,5,17,0,41,91,20,40,5,75,10,85,90,65,
Medium580	1	1007539	31999	814	60,25,52,60,77,45,15,30,32,20,10,50,7,40,70,65,65,
Medium581	1	1021105	37133	7019	71,30,45,51,66,15,6,31,30,1,60,60,40,41,76,25,66,
Medium582	1	1007252	32968	2040	60,50,17,45,85,25,77,30,90,61,60,95,6,85,85,5,35,70,20,
Medium583	1	1006777	34726	3588	10,20,30,70,50,46,67,5,5,32,0,61,42,25,76,66,
Medium584	1	1029997	33023	6789	35,26,60,40,85,5,17,0,45,20,21,40,5,10,80,91,75,66,30,
Medium585	1	1012550	33529	8030	55,31,70,26,10,40,56,5,12,0,51,21,35,20,56,76,67,
Medium586	1	1012928	36651	11571	35,51,65,25,0,73,96,65,5,55,56,0,95,0,15,75,21,21,40,10,70,30,
Medium587	1	1013054	33130	4735	80,10,1,10,21,70,45,31,80,97,50,70,51,91,85,26,30,86,50,
Medium588	1	1010845	33908	2453	75,20,80,40,90,50,91,66,35,5,76,5,52,0,0,71,60,30,62,45,35,86,76,
Medium589	1	1004103	40088	6764	40,82,62,50,71,50,96,70,50,85,85,95,85,45,45,5,17,0,41,35,91,50,80,80,75,66,20,75,40,
Medium590	1	1002681	33544	2544	25,40,80,51,71,25,95,80,25,5,30,15,80,40,5,5,20,90,75,
Medium591	1	1004981	38577	1891	35,50,70,95,45,52,10,1,41,60,86,25,40,55,90,55,30,90,85,40,
Medium592	1	1011776	33482	4474	70,60,0,21,16,16,65,30,50,20,45,5,66,5,32,0,62,41,12,75,40,65,65,65,76,
Medium593	1	1000948	39185	3222	75,85,15,40,30,76,15,21,5,42,0,60,51,62,35,55,86,15,
Medium594	1	1002135	33230	4599	75,30,25,40,56,60,15,85,85,5,42,0,81,52,86,35,5,76,
Medium595	1	1009789	38686	1238	80,56,26,16,36,96,95,15,41,5,63,0,71,82,76,25,6,5,46,90,30,30,
Medium596	1	1011787	33917	8212	60,25,81,40,10,30,60,56,77,5,42,0,71,52,86,76,35,
Medium597	1	1001934	37567	2810	95,95,1,60,60,70,52,45,25,15,85,50,0,90,90,72,96,5,65,55,80,5,10,5,20,
Medium598	1	1006226	33643	10790	50,45,30,71,45,65,50,66,5,31,30,0,61,25,40,40,40,66,75,75,15,
Medium599	1	1006062	33745	3319	40,16,91,85,55,25,76,15,75,30,5,62,80,45,90,45,5,5,35,70,20,
Medium600	1	1001040	34363	10716	45,81,30,60,45,77,5,30,20,31,20,0,71,42,85,15,76,85,
Medium601	1	1008782	38361	3737	55,25,75,31,55,25,42,20,30,81,97,60,5,17,30,0,40,61,91,60,85,15,90,50,71,86,20,
Medium602	1	1008086	32168	795	0,70,80,55,61,90,91,36,55,60,27,51,85,86,15,75,75,60,7,65,70,10,
Medium603	1	1007590	36696	7375	75,10,80,30,45,45,61,20,76,5,32,0,71,42,85,85,76,
Medium604	1	1011067	32900	2477	80,65,35,70,27,10,40,25,5,55,30,76,62,75,5,41,40,1,30,72,53,35,5,20,35,21,75,75,86,75,85,
Medium605	1	1010620	42872	3632	41,50,35,76,5,15,65,21,85,20,0,70,85,70,32,45,76,
Medium606	1	1017746	34697	1598	20,15,65,57,70,31,21,20,40,86,85,77,50,6,50,10,5,70,80,65,65,
Medium607	1	1012157	36341	8990	95,31,0,25,63,56,5,35,86,36,40,0,85,65,0,15,21,21,60,96,40,10,
Medium608	1	1003614	41978	2432	80,25,51,45,45,75,25,65,75,30,25,5,31,15,30,0,71,42,76,86,55,
Medium609	1	1014676	34186	17998	0,75,15,65,20,65,81,95,65,0,20,50,42,51,35,5,60,90,85,76,85,
Medium610	1	1013790	35410	3842	60,0,70,60,80,81,55,35,26,35,35,87,40,5,42,0,82,32,20,85,20,53,85,65,85,25,5,77,
Medium611	1	1003582	32693	1209	60,70,55,20,45,10,30,82,56,5,22,5,30,31,1,51,41,40,55,55,76,
Medium612	1	1015616	33091	1896	61,71,15,50,40,81,25,16,30,65,80,65,65,5,41,40,0,62,10,76,11,67,75,
Medium613	1	1009151	35364	6425	70,50,20,45,80,37,40,55,67,0,40,40,30,90,15,90,86,76,40,5,61,30,15,15,90,85,26,
Medium614	1	1012661	33359	5576	10,10,21,70,96,20,30,55,85,0,0,30,30,91,76,15,30,5,5,82,90,40,60,50,60,75,
Medium615	1	1009116	33124	1855	90,45,75,25,15,66,65,85,30,5,52,80,15,91,15,76,5,5,35,60,20,
Medium616	1	1003199	39672	1324	25,80,41,30,50,96,95,67,25,5,70,5,15,70,30,5,60,90,85,
Medium617	1	1008165	33367	1651	1,20,90,90,71,90,20,15,16,30,40,52,97,20,5,5,31,42,30,1,92,10,11,97,77,
Medium618	1	1014634	33240	6770	20,45,30,50,15,71,45,66,5,32,0,61,41,40,25,76,66,
Medium619	1	1008022	34110	3614	10,85,40,60,20,30,56,86,5,42,0,81,52,25,35,86,
Medium620	1	1008007	39978	3744	16,85,77,30,20,20,51,5,31,30,0,40,60,40,62,15,55,45,86,
Medium621	1	1011793	33116	2340	20,15,41,76,65,5,35,56,15,5,22,1,70,10,70,33,65,15,65,76,
Medium622	1	1012030	37486	1082	31,20,55,60,40,20,76,40,75,30,55,87,55,5,5,15,60,30,5,51,70,45,
Medium623	1	1015229	33416	3326	81,51,75,35,50,26,40,95,5,17,0,45,21,20,30,65,40,5,65,10,90,86,
Medium624	1	1004792	33642	2409	60,70,16,25,55,35,86,85,40,60,72,65,15,26,7,45,80,30,
Medium625	1	1010044	33935	2363	0,35,90,60,60,90,25,90,85,75,55,76,0,86,17,5,60,71,60,70,15,80,81,95,20,20,96,40,30,
Hard001	1	1008199	40618	7446	115,50,60,45,90,125,115,50,35,26,60,0,90,100,72,5,110,120,101,96,80,46,5,80,36,
Hard002	1	1001426	35132	6151	90,90,85,115,115,105,1,90,27,5,35,55,15,40,101,90,100,25,110,111,70,37,5,115,105,10,40,60,
Hard003	1	1006209	32205	1050	11,30,7,111,35,70,15,110,20,40,36,90,35,101,55,60,80,0,45,90,116,0,90,61,50,105,25,60,105,5,5,105,
Hard004	1	1009533	39313	9589	125,45,35,60,85,55,115,35,5,105,70,95,95,5,27,0,16,15,75,0,65,31,40,30,70,50,30,60,
Hard005	1	1006196	33808	2054	80,15,45,15,25,97,105,30,65,6,56,71,71,51,1,61,81,15,80,65,7,35,90,20,
Hard006	1	1005205	32350	7000	96,65,115,105,50,71,70,80,55,95,80,100,110,126,55,5,15,5,25,55,76,25,31,40,40,100,81,75,50,5,50,120,116,
Hard007	1	1004405	32064	1830	95,80,71,95,40,80,95,56,65,5,18,60,0,26,30,42,31,21,71,5,6,51,90,85,85,
Hard008	1	1003622	32501	4044	85,25,100,40,61,60,45,55,115,105,96,75,95,20,0,15,22,10,5,91,110,85,105,105,5,60,30,
Hard009	1	1018360	35508	18590	50,105,25,65,40,35,25,50,40,6,17,70,0,55,105,80,0,45,90,22,20,30,90,50,40,105,
Hard010	1	1008922	34775	1512	80,105,96,40,20,40,55,1,15,71,80,120,95,105,35,71,6,110,120,105,5,75,90,10,
Hard011	1	1010767	36769	1168	65,70,50,105,35,70,70,40,61,87,66,76,56,7,15,51,20,50,70,70,1,60,90,60,82,65,5,5,106,
Hard012	1	1005231	32811	1652	127,85,75,37,0,70,81,120,110,65,110,80,90,25,105,120,57,80,95,5,75,31,65,110,95,46,6,85,100,20,
Hard013	1	1004002	38296	5218	35,110,80,35,15,15,25,40,110,66,105,50,70,105,5,51,95,50,0,101,61,60,105,115,20,10,45,105,5,30,85,115,10,
Hard014	1	1005265	33455	3050	40,80,30,0,95,55,115,0,15,80,20,80,20,101,116,71,70,110,111,85,105,26,10,50,85,70,105,91,105,
Hard015	1	1016924	36326	1173	35,40,0,25,102,95,71,87,65,0,70,15,96,16,5,82,70,15,90,91,107,20,5,20,50,30,
Hard016	1	1004965	37535	1592	35,60,90,45,25,25,80,50,80,75,5,105,16,15,0,55,22,40,50,30,5,10,100,70,85,
Hard017	1	1020421	44500	8104	50,25,60,105,0,95,40,15,50,40,0,80,80,75,75,105,75,85,5,85,55,48,50,10,0,20,80,110,81,70,60,35,35,105,80,
Hard018	1	1002877	40654	2701	100,100,55,55,60,70,71,65,51,107,45,45,5,15,15,90,20,50,16,60,61,55,95,35,0,95,75,95,60,43,100,65,100,75,35,10,5,10,100,55,
Hard019	1	1007421	32532	1435	30,0,15,0,20,21,120,10,110,56,72,81,102,92,86,51,116,115,127,15,27,70,10,
Hard020	1	1008061	46297	5007	85,55,110,45,85,20,65,95,45,96,107,1,15,20,21,10,6,101,30,5,15,26,100,40,60,80,115,
Hard021	1	1005160	34964	1607	111,85,5,65,35,65,105,15,20,15,40,40,16,0,110,90,50,106,72,100,115,101,95,46,30,60,60,80,81,70,96,115,115,65,
Hard022	1	1013627	37326	6717	5,26,110,100,95,5,15,40,100,85,40,100,111,50,77,55,116,45,46,110,0,110,35,51,61,20,50,95,70,115,105,80,50,95,35,
Hard023	1	1013300	33194	16932	80,15,20,100,42,105,85,85,95,85,50,20,5,32,0,40,50,26,105,95,70,81,25,105,95,5,10,
Hard024	1	1006019	35871	1348	15,50,50,71,15,1,26,40,30,60,60,90,90,85,105,16,0,70,56,42,50,30,75,31,50,5,20,11,20,5,100,80,95,
Hard025	1	1011285	34044	1169	95,30,1,25,30,101,115,60,70,80,55,115,26,6,61,60,0,0,21,111,105,35,20,5,90,70,40,80,105,105,
Hard026	1	1017524	34171	2221	30,110,105,1,25,30,110,125,60,80,90,40,75,55,125,26,5,5,60,60,60,0,0,20,20,121,115,35,20,70,5,100,115,80,90,115,
Hard027	1	1005279	40885	3492	70,80,65,92,105,35,45,26,50,6,85,75,16,15,0,55,20,20,20,30,50,5,40,
Hard028	1	1010784	33539	1154	40,90,70,106,65,55,87,0,15,21,30,20,10,40,5,5,5,15,25,81,80,50,60,100,95,
Hard029	1	1005243	31831	950	125,0,16,115,30,0,115,70,131,55,125,45,45,25,70,65,115,70,5,81,90,130,15,5,100,125,5,75,110,20,
Hard030	1	1017834	35977	10866	65,82,30,25,50,26,1,35,85,60,92,75,36,20,55,86,0,20,20,31,95,15,42,95,67,20,15,95,15,6,76,
Hard031	1	1003069	33727	2920	50,70,95,85,120,95,85,105,115,1,15,25,33,20,10,50,7,110,80,90,125,
Hard032	1	1011019	58836	1818	40,5,60,80,90,77,105,65,0,65,57,116,60,96,115,0,25,0,30,40,15,32,10,20,
Hard033	1	1005432	32361	1419	35,0,90,100,46,50,75,25,115,0,50,50,40,105,96,60,50,5,105,110,70,80,5,105,5,55,90,20,
Hard034	1	1009642	35417	5730	40,0,75,91,101,121,90,55,70,46,45,75,65,25,80,55,75,115,90,5,80,120,36,6,95,110,20,
Hard035	1	1004434	32047	1767	35,70,90,15,115,55,60,125,116,20,5,5,71,41,61,125,80,50,101,125,5,25,110,10,
Hard036	1	1004141	35688	1059	15,115,71,65,5,90,100,120,35,121,50,80,102,85,95,61,76,47,65,55,125,110,10,
Hard037	1	1010762	33370	13934	100,110,126,75,125,35,81,45,55,62,100,95,46,85,5,17,20,15,80,60,50,50,40,0,42,5,120,85,85,90,115,70,5,120,106,
Hard038	1	1010869	33155	2515	5,61,70,90,107,95,75,67,70,90,0,90,121,90,55,80,45,100,55,46,85,25,115,85,75,35,90,5,61,120,35,6,95,110,20,
Hard039	1	1013717	35708	33715	95,45,35,50,5,95,45,15,65,105,70,35,15,70,5,25,15,85,26,1,76,56,31,30,60,40,30,62,70,40,70,50,50,
Hard040	1	1006675	43027	1052	30,0,100,50,90,60,125,50,115,60,72,65,115,125,65,55,55,105,95,105,105,0,96,0,15,20,35,21,40,70,20,10,30,
Hard041	1	1017367	37231	736	86,26,25,65,0,0,46,70,50,70,91,105,125,115,85,45,5,5,35,15,51,50,30,1,40,80,95,41,
Hard042	1	1010559	36235	13559	50,80,10,120,100,120,110,45,70,71,40,66,35,125,35,41,90,105,5,75,15,115,52,0,40,31,125,61,25,75,60,125,35,6,25,
Hard043	1	1028032	37288	872	60,90,70,35,5,16,15,0,80,30,90,70,50,50,46,25,25,50,95,86,85,31,5,12,0,36,81,20,40,20,75,50,35,5,75,95,
Hard044	1	1007222	33804	1701	91,61,70,46,60,85,15,25,95,95,85,85,30,95,51,72,55,5,55,92,65,16,65,6,35,80,20,
Hard045	1	1006276	33341	2177	75,90,55,55,6,25,15,55,31,40,40,81,97,15,60,15,26,1,61,15,90,25,91,50,71,85,45,85,60,85,
Hard046	1	1007914	35111	2807	55,15,101,71,80,95,46,25,70,105,50,96,30,106,5,50,60,51,0,37,91,20,5,55,90,10,70,
Hard047	1	1005786	32918	2006	105,110,35,75,80,65,25,45,25,50,5,15,95,16,0,55,22,40,50,30,5,11,70,100,5,90,60,85,85,85,
Hard048	1	1010384	44834	4571	95,80,100,95,65,5,80,115,65,71,45,70,35,25,80,15,80,0,70,60,60,92,65,6,56,45,
Hard049	1	1009188	31830	6149	35,0,15,105,105,50,51,5,45,72,70,0,55,80,90,100,10,40,115,55,55,5,75,101,20,
Hard050	1	1013499	42208	13633	85,95,50,75,75,85,40,50,51,61,45,81,70,95,95,45,60,5,15,20,30,60,6,40,90,76,
Hard051	1	1015251	33770	6587	105,81,35,76,110,40,50,50,91,75,126,105,105,35,6,26,25,0,40,40,80,15,31,111,70,95,30,80,
Hard052	1	1011430	34610	6273	65,35,25,80,110,50,5,100,111,96,5,15,16,0,90,115,105,0,55,21,30,20,50,5,75,100,110,95,
Hard053	1	1006129	33863	7610	25,125,32,20,50,40,90,126,75,66,107,0,30,65,70,71,10,80,80,60,60,45,70,5,45,26,6,75,110,50,
Hard054	1	1005679	37593	17907	65,75,80,105,90,75,35,35,1,25,15,105,25,25,6,30,15,31,1,20,20,101,85,15,20,5,72,100,41,51,96,86,95,50,45,
Hard055	1	1017225	38153	874	95,65,55,36,0,25,100,112,95,75,47,70,115,105,20,7,25,100,110,75,55,80,81,35,51,40,90,60,90,90,45,70,117,
Hard056	1	1008206	33735	2876	95,10,115,105,85,95,86,20,2,25,90,100,31,116,40,60,25,55,25,6,15,70,90,30,5,21,110,107,
Hard057	1	1012858	35198	4553	95,15,55,116,15,21,40,15,0,0,0,35,45,26,25,40,6,12,110,25,0,110,52,115,115,50,5,70,17,1,45,55,22,20,40,90,30,50,5,5,106,
Hard058	1	1005339	33106	2975	35,26,41,5,80,15,50,71,70,15,55,65,95,85,15,0,45,22,20,40,5,10,90,86,5,70,30,
Hard059	1	1010615	34345	3384	0,15,0,61,105,55,80,45,35,70,90,80,90,115,25,106,60,5,71,70,0,65,50,65,101,20,15,15,65,30,
Hard060	1	1039046	34405	53839	115,75,115,85,91,55,45,61,121,60,115,105,35,45,5,45,95,18,90,20,60,40,0,51,41,100,110,126,40,
Hard061	1	1003455	34986	3593	50,61,81,105,75,46,0,61,80,16,25,35,55,25,25,11,65,40,5,42,60,0,70,17,5,45,21,92,31,50,50,5,80,
Hard062	1	1006246	32187	1413	35,40,60,125,105,80,0,26,90,40,60,80,115,25,5,50,15,40,30,91,30,50,6,20,110,85,
Hard063	1	1008414	34968	1708	35,95,66,35,26,106,17,46,105,50,50,5,71,70,80,0,57,5,76,102,20,40,11,40,20,31,
Hard064	1	1019549	48046	2590	60,31,75,0,61,15,81,91,46,26,25,40,40,95,86,10,6,102,41,20,70,50,70,96,5,65,65,
Hard065	1	1007751	35874	1543	100,65,115,15,115,20,0,35,85,41,121,76,36,5,110,50,90,102,35,70,95,70,127,
Hard066	1	1007808	33291	2524	95,30,1,25,30,80,115,101,40,55,115,60,26,6,41,40,1,21,110,110,85,35,105,20,5,90,60,71,50,106,85,85,
Hard067	1	1003218	34472	2756	120,5,120,111,76,86,26,35,35,55,55,60,105,91,110,120,45,90,100,67,105,95,40,50,50,20,20,30,5,30,
Hard068	1	1004170	34578	2196	30,40,65,65,55,70,90,105,110,20,90,70,82,75,25,90,75,115,60,100,50,60,46,37,65,55,105,110,20,
Hard069	1	1015963	32789	4359	50,45,35,20,80,90,75,35,35,75,16,40,55,75,0,41,100,30,30,95,85,100,15,85,40,95,60,5,71,100,25,50,25,5,60,95,
Hard070	1	1010203	48834	2644	75,80,100,35,110,125,45,25,50,5,132,80,25,90,111,105,60,75,5,110,95,87,90,17,0,65,115,135,20,40,136,0,55,22,60,50,30,
Hard071	1	1001265	36387	7212	65,110,110,80,105,55,70,35,15,25,97,15,15,40,5,72,0,45,91,80,30,60,20,46,
Hard072	1	1010293	36763	3812	85,45,105,45,26,112,50,60,91,105,90,65,85,56,55,60,95,117,21,7,26,110,90,30,90,
Hard073	1	1010009	40667	22467	50,36,40,71,52,45,31,60,60,117,45,95,45,5,56,60,17,30,55,0,42,50,111,20,40,66,6,75,
Hard074	1	1008777	43580	2864	120,66,56,40,70,95,95,86,115,105,116,105,0,105,0,15,25,33,10,20,40,5,6,110,80,90,125,
Hard075	1	1006939	35957	3284	115,55,120,40,0,1,15,71,65,45,22,120,65,80,10,90,20,40,101,70,6,110,100,95,60,127,
Hard076	1	1006924	34064	19341	55,10,30,110,71,70,115,90,0,80,46,100,115,115,62,110,80,80,111,75,105,15,60,75,90,106,
Hard077	1	1013125	32171	7107	10,20,5,50,50,120,72,80,100,45,125,45,56,0,110,126,60,60,80,60,120,120,80,116,25,60,5,51,120,75,100,75,115,
Hard078	1	1019273	44006	35578	0,70,65,70,125,65,90,112,95,60,76,75,65,5,91,90,85,90,115,60,115,0,85,125,72,125,0,85,25,55,0,65,97,5,32,40,70,20,
Hard079	1	1012570	40075	1774	46,75,5,17,0,100,15,51,81,35,70,35,90,41,90,66,90,35,86,26,55,55,106,105,40,40,75,5,11,11,90,70,0,47,45,5,75,100,16,101,51,21,
Hard080	1	1008506	33584	4432	116,95,20,115,65,70,105,55,95,30,1,71,60,80,60,80,110,45,15,95,61,76,50,110,106,7,65,90,10,
Hard081	1	1014114	34466	1515	90,105,106,36,55,5,18,80,0,50,30,90,100,30,62,95,85,100,45,75,76,45,26,86,30,30,55,5,10,100,11,10,0,50,36,60,80,35,80,5,20,95,20,
Hard082	1	1011029	33190	3603	80,80,65,35,80,70,28,30,40,62,55,77,10,6,40,41,1,72,20,30,51,87,51,36,21,77,
Hard083	1	1007469	32722	10784	25,40,5,95,30,17,0,45,31,70,30,40,20,6,60,60,95,52,100,90,77,85,85,
Hard084	1	1009461	35860	3042	95,60,70,116,55,10,80,30,70,106,115,46,62,41,101,75,35,85,25,95,110,75,25,35,95,41,6,5,46,90,30,80,30,
Hard085	1	1010284	32359	580	26,30,105,40,51,81,70,31,116,125,105,41,20,20,105,71,6,5,100,95,65,16,40,100,110,85,
Hard086	1	1005235	33380	4363	30,85,65,0,55,15,21,97,0,100,56,61,60,50,105,25,60,25,5,80,110,10,5,71,110,105,45,105,5,45,
Hard087	1	1006175	40338	1269	61,100,100,95,45,85,75,35,26,50,5,115,17,0,55,22,30,50,40,5,5,10,110,90,5,105,
Hard088	1	1009163	37453	805	86,70,90,65,1,125,45,105,50,70,90,85,45,45,6,115,25,35,15,51,25,50,30,0,25,0,41,80,95,40,
Hard089	1	1009160	33557	1002	105,105,10,50,60,115,80,30,60,105,45,45,52,41,100,110,66,36,85,25,97,40,40,6,100,25,5,46,80,90,31,
Hard090	1	1005076	50096	16476	0,110,0,81,100,90,25,66,17,36,20,45,100,15,81,5,90,5,56,116,73,110,90,0,85,110,10,86,5,40,31,
Hard091	1	1008436	33081	1855	91,105,60,45,35,90,71,81,105,80,105,75,57,5,15,65,15,15,20,15,60,0,52,70,85,100,50,100,85,5,85,76,95,65,30,10,10,100,96,40,
Hard092	1	1012713	32232	2936	5,5,25,30,15,30,41,120,75,80,115,50,75,90,116,115,95,85,66,26,17,25,60,1,90,91,70,110,60,80,81,100,55,70,110,55,100,125,45,45,90,80,126,
Hard093	1	1009871	37671	1505	90,75,45,35,86,10,110,100,110,55,75,110,26,36,40,35,21,65,85,0,50,40,51,26,30,116,105,95,41,5,31,20,5,70,115,
Hard094	1	1028845	34479	30325	60,50,91,35,40,77,115,50,45,45,5,17,0,80,20,42,70,65,5,5,80,111,95,65,
Hard095	1	1005715	34517	2555	16,25,25,95,35,35,86,96,40,85,55,40,5,63,0,115,70,115,45,50,45,90,45,90,45,5,30,65,55,65,82,21,90,30,11,
Hard096	1	1001728	35207	2817	45,100,76,55,1,25,17,25,5,95,30,95,42,30,0,10,0,70,60,105,110,95,52,71,5,15,80,105,25,
Hard097	1	1014958	43384	5581	50,70,90,100,110,125,65,90,126,110,85,85,70,46,45,75,60,5,62,70,0,41,82,120,45,95,6,120,15,115,20,30,115,50,
Hard098	1	1006047	33059	2441	95,20,55,110,46,105,105,60,30,85,45,50,85,125,105,1,60,51,70,60,41,36,115,26,50,60,6,100,120,81,70,115,91,115,
Hard099	1	1012518	34451	12141	70,35,0,21,90,106,85,40,65,85,0,40,50,40,101,95,25,40,5,80,5,60,70,96,
Hard100	1	1008359	33061	3135	26,80,70,36,45,45,51,5,65,15,15,95,15,0,55,55,40,30,41,21,51,6,30,10,90,60,86,
Hard101	1	1012724	35066	6371	0,25,30,120,40,85,0,90,15,31,20,90,100,101,65,95,112,95,25,80,35,35,125,10,5,126,35,20,70,80,55,55,
Hard102	1	1010790	35639	2333	15,100,75,25,65,115,55,35,115,115,40,5,93,0,60,71,101,100,75,75,80,27,5,85,55,85,16,5,5,45,110,30,
Hard103	1	1008025	32470	2307	5,21,91,15,30,60,90,70,85,17,0,85,20,85,42,80,81,52,95,77,95,36,67,40,95,
Hard104	1	1010522	60941	2355	5,40,40,110,55,55,40,100,110,60,0,95,61,115,105,85,105,70,95,85,105,1,15,45,23,10,60,40,7,30,
Hard105	1	1012125	38021	9088	95,15,5,60,61,105,0,56,15,90,105,87,0,40,25,15,30,0,65,32,20,60,6,80,100,95,5,40,
Hard106	1	1006677	34494	1055	46,71,91,85,105,36,56,26,61,5,17,0,65,65,50,22,40,51,30,30,61,6,40,10,100,80,5,95,
Hard107	1	1034567	37006	19555	15,0,75,20,90,45,52,105,106,35,42,55,95,11,40,0,31,60,101,62,35,87,55,20,
Hard108	1	1011989	32445	2694	66,35,75,95,26,40,5,55,105,15,16,0,45,22,30,40,5,10,100,85,95,95,
Hard109	1	1009777	39046	4046	0,50,105,25,65,80,30,115,50,80,95,75,40,125,115,115,0,15,30,40,31,10,20,6,111,120,70,85,
Hard110	1	1007288	32265	21133	50,81,45,50,60,110,90,77,65,45,6,17,1,40,60,71,95,85,21,55,41,5,55,61,95,
Hard111	1	1009604	36391	13046	40,60,0,70,100,81,80,95,80,55,105,5,35,26,40,5,17,0,45,22,30,40,
Hard112	1	1001766	36907	13916	45,105,45,76,35,26,35,56,60,60,5,95,15,17,90,0,66,50,22,41,50,30,50,30,61,6,5,85,
Hard113	1	1003931	32115	4131	70,50,15,115,80,25,107,30,30,5,45,63,70,40,90,0,37,5,120,101,65,116,20,100,10,
Hard114	1	1008331	33011	1018	0,26,95,30,40,61,81,75,115,105,105,0,15,30,15,40,51,41,31,11,5,20,20,6,16,45,101,110,70,85,
Hard115	1	1014249	32268	4963	120,120,100,76,55,80,95,115,55,1,35,65,81,70,126,45,27,80,30,6,110,52,0,70,90,37,20,40,100,125,
Hard116	1	1011424	32745	2704	66,55,55,0,95,65,46,0,16,85,30,0,25,85,51,15,85,50,6,40,100,41,0,110,70,10,60,25,60,96,60,15,25,
Hard117	1	1005167	32411	1767	100,75,75,66,45,50,15,20,100,115,50,86,20,20,20,30,10,81,56,55,40,85,60,85,60,91,90,85,10,30,7,81,110,70,106,
Hard118	1	1003689	42159	3709	90,90,65,55,35,35,85,75,15,20,76,0,90,86,40,42,80,5,71,95,70,25,80,80,30,60,10,30,50,95,51,35,95,
Hard119	1	1004316	32938	4089	16,45,35,90,35,85,25,5,50,105,62,100,110,56,55,30,105,65,20,30,41,11,
Hard120	1	1017536	34317	14833	75,105,45,35,61,35,50,6,25,90,17,26,110,1,105,55,65,110,30,32,105,50,60,40,
Hard121	1	1021999	40579	48980	25,110,51,90,100,70,65,101,95,100,57,91,86,117,5,20,40,72,0,110,110,82,116,95,
Hard122	1	1017444	48513	5685	35,25,90,51,70,80,105,45,70,25,66,71,56,95,96,5,5,15,16,0,75,20,21,70,30,40,
Hard123	1	1006105	32476	2015	105,30,40,65,70,125,105,125,115,1,71,60,30,51,60,95,26,81,70,50,6,45,110,120,96,45,
Hard124	1	1008476	34932	1561	55,35,41,100,25,75,15,95,75,35,5,63,0,30,70,70,70,35,5,65,90,10,105,110,105,5,20,
Hard125	1	1007837	34626	4063	16,95,35,35,105,26,106,40,96,40,55,5,63,80,0,70,50,48,101,55,90,90,21,5,66,100,90,10,10,5,30,30,
Hard126	1	1006422	33326	1364	110,35,45,110,26,125,80,50,80,77,86,5,65,17,0,55,22,30,50,5,11,100,60,120,117,40,
Hard127	1	1018173	32341	5870	25,40,50,95,15,87,30,5,42,0,60,95,100,50,37,5,70,80,80,45,80,10,20,6,95,
Hard128	1	1014298	34852	15641	41,50,105,70,30,50,60,70,60,105,105,60,55,36,5,17,0,31,50,50,20,45,30,65,5,10,102,45,65,5,5,75,
Hard129	1	1008533	31782	1879	41,0,16,25,91,31,100,70,115,15,51,5,45,30,90,80,21,6,10,110,120,106,
Hard130	1	1013922	35351	10432	50,76,35,50,25,35,90,45,0,92,5,116,56,115,85,55,1,96,16,43,21,60,30,21,60,91,30,11,
Hard131	1	1007759	34390	8308	20,105,0,91,20,80,75,106,30,55,76,0,31,100,100,85,40,85,95,25,30,6,70,50,61,96,85,
Hard132	1	1006477	33734	1035	45,90,5,15,91,15,120,100,110,110,55,75,80,120,65,20,56,116,105,30,10,40,120,115,
Hard133	1	1008127	48939	14384	70,50,70,101,100,76,90,90,86,55,55,5,60,60,60,0,50,82,95,55,6,15,65,20,20,31,40,100,
Hard134	1	1011162	33136	3722	110,10,95,65,110,85,55,5,46,35,70,125,101,110,100,120,130,77,125,40,105,20,60,30,5,60,40,10,20,51,
Hard135	1	1012154	37078	1524	65,90,100,65,26,15,115,45,45,120,85,85,55,5,35,71,70,0,50,81,125,40,80,20,55,60,5,75,110,10,105,125,20,
Hard136	1	1008560	32010	1168	0,30,105,111,91,11,50,50,62,56,16,95,96,116,105,115,31,25,5,40,40,41,20,0,60,36,110,70,110,36,25,91,5,46,110,10,90,50,10,80,5,105,
Hard137	1	1009992	33025	7856	80,61,0,90,55,25,75,91,35,25,36,96,40,95,6,40,41,1,92,31,30,21,53,25,65,73,87,97,
Hard138	1	1007289	33257	2569	86,55,70,6,25,26,90,0,55,60,0,35,16,115,16,30,6,20,21,0,72,0,61,51,81,80,55,100,115,115,
Hard139	1	1008125	35871	4720	15,75,100,85,5,50,66,51,15,0,15,80,105,76,0,25,0,55,30,40,31,30,20,50,6,70,100,85,
Hard140	1	1003820	44111	2046	75,65,120,90,102,95,65,35,85,127,25,70,115,100,115,40,115,6,16,15,0,45,21,30,50,20,40,
Hard141	1	1006292	32899	2541	25,45,35,35,50,25,100,80,65,50,5,95,17,0,56,22,32,40,51,6,10,40,70,90,60,86,
Hard142	1	1003761	37666	1358	75,91,35,15,80,75,90,55,25,26,50,95,85,35,10,5,5,5,15,80,45,90,55,45,60,60,60,41,20,30,71,70,25,50,95,96,
Hard143	1	1019801	34376	6588	0,40,40,50,105,60,105,35,50,95,50,95,45,13,40,90,90,56,30,100,20,65,56,45,100,45,95,20,5,96,
Hard144	1	1005006	40326	4822	55,30,25,105,0,40,60,75,80,97,55,85,72,65,45,0,81,110,81,76,6,51,110,26,65,
Hard145	1	1003289	37923	2101	55,25,15,110,55,36,95,75,6,65,82,60,110,102,60,71,47,75,65,105,90,10,20,
Hard146	1	1014425	32372	915	40,20,31,50,75,50,115,60,0,40,61,55,35,55,35,25,96,25,41,5,105,110,105,25,30,50,80,70,80,105,95,30,
Hard147	1	1011150	35757	963	95,0,26,80,40,40,70,70,66,25,35,5,5,53,1,20,30,61,76,46,60,35,85,21,5,6,26,80,41,
Hard148	1	1006279	35353	6232	80,80,115,75,65,36,0,25,17,20,5,32,60,0,90,25,25,100,70,81,26,10,100,5,50,65,36,50,10,100,40,40,
Hard149	1	1002903	43100	3543	40,0,20,55,70,40,70,65,95,85,115,107,0,15,22,30,10,6,100,100,110,60,75,
Hard150	1	1008159	34855	7018	90,115,35,65,15,100,55,55,65,40,70,90,1,25,71,60,105,16,15,70,5,80,20,5,52,106,0,25,80,60,10,30,26,
Hard151	1	1005164	32759	3041	5,90,5,15,20,115,20,31,100,115,65,115,15,40,70,16,1,70,40,90,80,70,50,111,106,35,105,70,
Hard152	1	1004286	35560	2543	105,10,85,70,85,46,26,97,31,5,110,60,50,71,70,65,85,105,6,36,90,20,20,
Hard153	1	1005554	32779	1305	107,70,55,61,85,35,95,85,15,85,20,5,42,60,0,51,71,101,70,55,96,6,5,25,80,10,
Hard154	1	1013251	32735	8329	90,50,100,65,65,65,55,46,6,17,80,1,50,40,50,21,41,5,110,60,50,70,5,80,60,96,106,
Hard155	1	1005745	36063	16522	36,25,45,51,70,95,81,105,95,70,67,105,105,75,95,75,6,15,16,0,56,41,21,40,20,80,51,5,80,31,
Hard156	1	1004182	32044	907	95,85,125,0,50,105,71,25,115,105,115,25,36,51,5,120,80,40,60,80,90,90,105,5,115,
Hard157	1	1009150	36206	2944	35,106,90,65,10,45,116,115,51,70,80,35,91,5,105,120,20,90,85,6,56,110,41,
Hard158	1	1010873	32419	2470	60,61,55,85,35,35,115,15,21,95,100,116,40,75,95,95,0,41,111,105,26,10,40,5,92,110,31,80,65,70,50,51,35,80,105,105,65,
Hard159	1	1008005	33854	1550	96,1,100,85,25,17,20,5,90,91,100,60,61,70,105,97,0,25,10,10,80,10,20,5,60,45,90,5,106,50,70,71,30,55,101,87,
Hard160	1	1018296	32968	5034	65,90,50,115,65,86,105,35,26,75,40,5,17,0,45,21,20,30,90,40,5,10,110,105,105,
Hard161	1	1008725	41778	1587	120,120,85,105,75,45,35,26,50,85,5,110,120,75,97,70,125,115,0,56,20,20,40,60,30,55,
Hard162	1	1011988	40648	2876	75,45,35,80,60,50,80,91,90,86,70,65,70,107,65,5,15,16,0,61,100,20,60,5,10,100,100,76,81,45,45,96,
Hard163	1	1007251	33624	4268	111,65,85,35,15,20,40,110,35,107,50,75,97,0,50,50,50,5,92,100,101,115,30,25,10,45,30,62,45,80,115,35,115,
Hard164	1	1002462	33401	4183	25,90,100,25,30,5,50,80,115,116,75,65,18,60,70,0,35,22,50,110,30,5,110,105,40,
Hard165	1	1024410	32492	1768	0,16,40,25,95,0,15,50,15,51,5,65,30,47,100,80,0,55,12,50,5,20,40,60,70,110,95,95,
Hard166	1	1005245	37001	5093	80,95,20,65,55,120,46,115,30,45,115,50,45,60,106,86,115,0,105,60,60,0,15,21,20,60,10,5,5,110,80,90,40,125,70,126,30,
Hard167	1	1009276	33595	37276	75,115,60,45,36,115,50,90,60,50,6,27,16,15,1,65,30,55,32,40,80,100,100,50,115,60,
Hard168	1	1005147	33789	2501	0,15,0,22,100,55,20,81,110,90,80,80,5,10,30,45,65,5,55,45,72,41,51,106,110,105,
Hard169	1	1014173	36169	1254	45,6,110,80,50,5,25,15,45,25,37,20,50,111,16,122,105,50,60,90,20,1,60,70,105,15,35,105,61,
Hard170	1	1011399	42168	19762	5,15,15,30,40,15,90,50,125,75,80,106,0,20,125,105,85,70,55,15,45,65,71,83,6,90,55,
Hard171	1	1011864	36082	9070	41,5,90,25,55,107,25,60,60,16,70,25,30,0,0,45,15,60,60,0,22,100,101,50,51,81,45,95,15,45,96,50,
Hard172	1	1011289	33213	3067	85,70,40,65,56,15,15,55,60,76,97,15,1,25,33,20,40,6,90,5,70,80,60,110,106,
Hard173	1	1015926	35344	11465	81,40,95,75,10,55,25,0,31,55,100,80,116,115,62,111,105,35,60,35,110,20,51,70,70,86,90,105,70,90,55,105,
Hard174	1	1005437	32029	8862	90,25,30,50,90,31,115,65,125,20,5,65,75,18,0,40,70,60,61,110,95,75,120,30,75,80,120,60,5,5,80,110,105,105,
Hard175	1	1009357	34280	4091	80,80,0,95,95,75,0,106,27,5,90,81,25,15,91,102,38,105,40,95,60,10,40,50,
Hard176	1	1011707	45809	9402	60,45,100,116,85,35,50,5,115,95,15,76,16,0,127,0,25,55,31,31,60,20,40,50,
Hard177	1	1022510	33654	3712	106,115,20,105,30,10,0,1,35,41,125,100,110,126,60,75,36,5,5,25,100,80,40,5,31,120,90,117,
Hard178	1	1006141	40662	1735	110,65,85,75,35,25,10,40,100,5,100,50,6,65,95,100,70,81,112,85,1,55,20,30,56,
Hard179	1	1006428	44579	8036	106,105,0,111,70,70,55,90,90,55,60,82,65,50,50,75,76,55,115,96,115,6,17,0,25,32,40,80,20,
Hard180	1	1006909	34655	1600	40,60,70,70,15,86,85,20,35,57,1,20,20,81,75,66,20,5,5,50,30,40,76,
Hard181	1	1004147	31637	4798	10,5,100,51,90,120,25,32,20,111,40,126,125,55,60,55,0,30,85,61,71,121,55,117,105,120,60,46,26,
Hard182	1	1008220	38558	22544	105,95,85,40,61,55,60,45,90,85,100,71,116,45,5,5,15,21,31,85,45,66,15,90,70,65,70,40,5,40,110,105,105,
Hard183	1	1005296	36542	1216	45,20,30,80,50,70,50,70,61,97,45,5,17,0,40,90,75,75,56,85,20,41,5,10,91,65,6,46,80,51,
Hard184	1	1003769	36260	2433	80,95,70,55,15,105,96,35,41,120,60,20,120,0,0,70,80,105,105,35,71,7,75,90,10,
Hard185	1	1000824	36957	1864	35,35,95,70,5,105,25,110,15,85,111,40,60,70,95,35,6,61,45,115,80,10,20,
Hard186	1	1007520	34763	4222	15,5,110,21,110,55,45,90,65,55,15,70,105,71,15,40,80,92,15,85,50,50,117,5,30,
Hard187	1	1004305	45033	9214	5,122,50,70,90,80,101,65,35,100,115,95,25,45,25,100,50,5,15,85,76,16,0,55,21,20,50,30,40,
Hard188	1	1002668	34925	1227	55,85,0,110,85,15,55,65,70,65,95,20,20,31,95,100,111,65,50,40,82,55,60,115,116,
Hard189	1	1015607	36891	3338	127,65,105,70,115,90,105,55,26,30,40,15,40,30,1,71,60,105,120,60,90,115,120,25,115,61,7,65,100,10,
Hard190	1	1017682	32932	8904	105,65,0,25,40,110,30,55,111,56,70,105,60,85,95,96,10,0,60,71,30,60,51,117,45,60,45,105,
Hard191	1	1007346	36932	7840	30,71,90,60,85,107,55,5,15,15,15,30,0,50,100,20,51,5,10,100,100,65,96,5,5,75,
Hard192	1	1002182	44071	4604	105,51,65,125,0,35,25,72,5,96,57,115,0,115,75,115,20,30,0,15,22,70,10,40,
Hard193	1	1012688	33271	3038	100,15,20,40,50,95,50,15,30,95,95,100,85,40,5,16,6,56,61,45,70,46,90,45,50,0,50,0,11,80,90,105,35,90,11,105,
Hard194	1	1013014	33888	2044	100,25,56,35,35,5,15,95,41,40,0,30,50,50,60,50,85,35,105,5,45,90,105,10,6,20,
Hard195	1	1013887	37758	10271	91,45,100,50,100,75,46,6,15,20,95,30,5,100,96,62,20,91,105,90,40,35,88,45,95,95,16,15,91,40,80,60,1,40,70,106,55,40,40,
Hard196	1	1009752	32465	17772	35,46,50,15,50,1,61,71,115,25,15,80,16,20,60,35,120,6,40,120,91,101,116,35,
Hard197	1	1012128	32158	5943	105,40,80,60,70,40,80,35,51,15,115,106,16,20,50,45,5,62,90,50,0,30,90,30,72,45,116,35,
Hard198	1	1004706	32483	4725	51,115,60,35,5,40,85,25,41,1,35,61,112,106,25,72,90,115,30,25,80,70,90,55,60,105,55,
Hard199	1	1003255	38989	3651	5,51,60,50,70,35,0,71,25,70,105,65,5,57,87,0,0,15,75,20,22,10,5,70,30,40,
Hard200	1	1012455	32918	2742	16,85,30,20,90,85,65,85,15,41,70,7,46,25,100,100,80,50,45,0,81,0,10,60,95,35,11,5,5,95,
Hard201	1	1014668	38950	4690	50,110,80,46,26,35,110,60,15,76,95,105,105,5,62,0,101,71,115,30,70,20,40,105,85,105,5,115,65,90,5,10,20,55,
Hard202	1	1013989	41496	1746	70,65,45,90,111,105,35,26,110,0,91,75,50,85,90,6,75,15,16,1,95,55,22,30,20,40,50,90,
Hard203	1	1010321	36956	1220	55,60,81,55,26,76,35,105,45,95,5,15,62,0,40,72,45,5,66,100,30,20,85,10,90,6,20,
Hard204	1	1014818	33739	6001	35,100,25,100,25,40,100,60,75,91,87,115,65,115,115,65,55,5,17,90,70,0,45,22,105,90,40,15,50,60,5,30,105,6,110,105,
Hard205	1	1008241	35249	2987	45,15,5,100,20,110,125,50,60,95,35,35,5,61,50,45,121,120,70,97,75,127,67,57,121,120,0,0,115,71,80,115,35,70,90,25,115,70,
Hard206	1	1010982	37520	1075	25,120,30,10,120,120,85,40,100,116,75,65,5,92,60,70,111,105,80,110,125,125,35,125,75,80,20,56,
Hard207	1	1006748	32908	2541	45,36,70,25,25,45,80,51,5,100,15,65,95,16,0,56,20,41,21,40,51,6,10,90,60,31,86,
Hard208	1	1005245	35250	3974	30,86,55,60,116,85,0,60,105,0,40,70,60,40,50,50,36,95,26,60,40,6,80,70,110,96,
Hard209	1	1010970	34248	5460	26,100,40,30,80,65,55,75,5,95,17,0,35,21,20,30,6,40,10,90,5,70,86,
Hard210	1	1008217	33208	10271	15,40,90,100,65,75,75,56,1,82,70,105,121,25,15,35,16,90,20,80,6,51,90,50,0,105,70,26,25,10,30,105,
Hard211	1	1004860	36847	10898	26,60,95,45,80,115,35,51,60,5,15,75,17,70,0,56,20,31,80,20,40,40,20,30,51,80,
Hard212	1	1012385	39304	3560	36,25,5,120,135,71,105,70,25,130,65,51,70,45,45,131,80,1,80,90,125,25,125,110,35,81,125,
Hard213	1	1008472	34929	4454	106,45,6,111,55,35,26,16,45,120,110,121,61,70,80,93,75,85,66,125,115,10,10,105,21,30,
Hard214	1	1007903	35380	5927	70,90,125,65,85,36,0,25,17,20,5,32,60,80,0,28,65,11,110,5,36,111,50,41,71,50,
Hard215	1	1024218	32724	2045	10,95,70,81,50,25,95,65,95,30,65,45,65,0,31,91,85,76,85,30,5,62,90,40,50,16,85,
Hard216	1	1010574	34901	55280	26,102,16,40,31,40,1,65,80,80,50,77,55,75,85,6,45,10,45,37,21,10,45,1,80,52,70,80,70,61,106,80,6,105,96,95,
Hard217	1	1011060	32635	3099	85,75,45,0,15,100,90,100,85,100,65,37,60,105,95,10,7,15,45,50,15,25,90,91,26,10,55,42,50,15,70,15,1,100,20,20,65,32,60,30,5,80,107,
Hard218	1	1016526	35650	5111	35,105,40,55,25,15,95,40,70,0,60,120,80,81,125,115,5,45,90,10,20,35,
Hard219	1	1018898	36950	20510	80,0,0,80,60,91,60,35,90,85,125,15,45,25,125,125,60,5,55,71,90,71,50,0,67,5,121,10,20,
Hard220	1	1013787	33875	3010	40,30,52,75,35,65,65,115,25,0,17,5,25,111,60,15,60,45,31,85,95,85,110,30,10,70,101,30,40,95,70,95,50,
Hard221	1	1011913	35975	4552	60,90,35,80,80,105,80,95,66,5,15,15,15,20,0,61,70,40,60,6,71,91,55,101,86,55,
Hard222	1	1013242	42377	3363	30,55,110,45,25,85,10,90,100,55,5,45,61,110,60,40,50,106,70,95,105,15,80,40,50,36,
Hard223	1	1015521	34026	787	35,55,0,80,105,45,70,111,65,120,45,65,26,95,106,71,5,50,110,35,6,75,90,75,100,21,
Hard224	1	1014353	34850	3842	25,16,36,107,25,117,41,5,55,60,80,61,50,60,0,46,100,110,70,80,46,55,110,5,65,31,65,110,20,101,20,11,
Hard225	1	1018565	37593	4803	105,66,26,125,15,45,35,35,45,126,16,51,75,5,83,0,55,70,90,110,55,120,10,40,56,5,75,120,31,86,10,120,40,21,
Hard226	1	1012357	32906	7635	72,80,107,80,97,55,55,6,25,65,65,26,16,0,15,0,35,40,65,41,30,50,5,70,6,50,100,90,86,
Hard227	1	1004951	32386	2309	40,30,90,90,65,71,107,56,80,25,25,41,70,40,60,95,35,70,21,7,51,100,95,95,
Hard228	1	1013448	38218	2631	0,25,40,0,50,61,50,85,115,70,120,90,105,115,35,26,50,5,45,46,0,55,22,60,30,50,
Hard229	1	1005944	37071	6584	71,65,80,55,36,0,80,25,17,20,65,5,30,31,0,25,45,25,90,10,80,50,25,80,90,6,71,
Hard230	1	1023766	37698	1675	115,35,25,95,106,41,60,86,105,1,50,70,115,35,25,51,6,100,80,90,115,
Hard231	1	1013312	32332	29041	20,80,110,110,100,65,75,110,46,55,56,5,60,95,85,17,55,96,0,0,20,31,60,20,60,41,41,51,70,70,106,60,105,115,5,116,
Hard232	1	1027663	35748	13117	90,121,45,75,85,105,46,5,15,50,66,65,20,30,116,120,70,65,16,0,95,115,42,20,60,80,0,72,60,126,35,40,100,125,55,80,5,55,
Hard233	1	1013398	32983	10800	20,55,65,1,90,107,40,91,0,55,65,72,95,36,25,95,25,46,85,70,63,85,75,101,5,35,50,85,100,95,
Hard234	1	1004665	37488	2260	55,80,0,0,25,80,90,65,65,36,45,105,15,71,70,0,50,90,91,85,55,6,76,100,40,5,31,
Hard235	1	1015127	33458	3715	105,60,85,70,20,106,45,55,62,15,95,85,30,0,0,52,65,85,65,50,40,95,101,95,7,55,80,10,
Hard236	1	1013422	39039	3944	16,50,25,80,25,30,30,105,45,51,1,50,95,40,15,40,70,95,25,41,56,60,6,100,100,95,
Hard237	1	1008276	34324	2147	80,95,0,105,25,30,60,70,30,0,50,25,80,111,45,15,106,25,96,51,7,55,90,10,
Hard238	1	1012358	37888	7025	55,90,90,101,117,75,5,75,45,15,85,15,55,65,91,85,15,5,28,0,15,0,81,35,96,40,35,40,41,61,101,61,51,90,31,90,
Hard239	1	1004380	33628	2331	0,100,71,100,55,35,65,25,100,55,96,87,0,70,95,15,16,5,81,80,70,15,92,107,5,21,40,30,
Hard240	1	1006253	35693	2110	85,60,90,40,25,25,0,0,25,45,95,80,102,46,20,65,96,0,21,40,52,35,15,40,106,87,20,105,7,25,80,10,
Hard241	1	1008329	42669	1878	80,90,100,0,35,135,40,60,115,125,76,0,125,25,100,80,25,125,25,41,50,5,30,5,5,20,120,105,
Hard242	1	1009412	32788	7153	106,115,115,45,0,65,0,35,50,120,25,15,50,0,110,90,80,105,92,125,115,5,55,10,20,30,
Hard243	1	1009668	44007	7566	110,30,70,80,97,55,75,46,107,1,20,15,22,10,30,5,6,15,25,101,25,100,40,70,90,115,
Hard244	1	1006655	37410	2333	110,70,0,35,110,15,105,70,65,110,80,91,90,50,85,60,75,60,47,65,55,115,100,10,75,
Hard245	1	1007988	33972	3633	55,1,70,15,81,30,100,90,116,55,60,16,115,5,15,25,65,52,60,10,110,111,95,5,105,40,
Hard246	1	1005829	36241	4226	96,80,10,55,26,106,55,36,105,40,70,60,40,5,110,81,80,95,75,25,6,46,100,31,
Hard247	1	1003190	33453	2680	105,40,95,85,25,75,66,86,105,1,41,10,30,40,31,6,100,80,60,60,70,51,96,70,116,
Hard248	1	1013232	34695	10884	52,30,41,60,61,45,35,95,95,71,95,35,5,17,0,30,90,20,31,5,40,10,91,40,75,56,66,
Hard249	1	1005230	46843	3353	105,95,85,30,1,50,0,35,80,50,45,90,45,36,60,6,100,71,71,65,40,97,35,40,56,
Hard250	1	1020139	34228	12406	40,115,40,30,51,62,70,70,55,116,36,5,17,0,31,20,111,50,50,30,45,65,75,65,5,10,110,45,
Hard251	1	1018010	32827	4745	30,110,125,65,40,55,10,97,10,21,0,30,100,56,61,70,120,80,60,115,120,50,107,25,60,25,5,40,
Hard252	1	1002602	34333	45647	110,105,5,81,15,75,15,15,75,20,45,45,80,2,35,85,28,30,80,6,10,42,70,0,35,20,35,50,35,60,6,60,
Hard253	1	1012852	34243	2290	82,35,70,60,26,40,10,25,25,65,55,66,6,42,1,62,20,22,75,50,31,50,65,51,76,86,35,66,5,85,
Hard254	1	1006934	37787	3764	26,115,31,5,65,73,95,100,0,60,80,38,65,45,45,110,6,15,65,15,110,50,50,21,
Hard255	1	1012556	35040	4847	45,60,80,35,60,91,106,80,75,76,85,105,56,85,5,5,17,1,66,26,40,33,41,40,61,21,91,
Hard256	1	1010748	35231	9089	10,25,110,55,30,45,46,96,45,50,35,106,20,20,20,31,60,86,105,1,51,40,115,70,116,15,50,
Hard257	1	1007419	34361	4617	15,115,40,55,65,80,70,90,101,35,125,25,116,40,5,72,60,0,80,47,5,111,30,20,16,
Hard258	1	1009913	41198	5437	96,95,55,60,60,70,80,80,115,35,36,5,65,16,15,20,15,60,0,31,110,86,75,30,30,65,65,50,6,51,110,61,71,46,
Hard259	1	1005683	39220	6485	61,55,90,75,26,60,5,106,105,60,33,85,40,86,1,42,5,82,102,21,52,96,70,25,70,95,
Hard260	1	1011632	34905	2981	96,80,95,55,75,45,45,36,1,25,17,20,6,30,31,1,41,51,62,90,55,5,85,90,5,76,
Hard261	1	1013506	51713	19542	60,90,100,80,117,55,62,35,35,5,50,52,0,75,75,65,65,106,105,0,97,15,0,55,22,40,20,10,50,
Hard262	1	1008775	32209	2175	30,82,65,70,71,60,97,85,35,55,5,70,5,15,16,1,25,75,31,31,20,40,70,6,5,50,90,86,
Hard263	1	1007897	35490	5843	115,25,45,45,115,125,30,30,115,5,65,73,60,0,80,37,100,5,35,120,5,66,20,16,120,51,
Hard264	1	1008227	32206	1378	52,61,85,75,86,60,45,35,50,6,17,0,0,55,25,32,60,50,30,20,7,40,80,76,
Hard265	1	1016679	35616	9331	1,51,25,45,30,70,90,61,46,56,15,105,80,5,25,72,0,50,82,56,41,25,35,5,35,66,
Hard266	1	1013643	32568	3615	121,85,55,45,10,35,65,45,20,70,10,5,105,92,120,110,100,77,105,40,95,30,20,40,51,65,
Hard267	1	1012906	32662	1766	10,70,71,60,55,85,35,28,5,30,40,82,67,5,41,40,1,30,60,60,53,87,35,35,60,23,76,65,30,82,66,5,75,
Hard268	1	1009231	37139	4261	65,90,40,100,100,15,71,82,55,76,45,106,25,97,30,5,63,0,35,55,91,20,105,80,36,5,65,90,10,40,
Hard269	1	1013133	33484	2352	45,25,95,30,15,55,60,110,80,76,56,36,35,50,5,61,50,115,105,50,60,0,31,72,35,116,6,65,100,10,20,
Hard270	1	1010022	31911	6762	55,55,0,120,35,75,80,105,135,0,81,25,70,90,65,125,25,80,45,25,30,6,52,0,130,100,90,110,70,35,90,125,20,40,36,125,
Hard271	1	1006966	42723	6694	30,110,101,95,46,110,95,56,5,5,66,73,81,81,61,0,0,50,50,90,40,40,92,55,116,105,45,
Hard272	1	1013076	36225	10550	65,25,15,85,30,30,50,0,45,46,5,55,36,35,50,20,10,2,90,100,72,105,70,85,95,5,85,
Hard273	1	1009712	32411	3640	5,80,15,100,80,90,46,50,77,55,60,20,36,17,31,1,52,60,40,106,40,96,85,85,70,105,50,5,95,
Hard274	1	1009857	57928	6200	60,40,90,81,117,76,106,5,52,0,101,72,105,85,105,5,5,15,20,65,30,40,
Hard275	1	1021978	34850	4988	25,40,95,15,30,0,71,66,50,65,76,5,36,10,35,0,70,71,60,5,30,55,102,26,60,46,55,
Hard276	1	1016510	35583	3943	65,115,81,105,75,35,35,0,25,16,15,20,115,115,5,31,30,60,0,26,91,70,50,10,26,65,5,50,36,90,80,10,41,6,80,
Hard277	1	1008744	38940	1760	16,70,45,95,80,45,26,105,106,30,96,30,5,51,50,50,0,61,72,65,65,5,15,6,36,90,100,20,20,
Hard278	1	1010674	32232	891	85,90,90,25,30,40,61,116,40,71,105,115,55,105,86,31,61,20,5,16,90,20,30,5,5,80,80,100,75,
Hard279	1	1006650	41502	1074	30,40,55,62,105,16,45,37,25,97,41,65,5,50,52,60,0,71,82,15,75,6,5,45,90,20,
Hard280	1	1010256	32215	2932	80,30,81,65,72,60,97,55,5,85,16,15,0,25,32,70,40,20,6,5,50,90,86,
Hard281	1	1011148	32463	4770	85,55,105,60,96,105,40,61,60,45,101,71,90,116,45,70,6,15,20,30,70,5,40,110,96,
Hard282	1	1007921	36300	5219	110,45,101,25,30,75,110,65,26,105,5,105,18,101,91,0,20,20,60,70,115,35,20,105,115,85,90,20,
Hard283	1	1025174	35486	8528	15,65,55,100,55,65,40,1,71,70,80,60,106,25,35,17,105,20,70,6,51,60,50,0,80,26,10,25,6,30,
Hard284	1	1002681	32711	4541	75,80,80,25,35,40,25,100,40,40,61,91,115,30,25,5,15,101,30,51,6,20,110,95,
Hard285	1	1013665	32277	7658	26,30,5,70,100,15,115,16,0,35,21,20,30,50,60,96,5,10,110,106,5,50,40,
Hard286	1	1009049	39591	8710	115,105,55,45,35,60,95,35,70,86,6,16,27,15,1,65,75,33,40,50,60,70,
Hard287	1	1007355	34272	11878	85,36,91,115,40,85,50,115,61,100,126,40,100,115,85,35,6,25,50,25,25,0,50,40,90,30,80,105,90,31,
Hard288	1	1012719	33884	10593	15,65,90,56,40,1,65,70,71,110,60,95,35,25,15,15,70,36,15,20,6,50,81,110,96,
Hard289	1	1009701	47146	28552	50,70,90,117,65,70,35,100,70,35,70,5,63,75,85,55,75,55,105,85,0,106,1,15,65,23,60,10,40,
Hard290	1	1028228	36612	2346	51,0,71,0,26,40,60,90,105,30,60,90,125,85,115,18,0,70,56,42,50,75,32,50,20,5,10,10,110,20,80,95,
Hard291	1	1014662	33114	1044	25,60,5,16,70,60,30,40,15,0,30,40,50,20,50,50,85,45,45,35,65,66,35,77,21,5,11,10,0,50,26,25,71,5,15,62,15,70,30,30,85,
Hard292	1	1006661	33802	2102	0,100,85,45,115,115,115,95,50,75,96,36,1,25,16,52,110,105,15,5,20,5,30,30,110,90,91,110,30,0,41,60,80,105,105,61,45,
Hard293	1	1010783	32188	1078	26,30,90,50,40,106,85,30,30,20,40,20,61,85,40,7,15,80,65,55,15,30,80,100,70,96,
Hard294	1	1003865	32394	5714	15,100,95,5,50,15,66,15,51,0,90,105,86,0,0,26,55,55,33,51,5,21,5,41,80,100,95,
Hard295	1	1019342	33709	10585	5,92,100,25,30,30,111,75,65,26,40,5,15,106,17,101,0,20,80,30,70,21,60,80,115,40,115,105,95,80,20,
Hard296	1	1017044	38222	3882	125,70,100,55,35,27,30,60,60,125,81,90,45,15,125,30,5,70,71,0,60,51,92,85,55,7,35,120,10,
Hard297	1	1014532	36826	6044	5,20,15,30,90,57,35,25,17,20,60,30,90,50,0,40,30,41,75,95,65,85,50,95,66,30,30,85,5,75,
Hard298	1	1021454	33421	4890	105,96,45,45,50,1,70,35,25,15,50,110,0,90,83,115,95,5,55,10,5,20,30,5,105,
Hard299	1	1019080	38912	16041	85,90,70,41,5,25,16,30,91,50,27,0,45,55,95,16,0,102,56,20,75,95,95,60,0,21,86,51,20,61,106,5,46,105,
Hard300	1	1015533	35914	10456	35,40,100,110,85,35,5,70,17,0,30,80,105,45,20,30,110,105,30,7,35,90,50,
Hard301	1	1010579	33188	2088	80,70,65,100,45,35,80,65,97,55,55,5,16,15,0,100,51,90,20,90,50,70,70,5,11,90,85,100,30,85,40,85,
Hard302	1	1003869	38149	2614	80,25,55,55,0,70,70,0,15,91,100,66,36,45,115,81,80,70,0,51,100,101,56,75,5,86,95,110,40,30,6,30,
Hard303	1	1004184	37867	3198	65,120,81,80,90,40,55,25,125,100,115,30,55,126,70,5,63,0,70,90,91,75,75,120,121,5,46,85,85,6,35,110,20,
Hard304	1	1006440	31818	4381	115,120,95,85,105,21,40,20,100,80,50,90,90,125,116,65,5,15,65,75,16,0,20,15,70,30,63,75,5,11,111,122,96,85,110,107,
Hard305	1	1004691	34355	3265	45,101,115,55,5,15,55,85,17,80,30,26,0,61,51,51,86,90,6,90,111,75,105,
Hard306	1	1028214	37454	28532	85,105,45,55,35,60,115,35,70,6,25,96,15,16,26,1,65,75,30,31,30,60,70,40,50,
Hard307	1	1016475	33658	5428	115,71,45,90,80,116,80,107,55,5,15,55,65,16,0,20,30,15,60,52,50,65,5,11,102,110,95,111,85,75,95,
Hard308	1	1023042	33526	10378	30,41,16,87,30,20,5,101,50,90,65,15,100,5,5,40,37,1,75,10,81,35,60,45,95,105,80,25,10,95,10,
Hard309	1	1011340	32065	1616	115,105,25,85,65,35,25,50,40,75,5,17,0,55,22,120,50,90,5,11,70,80,115,100,100,30,115,
Hard310	1	1008366	34388	5713	90,35,1,20,102,60,45,87,45,50,77,55,35,42,51,105,61,71,106,96,26,95,51,
Hard311	1	1008278	34887	3575	101,75,55,55,95,25,31,80,100,95,95,5,17,40,0,61,60,15,91,90,31,20,50,50,72,55,87,60,6,106,105,
Hard312	1	1015033	38330	3821	20,45,35,75,105,15,80,90,35,35,40,75,65,75,0,40,51,40,31,97,87,40,26,6,5,45,80,10,
Hard313	1	1009960	40147	25079	70,45,0,70,100,80,80,100,56,60,91,90,65,50,105,105,50,87,105,75,55,45,55,75,60,62,115,51,71,81,115,101,15,115,80,90,35,71,55,
Hard314	1	1010708	32227	1721	110,45,35,25,130,25,75,60,120,80,91,36,35,96,85,125,20,40,5,71,130,110,125,125,
Hard315	1	1026016	34097	19494	65,56,110,75,45,80,105,125,1,80,90,80,70,116,35,25,26,80,30,6,52,90,0,115,35,20,40,70,36,
Hard316	1	1010332	37218	1413	100,115,85,85,115,25,55,36,55,65,15,46,70,25,90,15,70,1,120,102,115,125,7,75,10,20,120,106,95,75,40,50,30,30,
Hard317	1	1012049	33117	6728	110,30,80,46,65,15,105,96,30,25,0,95,52,5,35,35,75,35,0,55,92,100,62,105,40,97,50,5,85,106,16,6,55,90,20,
Hard318	1	1008692	32070	1154	35,135,120,25,45,25,110,75,60,80,5,91,35,36,96,85,115,20,71,40,130,120,115,115,
Hard319	1	1017811	35089	11887	30,65,20,71,117,70,95,55,80,60,10,0,45,62,75,105,50,50,81,105,35,25,95,25,110,95,110,51,105,35,5,75,
Hard320	1	1016629	32189	6102	55,120,0,15,22,120,65,70,95,117,30,20,0,72,60,10,40,5,110,90,100,127,
Hard321	1	1008857	32669	2778	101,65,35,25,80,45,25,115,50,5,125,90,75,17,0,55,22,40,30,50,6,5,11,70,120,110,60,106,105,
Hard322	1	1007704	32406	5168	111,100,55,75,55,85,6,55,105,17,25,31,41,110,90,105,105,26,1,60,61,100,25,100,95,45,115,60,5,15,100,51,45,81,51,71,96,116,
Hard323	1	1007989	41545	2908	35,0,40,16,85,35,105,40,0,25,50,70,97,35,86,70,15,51,7,55,80,20,
Hard324	1	1007756	33388	3817	62,90,5,46,5,15,21,30,30,81,75,45,96,95,16,0,0,52,15,92,40,70,85,35,60,50,70,5,5,86,
Hard325	1	1009913	32584	1333	1,90,52,15,60,95,80,35,71,80,95,95,40,62,45,90,90,85,90,86,76,10,56,7,15,70,20,
Hard326	1	1018518	32165	5217	5,100,20,100,50,35,70,15,70,100,80,96,35,95,16,20,0,40,65,15,40,50,40,91,85,90,50,106,75,76,40,105,5,85,85,
Hard327	1	1021254	51643	56529	15,120,40,71,55,5,92,76,45,125,10,90,85,125,85,45,1,25,125,0,95,18,20,90,6,42,80,0,25,70,10,26,5,30,61,
Hard328	1	1013578	57260	1276	20,112,90,40,55,120,101,60,80,61,50,70,97,55,65,115,95,115,75,65,105,106,115,1,15,22,30,10,7,100,15,25,25,101,60,70,90,125,
Hard329	1	1006889	33722	29565	95,15,35,95,75,40,67,56,0,35,0,72,25,15,60,105,15,15,70,5,20,90,5,50,111,106,35,
Hard330	1	1006558	33002	2231	55,65,80,105,110,35,75,65,25,25,40,6,17,0,45,21,30,20,40,5,10,105,10,60,70,90,105,
Hard331	1	1022841	36297	664	105,60,25,60,115,85,90,52,96,70,115,80,36,20,100,115,95,6,15,80,40,5,90,110,105,
Hard332	1	1007543	32979	3640	90,40,25,75,105,65,25,30,80,5,15,55,16,0,35,21,20,110,30,6,10,100,70,40,5,96,
Hard333	1	1007705	33913	4511	75,95,40,95,65,35,0,85,100,25,101,115,76,95,65,0,75,105,20,16,30,15,5,90,110,106,20,50,
Hard334	1	1010211	51854	4746	50,30,105,40,70,110,65,15,96,86,65,106,15,15,1,25,30,31,20,50,6,100,80,90,115,
Hard335	1	1010733	34273	785	120,80,55,0,70,110,66,26,110,95,46,35,107,71,5,50,110,35,6,76,90,100,21,
Hard336	1	1009428	34806	4600	20,105,0,55,45,10,10,80,76,45,75,45,50,0,50,50,40,90,85,100,60,15,50,6,60,90,35,100,86,
Hard337	1	1006109	33673	8170	0,26,16,40,96,55,0,55,71,15,70,5,65,47,0,75,45,60,10,75,51,11,21,50,70,66,70,80,110,5,95,
Hard338	1	1012869	33243	991	0,90,70,45,100,130,56,130,35,35,116,127,70,65,25,70,80,5,81,60,130,90,45,100,115,6,76,120,30,30,
Hard339	1	1011706	33596	1297	105,31,40,50,30,75,105,0,75,81,80,70,111,65,56,25,55,65,75,75,85,35,45,95,36,81,5,101,110,45,5,5,85,90,20,
Hard340	1	1005268	34292	9133	30,115,51,15,105,25,97,30,5,42,80,61,105,0,35,90,105,50,90,10,35,20,35,
Hard341	1	1004437	33842	19811	116,35,75,35,67,40,56,1,25,71,70,60,95,17,70,5,20,5,50,100,110,35,110,100,96,
Hard342	1	1018909	32905	4317	35,45,35,1,82,0,25,96,95,15,45,50,51,85,16,20,5,30,31,0,50,41,61,75,91,75,90,61,45,75,5,86,
Hard343	1	1009162	32514	938	70,115,95,105,55,95,135,1,70,60,81,115,126,46,60,36,71,5,60,5,130,90,90,101,115,125,
Hard344	1	1006173	36552	2856	35,71,40,25,65,15,65,96,85,5,51,51,0,91,61,60,75,96,45,7,55,80,10,20,
Hard345	1	1013467	37348	5156	120,100,70,90,55,55,60,36,45,120,86,25,116,15,5,72,0,110,110,81,65,125,40,80,31,50,105,116,125,
Hard346	1	1011960	35602	4409	96,80,25,56,35,35,26,107,10,40,40,5,5,70,110,81,95,5,45,60,80,75,45,100,31,
Hard347	1	1001657	33596	3902	45,35,100,5,85,35,75,50,5,65,26,25,0,55,30,31,50,40,5,5,110,20,60,70,85,85,
Hard348	1	1015881	34978	1234	70,10,105,85,20,0,10,20,91,45,106,50,85,65,85,0,51,100,100,95,25,30,50,6,95,80,60,70,95,
Hard349	1	1006562	42506	3690	111,75,65,90,110,85,105,75,45,35,5,26,50,5,17,0,55,21,40,20,50,5,30,
Hard350	1	1011965	44657	12521	30,100,70,45,25,15,100,66,87,5,53,0,81,61,105,10,60,20,40,35,75,90,86,105,5,20,
Hard351	1	1007130	32531	3133	85,75,110,45,85,75,55,60,15,20,60,110,95,125,95,20,20,30,10,20,91,66,50,40,65,70,96,70,102,10,30,80,95,7,90,90,120,115,115,
Hard352	1	1011079	35172	1559	115,100,26,80,56,15,36,116,16,40,40,5,60,61,70,0,70,80,25,81,75,5,5,75,5,46,110,31,
Hard353	1	1007490	35075	3381	30,15,60,105,81,106,20,115,75,80,65,36,6,42,0,30,30,70,60,0,50,72,55,55,85,61,5,36,15,5,85,15,
Hard354	1	1010239	32786	3351	35,90,26,35,65,46,105,51,5,17,70,0,56,42,51,30,20,30,20,5,10,100,60,80,96,
Hard355	1	1016112	32343	14203	0,15,21,105,120,65,57,41,115,60,95,116,0,20,30,20,62,5,110,70,90,10,100,50,127,
Hard356	1	1014191	33885	6542	65,35,25,70,40,100,5,90,101,85,5,17,0,80,105,95,0,45,22,50,40,5,90,100,85,30,
Hard357	1	1012437	32373	3620	40,51,0,16,21,31,110,60,60,70,81,127,15,5,56,20,90,30,55,0,12,120,100,5,75,100,50,121,115,115,85,
Hard358	1	1001756	32999	1484	80,55,60,20,30,115,70,40,100,116,95,5,15,20,30,5,60,5,90,110,105,
Hard359	1	1006299	33631	3452	51,30,75,40,105,80,40,61,97,75,30,106,75,6,15,26,30,15,30,80,51,5,70,70,90,65,
Hard360	1	1026699	34308	5055	55,35,25,40,60,75,5,90,102,75,5,16,15,0,70,105,95,0,45,20,20,30,20,40,5,85,90,100,75,
Hard361	1	1013095	35548	2698	0,55,17,80,20,30,40,5,55,95,60,95,5,40,41,1,10,91,51,51,15,35,5,96,
Hard362	1	1004955	31885	1212	15,60,50,110,105,125,47,0,121,90,80,106,28,125,115,10,31,60,50,
Hard363	1	1007807	34209	13964	106,25,70,65,40,40,115,35,0,70,65,70,105,70,5,47,97,1,16,75,75,30,23,32,71,11,51,
Hard364	1	1008101	31999	2504	105,80,0,25,25,40,80,75,95,65,76,0,16,30,42,50,10,31,20,30,50,10,20,7,70,16,45,70,60,90,85,85,
Hard365	1	1012380	34482	7872	75,41,100,116,35,96,35,1,25,26,6,16,31,30,0,0,20,20,111,105,15,20,5,92,70,110,50,81,50,62,55,105,105,
Hard366	1	1007756	33664	7335	5,5,25,105,30,15,40,30,40,90,105,15,26,105,15,0,50,0,61,70,86,60,25,101,97,45,60,
Hard367	1	1013751	41313	4091	20,40,70,55,70,115,95,65,85,107,1,15,22,30,10,7,101,60,110,75,
Hard368	1	1004348	35717	2211	65,55,75,75,75,1,40,101,35,96,15,86,25,41,5,70,50,5,60,95,5,45,80,10,
Hard369	1	1007261	33017	22805	51,5,65,71,80,25,27,0,35,35,70,15,70,15,40,55,61,40,90,0,90,60,0,21,55,15,101,126,35,110,35,21,90,15,55,90,125,
Hard370	1	1009107	38989	19130	5,50,50,100,25,32,10,40,90,20,105,55,55,0,112,105,105,60,60,70,30,85,60,100,115,100,95,115,60,70,55,100,26,45,6,45,115,
Hard371	1	1024592	36561	14707	51,76,35,90,35,25,85,125,0,115,45,92,5,85,57,116,1,96,16,43,90,20,30,21,20,11,5,90,30,61,
Hard372	1	1016493	33118	5534	35,85,100,60,75,85,85,0,75,60,15,45,35,100,60,50,92,100,35,16,35,5,40,20,71,80,71,60,5,15,45,30,30,105,106,
Hard373	1	1015313	33765	2141	90,75,45,25,75,35,15,5,105,35,85,55,63,50,30,100,0,30,71,100,95,70,35,5,65,80,10,100,95,5,5,20,
Hard374	1	1008067	33887	7644	80,60,115,35,45,51,50,70,125,116,40,70,35,35,67,5,17,50,0,30,30,111,20,31,85,60,75,5,10,110,60,46,5,75,
Hard375	1	1016385	38773	11911	75,35,116,95,105,25,40,25,50,86,6,17,0,0,45,55,23,40,5,30,50,60,
Hard376	1	1004822	34165	884	115,105,16,31,61,70,105,90,105,41,16,1,50,80,115,25,51,5,5,100,120,115,
Hard377	1	1009840	38266	9691	90,90,85,66,36,51,50,30,90,117,5,70,17,105,0,20,50,71,110,30,15,70,111,61,5,82,65,96,
Hard378	1	1003032	35379	3178	36,65,70,86,15,55,71,95,61,105,96,20,45,5,110,110,110,61,76,50,80,106,6,25,90,10,
Hard379	1	1010157	35916	2133	65,120,25,100,65,25,75,55,80,120,45,96,46,15,85,5,115,70,70,35,71,0,80,41,90,101,90,90,45,125,125,5,75,6,110,50,10,20,20,
Hard380	1	1009646	36353	7490	80,115,66,40,50,115,36,115,25,70,41,1,95,71,105,70,5,95,35,80,111,56,6,75,100,20,
Hard381	1	1003004	32927	4565	105,15,16,40,61,0,91,105,55,0,0,70,25,65,30,31,20,30,60,5,5,50,100,96,5,70,
Hard382	1	1030240	38529	23023	30,95,0,50,60,85,110,86,65,55,35,35,101,10,110,35,0,50,70,61,81,71,95,115,107,115,45,61,5,5,95,
Hard383	1	1020373	35581	6646	90,100,65,55,15,35,75,100,125,25,117,40,5,82,70,80,90,0,47,110,110,20,5,85,30,110,10,
Hard384	1	1020762	34059	2325	50,90,76,61,45,5,100,110,75,96,5,17,0,90,115,105,0,50,25,33,60,20,5,100,110,50,95,
Hard385	1	1008289	33281	3520	65,105,125,0,95,55,26,115,45,15,15,1,70,80,62,5,110,105,45,71,5,90,80,25,120,5,105,
Hard386	1	1017566	37273	3143	1,10,90,21,100,110,55,61,83,70,110,71,66,50,105,95,110,70,50,35,36,55,115,105,116,105,
Hard387	1	1006803	38985	2270	105,105,66,80,1,25,30,50,90,80,105,75,25,25,5,46,5,80,60,60,60,85,115,10,60,1,20,102,95,25,
Hard388	1	1015103	34678	13900	15,15,0,115,50,50,60,70,115,45,15,61,105,55,105,23,101,50,66,10,40,111,75,30,66,30,55,55,105,106,
Hard389	1	1011454	33824	2308	40,42,35,0,50,60,72,18,76,57,75,5,5,22,20,1,50,50,70,50,71,13,33,65,57,77,66,
Hard390	1	1016018	35735	12005	100,100,45,45,55,35,70,70,91,86,85,117,65,5,95,5,15,15,65,95,15,1,75,30,26,75,50,41,32,52,21,71,101,
Hard391	1	1008562	35767	8573	30,60,95,70,45,5,120,70,95,55,80,5,81,80,0,50,71,0,40,93,125,100,55,110,125,45,6,65,
Hard392	1	1004321	34887	4061	52,71,105,85,65,115,46,1,50,16,25,35,26,11,5,55,40,42,50,0,15,90,60,15,20,71,30,90,30,15,
Hard393	1	1008841	34410	3540	75,85,115,95,106,115,1,27,5,15,100,90,100,35,100,25,112,36,35,115,40,105,5,10,40,50,60,
Hard394	1	1010180	39869	20517	50,86,96,40,50,51,45,90,80,61,107,45,6,15,20,90,30,61,5,40,100,86,
Hard395	1	1011205	34013	7768	16,90,0,60,60,55,30,55,70,0,82,45,50,25,96,15,15,80,5,60,5,72,0,50,111,66,10,95,65,20,
Hard396	1	1001239	34088	3107	55,25,125,30,5,62,0,81,35,40,90,70,135,116,36,135,6,15,121,40,20,
Hard397	1	1000576	33807	6205	35,5,42,0,15,80,90,55,62,70,50,95,106,105,85,10,30,71,70,36,52,26,65,95,30,65,100,95,
Hard398	1	1010825	33952	3868	25,115,75,55,15,30,30,131,40,120,68,80,70,110,100,25,137,25,51,1,71,60,125,45,70,6,90,126,
Hard399	1	1013566	33067	8322	30,41,16,95,96,20,30,100,65,15,7,112,40,71,36,50,35,35,90,1,10,60,80,45,115,106,25,90,10,90,10,
Hard400	1	1005047	46915	9358	85,75,76,35,115,10,40,81,95,96,115,35,35,85,0,0,85,115,0,71,25,25,50,61,101,95,45,25,25,76,45,51,50,40,71,22,90,20,105,40,
Hard401	1	1006414	34690	10426	75,20,91,65,40,82,60,105,71,30,106,55,5,15,90,80,6,50,100,75,
Hard402	1	1014853	33017	1793	100,95,66,0,30,100,115,0,28,110,105,105,35,45,16,45,6,92,110,55,110,70,80,105,55,
Hard403	1	1013469	32637	6142	65,100,85,10,100,55,45,20,45,70,35,115,5,91,120,10,90,20,110,77,115,95,30,41,51,65,
Hard404	1	1002247	36190	2102	70,95,105,25,36,85,15,5,112,40,60,70,5,95,5,35,61,45,115,10,80,20,
Hard405	1	1011858	34789	6826	45,55,6,45,121,35,115,25,115,25,16,120,60,90,70,71,60,80,102,95,100,85,66,125,115,11,21,30,
Hard406	1	1018340	33519	3204	125,15,106,95,105,55,30,2,26,45,70,115,80,16,52,5,115,100,90,45,120,80,70,115,25,70,
Hard407	1	1015947	48732	19161	90,0,115,51,65,15,116,80,92,85,111,57,5,116,82,75,80,105,0,96,16,75,106,0,0,25,30,85,40,30,31,20,80,
Hard408	1	1022315	33404	2546	90,115,75,90,35,65,45,26,105,50,5,17,80,0,55,20,21,30,50,5,5,11,40,70,110,100,60,97,
Hard409	1	1012839	36395	4158	15,20,55,106,86,20,40,0,16,35,85,15,0,0,45,27,40,100,95,5,82,100,52,105,87,0,45,70,22,50,30,95,40,95,
Hard410	1	1014230	37472	14025	15,90,15,90,55,115,25,105,35,106,65,70,40,5,72,0,81,45,60,100,15,30,46,100,20,
Hard411	1	1011502	62906	2395	25,85,35,25,35,16,96,107,95,41,16,56,6,63,0,50,50,0,10,70,10,80,70,35,80,81,25,75,15,
Hard412	1	1020386	32674	2331	0,81,96,35,35,95,0,80,45,25,51,75,60,15,50,85,16,20,5,30,31,0,50,41,92,61,76,85,85,60,45,
Hard413	1	1010431	35905	8735	80,95,80,0,75,45,45,15,15,30,31,10,80,115,50,116,30,61,10,60,111,110,40,40,70,72,46,117,65,66,111,55,85,55,6,5,85,
Hard414	1	1014049	33526	3809	95,1,25,100,30,65,100,115,50,70,80,45,115,26,6,52,1,20,20,111,105,35,20,5,60,90,70,80,106,
Hard415	1	1009592	33750	1873	96,85,55,85,115,2,50,60,11,26,45,51,105,71,105,45,25,60,5,60,5,110,80,90,5,105,
Hard416	1	1013873	41401	1653	60,0,45,80,80,101,95,35,100,80,25,25,75,50,66,80,6,17,0,55,0,85,22,50,40,20,80,30,
Hard417	1	1017429	32979	21242	35,35,55,15,115,106,20,105,0,42,5,65,27,0,45,100,101,110,51,30,50,70,96,116,105,115,106,40,7,45,100,10,
Hard418	1	1006674	35531	2149	110,45,0,70,85,100,65,100,95,95,15,86,35,71,5,40,110,100,55,5,95,5,75,80,10,
Hard419	1	1020000	32560	13802	30,15,50,105,95,25,70,96,30,80,5,41,40,50,0,36,35,90,60,105,5,45,91,20,105,10,
Hard420	1	1028469	38149	7341	90,20,60,85,15,15,125,46,5,55,105,115,70,71,70,0,50,40,40,80,81,45,15,65,30,
Hard421	1	1014587	33858	30260	41,105,5,25,15,55,125,110,125,61,61,125,70,26,15,30,0,1,20,20,120,115,120,120,50,100,50,46,80,115,16,80,45,50,50,20,115,
Hard422	1	1020222	34785	10067	95,115,26,15,30,60,105,85,46,5,55,73,0,50,41,81,110,80,45,96,25,65,
Hard423	1	1010889	42325	12271	120,70,91,116,65,115,70,45,86,45,45,75,5,63,70,0,40,40,81,95,80,45,6,15,20,30,51,110,126,
Hard424	1	1001857	33694	3031	40,85,90,70,65,30,116,50,70,66,85,85,45,6,15,26,91,51,25,0,40,60,75,41,
Hard425	1	1011850	32301	5523	20,20,11,1,81,71,96,41,35,36,10,45,5,27,0,10,42,90,85,90,30,61,76,86,75,
Hard426	1	1003153	38382	1724	50,80,125,65,95,105,40,2,25,45,31,71,50,80,115,65,45,30,115,45,20,70,5,6,40,110,85,
Hard427	1	1003747	33937	1616	60,75,35,105,0,95,60,110,55,55,26,110,45,85,96,61,5,100,100,45,110,35,6,65,65,90,80,20,20,
Hard428	1	1010147	39222	1022	95,31,105,25,40,55,15,61,15,95,60,45,95,35,35,35,41,65,6,65,50,52,0,61,0,71,82,15,75,7,45,90,20,
Hard429	1	1002198	38825	4896	95,0,100,30,0,15,21,55,81,96,15,15,70,5,5,72,1,10,10,91,85,25,10,100,86,40,
Hard430	1	1014206	48646	7243	80,71,95,80,66,35,25,16,95,15,20,35,45,50,5,52,0,40,30,30,61,75,115,85,60,35,
Hard431	1	1014014	33924	1276	36,100,75,116,10,45,127,51,65,80,5,81,60,90,100,100,115,100,20,5,5,95,55,55,120,41,
Hard432	1	1014122	34018	3782	5,15,105,85,20,20,31,90,105,105,50,40,16,0,75,86,75,0,51,15,101,95,60,35,95,50,5,95,
Hard433	1	1011110	40183	1528	61,60,25,101,80,40,1,80,90,56,35,25,81,106,6,105,71,91,90,75,1,75,85,102,20,85,30,85,
Hard434	1	1019678	54152	9475	40,115,40,101,95,115,36,65,56,20,70,6,82,80,71,70,50,50,30,1,30,61,90,92,35,65,105,
Hard435	1	1006947	34500	2681	20,57,2,50,72,60,51,28,55,77,56,5,5,31,30,30,0,72,0,52,41,41,23,57,77,6,67,
Hard436	1	1012434	38891	1676	50,80,95,40,125,0,71,105,1,45,25,30,50,65,80,65,30,45,70,116,45,30,5,20,6,40,110,85,
Hard437	1	1010511	32378	3764	35,80,65,95,70,45,26,51,5,17,0,55,20,20,40,20,30,50,6,10,100,90,60,86,
Hard438	1	1006243	35807	9875	105,40,0,55,70,70,0,15,65,110,0,20,110,45,65,21,46,10,80,91,6,100,90,85,70,60,117,
Hard439	1	1019619	36095	5448	85,70,45,55,36,10,100,35,35,40,50,76,97,20,0,51,30,105,15,50,5,90,70,60,80,106,
Hard440	1	1020600	32918	10141	120,20,116,46,71,70,35,50,40,125,115,80,100,125,10,5,51,50,0,60,15,125,111,30,20,16,5,55,110,70,
Hard441	1	1014181	31970	1568	75,6,130,100,27,75,80,15,126,55,35,46,60,90,15,131,100,25,81,70,110,125,
Hard442	1	1015864	34131	7738	5,110,85,110,75,56,105,18,25,30,32,0,110,90,106,40,62,20,102,95,51,81,72,60,95,5,55,117,95,
Hard443	1	1007312	32727	5378	46,50,71,115,65,81,70,91,55,40,106,55,20,30,5,15,20,5,80,30,80,5,50,100,96,
Hard444	1	1004485	34715	1044	115,101,95,85,75,0,36,65,0,26,56,56,30,20,30,20,6,111,70,80,90,105,80,90,65,
Hard445	1	1016591	37108	2984	95,15,45,50,85,25,15,70,45,95,105,86,25,106,31,60,5,71,95,15,6,110,70,35,65,35,80,100,21,
Hard446	1	1005564	35909	1330	70,95,55,0,70,85,36,101,25,35,66,46,86,70,70,5,91,100,55,6,76,80,40,40,
Hard447	1	1003511	36453	2832	61,35,70,70,25,55,85,55,96,15,5,40,40,40,0,91,51,50,65,96,75,5,45,10,6,80,20,
Hard448	1	1008727	34377	5243	85,70,90,60,20,36,15,1,105,105,52,60,101,96,86,70,50,95,7,55,80,10,
Hard449	1	1008600	36765	3593	10,30,80,65,70,135,126,21,20,121,40,76,50,90,75,125,60,101,11,40,126,50,7,121,130,85,
Hard450	1	1007882	33757	1828	115,60,80,116,55,46,60,15,60,60,50,1,105,50,70,105,110,35,50,66,40,96,110,95,105,50,6,5,55,90,10,
Hard451	1	1017054	46324	14381	115,45,45,105,60,90,5,115,72,0,85,85,105,125,40,85,55,125,1,25,77,32,20,60,41,
Hard452	1	1004027	31902	2104	65,5,120,90,5,27,35,65,50,70,80,90,116,16,45,35,120,120,25,71,60,100,115,
Hard453	1	1006137	36937	14349	60,50,80,0,110,91,90,105,35,75,45,90,26,115,60,6,17,0,65,20,21,30,40,60,
Hard454	1	1026238	32425	5947	5,100,15,21,70,80,30,71,101,95,15,20,50,15,95,0,95,40,41,65,15,90,90,50,86,90,50,35,105,105,76,75,40,5,105,85,35,
Hard455	1	1008264	35121	1479	51,30,90,105,60,25,15,46,86,5,31,75,30,0,80,80,41,95,40,86,5,35,70,55,95,10,20,
Hard456	1	1015935	33163	1805	0,96,111,80,105,45,35,110,80,0,75,65,65,27,5,90,81,25,61,116,115,31,50,40,
Hard457	1	1011789	61144	6826	90,55,40,110,60,36,61,80,5,50,51,75,66,75,105,96,117,50,0,1,15,55,23,10,50,40,
Hard458	1	1008718	33082	2797	90,5,80,45,45,5,70,15,21,30,91,65,30,70,45,85,86,15,50,15,0,15,0,51,81,75,35,80,40,61,50,75,97,75,
Hard459	1	1008499	32646	3173	6,15,50,25,31,41,110,50,75,80,105,75,106,85,65,65,27,15,60,70,16,1,60,82,70,100,91,115,45,115,80,5,115,
Hard460	1	1004576	31832	2176	50,91,71,106,85,117,85,5,5,50,15,26,31,41,71,5,65,15,51,80,80,100,110,96,
Hard461	1	1013466	32845	1026	115,95,30,60,86,125,1,50,70,60,70,115,106,26,46,50,50,60,60,5,5,120,81,91,115,105,
Hard462	1	1013983	35351	1769	50,0,16,86,0,50,91,76,45,25,65,36,66,51,5,80,80,90,15,5,75,5,55,60,20,
Hard463	1	1021838	32415	3117	90,90,60,105,115,70,106,46,55,5,70,17,0,25,32,20,5,61,56,70,6,40,40,100,110,96,
Hard464	1	1017585	36333	31382	65,77,55,90,100,90,35,40,75,101,65,36,97,27,91,90,30,30,5,60,105,70,106,45,15,80,30,30,
Hard465	1	1007537	33460	3362	15,115,45,115,70,55,80,115,65,70,105,97,70,30,70,0,20,0,62,76,50,110,110,106,60,7,65,90,10,
Hard466	1	1019953	39518	18426	105,76,120,90,55,45,60,91,125,115,5,27,1,85,65,35,125,42,36,60,5,90,50,
Hard467	1	1007412	32349	1675	36,55,15,61,95,60,50,30,96,45,50,51,65,75,65,40,85,75,90,75,20,5,85,5,90,85,5,25,70,10,
Hard468	1	1015723	37666	1598	115,115,25,15,31,0,60,125,95,86,115,0,15,50,70,125,25,51,5,5,110,80,90,125,
Hard469	1	1019762	38524	2137	15,65,80,95,55,25,15,45,35,36,40,70,95,95,40,60,6,72,1,60,82,65,6,15,5,45,90,20,
Hard470	1	1017695	33577	7715	35,25,15,110,50,50,0,60,75,80,76,65,5,56,55,10,0,62,100,100,5,95,95,70,25,35,40,5,35,95,
Hard471	1	1007695	40768	1952	85,75,55,1,35,60,40,60,105,91,85,36,5,5,15,25,15,42,20,15,0,0,30,80,95,31,
Hard472	1	1005364	31914	6842	1,10,10,20,110,20,100,125,125,30,51,85,45,30,50,121,105,25,50,120,5,62,71,90,125,117,40,80,25,105,90,105,60,
Hard473	1	1022712	37519	10297	35,125,105,25,40,75,40,80,5,82,110,90,0,55,70,48,55,76,6,16,121,31,20,61,
Hard474	1	1013382	33178	3282	55,115,55,95,0,35,25,15,0,71,40,0,65,80,105,25,50,50,82,55,70,55,36,7,51,85,60,105,90,110,105,
Hard475	1	1008663	35841	4358	30,110,85,45,110,62,90,116,55,85,37,5,100,110,100,100,71,55,111,26,71,5,15,90,60,
Hard476	1	1015386	37110	41269	76,90,35,25,86,35,45,25,45,55,110,125,55,5,61,5,15,16,0,66,52,30,40,22,61,30,5,40,
Hard477	1	1043095	34807	21864	56,0,105,60,95,35,115,45,0,61,70,27,30,60,6,52,105,0,70,35,36,5,20,105,40,
Hard478	1	1013110	34832	3794	90,20,105,70,85,20,45,85,90,106,50,65,30,85,1,51,100,100,95,25,50,5,80,5,60,70,96,
Hard479	1	1010278	40736	2030	45,50,85,71,15,66,35,45,5,50,15,25,95,51,0,30,62,75,35,5,6,55,55,90,20,11,
Hard480	1	1018200	32744	2853	65,45,0,50,35,35,90,66,0,50,15,90,46,16,86,5,32,0,20,11,100,40,41,70,55,61,60,16,5,96,110,95,55,
Hard481	1	1004764	38177	8550	35,35,25,125,41,75,5,35,83,56,0,110,45,70,90,47,20,76,6,15,15,121,61,
Hard482	1	1011656	34363	1201	55,25,115,15,105,36,121,40,61,80,90,115,5,35,81,65,125,100,10,20,
Hard483	1	1013049	38770	4565	80,126,110,80,125,105,95,65,75,45,35,26,50,5,16,15,0,55,20,20,20,40,30,50,
Hard484	1	1011890	32706	7521	91,0,25,30,101,75,60,15,82,40,55,26,100,96,95,17,90,5,90,90,21,50,106,35,21,70,5,105,
Hard485	1	1010934	41393	8179	10,125,110,40,85,0,125,71,0,66,25,90,25,30,100,25,5,120,110,111,25,50,105,61,76,
Hard486	1	1012350	39140	4987	61,75,55,36,15,105,60,20,20,90,106,87,0,42,101,95,26,10,40,5,82,100,31,52,71,66,96,35,
Hard487	1	1007365	37963	3890	40,110,80,40,90,1,15,20,81,115,55,100,100,116,70,92,75,112,105,30,86,105,25,10,105,
Hard488	1	1020022	32746	3275	5,80,90,20,35,35,15,100,110,56,46,16,1,15,41,70,70,70,51,115,80,105,105,70,115,90,5,115,
Hard489	1	1025598	32624	10451	105,15,97,21,5,70,30,45,53,60,0,40,27,5,55,110,92,80,10,5,30,106,
Hard490	1	1010955	32193	3282	95,80,80,70,95,35,55,10,27,80,40,25,10,75,30,92,76,5,5,32,0,0,71,51,50,70,20,87,21,75,76,
Hard491	1	1009820	42418	3512	95,85,40,76,65,35,25,0,103,5,65,115,95,47,0,116,0,105,20,30,15,22,50,100,10,
Hard492	1	1003097	52973	3321	40,60,85,20,95,30,55,110,85,76,96,55,107,1,15,22,10,5,5,100,70,80,115,40,
Hard493	1	1014110	39820	13194	95,5,15,70,96,45,80,37,16,40,0,67,90,0,41,30,85,76,51,90,85,85,26,40,
Hard494	1	1005373	33628	4177	11,65,80,41,20,80,50,36,65,76,50,65,5,5,22,1,71,61,32,30,66,75,75,45,86,
Hard495	1	1005877	32588	4177	30,15,75,20,0,80,51,61,75,16,100,60,85,100,36,51,5,90,100,85,40,5,75,
Hard496	1	1012083	35481	14487	70,55,36,26,46,61,5,90,15,70,107,95,85,16,15,0,80,66,40,22,51,40,40,31,61,
Hard497	1	1008310	40379	1821	25,40,65,0,71,100,0,81,80,76,90,56,75,35,25,80,5,60,5,100,60,92,65,0,0,87,20,30,
Hard498	1	1011388	33576	9377	110,80,65,55,95,110,95,75,45,15,30,21,45,55,20,100,55,60,85,95,0,20,61,50,50,10,41,71,106,105,70,116,45,60,
Hard499	1	1001592	33214	3566	60,20,20,40,70,85,85,100,85,55,5,65,5,16,15,31,1,60,20,51,20,81,50,105,5,110,90,120,75,61,5,5,105,
Hard500	1	1009614	48597	9249	5,90,51,65,45,101,65,50,70,0,116,71,105,97,1,55,15,20,30,22,50,5,70,10,
Hard501	1	1015136	33688	2525	115,55,25,81,0,95,55,15,33,100,10,80,67,5,110,70,50,91,20,5,80,91,55,75,61,105,105,105,
Hard502	1	1018718	33237	4243	65,50,0,35,25,0,100,100,115,25,95,35,0,80,60,81,75,105,55,35,55,60,60,5,90,110,105,
Hard503	1	1005483	33076	1244	105,95,45,60,15,115,86,125,1,50,15,60,71,105,35,115,35,51,61,6,120,81,91,115,105,
Hard504	1	1010568	45127	17678	5,15,21,106,20,40,5,110,95,111,61,70,97,105,75,66,117,17,0,0,0,110,111,61,72,80,70,66,117,6,55,
Hard505	1	1017076	32700	10784	30,27,0,90,15,15,61,40,75,15,40,5,60,81,15,96,38,1,95,51,41,51,92,60,5,86,10,71,85,
Hard506	1	1008014	35042	8119	0,60,80,20,100,116,95,45,45,115,50,95,75,95,0,51,110,110,60,105,25,50,5,90,70,80,106,
Hard507	1	1028861	33002	3836	30,45,15,50,70,105,60,80,115,25,105,105,30,120,5,62,70,40,0,37,5,101,65,100,90,20,10,116,
Hard508	1	1007895	32068	2925	75,40,65,115,65,105,25,25,30,55,5,17,0,35,22,30,5,40,10,110,95,106,
Hard509	1	1009267	34555	1936	96,75,55,105,35,66,26,40,6,16,15,0,45,22,30,40,5,11,60,105,70,90,105,
Hard510	1	1015891	32944	5256	55,1,90,75,35,105,85,0,25,50,35,40,90,25,61,60,95,46,50,35,50,5,80,75,100,95,75,
Hard511	1	1010598	39029	15231	65,100,35,70,25,40,70,92,76,61,87,65,105,106,6,17,0,45,22,30,40,90,
Hard512	1	1011611	36806	2325	30,75,20,50,80,80,10,65,10,20,50,46,65,65,75,5,75,5,30,30,30,0,71,40,85,0,61,40,41,76,85,55,66,
Hard513	1	1011853	34141	8324	60,81,35,45,90,71,107,55,5,55,71,5,17,1,76,26,41,60,32,41,20,30,20,71,5,60,81,
Hard514	1	1010119	38326	3284	75,85,50,85,25,75,106,35,35,5,45,95,15,63,40,0,31,70,100,55,85,71,35,
Hard515	1	1027622	32945	3561	91,70,115,107,56,6,15,66,26,16,25,1,70,35,65,40,40,50,70,110,40,30,7,50,100,96,
Hard516	1	1012677	32575	3255	80,71,107,40,80,96,55,5,55,65,15,17,0,60,25,25,40,41,20,50,70,31,70,30,20,7,100,50,90,86,
Hard517	1	1009022	33897	1082	110,25,45,60,50,95,86,100,50,70,51,105,81,20,40,105,116,115,105,5,15,80,30,6,95,100,110,95,
Hard518	1	1010833	32739	3040	30,105,75,30,40,50,66,65,97,0,71,30,10,110,105,25,40,70,70,5,105,5,80,80,60,110,56,
Hard519	1	1007951	32402	12194	0,16,21,31,40,100,100,20,80,115,65,30,55,95,10,96,56,20,40,0,70,30,62,60,110,110,50,5,10,105,5,106,
Hard520	1	1007598	33790	5822	100,5,80,80,80,90,25,30,100,30,65,26,40,5,15,96,17,91,70,30,0,22,40,60,95,106,85,70,20,
Hard521	1	1006490	34485	2460	40,95,20,86,60,60,70,35,15,85,20,5,42,0,51,70,71,55,65,96,7,25,80,10,
Hard522	1	1015547	39802	9080	75,50,80,110,45,35,0,121,111,105,85,70,120,95,26,85,85,60,116,5,5,17,0,65,22,60,30,40,
Hard523	1	1013410	33328	5319	20,35,90,41,75,11,0,10,70,80,96,95,51,50,90,91,76,16,45,62,75,45,50,6,87,
Hard524	1	1003764	33538	4791	55,95,61,70,60,70,50,80,45,16,25,96,30,50,82,55,75,15,5,6,35,90,20,
Hard525	1	1009876	35492	2201	60,91,40,35,25,55,75,60,86,5,15,41,40,0,81,52,86,96,5,45,10,70,20,
Hard526	1	1015834	34985	14075	65,20,35,15,110,40,56,55,45,15,55,106,32,40,60,40,0,70,96,105,0,61,50,115,25,60,6,80,116,
Hard527	1	1023906	32617	5399	80,80,75,55,6,15,21,30,95,80,55,30,100,117,60,16,1,40,40,15,60,60,112,105,50,85,35,91,35,51,50,71,60,85,106,
Hard528	1	1008488	32479	13169	72,90,90,107,85,56,66,6,27,17,1,40,35,42,65,30,70,7,51,100,96,
Hard529	1	1004356	34639	10887	115,125,10,115,30,0,20,0,60,0,35,60,55,110,120,55,90,102,95,50,125,50,115,30,126,5,66,
Hard530	1	1015558	32921	27233	100,51,65,16,70,95,85,70,30,45,50,65,106,32,10,70,101,57,105,40,20,21,10,80,70,106,5,115,
Hard531	1	1006578	38504	2468	75,80,55,25,45,16,95,96,37,41,70,5,60,61,0,70,81,80,15,75,7,45,90,20,
Hard532	1	1012666	37733	1318	75,10,100,100,36,75,80,100,55,27,45,96,45,6,62,41,20,70,30,71,25,50,106,105,
Hard533	1	1001672	38040	1389	97,0,0,60,60,80,55,15,35,25,40,70,60,5,70,5,91,80,81,96,1,67,20,30,
Hard534	1	1002419	34421	3681	55,0,120,106,55,75,82,70,50,101,100,55,75,75,116,10,20,125,30,40,60,60,
Hard535	1	1012404	33467	3053	45,85,90,45,1,15,70,35,25,15,100,16,20,5,42,0,50,62,86,35,55,5,35,
Hard536	1	1032626	34030	4488	90,20,105,91,45,65,50,65,70,106,36,52,31,95,100,60,60,95,25,85,85,25,31,100,55,40,100,95,6,85,
Hard537	1	1010365	34089	3859	21,60,100,95,95,45,50,35,85,75,75,115,95,1,51,60,40,105,25,50,6,90,105,70,80,110,70,80,105,
Hard538	1	1021973	40946	2320	60,85,46,16,25,105,85,95,35,35,55,5,73,0,50,31,82,36,55,6,65,76,100,20,11,
Hard539	1	1003903	33895	6854	45,0,25,80,100,30,30,100,100,75,80,45,97,62,91,86,106,36,20,90,60,40,70,105,70,6,85,
Hard540	1	1006195	37058	1955	15,95,95,105,25,95,55,45,60,30,6,45,71,71,40,62,40,0,50,0,50,81,16,80,55,5,6,35,90,20,
Hard541	1	1023391	32497	8367	36,25,40,120,15,15,105,55,62,40,120,0,70,25,51,80,90,25,115,80,101,116,16,36,51,
Hard542	1	1003134	33270	4017	105,65,85,15,96,105,20,0,35,40,110,111,76,35,35,5,100,90,35,70,40,115,50,116,
Hard543	1	1005595	32096	48566	75,55,60,45,60,120,95,45,5,17,0,40,61,20,41,5,90,80,35,125,101,51,111,125,
Hard544	1	1005888	60832	2745	115,95,95,0,21,50,10,30,30,50,100,45,60,121,45,70,80,80,81,65,75,41,55,126,55,5,125,
Hard545	1	1011880	33017	1597	45,10,115,25,80,45,96,25,107,30,30,5,55,62,50,70,82,75,115,95,6,36,100,21,
Hard546	1	1019196	35325	4725	100,121,100,76,26,55,45,100,86,36,55,60,115,5,92,120,110,67,115,5,95,50,40,31,50,20,20,
Hard547	1	1017336	34110	29778	21,71,100,55,60,46,96,80,45,50,75,95,0,50,60,50,40,106,25,50,5,90,5,70,80,35,105,
Hard548	1	1008422	35867	2290	110,45,60,60,70,60,40,90,117,17,0,20,0,50,80,106,35,15,51,6,110,120,105,
Hard549	1	1013676	43115	1693	125,30,110,100,0,51,61,80,75,75,125,80,80,66,56,116,115,0,15,20,40,107,0,35,20,20,20,80,30,10,
Hard550	1	1009430	36609	1914	45,101,60,80,61,70,35,105,95,15,96,35,106,40,20,5,40,41,0,51,70,71,56,102,5,65,65,5,5,25,90,10,
Hard551	1	1008952	34470	2609	11,80,80,91,75,105,20,1,105,42,101,86,95,15,40,5,72,100,50,95,61,95,85,
Hard552	1	1009394	37284	3284	25,101,25,30,40,110,126,15,86,56,65,70,95,5,70,71,60,50,0,50,82,25,55,120,115,5,120,106,
Hard553	1	1015021	34865	3691	25,15,116,106,35,115,65,55,40,90,5,91,50,60,100,101,85,65,70,27,76,16,5,5,45,110,30,
Hard554	1	1012278	33958	3270	40,0,75,55,85,15,85,0,66,41,15,90,35,90,25,75,65,40,5,80,80,90,75,15,6,45,60,20,
Hard555	1	1004728	36305	2805	96,70,17,45,106,45,26,105,30,86,85,50,60,30,70,95,5,6,110,71,65,35,35,100,80,21,
Hard556	1	1018432	34636	6190	95,5,65,51,50,105,46,36,1,0,55,25,18,50,20,6,31,40,30,0,60,90,60,72,105,65,105,
Hard557	1	1013298	37250	3978	116,25,40,0,75,0,80,65,80,100,55,91,90,35,60,70,25,80,6,70,102,75,1,87,6,20,30,
Hard558	1	1024336	33464	5735	65,116,120,45,35,105,50,95,115,5,17,0,55,0,25,30,31,50,30,20,6,110,90,100,125,40,
Hard559	1	1017723	34074	5289	95,100,115,35,50,50,85,5,16,15,0,95,55,0,25,32,30,20,5,90,80,110,40,105,50,
Hard560	1	1019222	33538	9221	30,20,1,115,15,100,20,100,90,90,115,115,15,65,15,40,50,6,52,0,70,0,10,70,10,60,110,81,105,110,95,25,105,10,105,96,
Hard561	1	1011306	32164	10009	0,51,30,120,72,10,125,10,80,21,45,56,110,0,100,125,45,30,125,62,121,80,116,26,100,70,60,115,
Hard562	1	1006303	33781	4154	95,110,0,15,30,0,40,25,40,65,16,105,40,5,105,36,35,0,45,12,20,40,5,30,60,70,96,
Hard563	1	1017991	33116	1306	10,35,25,70,115,115,105,1,70,80,60,80,95,36,56,61,71,5,5,100,110,95,
Hard564	1	1008155	35235	1647	90,30,50,62,50,46,105,25,85,15,60,85,5,75,31,30,0,80,80,40,96,41,86,5,35,70,10,55,20,
Hard565	1	1005206	32688	3450	50,126,70,45,105,45,106,75,0,45,25,120,90,105,65,121,25,90,85,26,125,115,10,31,90,50,90,
Hard566	1	1006878	32437	2336	90,105,0,20,80,110,55,35,0,72,80,50,115,90,15,116,106,70,6,5,75,100,10,
Hard567	1	1007576	32946	2818	85,45,51,60,60,95,50,70,85,35,15,85,20,41,72,45,65,6,96,5,25,80,10,
Hard568	1	1013959	35743	4845	96,55,80,60,27,10,105,55,36,105,105,41,5,70,81,95,110,80,75,5,5,46,100,31,
Hard569	1	1014965	33699	5720	50,60,76,45,5,90,75,55,5,15,16,0,0,41,50,21,70,40,5,100,70,95,80,110,65,95,50,50,
Hard570	1	1010211	31913	750	35,95,0,26,42,60,50,61,80,70,105,50,70,105,25,5,15,30,81,60,30,6,20,100,75,
Hard571	1	1006363	33108	7910	55,126,125,95,85,37,40,80,90,0,90,111,75,25,105,91,55,5,85,31,110,65,5,5,95,100,20,
Hard572	1	1007420	39848	1888	75,50,25,1,41,60,50,35,75,15,35,15,87,41,6,20,50,21,0,50,0,46,45,80,5,5,26,80,10,10,75,
Hard573	1	1018542	37050	10370	61,40,35,20,90,35,5,75,15,81,35,90,61,47,50,30,100,70,72,35,55,41,97,
Hard574	1	1014626	34689	8923	30,70,116,115,0,70,80,65,70,10,55,55,20,97,10,20,100,55,60,0,110,45,30,110,61,50,80,106,25,25,70,105,60,
Hard575	1	1002823	31776	17575	0,55,25,125,16,35,40,0,15,72,125,15,66,20,5,80,90,5,90,100,100,91,0,25,110,10,30,60,110,26,5,125,
Hard576	1	1002719	32750	5208	61,95,35,40,75,25,55,25,40,105,5,17,85,60,0,45,21,20,40,5,10,100,75,75,5,30,86,
Hard577	1	1017082	34593	17661	41,105,30,65,95,110,25,65,65,70,36,50,26,70,115,90,116,6,16,90,100,15,25,90,40,0,31,60,31,80,6,20,107,
Hard578	1	1006361	42386	1878	0,80,90,100,35,40,125,75,115,0,60,135,100,75,25,125,40,125,40,30,80,26,50,7,20,120,105,
Hard579	1	1015761	35012	2019	50,101,95,80,66,25,15,36,5,75,42,0,30,60,85,61,35,5,45,85,70,10,55,6,20,
Hard580	1	1012246	37651	1900	55,60,80,45,115,25,15,36,5,120,95,120,120,60,70,45,5,105,80,105,5,70,35,70,65,125,90,10,20,
Hard581	1	1015150	40657	6657	65,45,70,35,90,102,0,25,85,65,25,91,50,77,96,6,17,0,55,22,30,50,40,
Hard582	1	1014751	34374	4479	35,100,50,40,5,16,85,15,0,115,95,0,45,25,30,30,30,30,20,40,50,5,6,90,110,80,105,
Hard583	1	1002597	43619	13647	5,40,112,55,60,80,70,90,91,85,90,25,105,35,25,40,5,75,66,16,15,0,45,22,40,30,
Hard584	1	1014743	36794	1062	65,35,40,0,111,81,75,25,110,106,97,65,0,15,105,16,5,90,91,81,15,100,100,100,115,20,116,20,50,30,
Hard585	1	1010606	34295	3111	55,80,15,90,115,100,55,35,75,16,25,116,40,6,82,90,0,10,65,10,72,25,16,25,6,45,110,30,
Hard586	1	1012236	33360	2194	30,0,65,110,125,65,110,70,15,100,91,110,81,47,86,75,60,120,90,117,6,20,50,
Hard587	1	1006417	32604	2915	45,55,15,5,5,110,70,55,100,60,70,45,95,95,35,15,25,111,61,50,80,95,
Hard588	1	1013213	41768	4507	70,115,105,60,95,45,35,86,125,0,55,0,115,61,70,60,5,5,120,80,90,115,45,
Hard589	1	1016842	33487	1834	95,85,60,116,86,105,0,36,0,25,60,50,71,95,46,60,25,50,50,60,6,100,35,110,95,
Hard590	1	1014687	33903	2682	116,50,80,75,115,45,45,50,15,51,41,70,111,107,97,35,41,5,6,45,90,10,
Hard591	1	1009616	40646	18428	60,51,15,125,45,90,80,80,76,35,5,60,115,60,60,0,30,72,35,35,86,40,55,40,5,55,25,25,
Hard592	1	1023941	32945	6479	15,80,20,15,107,40,90,30,110,40,75,5,50,15,60,6,47,0,0,10,101,70,116,35,100,10,10,
Hard593	1	1011770	34664	4853	115,60,80,116,15,75,95,75,46,60,55,60,60,40,40,105,70,105,95,35,95,111,41,105,7,45,90,10,
Hard594	1	1026201	32671	8897	50,20,107,80,45,0,35,76,20,90,51,15,75,0,36,40,41,30,61,30,95,86,100,60,100,40,96,16,5,56,
Hard595	1	1014780	32241	11120	105,95,20,40,15,35,50,96,20,80,70,5,110,51,50,60,30,106,0,27,5,55,40,92,40,5,10,
Hard596	1	1006711	37205	3861	15,25,65,105,35,105,105,40,75,55,5,82,50,90,80,0,61,91,16,90,66,15,71,25,25,36,
Hard597	1	1014668	32821	13468	0,15,85,91,20,0,40,40,35,35,35,46,50,5,25,80,10,61,45,70,5,30,50,50,30,96,30,40,70,105,95,
Hard598	1	1011311	38163	4570	60,80,115,55,16,60,95,15,95,20,105,31,0,105,45,0,61,50,110,52,66,70,110,95,
Hard599	1	1009758	32294	1295	65,55,5,5,110,81,55,65,15,71,106,45,25,35,5,15,35,111,70,60,90,105,
Hard600	1	1009761	33149	5952	70,80,35,65,40,95,25,40,5,55,15,16,0,100,45,22,40,5,10,30,90,60,86,
Hard601	1	1022111	35680	1668	30,51,60,90,105,46,25,85,85,75,5,15,31,30,0,80,61,80,40,95,95,41,60,86,5,35,10,70,20,55,
Hard602	1	1044891	56329	2882	55,65,106,20,30,55,120,40,70,95,85,95,105,115,85,65,116,0,0,15,20,20,20,10,6,110,40,80,90,125,
Hard603	1	1017694	33570	1020	106,96,35,70,35,16,116,115,20,45,87,20,5,52,40,60,70,105,70,70,95,6,25,80,65,25,110,11,
Hard604	1	1012004	32987	964	105,55,115,70,96,135,1,70,60,81,125,115,46,10,71,60,25,60,6,130,91,101,115,125,
Hard605	1	1007775	35519	4579	60,10,70,85,90,30,70,85,115,115,105,45,85,55,45,61,25,60,105,41,110,76,110,36,105,95,41,6,25,5,45,90,45,100,30,30,
Hard606	1	1015548	36218	5971	15,90,70,85,45,30,90,70,106,0,70,105,0,62,101,95,76,25,17,60,20,100,40,81,96,
Hard607	1	1009766	32911	2834	115,71,30,40,51,81,116,65,106,95,96,6,30,40,71,5,16,26,90,41,90,100,85,
Hard608	1	1013495	32036	2412	65,75,35,45,25,15,50,80,0,100,92,111,85,25,65,100,70,110,85,86,107,95,20,95,40,6,55,10,20,30,
Hard609	1	1012450	32914	1920	15,105,95,15,41,20,0,70,120,50,0,70,81,95,16,35,106,35,71,51,6,110,120,95,
Hard610	1	1013718	35302	4998	36,1,45,92,60,25,52,75,95,17,20,5,31,50,30,0,41,60,60,60,96,75,45,6,87,75,
Hard611	1	1019209	34950	22638	15,115,40,85,76,56,0,25,65,35,17,20,5,51,71,50,0,0,81,101,116,81,27,7,10,30,
Hard612	1	1009792	33212	2448	25,0,15,95,55,40,30,115,116,62,111,110,50,50,72,70,56,117,67,5,5,110,110,26,46,
Hard613	1	1005266	65312	5787	85,75,35,75,45,35,45,1,25,15,16,20,6,32,42,71,90,1,81,65,91,90,85,55,
Hard614	1	1011034	33342	1718	35,70,126,115,105,0,0,70,60,25,81,95,55,10,35,61,55,71,6,35,110,120,95,
Hard615	1	1012859	32032	29497	31,80,5,100,15,80,75,55,5,95,25,55,116,80,26,16,1,40,115,40,15,62,31,80,25,112,105,53,90,71,60,90,106,
Hard616	1	1011484	36514	10681	90,20,30,115,75,80,60,115,100,46,5,15,115,20,95,6,42,0,0,90,111,105,110,95,
Hard617	1	1011749	32057	1388	36,0,61,110,55,25,95,60,5,85,45,30,111,106,5,45,5,65,90,20,
Hard618	1	1006188	32836	1051	85,75,75,85,65,50,95,35,35,16,96,65,20,40,51,65,20,75,5,5,50,85,45,5,26,90,60,10,10,
Hard619	1	1009044	34678	6980	30,40,50,90,115,75,5,65,18,30,0,60,25,72,66,70,80,111,105,5,50,
Hard620	1	1006518	35361	2445	110,125,90,15,56,36,26,126,16,40,40,80,6,71,70,62,1,80,90,25,91,86,6,5,45,45,120,31,
Hard621	1	1004789	41631	6923	10,70,45,110,85,55,35,37,50,105,20,40,105,76,105,1,50,50,30,115,60,15,115,50,5,100,70,5,80,115,
Hard622	1	1007999	34523	30162	100,15,115,30,80,46,55,55,115,70,1,71,25,96,15,45,111,80,105,106,15,70,5,15,20,
Hard623	1	1009375	34005	1168	97,0,100,100,61,81,45,25,45,50,15,15,70,100,15,20,70,51,41,87,67,46,56,107,5,92,6,102,52,105,106,1,25,10,25,31,11,30,71,21,
Hard624	1	1010458	32477	1883	60,60,55,111,125,85,105,0,25,90,110,76,55,36,26,5,5,40,41,0,30,0,20,30,20,70,52,65,115,115,95,20,5,100,80,120,71,115,65,36,
Hard625	1	1016044	32901	1623	120,95,85,15,110,55,107,30,110,15,40,5,120,75,15,5,5,35,100,95,15,115,120,115,51,60,115,36,1,25,101,80,35,50,112,11,90,70,126,125,45,11,
Expert001	1	1095701	34475	7657	55,100,120,130,5,55,115,75,85,75,75,17,30,0,120,51,50,105,40,15,72,55,80,80,92,86,35,45,125,65,25,135,135,126,45,36,51,75,5,10,11,70,10,0,56,120,100,31,40,90,55,5,15,80,110,121,40,110,135,6,20,
Expert002	1	1102604	35848	22968	0,16,125,105,20,0,50,70,116,35,35,50,105,105,50,5,45,27,25,0,55,100,100,40,55,120,32,10,111,50,45,76,46,56,60,45,5,15,21,80,80,16,35,5,35,55,41,115,105,60,61,21,41,125,0,10,0,50,10,50,73,115,91,115,15,55,126,
Expert003	1	1104313	35383	10653	110,80,26,5,55,15,16,40,100,0,90,31,55,56,60,20,86,86,25,15,65,53,115,61,21,70,115,70,70,66,35,45,96,35,107,95,20,20,55,10,45,5,12,50,0,25,70,91,27,101,55,5,16,100,90,30,60,80,30,5,115,
Expert004	1	1103590	34770	4029	25,5,17,0,95,80,100,30,20,80,30,40,40,51,95,60,50,115,46,36,107,85,20,86,20,5,11,50,10,0,25,25,25,100,5,16,100,100,30,40,80,71,115,81,95,30,
Expert005	1	1056605	33917	4476	80,25,5,70,25,100,45,16,91,30,46,20,45,80,75,50,77,25,55,41,16,0,30,105,41,51,60,21,61,55,105,55,36,87,97,21,5,45,12,10,40,60,0,27,90,5,80,25,45,90,16,90,30,80,50,70,105,80,30,
Expert006	1	1045394	36495	11782	55,5,15,55,95,40,60,16,120,15,0,60,101,90,110,51,111,106,76,26,66,45,45,85,35,50,126,95,125,10,50,5,12,110,0,90,55,120,56,40,120,21,5,30,15,120,40,61,
Expert007	1	1031098	35907	7955	55,55,85,5,20,17,0,120,61,15,80,90,50,112,90,50,101,100,45,76,45,95,36,95,66,125,126,26,51,5,85,10,45,11,110,80,100,10,0,58,121,5,85,16,21,30,30,120,61,
Expert008	1	1025909	33585	5088	100,82,101,55,10,71,67,76,50,35,35,51,25,71,45,50,60,31,105,61,105,76,16,97,30,86,85,30,55,40,5,41,50,40,0,60,37,80,35,90,5,45,55,81,45,91,11,5,25,105,
Expert009	1	1050558	39117	17278	5,50,60,85,105,105,115,41,50,70,97,75,55,47,110,0,50,71,100,82,90,35,35,25,16,105,25,117,71,55,5,40,40,65,80,41,0,90,50,77,10,110,110,21,5,105,
Expert010	1	1038109	33903	4296	120,41,75,80,5,81,70,110,120,80,0,56,16,46,21,32,20,61,90,11,100,51,115,115,127,90,115,46,75,5,87,30,20,0,85,70,42,121,40,75,5,81,110,111,55,105,5,95,105,
Expert011	1	1027854	32703	4440	85,75,100,45,0,15,90,101,65,85,37,60,105,95,10,7,15,90,100,65,30,115,45,50,15,27,10,90,55,42,70,50,16,1,21,90,31,60,30,5,80,107,
Expert012	1	1028346	35196	5173	55,110,126,125,55,85,5,18,0,80,51,100,110,92,65,121,65,25,76,115,36,106,46,105,25,51,85,5,11,11,80,90,0,57,120,101,5,41,115,20,31,
Expert013	1	1110634	35221	9920	110,30,45,5,17,0,40,110,50,50,71,82,76,125,56,116,65,25,115,36,41,5,12,0,46,31,50,70,111,100,80,45,5,20,90,15,110,100,50,125,
Expert014	1	1159370	36991	31440	20,50,70,97,46,65,5,18,100,50,60,0,70,80,41,91,81,35,115,76,55,107,55,116,26,41,5,25,65,13,60,0,50,35,80,47,5,15,35,100,101,50,
Expert015	1	1119076	35732	21745	50,20,30,60,5,15,86,91,85,30,55,105,45,60,17,70,40,50,0,50,81,70,70,66,35,115,105,35,26,50,45,95,105,96,115,50,10,5,10,70,11,0,55,90,40,56,5,25,15,91,31,
Expert016	1	1062876	40848	4653	40,60,75,91,30,116,86,56,26,42,60,90,20,70,71,100,95,100,85,115,96,76,25,46,45,20,70,70,90,20,5,90,80,110,120,105,105,65,65,45,35,91,5,5,76,120,51,80,81,55,55,1,71,97,5,30,5,40,61,
Expert017	1	1032076	32782	4010	100,71,65,95,40,37,5,25,100,110,46,25,50,25,85,0,125,0,50,50,40,115,106,50,6,21,40,120,20,0,80,30,91,30,62,115,115,75,35,
Expert018	1	1090010	34429	6090	25,5,110,70,25,45,16,80,15,100,0,90,30,47,20,80,75,15,50,77,25,55,43,50,70,105,20,20,70,30,50,60,61,55,116,70,105,55,36,96,95,20,86,45,85,20,115,5,13,60,70,40,0,27,5,25,81,45,16,80,91,90,105,31,
Expert019	1	1033469	33905	16291	30,10,30,71,101,81,45,45,50,92,55,60,41,86,85,75,46,35,100,75,15,25,15,51,115,16,30,5,61,51,70,20,60,0,41,70,82,80,96,45,116,75,
Expert020	1	1089961	34195	13091	15,41,0,25,35,51,90,105,75,91,85,17,50,80,95,5,46,65,46,0,90,55,85,10,11,10,20,50,80,95,40,100,5,40,40,90,87,5,30,
Expert021	1	1017367	36498	4489	70,115,100,115,6,5,110,105,75,110,15,20,110,60,60,80,60,106,117,1,80,90,55,45,35,81,6,111,110,66,65,90,115,25,55,10,71,91,115,115,0,65,0,86,30,40,85,
Expert022	1	1022613	34806	1953	50,70,90,80,115,70,90,45,10,30,100,50,116,25,66,26,55,5,42,50,20,110,105,35,110,15,85,40,0,20,60,61,25,5,45,80,10,75,30,96,
Expert023	1	1032211	36593	11523	10,30,50,5,40,105,20,80,30,80,75,105,115,40,50,60,97,65,55,45,45,45,50,0,110,60,60,100,70,71,105,86,36,90,115,90,126,116,61,5,105,6,65,65,110,31,
Expert024	1	1021728	34505	9950	50,60,81,105,115,61,75,55,46,0,60,35,16,27,11,65,40,5,40,70,41,0,60,15,15,15,5,20,30,20,45,92,50,30,50,80,80,
Expert025	1	1039247	34414	29006	46,65,125,25,30,116,15,30,0,50,125,115,26,51,5,36,75,35,0,56,20,110,21,120,50,111,120,62,80,125,116,115,40,105,105,50,125,125,6,5,55,110,10,
Expert026	1	1007436	32118	5813	45,100,45,125,36,25,95,25,56,60,75,100,85,60,115,5,18,70,0,66,52,22,61,75,10,5,10,90,110,41,80,120,31,106,
Expert027	1	1057716	33903	6541	100,35,50,100,95,100,115,60,60,80,80,71,70,116,96,65,47,55,5,17,15,50,40,20,90,0,40,111,41,60,77,86,66,105,55,5,11,90,110,106,
Expert028	1	1033814	35852	9084	50,15,95,45,50,120,71,25,65,96,111,105,120,65,26,55,5,43,30,50,0,21,62,25,5,45,90,126,100,10,30,75,
Expert029	1	1035185	34177	3465	36,65,5,15,100,16,120,15,60,41,30,70,90,115,0,70,80,30,90,81,90,76,55,115,55,25,45,45,125,25,126,106,30,65,105,10,30,5,10,11,0,60,80,37,100,5,15,90,100,35,100,65,121,15,120,41,21,6,115,
Expert030	1	1041061	32985	13874	15,5,52,0,61,105,70,15,71,111,35,25,15,70,65,5,57,0,95,75,10,11,70,5,50,110,105,45,105,5,20,
Expert031	1	1019239	34722	8217	40,110,5,110,65,96,105,30,30,40,50,77,55,45,36,100,0,90,35,40,51,62,70,26,115,70,95,16,85,115,86,107,51,5,45,33,0,55,40,55,101,80,95,60,55,6,80,11,
Expert032	1	1027508	33478	9767	20,30,15,65,85,75,45,100,101,95,86,17,105,30,6,5,35,80,90,80,105,105,35,41,25,70,50,35,35,40,1,100,101,95,10,80,11,60,10,96,
Expert033	1	1022703	33474	6594	30,40,110,51,80,70,100,125,125,5,72,56,35,0,115,120,105,65,65,105,35,96,116,0,0,15,20,75,21,10,20,40,70,6,110,91,101,125,
Expert034	1	1022213	36808	3768	10,35,100,91,25,101,115,115,60,80,55,115,75,75,46,62,40,110,85,110,40,35,71,105,105,96,95,41,20,65,50,5,51,110,105,6,60,46,90,31,
Expert035	1	1019983	32818	10181	20,15,20,40,1,90,107,65,55,90,70,16,0,36,85,45,27,40,5,11,85,50,10,0,61,70,71,95,35,100,85,65,101,5,95,
Expert036	1	1010837	31978	11947	15,5,60,70,61,70,0,82,121,115,45,15,75,25,15,80,5,67,0,85,105,12,80,5,60,55,120,115,115,20,
Expert037	1	1021561	32223	1387	90,75,81,100,90,40,60,26,0,41,107,30,86,55,85,15,0,31,101,95,95,75,75,30,5,82,50,100,46,5,60,95,5,35,70,10,
Expert038	1	1013148	35662	7539	65,110,100,40,110,71,92,81,55,25,80,76,115,115,45,15,105,106,30,60,5,55,60,61,80,0,115,37,5,65,102,10,40,5,20,
Expert039	1	1004482	33067	28838	115,91,125,101,125,5,60,85,115,30,85,61,55,1,15,120,105,95,115,0,65,23,60,10,6,110,90,100,40,125,
Expert040	1	1013260	38081	1930	21,115,15,40,70,95,106,96,55,75,62,35,45,25,26,41,66,50,5,5,52,0,0,61,71,82,35,75,6,5,45,100,10,
Expert041	1	1022606	33669	5155	80,15,41,15,51,75,20,90,65,35,40,105,85,105,85,20,21,50,81,11,47,50,30,60,87,7,81,100,96,
Expert042	1	1022294	33584	5853	46,10,115,75,80,50,2,100,125,55,35,25,17,15,20,50,65,6,41,80,81,40,70,1,110,70,61,93,125,75,125,65,36,
Expert043	1	1022319	34109	8650	75,65,45,0,15,102,110,50,95,51,85,115,105,45,50,15,75,115,35,27,106,11,5,55,43,60,0,50,15,16,101,95,20,30,30,115,
Expert044	1	1019724	32202	2166	0,95,85,111,15,95,101,110,85,65,15,16,55,25,5,72,50,70,10,92,0,10,81,80,15,5,15,75,60,115,115,100,30,40,115,
Expert045	1	1014090	37495	11483	85,91,50,37,1,55,101,60,15,95,80,100,55,45,55,30,25,75,96,0,30,30,51,15,60,105,15,86,60,85,105,30,105,7,35,80,20,
Expert046	1	1006960	31887	1800	5,15,110,90,100,120,46,66,56,17,30,51,80,100,1,25,81,61,90,125,126,116,80,7,85,110,20,
Expert047	1	1022319	33296	2855	35,5,15,35,65,15,110,15,90,40,0,70,15,40,70,60,30,30,82,76,55,55,105,46,25,25,115,105,116,30,96,65,95,10,30,5,12,80,0,60,37,5,110,35,15,91,65,110,15,110,40,20,90,20,40,105,
Expert048	1	1022395	36486	9847	75,125,65,1,25,45,30,110,85,27,6,56,60,80,121,115,36,16,60,120,80,115,80,20,90,103,115,25,95,86,5,125,10,30,40,
Expert049	1	1014129	33304	4440	125,100,110,41,60,90,30,125,70,5,62,0,46,120,56,96,86,117,0,105,106,15,0,65,23,10,60,6,110,100,81,90,90,125,30,
Expert050	1	1023983	33090	5693	35,35,0,25,100,15,60,115,40,80,116,55,61,105,15,95,15,20,5,31,30,60,50,110,0,50,72,95,55,105,111,105,95,
Expert051	1	1045438	36625	33098	100,35,40,92,75,36,56,60,110,35,72,30,95,81,30,115,107,116,45,70,67,5,75,17,0,15,70,20,63,100,95,100,110,55,31,85,95,
Expert052	1	1010086	38461	3866	65,65,101,111,35,96,56,35,5,75,45,125,25,82,70,15,50,80,0,50,90,91,56,115,5,75,105,85,85,5,120,40,30,30,
Expert053	1	1021944	35965	3282	35,46,5,75,16,15,0,100,110,15,70,41,50,80,50,80,92,66,26,86,35,56,117,40,107,40,5,35,75,11,11,70,0,90,48,5,75,15,101,110,100,15,111,21,50,50,
Expert054	1	1026069	33568	2218	80,90,45,100,60,70,36,15,61,105,40,106,50,72,55,100,100,96,85,85,20,5,41,100,66,95,6,25,80,10,
Expert055	1	1015866	32186	2494	111,85,75,95,45,125,0,45,50,16,85,100,25,110,65,35,26,35,10,55,40,120,35,60,115,105,10,7,40,15,70,40,50,15,100,15,110,0,0,100,65,31,100,90,21,30,60,80,115,115,30,115,
Expert056	1	1013985	36039	11855	85,76,45,45,5,15,100,50,16,0,41,71,81,92,25,65,85,55,35,107,40,5,10,90,11,70,0,47,100,5,30,15,101,20,50,
Expert057	1	1018934	32719	6359	60,41,35,51,115,116,26,5,15,70,15,100,50,31,95,30,55,85,105,11,0,85,30,21,111,95,110,45,105,105,21,5,45,70,55,95,
Expert058	1	1010194	52115	5738	85,75,121,35,45,26,50,60,6,110,85,120,75,105,95,96,16,100,15,125,0,65,115,20,0,56,21,40,55,60,6,30,
Expert059	1	1013802	32534	989	81,75,90,110,56,75,105,35,26,25,40,100,5,70,50,115,95,65,18,60,90,110,55,0,75,45,105,20,22,30,100,70,80,50,40,115,95,65,5,11,10,60,90,110,111,55,75,107,
Expert060	1	1008054	32681	3546	95,65,100,85,45,35,25,25,50,5,115,25,80,15,105,15,16,0,100,55,85,23,40,70,80,105,50,5,12,100,86,110,85,30,
Expert061	1	1004132	32055	2780	15,20,85,20,30,20,10,42,35,65,35,95,86,10,7,15,80,90,80,100,110,35,47,15,25,100,50,80,15,0,0,32,30,6,40,70,95,60,95,95,
Expert062	1	1058295	34685	54709	85,15,56,0,25,16,65,40,35,15,20,5,52,0,25,11,0,120,85,91,90,101,80,80,126,15,125,90,26,30,
Expert063	1	1020006	32525	3177	70,80,81,95,60,35,27,25,30,90,55,40,91,65,10,66,6,41,40,0,0,61,60,30,53,20,85,97,35,5,35,20,75,21,30,91,66,86,90,76,65,
Expert064	1	1017762	32395	977	120,40,50,36,5,25,70,95,100,100,120,35,56,26,60,85,115,1,60,60,50,125,105,105,60,6,110,21,50,30,80,91,126,5,65,100,40,
Expert065	1	1012882	32332	18575	15,25,110,110,41,61,56,95,71,85,35,40,115,55,95,115,40,106,23,60,111,101,45,70,45,46,116,10,30,70,105,10,80,115,60,106,
Expert066	1	1045056	34187	30388	100,115,126,85,65,35,76,56,0,40,25,17,20,5,52,0,0,71,81,100,100,27,10,81,5,115,5,121,30,115,
Expert067	1	1015079	34054	3038	90,105,10,75,65,56,40,36,2,115,45,15,25,17,40,20,6,31,30,51,1,61,71,83,65,100,75,115,6,115,
Expert068	1	1012390	33325	4585	55,55,95,100,101,125,90,50,126,85,90,115,35,25,26,100,40,6,70,71,90,65,0,90,105,80,120,20,105,105,120,30,116,
Expert069	1	1004160	35218	3148	5,10,50,20,35,50,110,125,5,61,35,95,45,60,122,70,96,95,75,127,55,67,56,1,120,121,71,80,90,116,35,70,25,70,115,
Expert070	1	1027958	32438	1788	65,110,75,45,35,85,26,90,110,15,100,50,0,120,100,120,100,65,97,106,5,55,75,95,80,120,115,20,10,20,30,115,115,40,
Expert071	1	1002014	31485	1040	40,50,126,36,40,80,0,65,40,100,65,125,25,70,0,115,72,120,60,105,96,35,80,120,6,56,5,75,110,20,
Expert072	1	1013579	33337	3436	30,25,15,76,90,85,75,30,50,5,43,0,35,50,60,70,70,80,95,37,5,90,45,85,70,10,20,86,
Expert073	1	1024758	38453	2169	85,55,45,95,10,95,20,110,100,110,85,65,110,35,35,47,31,50,60,75,95,0,50,61,36,40,116,105,50,41,50,7,30,80,115,
Expert074	1	1012398	33008	20693	110,126,85,90,125,55,90,45,61,110,105,45,5,45,95,15,17,0,90,41,20,100,115,66,41,35,50,96,5,80,75,120,50,120,5,115,
Expert075	1	1006238	35363	4838	65,105,70,87,55,75,40,101,95,25,25,30,5,17,0,35,20,90,20,106,50,20,70,30,82,6,50,50,75,100,100,97,
Expert076	1	1012232	31942	5100	80,65,121,75,55,95,106,45,15,45,21,110,55,55,60,85,105,21,0,30,61,51,10,41,115,60,90,71,125,70,45,5,100,80,115,90,125,5,115,
Expert077	1	1016796	37995	8286	15,50,45,110,60,90,45,26,35,110,80,75,75,106,5,62,0,101,70,70,115,30,21,40,95,70,55,115,106,
Expert078	1	1029381	33447	813	97,0,100,100,71,100,55,55,62,81,51,75,75,75,56,66,107,6,15,5,102,90,17,91,62,107,1,26,30,40,31,40,40,81,21,
Expert079	1	1009930	32221	1778	51,75,35,0,15,21,50,105,86,90,90,106,40,65,85,0,41,100,100,96,26,40,10,55,6,82,100,30,70,60,70,55,95,
Expert080	1	1013554	32504	5879	0,110,26,41,50,125,40,75,21,67,105,10,70,95,106,0,40,70,70,60,55,80,70,5,55,100,5,90,120,5,115,
Expert081	1	1020709	34650	3815	90,30,30,5,60,60,80,100,45,60,45,16,20,0,51,70,35,35,21,90,11,70,41,107,35,5,67,0,20,30,100,75,100,31,5,95,60,100,95,45,
Expert082	1	1010252	45415	4916	35,75,81,25,50,90,100,5,121,120,80,70,100,101,115,95,75,85,85,45,25,60,5,15,125,85,70,16,0,65,125,105,125,0,55,22,30,20,50,60,6,40,
Expert083	1	1009010	38130	2886	80,90,75,60,100,113,125,35,95,85,45,25,50,25,60,105,85,6,16,15,1,65,55,22,60,20,30,50,40,
Expert084	1	1013713	35782	8778	95,65,56,5,106,15,21,31,110,55,60,40,85,16,105,1,60,70,60,50,115,35,60,5,100,70,80,90,116,
Expert085	1	1019228	33515	1738	45,20,60,0,50,17,101,30,5,80,125,60,25,15,55,25,100,92,111,56,10,120,30,85,55,70,60,116,105,20,40,120,120,115,
Expert086	1	1011842	33773	1711	135,135,135,95,85,37,80,90,0,90,120,40,75,25,115,90,120,130,100,90,5,65,130,66,105,85,30,30,120,75,105,56,5,5,95,110,20,
Expert087	1	1013956	36351	1671	70,105,0,25,70,25,90,40,80,40,50,80,66,35,25,5,5,52,0,0,30,60,85,20,85,46,95,61,35,21,75,7,26,90,41,
Expert088	1	1019414	34662	2753	125,10,110,50,95,70,96,100,30,81,65,125,46,72,55,41,120,86,36,25,117,40,75,105,120,40,5,25,61,120,55,6,45,60,70,45,110,100,30,30,
Expert089	1	1032986	35297	18852	65,15,55,81,76,100,80,35,50,60,117,35,5,51,40,95,85,105,41,50,0,30,30,72,111,96,85,35,5,6,20,
Expert090	1	1016502	33441	5505	26,0,90,90,16,110,81,100,100,110,90,41,36,35,46,5,50,60,50,45,31,106,96,10,20,115,50,115,30,40,60,71,105,115,
Expert091	1	1013697	37036	2247	90,71,61,20,30,51,105,80,80,106,45,5,16,20,15,0,40,100,85,100,55,95,40,40,5,10,100,65,5,75,5,45,90,50,
Expert092	1	1016705	34149	6086	40,62,40,51,70,81,71,115,115,55,115,36,5,96,35,45,17,20,0,15,40,32,110,90,50,110,77,30,86,55,45,55,5,65,10,10,110,65,
Expert093	1	1010898	32119	1961	30,40,0,70,70,80,116,100,25,115,65,71,55,55,5,35,36,0,75,97,0,20,15,21,20,10,70,35,50,5,90,40,6,15,25,91,50,60,110,105,
Expert094	1	1012608	32489	11703	125,125,85,77,55,55,0,15,25,40,0,81,80,110,65,15,70,35,105,16,80,20,5,5,50,51,0,25,120,110,10,120,30,91,106,70,110,26,
Expert095	1	1016667	33774	8393	80,55,80,45,125,62,70,20,90,50,125,30,70,101,135,125,46,90,5,85,85,15,16,0,85,20,60,43,5,80,10,80,55,120,121,55,96,5,105,
Expert096	1	1006182	41013	2232	45,105,135,115,0,35,80,120,75,55,35,81,5,60,5,25,25,25,0,65,30,0,86,50,70,31,60,125,40,85,7,80,120,75,
Expert097	1	1022650	38187	5868	50,35,110,65,71,81,80,75,40,92,75,61,105,55,106,55,5,15,16,0,20,52,5,10,102,66,71,96,85,85,
Expert098	1	1020388	34148	4270	120,100,56,26,45,15,121,76,85,85,90,35,36,71,125,115,5,60,61,0,70,31,80,81,35,5,125,40,20,50,65,105,125,110,6,10,20,
Expert099	1	1011015	34736	2182	50,30,40,90,0,1,45,100,15,20,100,115,20,100,115,75,47,65,5,83,0,60,42,112,95,75,17,70,70,105,25,40,5,50,105,105,
Expert100	1	1025310	33992	3985	0,75,105,90,15,20,0,116,90,60,87,115,66,55,5,27,31,25,90,50,0,10,63,110,5,70,80,70,110,47,76,80,96,
Expert101	1	1031509	35462	5207	121,95,15,85,45,25,100,15,30,45,56,70,0,60,70,70,50,105,15,70,15,20,6,60,61,50,0,40,91,40,81,106,125,80,45,5,125,
Expert102	1	1025917	35567	6835	50,60,81,115,61,75,125,45,95,0,55,45,60,15,15,25,35,25,25,10,65,10,5,42,60,40,0,70,17,5,45,20,100,101,20,31,81,51,
Expert103	1	1033021	34820	9454	115,85,55,61,25,30,30,40,30,20,66,65,76,25,50,80,25,105,25,35,60,15,5,60,45,95,52,60,20,105,0,20,71,110,45,105,70,25,
Expert104	1	1006547	32175	6932	90,30,90,65,70,70,105,70,60,105,95,105,35,70,55,6,16,15,1,75,25,33,20,5,80,70,40,6,50,100,95,95,
Expert105	1	1010385	32127	3137	5,92,100,26,5,30,15,71,50,80,65,25,106,16,15,100,100,0,21,60,20,105,55,106,95,70,30,20,10,40,60,61,5,10,10,45,101,87,
Expert106	1	1025514	32591	2148	115,55,45,30,85,91,100,46,50,75,86,0,20,15,51,41,61,105,35,97,50,35,106,6,5,55,90,10,
Expert107	1	1022437	38105	6794	101,66,70,81,80,75,61,107,55,5,16,55,90,60,71,16,45,0,70,85,70,65,95,95,95,52,75,101,45,21,50,10,5,10,100,85,65,
Expert108	1	1018980	36613	5260	56,85,5,18,20,0,110,80,45,51,60,60,91,102,95,75,75,45,36,95,66,117,50,25,45,85,25,10,50,5,12,100,80,0,58,85,5,21,16,112,60,60,5,31,
Expert109	1	1008158	32426	10697	65,120,105,120,85,56,5,65,105,17,20,0,20,40,31,120,110,66,50,70,95,105,0,51,70,40,81,70,61,117,35,126,70,35,50,6,125,
Expert110	1	1018719	32192	1841	50,35,25,15,50,0,91,67,96,65,5,57,0,10,92,100,75,85,55,101,47,105,50,70,106,95,96,5,20,30,
Expert111	1	1007508	33436	2382	110,65,40,35,26,0,105,82,50,95,5,75,75,47,5,17,0,0,55,85,21,30,21,80,50,6,5,11,70,90,100,115,
Expert112	1	1024728	32949	9092	40,111,75,82,127,65,5,15,70,100,115,45,80,5,26,25,16,0,0,35,85,43,80,30,6,50,5,60,120,116,
Expert113	1	1019778	32939	7808	120,20,30,45,115,50,71,61,51,81,110,127,105,45,5,16,50,15,20,0,41,105,120,40,120,75,5,10,85,120,115,115,
Expert114	1	1007081	34070	4610	66,95,40,25,0,112,135,125,90,15,60,135,30,0,80,106,135,105,86,5,75,37,35,0,40,70,80,130,65,80,130,100,80,90,10,56,55,100,96,80,116,6,5,85,120,20,
Expert115	1	1020371	35631	2152	65,105,0,26,80,90,41,71,65,35,25,6,50,51,0,30,60,75,75,0,46,95,20,85,21,5,61,35,6,26,90,40,80,40,
Expert116	1	1022354	39739	9871	15,20,30,40,110,120,66,0,80,30,81,60,125,115,25,90,10,0,71,90,90,90,75,5,75,15,20,110,120,65,86,85,5,61,125,45,45,126,
Expert117	1	1029567	33065	2694	25,5,15,16,70,0,80,20,31,41,51,95,50,46,35,35,87,76,75,21,5,12,50,0,27,80,5,16,81,30,71,40,61,70,95,30,
Expert118	1	1055550	33618	10072	0,25,40,100,0,30,85,15,90,30,100,65,15,15,115,15,55,5,48,50,10,30,0,110,30,12,95,65,5,20,5,56,71,80,110,70,51,61,107,
Expert119	1	1012118	36460	2903	20,125,55,110,40,60,80,61,80,105,76,45,126,25,95,46,5,65,53,0,60,41,70,85,121,115,120,71,105,45,105,
Expert120	1	1010445	32380	4154	50,35,80,120,40,106,75,5,95,65,16,15,0,115,0,25,45,30,32,20,40,50,6,110,90,11,60,70,101,125,
Expert121	1	1033649	33293	2862	61,95,85,125,55,0,70,25,25,100,30,25,70,5,95,55,116,5,42,0,110,110,0,20,52,65,75,116,35,105,21,6,5,25,100,30,
Expert122	1	1032462	34973	2023	90,15,117,75,55,65,81,15,80,45,105,37,40,85,25,85,60,106,40,6,61,60,80,80,70,1,70,91,15,90,75,5,6,45,100,20,
Expert123	1	1046110	33626	5141	0,120,80,60,45,60,30,25,15,120,55,70,56,105,90,67,51,125,5,115,72,0,50,61,82,65,5,75,110,10,36,20,126,
Expert124	1	1031069	32710	1854	35,35,15,65,70,71,105,85,60,45,30,106,50,27,5,55,42,40,50,0,22,102,35,65,77,61,97,86,20,7,25,80,10,
Expert125	1	1015417	39303	2182	45,5,15,36,16,90,50,0,50,71,40,80,81,75,66,26,75,56,96,95,40,40,5,11,35,10,80,0,47,90,5,16,91,51,21,
Expert126	1	1018745	32110	1901	80,50,36,100,40,5,25,110,80,75,100,35,55,26,55,95,1,25,61,60,50,105,50,85,30,70,115,45,105,70,105,85,60,7,65,80,40,
Expert127	1	1015839	59112	4951	80,55,55,70,26,65,15,105,115,40,72,90,90,50,50,86,47,75,35,5,61,61,0,70,41,82,95,45,5,25,55,
Expert128	1	1029784	33219	4975	82,70,65,95,20,45,38,20,40,50,90,76,90,90,75,10,6,52,1,71,40,97,70,63,30,46,30,31,40,85,90,90,5,90,86,76,75,
Expert129	1	1016794	32943	9942	40,121,65,91,87,55,70,100,25,96,55,62,15,35,35,45,16,20,125,90,5,71,110,60,70,15,40,90,0,51,83,55,5,35,126,95,
Expert130	1	1040524	33226	17177	40,101,75,82,117,65,70,105,90,45,5,16,80,5,25,15,26,1,85,40,35,42,50,30,5,80,6,60,110,106,
Expert131	1	1036886	32683	1672	25,60,5,16,100,80,15,30,30,41,0,50,95,20,51,45,35,45,95,86,85,35,107,20,20,5,12,50,0,27,5,15,15,80,102,81,31,40,71,95,
Expert132	1	1005748	31997	3132	5,30,50,90,65,26,5,25,15,70,71,80,96,17,90,90,20,60,0,22,5,96,55,95,40,11,61,60,45,30,10,91,87,
Expert133	1	1025425	39972	3882	70,120,80,55,55,60,26,115,40,61,50,91,126,50,75,60,125,15,86,47,35,65,25,70,105,5,72,60,0,41,81,80,95,45,55,
Expert134	1	1007274	37146	8751	111,55,80,55,60,72,65,50,50,116,85,115,45,5,18,85,0,100,45,50,60,61,55,105,35,75,106,60,40,20,40,40,40,5,111,65,11,110,55,5,75,35,
Expert135	1	1038295	33701	8154	120,15,116,115,20,40,51,15,30,40,5,61,120,105,85,70,16,56,6,90,45,47,1,50,50,11,100,80,125,110,35,111,11,5,125,
Expert136	1	1013987	35952	6756	40,65,36,5,15,20,100,110,65,71,80,96,35,55,17,0,50,32,81,91,76,60,117,60,105,30,5,46,
Expert137	1	1021416	33306	10105	60,110,95,15,105,20,40,105,50,50,15,30,105,110,85,40,16,7,55,60,45,70,100,55,46,45,51,1,10,100,90,10,80,115,115,100,35,10,10,
Expert138	1	1025761	34028	4564	0,100,115,85,15,115,115,65,55,35,36,90,50,60,0,60,110,100,71,110,46,70,105,85,26,97,60,55,30,16,60,5,31,50,30,0,65,70,66,91,20,110,105,6,10,20,85,
Expert139	1	1010915	41842	3771	65,0,70,101,121,115,100,35,75,45,90,120,26,100,5,50,85,75,5,17,0,0,105,55,23,50,40,100,5,30,
Expert140	1	1031637	38880	2761	36,46,5,75,15,16,110,15,51,70,81,0,41,90,91,85,65,102,65,85,25,55,55,25,117,41,35,5,75,13,0,90,45,70,45,100,110,46,5,15,75,15,111,21,51,
Expert141	1	1020500	34400	4262	100,116,55,35,75,25,15,127,40,5,65,91,91,0,60,71,110,55,85,15,100,100,111,100,16,75,75,6,81,26,5,45,120,30,
Expert142	1	1020890	32824	5977	35,55,26,100,60,80,81,65,75,105,20,80,40,115,5,15,16,0,45,21,20,90,40,30,5,10,110,106,
Expert143	1	1020699	34399	3490	75,10,65,81,105,90,80,105,20,60,40,71,105,56,10,61,35,60,85,95,51,102,76,46,85,96,51,35,7,56,90,40,40,
Expert144	1	1036276	36580	3006	45,70,100,70,100,95,125,36,45,56,60,26,135,85,60,5,16,15,0,65,115,15,21,80,65,52,30,60,20,85,60,5,11,120,90,41,30,105,
Expert145	1	1009567	34061	8253	40,50,115,35,70,85,36,5,55,27,90,0,90,100,0,55,62,50,106,25,50,30,81,96,60,6,105,5,65,90,40,
Expert146	1	1020260	35831	3212	120,75,45,65,100,35,26,50,5,111,110,80,90,101,121,100,65,95,75,86,85,85,125,116,126,5,90,105,115,17,1,55,23,50,5,40,30,
Expert147	1	1018929	34684	26931	15,35,40,15,0,80,110,40,65,71,92,75,75,60,116,115,65,85,70,70,70,0,100,125,61,100,100,125,55,15,95,36,95,60,60,5,110,125,
Expert148	1	1045138	38191	1283	85,50,107,95,40,1,50,60,35,25,75,40,15,40,0,85,90,100,35,25,85,90,62,55,95,80,20,30,105,95,5,45,10,70,6,20,
Expert149	1	1017426	34039	13222	15,25,15,45,35,106,5,61,70,80,97,85,75,65,30,105,66,70,0,83,75,5,61,111,110,15,26,55,
Expert150	1	1014414	32667	3519	20,50,70,71,55,25,80,65,45,95,26,50,50,115,107,10,5,5,32,51,75,40,20,91,0,0,40,20,62,75,25,60,116,45,
Expert151	1	1018303	33559	3475	60,25,15,105,35,41,110,80,95,76,35,5,52,0,30,71,115,70,35,115,6,55,65,100,10,20,
Expert152	1	1023785	41121	2293	60,86,90,105,115,0,90,120,75,55,45,90,36,90,60,6,27,0,65,30,50,70,0,96,125,30,95,30,40,5,60,6,90,120,75,
Expert153	1	1006390	33069	5722	45,55,1,100,15,115,80,115,115,30,55,100,100,62,95,70,45,105,85,25,10,60,0,51,70,70,85,105,110,26,95,36,50,65,95,85,50,40,111,105,
Expert154	1	1021673	32432	910	95,65,30,0,96,15,0,20,100,50,100,110,100,85,71,17,75,75,107,20,6,40,5,35,100,21,101,71,10,80,115,
Expert155	1	1008823	31704	765	75,40,105,1,25,112,81,25,30,60,25,120,95,25,86,115,30,50,115,115,7,45,30,15,30,112,81,20,90,125,
Expert156	1	1032444	33088	10156	110,0,15,30,0,51,25,65,15,100,100,95,15,40,50,5,37,0,55,10,11,20,50,6,30,60,70,96,
Expert157	1	1019036	34203	3983	0,15,110,105,66,70,95,96,55,75,125,30,62,0,71,15,90,115,81,25,116,46,106,71,15,5,6,75,100,20,
Expert158	1	1008181	32803	6389	100,100,40,40,50,95,86,35,60,85,35,0,91,131,75,25,125,40,91,5,81,66,55,30,130,55,6,95,120,20,
Expert159	1	1010533	32139	8625	75,0,105,20,0,15,20,40,90,116,15,15,5,35,102,70,20,15,112,52,117,10,75,105,40,80,106,0,30,20,10,10,111,95,60,10,5,60,100,70,80,96,50,
Expert160	1	1013434	32489	24887	55,0,105,125,0,15,20,110,75,20,15,15,6,120,46,120,120,51,100,15,70,71,10,105,80,106,105,85,15,77,56,10,55,127,1,41,11,70,70,82,80,91,116,20,65,101,10,115,
Expert161	1	1006428	31877	1290	60,95,25,100,30,110,125,50,71,96,100,30,40,80,40,30,5,20,15,100,20,6,90,75,55,15,30,90,120,116,
Expert162	1	1009598	33672	4437	125,40,30,115,0,70,25,65,71,57,5,60,95,80,107,37,1,15,75,23,115,10,70,40,5,100,90,120,5,115,
Expert163	1	1013706	36919	25228	40,90,106,75,36,86,1,25,15,25,15,25,6,32,0,0,20,20,101,95,15,20,5,82,100,51,62,55,40,96,
Expert164	1	1025989	32495	9480	0,15,20,0,85,60,75,101,97,30,100,65,70,80,127,65,5,100,55,28,0,50,10,61,121,30,90,61,5,5,40,70,117,
Expert165	1	1009376	34260	6340	105,90,80,41,70,111,105,5,72,45,0,100,115,66,45,85,96,95,86,1,15,75,23,10,70,6,90,30,110,105,
Expert166	1	1029364	32628	1540	90,115,50,71,65,70,105,55,35,85,25,26,40,5,15,80,95,17,90,0,85,45,23,40,5,80,95,30,12,100,90,110,85,86,5,70,
Expert167	1	1014936	34125	2359	36,105,5,65,17,110,40,15,70,90,40,60,70,0,80,30,30,81,55,25,76,45,55,45,97,115,25,105,116,30,65,30,105,5,13,0,35,80,60,37,5,65,91,15,15,112,40,21,90,40,
Expert168	1	1013511	32939	2355	55,5,70,27,100,110,0,55,60,85,125,0,61,50,115,45,35,106,60,5,70,120,5,90,80,90,116,5,65,100,30,
Expert169	1	1005863	38958	1893	45,5,15,16,90,51,35,71,0,80,40,80,80,76,35,55,66,25,25,55,95,96,41,5,10,11,0,45,45,90,35,80,45,5,16,91,50,20,20,50,
Expert170	1	1009241	33695	9786	40,90,50,50,105,80,111,105,5,81,55,80,0,100,45,115,55,75,45,75,97,0,0,15,85,22,20,10,80,6,90,110,105,30,
Expert171	1	1019155	35639	2137	10,85,45,116,95,100,115,10,30,95,1,50,75,95,0,25,35,17,30,5,91,70,55,90,111,110,41,40,116,115,50,75,97,0,35,10,10,20,10,30,5,60,90,70,55,80,110,40,5,106,5,105,
Expert172	1	1006332	43575	8611	52,71,35,105,115,65,45,85,45,70,0,50,15,15,27,11,55,5,41,41,50,60,0,16,20,91,30,70,30,15,
Expert173	1	1008441	39761	4451	26,96,45,30,5,50,105,17,15,0,35,90,91,100,50,71,80,81,65,76,55,105,95,95,10,95,65,30,5,25,12,0,80,25,106,36,91,35,5,15,90,50,
Expert174	1	1009813	52167	12995	0,80,55,115,41,116,70,82,75,111,47,5,115,115,72,95,85,66,85,107,96,70,2,15,20,75,22,30,10,70,
Expert175	1	1007861	36777	7502	90,40,105,30,75,65,56,16,120,55,116,55,60,15,70,96,115,1,25,30,31,72,20,80,6,50,125,110,90,100,40,126,
Expert176	1	1011322	32317	5739	90,40,91,75,80,80,107,80,70,95,65,45,5,80,15,5,26,25,16,1,85,40,35,40,41,80,30,50,5,6,60,100,95,95,
Expert177	1	1014479	34056	7238	0,60,86,45,0,60,15,20,111,56,15,85,105,30,70,120,16,51,5,65,105,115,42,0,50,10,10,82,90,116,65,15,
Expert178	1	1017995	33509	3455	101,30,116,60,95,87,45,65,25,15,35,15,15,45,55,15,30,60,20,5,71,70,50,70,40,111,0,40,80,81,80,95,45,95,65,5,106,
Expert179	1	1008246	33735	1946	80,60,40,0,26,105,90,106,30,55,77,0,15,30,40,30,100,100,96,86,30,6,70,50,60,95,5,35,80,10,
Expert180	1	1018953	35780	8992	55,55,75,90,25,90,85,105,15,126,85,45,5,62,0,40,80,81,45,5,65,65,10,110,100,90,70,50,20,125,45,71,35,96,35,
Expert181	1	1009360	38503	3292	105,75,120,50,40,0,92,125,70,100,35,25,90,5,111,85,126,57,1,95,20,30,17,21,90,5,60,
Expert182	1	1023087	32522	2462	80,66,75,35,95,25,25,45,50,25,115,90,5,15,105,17,0,55,100,95,20,22,50,90,40,105,10,5,30,10,10,100,81,110,97,
Expert183	1	1013790	46931	13117	0,61,100,75,125,125,90,102,95,120,120,66,65,126,5,93,105,86,120,120,55,0,105,60,61,125,117,1,125,85,97,25,30,40,5,31,60,20,
Expert184	1	1024604	33346	893	102,75,90,30,115,65,90,87,40,55,95,7,16,50,20,51,1,90,82,95,6,56,25,10,60,110,95,70,107,
Expert185	1	1010911	32491	12261	90,100,75,35,25,85,16,0,41,26,30,65,85,85,0,50,31,20,50,105,20,15,96,45,30,5,50,80,60,70,45,106,
Expert186	1	1004032	35486	5601	55,95,60,75,75,75,45,65,91,85,25,30,5,16,15,0,35,20,21,80,96,60,40,71,30,70,65,90,6,40,40,90,87,
Expert187	1	1021091	32890	3087	45,35,26,50,60,90,90,86,85,96,70,115,65,115,5,17,0,55,22,40,30,50,6,5,11,60,90,120,115,
Expert188	1	1019618	35742	4408	55,45,25,15,95,61,80,80,100,76,37,5,65,53,0,60,31,72,35,85,5,105,5,55,90,10,20,105,
Expert189	1	1005965	34613	1865	70,41,5,71,100,70,0,56,90,16,30,20,45,61,45,20,81,31,90,20,11,51,107,45,5,76,30,75,0,20,42,5,100,85,70,101,55,96,
Expert190	1	1014354	34718	3099	45,50,111,60,75,75,37,5,55,41,40,80,50,30,105,25,81,15,95,40,0,30,72,35,115,5,45,65,115,90,10,20,
Expert191	1	1014941	40243	3884	90,90,25,101,85,85,45,65,45,25,35,5,15,55,70,115,72,0,50,40,40,80,105,80,95,80,46,55,6,76,110,30,21,
Expert192	1	1027552	32722	4210	60,5,82,40,90,25,55,25,5,70,15,60,25,70,96,17,91,0,22,50,45,96,95,85,10,60,20,5,11,30,50,51,35,91,75,76,
Expert193	1	1059818	35170	2014	25,30,60,105,96,52,5,45,17,0,55,90,91,100,30,65,70,70,82,76,60,105,35,97,50,5,12,0,40,55,80,55,55,5,90,15,91,106,30,20,
Expert194	1	1027893	33027	9501	60,115,95,85,95,15,70,22,30,45,10,50,105,51,50,95,15,35,27,10,105,10,5,25,55,43,0,80,60,15,50,16,5,30,45,110,92,30,5,5,105,
Expert195	1	1011075	32821	2848	40,1,50,15,25,32,100,75,20,90,16,115,5,15,65,48,0,60,11,110,10,50,30,95,10,75,65,65,80,110,6,81,61,70,70,107,
Expert196	1	1025126	34944	1490	45,25,15,102,60,75,50,60,80,81,75,66,37,55,105,95,40,5,42,50,30,0,30,72,35,35,5,45,90,100,61,87,66,106,105,10,20,
Expert197	1	1023603	39153	1621	85,55,45,95,111,10,100,85,110,65,35,36,5,60,115,105,5,15,90,25,40,25,50,51,45,95,10,100,110,65,45,72,40,30,82,35,60,117,
Expert198	1	1015501	33444	1662	65,45,80,35,50,51,95,30,40,10,40,96,26,32,21,55,91,90,46,16,76,66,87,21,55,5,75,5,5,26,80,60,11,
Expert199	1	1034978	33897	5174	110,50,100,95,125,40,1,15,25,31,50,110,75,16,15,5,65,45,47,0,30,60,30,13,120,105,75,20,66,6,82,120,61,90,71,117,
Expert200	1	1021155	38167	12194	7,20,30,60,110,15,125,71,45,60,45,70,105,20,70,55,120,121,80,107,85,115,0,126,66,0,65,121,81,90,115,35,45,81,100,115,
Expert201	1	1008150	38673	2022	40,105,66,115,70,97,15,55,75,62,35,45,25,26,30,106,65,30,5,53,0,60,71,80,81,45,75,6,5,35,100,10,
Expert202	1	1010891	34089	3453	0,35,35,0,60,60,71,82,90,55,75,25,75,15,66,5,115,32,0,60,60,91,72,85,90,65,85,65,5,35,110,10,20,46,
Expert203	1	1029835	33689	6422	110,35,25,106,40,50,80,77,56,5,17,0,45,101,100,110,60,61,35,115,106,105,40,25,5,12,60,0,95,35,51,72,116,25,55,
Expert204	1	1011305	33084	6750	70,100,15,55,61,81,90,45,25,15,125,126,30,5,71,60,70,50,0,50,92,55,85,5,15,6,35,120,20,
Expert205	1	1025243	34944	6305	15,125,80,70,95,35,40,50,100,135,115,95,65,70,25,40,41,30,20,80,75,76,26,5,61,45,61,0,20,92,110,25,5,25,65,71,85,85,120,10,36,50,
Expert206	1	1014053	32350	4517	100,115,85,135,75,65,65,45,55,55,45,0,0,25,35,125,17,15,30,20,6,52,60,40,80,0,41,0,80,90,110,60,71,110,91,90,85,135,135,126,75,
Expert207	1	1024868	40675	7940	55,5,110,55,85,18,80,100,110,90,75,0,51,90,65,65,90,35,35,115,105,75,46,105,105,50,85,26,50,10,5,12,0,80,56,90,20,101,41,115,31,55,
Expert208	1	1013312	33655	9652	50,85,105,30,115,1,90,25,115,26,15,45,5,100,80,25,110,101,110,110,60,61,117,20,85,70,107,0,20,10,70,40,21,111,95,35,60,96,56,
Expert209	1	1047954	36714	1739	35,5,60,16,15,0,30,90,101,52,71,45,105,95,25,45,25,95,86,95,31,5,10,11,0,36,81,90,50,90,20,20,35,40,76,5,105,
Expert210	1	1031646	39945	4078	45,0,45,15,100,111,95,65,35,50,35,15,35,60,115,105,27,11,55,6,5,15,100,110,65,55,70,70,70,51,80,30,92,35,60,117,
Expert211	1	1025501	33496	9563	15,21,50,0,0,100,115,116,85,75,36,100,16,0,55,27,50,5,12,90,0,70,81,92,110,35,105,85,110,110,105,65,
Expert212	1	1025732	34895	3400	40,40,5,75,83,110,100,0,45,55,120,55,16,21,20,70,45,32,60,60,91,10,10,100,51,117,45,5,126,125,45,75,88,30,0,20,70,40,40,41,110,110,5,95,75,81,120,106,110,55,
Expert213	1	1017533	35120	3391	35,110,105,41,25,15,85,90,75,50,75,35,5,63,0,30,71,70,35,5,110,55,65,95,80,10,110,20,95,
Expert214	1	1017009	32147	10527	35,120,25,120,50,80,65,10,110,50,71,80,50,125,105,95,45,66,125,30,50,116,30,30,120,80,30,111,55,120,40,70,90,105,56,116,55,127,21,70,80,115,
Expert215	1	1025372	32373	7502	110,105,75,120,67,36,5,17,0,110,30,40,30,60,60,71,82,90,55,75,45,25,125,117,30,5,12,0,60,35,80,35,35,5,15,112,100,40,100,126,20,
Expert216	1	1043262	34748	10797	95,10,85,0,50,51,5,15,45,16,0,55,81,80,20,20,61,70,95,71,65,25,87,50,95,35,5,12,70,40,0,55,56,5,15,80,81,20,
Expert217	1	1034167	34652	5959	5,40,15,102,90,111,125,65,55,40,17,50,0,60,20,61,30,56,10,80,122,95,75,56,117,66,
Expert218	1	1054582	34339	1988	71,70,35,91,90,45,10,61,57,66,40,26,42,95,21,61,52,95,66,15,15,86,75,85,20,76,20,5,45,32,40,30,50,0,28,5,70,45,36,71,82,11,95,
Expert219	1	1021649	32951	1532	107,0,110,110,71,90,90,110,56,62,51,81,77,96,95,56,66,115,116,7,15,111,17,101,110,60,100,60,60,117,1,26,31,30,42,81,21,
Expert220	1	1021078	32963	2872	40,30,85,10,51,116,25,5,105,60,25,41,32,40,95,0,21,110,56,16,110,95,70,106,86,21,95,7,26,100,80,10,10,
Expert221	1	1045131	33300	10618	15,41,0,25,51,35,101,100,95,17,50,5,90,65,115,105,48,100,0,55,95,10,12,90,105,40,50,110,5,40,30,40,100,95,20,95,95,
Expert222	1	1019963	34854	3253	40,65,36,5,15,20,90,100,65,70,70,70,60,105,95,25,80,10,0,31,81,60,47,65,80,36,5,15,20,90,100,65,75,75,5,75,60,107,
Expert223	1	1031887	33070	15987	105,36,55,1,25,60,70,41,90,15,60,115,125,16,20,40,6,32,0,60,51,81,101,80,115,126,55,115,
Expert224	1	1023857	33736	10178	36,46,26,51,5,90,75,65,16,105,15,0,85,55,21,15,60,55,20,42,50,50,65,31,10,5,10,100,70,95,95,
Expert225	1	1014009	37847	3648	30,50,30,5,73,0,90,45,60,15,20,35,21,10,80,40,50,80,96,95,35,35,5,76,20,75,0,32,91,85,5,70,90,45,65,
Expert226	1	1023503	33067	7552	85,20,65,75,30,45,110,15,111,105,97,30,16,85,7,35,15,115,90,100,116,40,35,40,70,91,50,35,0,35,25,40,110,105,111,10,80,0,12,5,60,105,105,
Expert227	1	1009957	34292	3594	20,95,5,65,15,80,55,120,47,45,105,116,15,30,105,31,10,60,50,85,85,10,0,115,0,61,40,125,25,60,5,110,80,90,70,126,
Expert228	1	1027589	33381	9121	120,5,102,110,45,95,51,120,85,60,45,5,45,15,116,17,111,0,41,50,40,20,116,106,30,105,0,20,120,50,115,70,71,81,111,65,65,70,5,125,35,40,90,6,126,
Expert229	1	1044157	39521	2240	40,15,50,105,65,72,15,115,55,26,46,35,106,45,51,5,75,60,60,60,70,60,80,0,80,90,91,85,5,25,15,5,5,55,100,30,
Expert230	1	1017063	32909	2544	15,15,100,5,32,110,100,0,110,62,80,116,45,20,115,50,75,107,0,51,111,95,15,50,5,95,100,101,110,65,65,70,80,5,95,
Expert231	1	1029311	33386	2969	75,25,85,5,15,60,16,90,31,40,0,20,40,52,46,36,85,75,95,67,96,21,5,10,10,10,50,85,0,27,75,5,16,61,92,30,60,30,
Expert232	1	1051696	34119	6274	95,65,80,55,46,35,120,45,50,35,85,105,106,1,51,25,40,125,115,17,20,50,5,5,31,40,30,60,0,60,72,65,100,90,80,90,125,116,125,
Expert233	1	1027430	35605	3489	35,45,35,5,15,15,15,100,90,0,51,40,71,82,65,76,65,56,26,105,97,106,41,5,10,10,10,0,46,80,101,91,45,5,15,21,35,90,15,100,51,
Expert234	1	1027557	34370	2380	115,70,80,25,55,35,15,107,40,60,120,90,5,55,60,60,60,0,116,45,101,70,30,20,46,5,65,100,10,
Expert235	1	1014201	32512	2824	60,80,105,115,55,45,70,35,15,97,20,5,70,70,40,70,0,51,82,65,105,55,110,5,110,105,6,25,90,10,
Expert236	1	1018165	33394	12002	61,100,86,76,45,51,25,30,0,60,15,15,32,20,91,10,101,57,40,55,16,70,5,35,27,5,35,40,40,70,15,51,51,105,105,20,60,10,81,105,
Expert237	1	1007431	32066	16717	26,15,30,5,111,71,81,90,107,95,86,115,10,116,77,1,80,35,35,42,40,30,50,86,93,30,80,6,71,120,120,56,65,
Expert238	1	1007395	34068	3500	56,75,80,35,115,46,0,105,81,70,105,0,25,50,116,65,15,70,95,15,95,16,20,80,6,101,42,0,100,85,71,85,10,85,60,110,30,110,95,
Expert239	1	1020079	33436	2723	105,15,85,86,90,41,60,115,35,60,55,40,95,80,70,80,70,10,55,115,100,95,115,95,21,60,70,70,80,5,60,6,90,110,105,
Expert240	1	1019129	33839	5198	115,46,76,95,55,35,105,85,105,0,25,18,30,20,6,62,100,0,50,70,71,45,55,80,95,110,95,
Expert241	1	1029415	39809	2279	110,15,65,70,45,100,56,125,25,85,15,35,35,35,40,75,126,40,5,63,70,90,0,90,102,15,95,5,6,45,120,20,
Expert242	1	1014619	34865	8699	85,110,55,85,65,85,1,27,5,35,35,16,106,40,52,0,40,20,0,60,15,80,80,35,80,115,70,105,61,120,25,5,90,115,
Expert243	1	1009840	41637	17740	95,50,71,115,65,50,50,45,85,1,45,35,50,16,27,11,5,55,40,42,0,15,70,100,100,50,60,16,70,6,20,30,30,
Expert244	1	1020409	34387	4015	91,105,36,40,40,65,86,1,105,25,26,6,16,31,30,1,20,20,101,95,15,20,5,82,100,60,50,5,71,95,40,95,
Expert245	1	1008480	42695	2225	75,105,25,66,37,60,0,60,0,71,80,55,15,55,97,15,45,70,66,70,6,31,31,80,0,80,0,75,61,75,75,5,5,35,40,91,11,5,20,
Expert246	1	1018008	33038	2143	100,65,5,81,80,90,47,5,95,85,15,20,20,70,31,70,95,16,15,90,75,35,25,80,100,90,40,100,0,41,60,95,86,20,85,0,30,70,96,50,60,51,90,105,90,75,36,40,76,50,5,5,106,
Expert247	1	1016298	32331	3812	90,75,46,36,56,26,61,5,15,105,16,0,110,66,21,20,52,61,31,6,10,40,100,70,95,40,80,95,
Expert248	1	1026765	32834	2126	35,110,105,27,40,95,100,85,5,50,72,55,65,115,125,15,15,15,15,0,45,110,105,22,70,100,115,20,40,5,10,11,110,105,30,95,120,106,
Expert249	1	1010076	40352	1931	95,75,120,65,82,125,35,70,25,90,50,101,115,65,45,125,25,80,6,15,15,15,1,85,55,22,40,80,20,50,30,
Expert250	1	1017276	41578	9021	100,100,75,65,40,36,95,87,0,95,15,20,100,95,53,5,82,91,105,90,30,25,70,10,30,60,61,35,105,46,105,
Expert251	1	1022723	32918	1193	50,100,10,50,90,60,30,115,70,70,125,115,115,46,62,40,40,120,55,112,105,55,76,35,25,35,95,106,40,25,40,7,46,100,90,31,
Expert252	1	1022919	33349	4541	20,0,115,15,100,65,30,50,70,90,16,125,5,31,15,75,110,60,25,50,101,40,110,76,40,80,10,121,95,120,75,117,
Expert253	1	1023391	32774	2729	86,90,90,105,35,36,1,25,100,15,15,95,15,20,5,82,100,61,60,70,105,85,85,45,85,0,25,10,90,11,106,20,50,30,70,60,6,31,70,80,70,55,101,97,
Expert254	1	1012572	31885	2589	30,15,25,30,0,40,40,75,90,91,105,85,16,40,5,55,15,80,95,37,35,0,90,85,45,13,20,40,80,95,30,5,31,65,90,100,86,85,
Expert255	1	1024384	33548	5202	85,50,115,0,0,25,30,100,126,26,5,110,45,80,25,121,15,111,120,62,90,127,20,85,117,0,10,70,40,21,70,121,105,105,35,105,60,20,6,56,
Expert256	1	1019829	32204	1692	50,105,85,30,115,26,40,125,40,61,0,70,115,50,71,105,66,46,36,51,35,40,5,120,60,90,80,90,105,40,115,
Expert257	1	1026817	32729	2258	110,35,105,26,25,100,50,80,81,55,95,115,40,125,75,5,65,15,17,0,45,110,105,23,40,100,30,115,10,5,10,120,10,110,80,75,107,
Expert258	1	1017350	32407	2315	35,70,5,95,15,55,20,115,41,15,15,0,100,115,71,115,62,111,105,45,75,105,60,5,11,110,50,90,45,75,30,90,105,
Expert259	1	1012873	37363	1602	100,100,20,66,70,45,30,96,50,71,70,61,55,106,90,41,80,80,105,56,75,5,15,17,70,50,0,50,20,101,86,46,95,51,75,5,10,11,70,100,65,5,5,56,90,40,40,
Expert260	1	1012350	32216	3103	0,15,25,30,15,30,0,41,75,15,50,105,15,40,5,37,0,45,12,20,110,60,40,5,90,30,120,70,80,106,
Expert261	1	1013289	39256	2759	75,25,65,30,31,20,85,86,65,0,40,65,71,101,30,70,60,45,46,65,55,75,55,65,35,25,36,70,10,70,5,81,100,25,
Expert262	1	1017408	36066	1881	80,20,95,65,55,110,47,105,5,15,45,15,105,31,30,11,0,50,60,86,105,0,61,40,115,25,60,5,70,100,80,5,115,90,115,
Expert263	1	1014728	34148	3254	95,55,126,0,110,106,125,45,45,0,60,85,25,105,0,60,60,120,35,115,17,60,5,20,5,42,0,102,121,50,90,50,72,116,36,55,
Expert264	1	1030187	32857	2241	30,111,75,75,45,5,15,90,125,110,60,80,55,126,45,60,61,115,40,95,10,120,105,0,40,95,71,115,105,35,120,25,35,40,95,65,40,50,120,105,115,7,45,90,20,
Expert265	1	1009495	35379	8243	80,46,50,5,15,90,125,126,45,110,50,85,17,80,0,90,41,101,40,100,65,75,85,95,10,25,35,55,117,40,5,12,0,80,45,100,110,46,110,5,15,110,50,20,30,
Expert266	1	1021854	33054	6773	55,35,60,35,0,85,75,15,35,50,15,42,10,100,100,61,57,15,15,5,60,95,45,32,70,20,15,51,110,70,50,106,10,81,105,
Expert267	1	1033903	34632	3930	105,125,65,70,115,90,20,105,55,35,41,71,0,0,61,90,115,15,35,60,75,120,75,80,105,120,60,5,115,6,65,100,10,
Expert268	1	1012241	37242	3213	100,100,86,55,20,0,15,90,100,65,37,60,105,95,10,7,15,90,45,100,65,45,72,40,30,40,80,50,81,35,60,105,106,
Expert269	1	1020749	32498	3003	105,90,65,75,56,45,45,1,35,115,25,17,20,125,15,30,5,5,40,40,40,51,1,70,70,80,125,61,80,81,75,65,101,6,125,115,115,
Expert270	1	1010604	35428	3405	110,80,46,65,25,105,95,31,0,50,75,75,75,55,5,37,90,100,60,0,15,50,40,71,20,85,50,61,107,97,50,7,55,90,10,
Expert271	1	1013302	33307	3226	110,85,20,40,51,16,30,95,110,96,75,40,5,15,15,5,5,100,56,46,90,25,100,60,46,51,1,11,90,70,80,116,35,90,10,10,
Expert272	1	1018570	36127	1618	41,5,73,100,0,46,55,15,55,15,31,30,22,11,50,50,61,81,105,91,106,45,5,77,20,30,0,41,40,5,70,102,55,96,85,
Expert273	1	1006880	38083	847	95,0,110,25,65,100,111,25,35,95,75,47,35,70,115,105,35,21,55,5,6,25,100,110,75,55,82,51,40,60,91,90,45,70,117,
Expert274	1	1012781	32799	6814	60,85,75,45,25,26,0,40,15,15,32,62,10,110,110,46,45,15,15,95,20,100,5,50,70,35,21,15,40,41,10,70,115,81,116,
Expert275	1	1020213	32794	1407	0,35,95,65,0,25,41,40,112,85,30,101,97,125,50,65,70,26,5,15,40,105,5,5,22,0,0,100,90,75,60,91,120,105,105,80,6,117,
Expert276	1	1021134	39936	58232	60,85,55,115,0,125,0,17,20,6,120,110,46,15,80,51,121,81,10,90,117,15,85,115,95,85,57,80,0,80,91,100,20,60,40,91,5,75,
Expert277	1	1010475	34084	4656	110,60,60,110,85,60,45,50,45,75,75,105,0,17,5,100,95,71,55,15,30,41,115,95,26,115,101,30,41,50,10,80,60,80,115,
Expert278	1	1014064	32123	7690	50,80,20,50,80,75,95,46,20,5,125,110,125,17,0,15,121,30,41,90,70,20,40,40,86,126,107,30,125,60,90,0,61,121,20,115,70,115,60,6,115,
Expert279	1	1016665	32367	1645	111,55,85,35,40,110,55,105,5,17,20,40,91,106,0,62,100,100,95,45,116,60,5,10,45,10,95,30,100,50,5,81,95,115,
Expert280	1	1001397	32906	4233	50,96,80,65,6,27,0,100,65,55,15,0,70,125,40,35,16,0,15,30,22,70,6,80,81,0,70,61,91,90,110,65,125,55,125,5,55,
Expert281	1	1008269	33047	73552	26,40,111,65,30,70,16,30,92,40,75,1,60,50,60,88,55,65,6,47,36,35,1,11,90,21,62,51,71,81,50,107,
Expert282	1	1016066	33814	1584	90,30,50,10,61,105,26,5,75,50,85,50,40,35,95,41,50,0,21,100,66,16,76,100,86,96,100,35,21,5,6,25,70,25,90,10,10,
Expert283	1	1020866	44225	4718	40,0,76,0,25,31,81,40,96,25,26,5,91,70,85,35,70,15,70,90,51,50,95,75,60,10,30,80,96,20,62,25,91,45,45,87,35,35,50,
Expert284	1	1023253	32376	17000	5,30,61,90,30,110,90,105,85,56,126,5,27,30,0,25,121,15,50,40,50,50,100,126,16,80,95,95,0,125,71,30,100,40,70,80,120,120,50,117,70,
Expert285	1	1014723	36840	8889	55,1,100,35,117,55,25,65,47,85,90,100,35,60,0,50,50,110,110,70,85,70,70,105,35,95,96,50,65,40,50,5,110,85,105,
Expert286	1	1007466	34668	6473	0,35,15,80,80,20,110,100,111,46,60,50,77,35,95,55,40,41,50,105,115,85,96,70,70,86,10,0,50,61,115,105,115,26,105,51,
Expert287	1	1014135	33992	19230	35,40,40,61,70,125,57,75,65,47,60,30,71,71,81,51,126,105,35,36,75,5,17,65,0,41,80,40,60,40,76,31,120,55,30,20,70,85,30,70,5,120,10,120,65,65,85,
Expert288	1	1009100	33798	2862	91,80,75,55,80,105,105,36,75,1,27,5,5,15,15,31,30,0,0,20,20,101,85,15,20,5,72,50,100,40,60,60,97,85,85,
Expert289	1	1010336	32846	9774	45,30,45,25,65,125,115,30,15,0,51,116,50,5,35,75,36,0,55,112,120,62,125,115,116,50,5,125,80,32,70,105,0,60,40,55,56,105,110,110,10,5,125,20,
Expert290	1	1015447	33663	1426	25,60,5,17,70,30,60,60,0,30,20,41,52,45,45,35,35,65,75,86,75,75,66,21,5,11,10,0,26,50,25,71,5,16,70,30,60,61,30,
Expert291	1	1009603	31868	1229	85,90,55,110,45,0,110,45,60,75,105,35,0,60,25,60,41,50,116,80,96,60,5,100,70,80,115,6,65,90,20,
Expert292	1	1032182	32970	1354	105,60,35,105,105,55,46,75,76,0,0,80,90,15,21,45,52,60,40,95,86,50,5,5,70,95,101,95,5,55,80,10,
Expert293	1	1015246	36298	1477	35,45,0,1,80,10,100,55,60,60,40,72,66,50,106,95,40,51,60,60,115,75,75,35,50,116,46,15,45,55,30,85,25,5,31,30,50,0,40,110,40,70,70,70,105,45,65,
Expert294	1	1019449	34716	1946	60,95,0,25,70,25,100,30,60,100,56,86,25,6,43,1,81,21,52,106,65,85,35,75,85,20,6,5,25,70,30,
Expert295	1	1018766	33485	2348	25,95,95,100,30,40,67,45,5,70,17,0,35,92,100,50,45,51,25,105,96,95,30,5,12,0,50,41,61,60,85,45,105,25,5,105,
Expert296	1	1013514	36854	3127	25,50,15,105,115,45,50,61,90,82,116,76,65,37,55,5,41,40,40,50,0,31,70,71,35,6,35,60,45,85,100,85,10,5,20,
Expert297	1	1012245	32623	8655	30,100,0,26,25,5,40,40,50,70,85,25,91,106,37,35,101,20,40,80,0,22,75,105,17,0,106,40,61,60,101,60,50,6,96,80,95,
Expert298	1	1011259	35702	4654	105,65,40,15,65,75,80,50,82,26,15,35,55,47,50,85,117,50,5,70,72,0,80,55,90,56,5,40,75,20,40,112,30,20,11,
Expert299	1	1024749	33583	8074	35,35,15,90,110,15,90,90,20,0,50,50,110,45,20,60,70,100,100,46,56,55,95,5,10,41,30,106,115,70,95,61,40,50,81,105,5,116,
Expert300	1	1006879	32280	2878	110,30,40,105,76,80,97,20,85,71,45,115,0,65,70,105,80,90,80,121,55,115,15,105,115,36,81,75,5,60,60,120,45,6,85,100,10,
Expert301	1	1005247	32081	6293	105,35,40,26,40,55,110,60,82,5,65,16,115,75,125,15,0,45,105,23,30,40,5,80,10,120,116,
Expert302	1	1030397	32613	4519	40,35,25,55,25,90,40,110,5,60,16,81,75,80,105,15,65,0,45,95,20,80,22,110,40,5,30,10,100,96,
Expert303	1	1024417	32341	8607	65,5,100,15,115,17,40,0,61,71,80,20,70,116,65,66,45,95,75,10,95,5,31,11,50,70,60,110,111,105,95,
Expert304	1	1008984	34922	5822	77,45,55,1,25,16,15,25,116,30,5,41,60,96,120,30,105,40,1,50,80,95,10,72,106,15,115,25,51,
Expert305	1	1016793	34300	3431	115,100,55,135,35,40,15,75,65,80,80,80,125,115,40,20,1,71,100,125,35,115,70,85,85,90,70,131,125,6,5,75,110,10,
Expert306	1	1013475	36351	3971	106,65,0,0,125,36,50,70,110,125,65,85,92,80,60,120,115,75,55,31,6,60,102,65,1,36,35,5,50,40,71,
Expert307	1	1028010	33780	6620	91,100,35,20,40,65,65,70,87,10,75,60,55,105,61,95,0,71,80,111,105,45,95,26,71,65,50,5,105,50,110,45,5,35,
Expert308	1	1016001	35016	1797	90,61,45,81,20,30,50,90,50,70,70,107,45,5,17,0,40,20,101,76,56,95,86,41,5,10,100,65,95,6,46,80,51,
Expert309	1	1019372	33093	1864	90,40,115,26,50,30,100,80,5,115,15,115,75,65,16,0,35,20,21,30,5,11,60,70,110,111,95,5,105,50,
Expert310	1	1024376	37867	8854	70,100,55,35,25,25,25,30,61,81,90,45,15,116,30,5,71,60,70,50,0,50,90,91,55,85,7,35,110,10,
Expert311	1	1027283	32355	9829	101,95,20,85,40,40,70,110,20,70,65,65,95,55,36,125,5,18,120,100,30,31,20,125,10,30,60,75,90,10,50,80,90,60,116,
Expert312	1	1031519	34006	10558	110,125,70,95,85,65,15,70,35,25,43,30,20,76,50,75,26,45,60,5,105,90,62,0,25,71,70,21,80,81,55,120,55,115,25,36,
Expert313	1	1034896	37299	25663	5,60,100,60,100,45,50,111,85,45,6,15,45,105,20,105,30,110,105,72,101,20,95,70,0,100,40,97,45,106,17,0,100,100,115,41,35,90,80,115,55,40,40,115,
Expert314	1	1017533	34336	12821	0,110,35,15,20,40,91,20,105,111,56,60,87,35,65,51,115,95,10,70,45,50,0,61,105,71,115,45,25,25,96,105,81,61,115,
Expert315	1	1014232	37277	5777	56,65,85,25,15,35,40,41,30,80,50,51,65,85,85,125,111,106,37,5,75,90,45,90,91,70,0,31,102,35,115,6,95,120,35,10,20,115,80,80,56,
Expert316	1	1007648	33765	2354	70,15,105,80,55,115,60,90,35,25,120,106,40,5,55,60,70,61,0,116,47,5,100,65,101,10,20,30,
Expert317	1	1010108	36716	5423	45,80,0,0,90,15,106,20,105,45,65,15,16,60,0,80,90,41,72,95,100,100,86,56,36,85,41,65,5,11,100,95,10,5,60,5,45,45,80,31,
Expert318	1	1034665	36082	2942	110,20,65,65,70,45,105,105,50,71,70,55,100,61,40,115,80,30,80,90,40,115,90,115,55,55,75,5,18,20,0,70,50,50,110,95,95,45,45,105,51,75,5,12,111,65,5,70,85,5,56,100,40,40,
Expert319	1	1016906	38492	3252	75,65,87,45,0,20,16,90,20,15,50,75,50,5,45,106,5,32,1,10,101,41,55,25,40,105,10,95,10,105,7,15,90,20,
Expert320	1	1014831	36742	2835	105,15,40,70,0,90,110,111,55,55,60,90,86,86,50,50,115,116,96,5,47,10,0,90,91,5,110,40,110,110,56,80,76,80,66,
Expert321	1	1024424	32886	8908	75,65,35,100,85,115,45,95,26,50,25,90,5,105,15,15,16,100,95,0,55,23,40,90,105,50,5,12,110,100,96,95,5,30,
Expert322	1	1059968	36406	2974	45,5,17,0,40,100,110,70,65,81,71,55,115,105,91,55,25,65,36,25,106,41,5,10,11,0,45,45,100,100,21,50,70,45,30,60,95,5,95,115,30,
Expert323	1	1029229	32873	6362	75,65,45,0,15,102,110,52,81,75,116,95,125,45,50,107,15,35,27,10,10,5,80,55,43,60,0,50,120,16,101,20,30,15,80,30,115,
Expert324	1	1028935	34810	6079	35,35,0,100,15,117,75,65,47,0,60,70,90,70,100,82,111,56,25,35,105,25,16,97,70,65,70,5,40,110,42,60,0,76,90,105,10,80,90,21,75,
Expert325	1	1008832	33328	22867	106,85,91,55,60,110,110,125,46,105,5,45,95,17,35,0,20,15,90,40,40,120,40,95,40,115,65,51,6,115,95,81,120,75,
Expert326	1	1042644	33095	8253	71,80,50,65,65,45,5,90,65,100,86,70,5,17,0,80,105,95,0,25,31,31,20,5,70,90,100,51,85,
Expert327	1	1013854	34537	9841	115,115,75,80,90,80,115,101,125,47,35,85,5,18,0,80,42,120,20,85,106,95,85,40,5,50,5,72,81,120,91,66,
Expert328	1	1017309	32364	5255	115,36,40,115,56,26,61,5,15,75,17,0,65,70,20,65,50,50,20,30,50,110,60,110,76,80,120,75,10,90,30,101,100,95,100,85,71,117,20,60,
Expert329	1	1023633	33254	3026	5,80,90,91,60,100,46,75,5,45,105,15,95,21,31,80,105,17,100,85,35,25,90,100,40,70,0,41,105,96,20,65,95,0,30,80,106,52,101,86,36,40,70,85,50,
Expert330	1	1026423	32983	11458	15,41,1,72,25,50,65,105,16,70,5,47,0,75,10,90,11,70,20,90,6,40,60,80,106,5,115,
Expert331	1	1022586	32292	2934	40,92,35,85,60,25,60,55,26,80,95,105,75,40,115,5,16,16,0,45,90,85,21,21,80,95,30,40,5,11,10,90,100,85,110,86,5,61,
Expert332	1	1036999	33117	3012	101,70,10,100,45,61,56,55,35,66,26,43,21,60,60,51,50,86,66,15,15,106,95,75,96,105,76,20,45,20,5,33,50,0,25,40,26,25,45,5,36,90,91,72,11,85,
Expert333	1	1009018	35752	8588	95,56,70,45,45,1,111,96,45,35,75,52,80,65,25,70,15,105,50,0,95,41,80,80,80,45,116,5,55,6,100,10,20,
Expert334	1	1024721	37348	17206	55,21,40,30,15,63,35,15,45,27,30,65,105,105,30,5,53,0,35,60,70,36,5,20,10,55,102,20,41,5,10,
Expert335	1	1036844	33049	4517	90,115,90,105,35,90,50,61,80,71,116,80,70,106,65,46,5,45,15,55,15,20,15,0,15,50,43,100,60,110,75,110,100,86,76,66,55,10,5,10,110,100,96,95,
Expert336	1	1026428	32512	2809	120,20,100,20,61,70,0,40,70,70,66,16,26,115,106,115,127,105,41,5,35,52,30,70,15,50,80,0,45,46,5,55,101,45,35,55,120,121,100,21,5,60,90,115,
Expert337	1	1022824	38313	4653	6,95,10,101,100,51,60,95,85,95,85,86,65,56,105,105,105,2,102,51,62,80,70,56,106,105,5,45,45,35,25,60,6,91,100,100,70,71,106,1,65,55,65,20,65,30,
Expert338	1	1021487	34196	3907	115,27,0,51,60,71,61,105,55,105,30,31,40,80,95,100,75,75,55,116,55,5,65,21,21,0,60,50,110,50,72,55,110,5,110,105,25,105,5,90,10,40,
Expert339	1	1016234	32562	9702	30,0,15,100,20,16,40,5,40,35,50,90,20,90,70,20,85,15,106,37,101,40,10,80,75,0,10,50,40,0,11,107,20,60,62,5,80,101,97,
Expert340	1	1023450	34982	9832	20,15,105,65,126,20,50,16,45,0,45,1,35,55,27,50,6,40,12,41,121,0,62,125,110,126,80,70,0,70,82,76,121,115,25,100,5,60,116,36,
Expert341	1	1006306	34107	14812	125,100,125,85,91,125,55,60,100,45,115,46,95,35,5,18,20,90,40,0,41,95,110,40,105,5,120,65,51,95,5,80,80,110,105,75,
Expert342	1	1019303	36241	24635	25,65,115,16,15,30,115,26,30,50,1,0,55,36,45,35,50,5,12,5,21,20,111,0,62,116,100,0,115,71,81,80,80,76,110,105,35,5,60,105,5,110,105,46,
Expert343	1	1019768	36354	2264	30,30,80,5,63,0,36,90,45,50,70,15,22,50,10,70,40,80,95,96,35,5,67,0,30,91,20,31,5,60,90,75,45,86,
Expert344	1	1023900	36296	5548	0,50,10,50,60,110,70,95,85,95,85,45,60,100,25,30,111,60,70,55,32,20,50,65,65,40,70,80,65,80,65,26,57,35,6,35,25,61,41,60,20,76,116,90,5,115,
Expert345	1	1029428	35376	10178	81,20,100,10,30,51,71,45,51,65,37,55,5,105,15,42,50,30,85,40,0,30,62,35,5,106,75,97,
Expert346	1	1023029	36949	9960	95,40,50,70,40,102,65,5,72,56,0,45,36,1,25,75,16,16,20,70,6,32,50,0,60,45,60,80,80,95,95,80,65,45,
Expert347	1	1015497	36675	3031	55,105,70,96,25,105,115,45,5,55,25,45,15,35,65,125,81,80,80,60,40,0,40,90,91,45,45,5,85,10,65,85,120,5,30,20,75,110,20,
Expert348	1	1017638	35596	1926	41,75,80,5,82,100,0,110,45,56,15,21,15,70,30,45,31,61,20,90,11,50,90,50,100,117,46,5,75,86,20,86,70,30,0,43,5,75,110,105,80,80,111,105,55,95,
Expert349	1	1019631	35215	5777	76,55,45,1,15,25,75,95,105,95,16,115,31,25,115,5,41,40,60,1,10,50,80,71,120,105,25,115,50,105,70,15,95,50,
Expert350	1	1018328	55983	1933	111,51,100,20,65,40,71,90,70,60,80,105,120,107,65,75,85,56,75,117,0,0,15,20,21,10,6,111,30,5,15,26,110,70,80,100,125,
Expert351	1	1017896	32396	6939	76,36,55,110,125,46,0,25,15,16,20,5,40,41,120,115,0,26,52,30,60,70,11,60,30,81,110,70,127,25,5,45,46,10,50,0,105,21,105,121,20,5,40,85,120,116,75,
Expert352	1	1026170	36998	1702	50,50,46,85,90,20,75,105,60,105,15,85,5,32,0,80,100,65,25,95,80,40,41,85,90,20,60,55,105,85,6,35,10,70,5,20,
Expert353	1	1013719	33432	2518	35,70,0,35,85,55,46,45,106,30,10,20,120,95,45,50,95,76,110,110,105,0,50,50,40,125,25,50,5,100,5,70,60,80,126,
Expert354	1	1009394	36772	4080	80,41,5,80,110,55,81,0,46,120,55,16,31,60,22,30,70,70,11,50,90,101,50,60,115,90,116,45,5,87,30,0,20,42,111,5,105,80,95,110,55,
Expert355	1	1009870	35023	9721	61,100,100,36,40,50,50,50,45,30,30,60,107,26,5,16,90,30,42,55,35,95,10,85,10,40,20,0,20,100,101,86,96,20,76,55,20,5,35,
Expert356	1	1017157	36244	6554	30,10,100,30,80,80,75,125,5,115,41,50,60,95,96,65,55,47,50,60,90,110,0,120,60,25,90,72,125,86,36,117,25,125,105,60,60,5,6,66,110,100,31,
Expert357	1	1008253	32858	3261	5,30,15,91,100,55,55,60,85,45,86,65,115,51,50,60,25,81,105,95,10,0,96,60,61,5,71,105,36,105,6,65,90,20,
Expert358	1	1005992	31776	1095	80,60,90,80,45,50,115,125,15,25,107,30,5,60,61,51,0,41,72,90,115,45,15,15,115,6,5,35,100,20,
Expert359	1	1012529	32512	1819	20,50,125,30,70,125,81,116,125,46,65,72,40,40,110,110,106,55,26,40,85,75,35,60,120,95,95,120,105,40,5,60,110,55,5,5,45,90,30,
Expert360	1	1012026	33302	2424	105,90,40,20,50,71,105,35,35,50,51,30,45,30,100,75,95,100,25,75,85,85,25,96,85,30,15,30,5,55,62,100,45,6,50,35,35,90,21,
Expert361	1	1011490	34345	2538	35,5,75,90,105,106,35,55,17,15,50,80,30,0,90,30,60,45,101,45,60,60,75,95,75,26,87,31,55,5,12,100,95,50,6,36,80,21,
Expert362	1	1018840	32482	831	25,105,110,50,30,40,40,71,126,60,105,80,105,5,30,15,111,50,50,30,21,6,100,85,65,15,30,100,120,75,
Expert363	1	1015918	32598	2945	100,46,6,15,20,90,30,50,70,85,20,30,45,90,106,16,0,15,101,50,42,80,75,0,107,62,101,80,100,95,35,60,96,46,
Expert364	1	1042387	33433	11983	45,130,50,130,95,50,45,5,15,20,115,60,30,100,130,85,45,76,126,16,76,0,80,105,20,51,42,110,70,135,125,0,90,82,35,70,65,90,40,136,65,
Expert365	1	1008930	36333	3653	75,110,100,40,80,80,90,90,55,55,15,65,90,86,45,105,115,105,25,105,30,70,5,72,115,65,90,0,115,36,100,100,35,5,10,20,75,100,40,
Expert366	1	1041809	33465	12307	15,97,100,40,61,85,40,55,75,35,15,40,105,20,55,105,22,101,60,45,30,70,10,46,105,91,106,90,60,10,5,115,
Expert367	1	1025845	33588	2405	20,15,107,40,51,15,30,40,121,75,15,6,110,5,45,101,95,15,56,45,80,25,110,60,46,50,0,0,50,11,90,70,100,126,35,10,10,
Expert368	1	1030932	34283	1384	60,100,60,20,70,30,70,115,45,90,51,81,90,100,116,45,5,45,65,18,60,0,41,111,105,20,86,95,56,95,41,105,65,10,5,11,110,75,5,60,5,46,90,51,
Expert369	1	1005914	40851	1446	100,56,25,15,85,115,65,15,116,70,45,37,41,5,75,61,61,0,70,91,102,15,95,5,6,45,110,20,
Expert370	1	1009911	37253	5638	110,110,100,100,55,55,60,72,65,51,107,45,115,5,116,17,90,50,45,60,75,15,60,61,20,0,55,35,97,42,65,10,100,40,75,100,5,10,100,35,55,
Expert371	1	1017939	33245	2589	85,15,95,55,110,96,15,40,30,5,100,75,15,6,15,35,90,115,100,116,51,35,25,60,50,80,36,1,112,10,91,10,70,106,45,11,105,
Expert372	1	1009727	47354	37261	0,91,100,110,110,75,75,36,55,90,125,46,100,65,0,25,65,125,18,90,20,6,82,100,45,80,121,0,96,50,95,30,5,10,5,30,
Expert373	1	1013237	36015	5900	46,5,15,15,15,90,0,50,71,40,40,81,65,80,25,35,75,55,95,96,40,5,11,10,80,0,47,5,90,15,91,30,50,20,
Expert374	1	1006065	37916	3505	100,65,100,55,35,35,95,15,21,75,76,80,0,100,96,40,40,40,90,105,90,85,26,10,40,5,72,90,30,61,30,52,86,105,105,35,
Expert375	1	1013203	34004	4668	85,70,110,120,55,10,20,45,38,105,40,50,95,76,105,110,110,105,0,10,52,5,20,30,100,70,5,60,80,127,
Expert376	1	1009038	34243	1778	100,125,10,50,115,65,70,90,30,81,115,126,46,72,41,25,120,110,86,55,105,35,105,110,35,95,105,41,5,25,75,62,70,110,55,5,5,46,90,100,31,
Expert377	1	1019709	33037	2010	100,100,115,96,36,1,35,110,25,105,15,16,20,5,90,91,110,70,80,71,115,97,0,25,12,55,100,20,115,115,70,6,60,90,80,30,31,80,80,65,111,106,105,5,40,
Expert378	1	1027448	32998	1487	35,1,95,0,30,50,105,72,56,16,105,115,26,116,31,5,45,61,60,80,60,0,35,70,40,35,36,45,5,66,112,11,25,50,90,105,
Expert379	1	1017968	36068	2007	81,71,20,116,100,30,51,91,115,46,5,65,18,0,20,60,41,111,95,55,85,105,41,65,10,5,10,110,75,6,45,100,50,
Expert380	1	1023209	34155	3819	30,0,70,0,60,70,90,60,56,55,66,5,45,25,80,15,115,80,100,81,0,60,92,65,65,51,5,76,85,110,10,35,20,35,
Expert381	1	1010810	33701	3990	80,20,55,90,47,50,76,65,75,0,51,100,35,40,100,96,15,86,50,5,40,71,25,100,25,95,6,55,80,10,
Expert382	1	1009871	33873	2707	35,5,71,80,100,117,105,85,75,75,75,0,80,100,30,101,130,65,90,130,25,110,57,65,125,95,85,95,100,70,5,70,130,46,6,105,120,20,
Expert383	1	1021539	32942	2900	91,75,105,25,35,85,35,115,25,46,50,65,50,5,18,60,0,55,55,40,41,50,65,50,21,5,10,10,5,110,80,100,70,96,31,
Expert384	1	1012357	32243	3178	16,41,0,0,51,30,75,110,25,60,15,105,15,50,5,47,0,55,12,50,90,120,20,6,40,70,80,106,
Expert385	1	1026032	32570	5660	65,105,1,15,22,80,90,115,115,16,5,100,60,35,15,101,112,43,70,116,115,105,50,10,65,105,105,0,30,11,110,96,20,95,10,50,5,100,60,70,110,5,87,
Expert386	1	1011343	33651	1143	50,85,35,15,90,20,100,115,35,46,50,45,30,60,110,105,25,70,95,10,6,70,70,60,61,70,0,0,30,81,80,35,15,90,20,100,115,35,42,55,30,110,55,105,25,95,10,7,15,90,20,
Expert387	1	1030506	38079	2062	41,5,81,110,55,81,0,46,55,16,32,22,10,61,10,91,51,116,71,101,115,45,5,87,0,30,40,20,111,105,95,40,40,5,80,110,55,
Expert388	1	1023677	37177	2130	50,71,36,25,40,25,60,50,60,91,125,85,5,15,115,15,105,15,15,70,0,56,40,21,41,50,75,20,50,10,5,31,10,110,80,95,
Expert389	1	1006373	32361	1269	70,90,21,60,60,57,15,15,66,42,85,35,61,50,40,10,10,51,65,85,25,75,76,65,25,97,11,85,45,5,33,50,0,40,15,15,16,45,90,5,71,35,35,91,20,70,20,
Expert390	1	1008757	33757	8641	0,30,0,20,110,15,40,85,125,20,60,110,125,70,91,101,55,125,15,15,5,5,72,1,11,80,121,115,25,116,10,
Expert391	1	1021508	32896	3916	70,110,65,100,85,95,45,35,27,50,5,80,105,18,100,0,55,85,21,20,20,50,5,71,80,105,40,11,30,10,100,85,110,86,
Expert392	1	1013086	46543	9884	125,10,40,70,85,86,75,35,0,35,0,26,50,60,125,115,90,60,90,85,75,25,5,5,45,45,52,41,1,20,20,80,20,95,
Expert393	1	1013715	32022	5412	30,120,60,120,90,55,81,77,46,85,25,85,15,51,115,35,50,80,16,20,5,62,125,100,0,15,50,41,100,30,80,70,125,70,71,125,116,85,45,
Expert394	1	1024914	33943	4844	100,30,115,90,115,60,90,87,46,25,65,35,17,20,55,5,72,70,0,50,41,15,30,60,110,80,82,45,110,106,95,65,
Expert395	1	1040580	36913	2152	105,85,40,55,60,95,70,15,20,30,21,10,40,100,110,87,96,105,7,20,90,90,90,65,52,60,96,25,95,50,2,90,100,83,95,115,105,
Expert396	1	1025147	38057	1802	105,105,65,7,15,20,102,71,80,70,107,1,81,90,56,45,35,80,6,102,77,105,60,25,10,90,90,60,90,106,0,0,85,75,30,40,86,
Expert397	1	1017043	36985	4588	112,85,46,100,66,65,40,70,95,96,95,20,45,60,75,55,0,60,61,41,71,82,116,45,90,91,45,107,15,15,35,36,70,70,5,115,11,
Expert398	1	1037829	38896	2967	36,46,60,60,50,25,91,85,115,25,50,5,125,15,75,105,17,70,0,56,40,41,50,75,22,50,10,5,10,31,110,80,95,
Expert399	1	1013581	38484	4792	80,70,100,90,55,111,125,111,45,95,36,70,105,60,6,86,17,25,26,1,75,30,65,31,30,60,70,5,40,50,
Expert400	1	1029300	35466	6233	35,126,50,75,80,90,101,80,115,125,46,100,5,45,95,85,17,15,0,20,80,43,85,85,6,72,81,110,91,65,106,110,65,
Expert401	1	1010272	33076	6011	90,90,75,36,26,46,50,105,85,65,50,5,17,15,60,0,56,42,31,50,50,5,65,11,20,100,70,20,95,5,95,
Expert402	1	1014686	32005	2319	0,101,15,91,100,76,55,16,86,15,5,45,63,40,0,11,80,72,81,15,15,50,105,105,5,65,105,90,20,5,30,
Expert403	1	1011614	35961	2258	110,35,5,100,15,35,65,16,110,100,41,15,60,70,30,0,90,70,80,30,81,91,55,25,55,75,75,46,25,117,107,31,65,10,5,12,60,0,35,35,100,80,110,20,110,35,90,35,65,5,15,101,15,110,41,20,
Expert404	1	1014260	32091	5258	111,35,55,75,26,0,100,56,100,110,15,85,35,35,15,16,31,5,21,30,90,105,85,10,70,20,0,10,51,50,40,15,5,117,60,70,106,
Expert405	1	1026524	32653	4114	50,61,81,95,60,115,75,125,46,60,0,16,55,26,35,25,11,65,5,43,0,60,70,17,101,20,80,80,20,30,50,5,45,30,100,50,
Expert406	1	1011488	31820	1700	100,0,50,50,70,110,46,60,85,35,25,125,0,61,70,40,116,70,106,60,5,40,120,80,90,55,55,5,115,5,65,100,20,
Expert407	1	1027190	36730	3157	45,25,101,65,70,30,91,90,75,61,105,50,115,105,86,115,85,115,65,7,111,110,55,40,41,50,116,15,40,115,2,111,105,60,80,82,116,66,7,70,96,
Expert408	1	1020174	32250	1825	100,90,85,100,110,40,0,41,115,50,70,115,26,115,30,65,15,107,0,30,30,51,111,96,86,30,5,100,100,60,100,110,70,46,5,95,5,35,80,10,
Expert409	1	1020982	34164	2235	41,75,5,83,110,55,100,70,55,0,46,16,22,30,61,30,90,30,100,90,11,51,117,46,5,85,75,87,20,70,0,30,43,110,110,75,80,105,5,80,95,105,110,55,
Expert410	1	1013380	32936	6231	35,25,35,25,45,101,45,75,50,95,115,85,65,50,5,17,15,60,0,56,42,20,50,65,50,10,5,10,110,30,70,106,30,20,
Expert411	1	1012402	34435	6308	26,90,100,15,120,35,65,65,115,46,35,116,50,75,15,80,50,5,80,81,0,55,70,90,55,111,40,55,60,10,125,55,5,75,10,86,31,110,20,20,6,40,
Expert412	1	1050168	33364	8044	15,31,0,40,40,92,75,85,25,17,105,40,70,55,5,95,38,90,0,75,45,13,70,95,30,40,100,86,5,31,90,75,76,20,
Expert413	1	1028287	37336	5266	46,35,115,101,55,61,91,85,85,125,115,125,125,115,85,95,6,25,26,1,65,110,32,121,120,95,65,52,60,100,90,100,127,60,115,40,6,40,
Expert414	1	1011763	36355	5530	90,105,66,56,0,0,35,115,25,45,18,30,20,5,5,51,50,60,60,0,35,0,71,10,40,90,82,36,75,106,
Expert415	1	1026240	33599	3357	90,65,10,55,70,71,50,116,80,30,61,106,105,45,115,45,51,75,25,50,41,100,110,65,65,100,36,97,85,41,100,25,75,7,45,45,80,90,31,
Expert416	1	1041849	33344	9719	85,75,46,110,0,50,15,100,15,25,110,65,35,25,85,36,60,115,105,25,10,10,5,6,15,55,102,40,40,110,65,30,40,50,90,70,16,1,21,31,80,60,115,116,30,
Expert417	1	1039477	34273	1752	40,60,75,20,95,15,20,40,0,0,35,102,77,50,65,51,107,5,36,85,5,45,28,40,1,102,55,10,90,31,55,70,60,70,70,70,86,65,50,36,50,107,
Expert418	1	1035372	32848	5567	45,50,102,95,35,27,90,105,50,5,16,60,115,86,75,15,0,55,15,100,95,21,30,21,90,105,50,5,11,110,10,40,100,97,
Expert419	1	1023862	34690	5350	95,102,50,35,70,36,55,105,105,90,1,111,110,56,30,75,105,0,31,60,51,45,115,25,15,61,97,30,5,115,115,16,6,35,90,20,
Expert420	1	1014310	32136	3068	95,10,70,35,80,5,25,42,27,65,30,75,90,50,90,90,76,5,52,40,1,70,95,71,95,95,20,35,22,75,31,60,91,62,35,87,5,90,76,
Expert421	1	1043284	35096	7179	115,55,60,70,101,100,45,45,76,90,90,116,86,25,35,35,5,35,15,65,52,125,50,60,0,30,30,82,95,110,35,111,35,5,55,120,95,71,10,106,20,
Expert422	1	1011240	34362	6152	20,105,40,95,112,126,135,30,90,100,60,100,136,125,76,5,15,85,16,0,20,15,80,70,40,70,120,71,5,120,131,106,90,57,95,85,95,11,120,116,
Expert423	1	1033835	37119	2274	85,60,51,60,116,46,95,100,20,70,115,95,5,31,15,30,0,90,110,75,25,105,90,42,55,95,65,100,20,70,115,95,5,35,10,80,20,
Expert424	1	1031567	41651	2541	120,10,100,50,100,1,25,25,30,60,80,95,25,5,75,5,56,47,50,50,1,20,120,90,85,65,35,110,70,85,65,45,21,6,70,92,75,1,26,30,25,40,61,
Expert425	1	1029870	33893	8850	0,30,45,15,30,120,110,121,75,50,75,80,107,45,85,70,70,125,90,70,116,10,105,65,55,0,81,91,25,125,55,36,115,81,125,7,85,110,20,
Expert426	1	1021420	32933	5061	35,25,45,35,91,45,25,75,51,65,105,5,17,85,115,0,15,55,60,55,21,42,50,65,20,10,110,50,5,30,10,100,80,70,5,30,96,
Expert427	1	1032344	32626	2234	35,112,95,75,45,25,95,126,56,105,5,15,65,83,0,60,51,91,90,55,120,45,121,45,5,85,70,10,20,30,116,115,
Expert428	1	1010330	33479	3233	35,5,16,80,15,90,41,61,70,0,30,71,55,105,65,65,55,26,46,87,97,31,5,10,11,0,70,36,35,80,90,90,80,5,15,80,15,105,90,21,41,
Expert429	1	1033424	35863	4586	46,5,75,18,110,70,100,50,0,80,41,100,50,80,91,90,66,86,56,115,35,25,25,105,116,40,106,75,40,5,13,0,70,90,48,75,5,111,16,102,110,51,5,35,21,
Expert430	1	1013817	33674	8717	80,15,90,116,5,52,0,66,110,40,70,96,86,15,106,0,15,0,25,55,31,31,40,20,50,6,100,81,90,90,115,
Expert431	1	1049280	37670	2262	50,61,50,46,95,100,20,70,117,95,15,85,5,32,0,90,110,75,25,105,90,40,40,65,40,95,100,55,20,70,115,95,5,35,80,6,10,20,
Expert432	1	1012458	32378	9483	15,31,0,40,40,112,105,25,17,40,55,70,60,100,95,85,95,5,115,38,110,105,106,0,45,11,20,11,40,
Expert433	1	1022909	38503	4221	100,100,65,35,15,75,20,35,100,95,87,0,96,52,50,5,80,40,80,90,105,25,10,5,42,80,0,91,31,60,70,61,106,35,
Expert434	1	1032052	33997	7993	35,45,35,25,45,50,25,65,80,50,75,5,95,15,16,0,15,60,56,42,50,22,65,10,50,5,5,10,90,70,85,31,5,100,85,
Expert435	1	1014351	34635	3515	70,115,65,35,105,45,26,85,90,46,76,50,6,17,0,115,55,22,50,5,10,30,10,70,80,100,115,
Expert436	1	1030772	33770	1346	110,120,40,55,25,105,110,30,65,66,115,100,20,50,70,125,100,80,116,5,15,40,100,30,6,111,120,55,
Expert437	1	1026959	32900	10735	20,90,45,30,70,60,125,50,80,110,126,45,5,16,15,0,100,40,90,20,121,115,100,55,41,85,5,10,120,75,115,
Expert438	1	1013496	32671	5184	115,20,50,82,55,60,75,105,90,27,45,50,50,125,116,10,6,60,60,32,0,60,50,0,21,50,70,100,41,70,125,71,45,85,25,6,85,100,125,
Expert439	1	1029660	33227	6200	105,95,41,35,40,5,15,16,0,45,70,92,20,50,62,55,25,97,40,80,5,12,0,30,60,47,5,105,105,15,92,20,
Expert440	1	1026319	32853	6171	120,65,45,26,0,85,75,25,40,15,15,31,30,10,120,110,45,65,110,65,45,120,20,45,70,16,15,40,5,95,40,100,50,20,70,115,35,20,40,95,20,10,0,10,61,81,60,15,125,126,116,
Expert441	1	1035503	33347	10176	91,40,90,75,82,70,107,95,65,45,80,5,16,15,5,25,26,1,85,40,35,41,80,50,40,30,6,5,60,100,95,95,
Expert442	1	1025097	35195	3039	105,0,50,25,80,65,30,40,65,70,25,95,95,25,6,52,0,91,0,60,45,35,85,21,20,61,95,95,7,25,80,30,
Expert443	1	1006935	34480	3004	45,100,110,66,26,80,35,15,45,125,130,95,95,55,5,72,0,50,92,55,135,40,20,5,75,60,85,120,115,135,10,20,
Expert444	1	1020744	36122	3120	35,71,100,45,100,26,35,115,45,56,95,61,125,135,5,15,85,17,80,0,65,21,65,50,41,20,51,31,61,85,5,11,120,90,105,
Expert445	1	1017985	32199	8618	36,55,100,115,46,0,25,17,20,5,41,110,105,40,0,50,26,10,51,100,61,71,116,115,25,5,47,50,0,10,10,96,21,20,5,111,40,110,35,105,75,105,
Expert446	1	1016669	33315	4529	0,100,46,100,15,110,20,20,30,15,60,100,60,30,120,110,55,120,70,56,66,105,10,80,5,65,40,70,50,50,116,105,125,70,50,60,80,91,126,115,
Expert447	1	1013745	34797	8989	55,100,117,60,17,20,85,95,20,96,40,2,45,35,25,25,25,40,5,90,90,80,5,65,110,12,0,90,111,52,115,115,95,115,95,60,87,65,70,110,95,106,25,50,5,16,15,0,0,55,45,21,20,50,20,40,30,105,
Expert448	1	1025734	36019	3994	45,111,65,35,25,50,5,102,70,80,93,85,65,25,110,76,106,76,115,116,5,80,16,15,95,105,1,55,22,30,40,20,50,
Expert449	1	1019127	35152	3899	85,20,60,70,30,102,75,45,75,92,50,70,80,80,115,116,46,5,65,16,15,0,15,60,42,70,20,105,111,106,85,75,65,40,85,75,5,95,11,110,95,
Expert450	1	1017150	45850	18629	40,5,6,120,110,60,45,75,45,35,36,120,60,40,81,15,120,80,70,90,116,116,75,85,126,95,85,10,65,85,45,65,32,41,80,1,65,80,91,100,55,90,90,
Expert451	1	1042481	58139	3921	96,101,20,30,50,40,85,70,60,110,87,65,55,107,95,1,15,21,40,20,10,7,15,101,26,100,50,60,80,115,
Expert452	1	1011609	32235	3663	46,90,36,55,25,55,60,25,60,75,105,80,5,17,0,65,20,65,21,51,31,50,110,61,40,6,40,10,100,5,70,96,
Expert453	1	1017726	39377	1912	101,0,85,55,16,25,90,85,100,65,37,60,26,105,95,11,5,6,15,45,90,100,65,45,71,70,41,30,50,81,80,35,60,106,105,
Expert454	1	1047224	33320	22016	35,75,40,60,11,120,90,60,81,115,60,90,105,55,60,115,76,20,46,45,30,126,30,30,30,121,66,80,65,125,20,50,80,100,126,91,
Expert455	1	1010812	32788	2296	25,60,110,15,95,85,30,40,56,70,106,5,40,41,0,101,50,50,35,115,50,105,105,5,45,90,10,115,20,
Expert456	1	1023251	34818	7365	85,45,90,10,100,115,36,7,50,25,30,26,50,30,112,60,87,65,117,57,37,0,112,0,105,60,60,70,105,15,80,25,105,60,60,
Expert457	1	1022645	32581	6583	81,30,55,45,106,0,30,61,10,20,120,46,50,85,105,0,51,70,115,40,125,25,25,50,70,5,100,80,91,60,126,115,6,115,
Expert458	1	1017760	32372	2956	35,50,90,91,105,61,72,85,85,65,106,46,5,15,85,45,55,16,0,20,15,50,43,80,80,101,60,76,75,65,65,55,95,10,5,10,100,96,
Expert459	1	1030513	32818	5074	120,35,115,25,75,26,40,110,65,50,82,55,95,75,125,5,18,120,115,105,0,45,23,116,40,30,6,80,
Expert460	1	1023012	34723	4887	92,105,85,5,66,15,20,35,125,41,110,16,126,70,15,50,0,71,120,121,115,45,70,45,30,5,60,60,81,80,96,101,65,5,116,
Expert461	1	1027898	32822	6283	115,65,70,15,40,35,40,135,35,0,0,51,70,25,125,17,50,20,6,30,30,70,30,60,80,100,110,0,60,92,110,135,65,135,126,
Expert462	1	1019114	33811	823	96,95,0,102,81,60,60,45,45,52,70,70,41,87,67,46,55,55,107,7,92,16,102,16,52,105,106,0,0,26,32,21,71,
Expert463	1	1021402	39043	3181	65,25,15,110,90,105,65,25,55,45,110,85,85,45,5,35,70,71,0,90,40,80,81,115,50,45,5,75,100,90,10,20,115,20,
Expert464	1	1016319	32488	2941	85,115,1,25,30,100,50,126,26,5,110,80,25,120,45,120,105,35,15,111,120,61,60,125,116,10,70,30,100,126,20,85,115,90,0,40,21,121,55,105,36,55,20,5,110,70,80,90,106,60,
Expert465	1	1010777	33048	1172	25,50,70,81,96,25,66,95,30,45,65,15,1,31,91,86,76,30,6,60,40,50,85,5,35,70,10,
Expert466	1	1029885	35474	20358	110,76,15,56,125,0,40,25,0,80,81,70,115,35,17,80,20,6,51,50,0,70,91,26,25,10,30,115,115,
Expert467	1	1013268	33493	4513	100,20,100,116,65,65,35,5,15,80,100,50,70,115,35,51,95,105,45,87,10,0,50,31,61,110,105,95,25,25,30,55,40,111,95,30,105,
Expert468	1	1019654	36689	30207	55,70,35,25,15,45,70,0,110,110,25,60,80,107,115,5,75,76,0,10,121,110,101,120,86,90,50,110,90,35,35,45,110,7,45,
Expert469	1	1005554	33730	1161	105,95,55,85,35,0,70,26,40,71,6,65,65,17,0,0,45,75,23,70,40,6,11,60,80,90,106,30,
Expert470	1	1022442	33948	3132	30,53,35,75,40,65,105,65,105,0,20,20,16,15,5,101,60,60,15,30,45,30,95,86,100,31,40,10,70,70,96,
Expert471	1	1011089	35887	1658	36,25,71,101,45,25,95,45,115,56,61,5,85,17,15,0,80,65,20,65,20,51,50,60,85,20,60,30,5,11,110,30,90,105,41,
Expert472	1	1008276	33398	1363	100,77,45,0,100,55,35,0,16,96,15,5,20,20,31,30,1,60,40,10,70,110,71,16,50,106,95,41,51,10,80,6,105,
Expert473	1	1008262	34149	2214	100,5,40,15,100,110,66,70,97,55,75,62,115,105,125,70,10,45,0,25,106,70,90,81,90,116,36,71,45,5,6,75,100,20,
Expert474	1	1023316	37469	9595	110,10,110,10,20,75,100,35,35,56,60,55,30,88,35,45,65,52,105,50,15,31,70,0,61,80,71,105,95,80,117,35,95,61,6,105,
Expert475	1	1030836	38829	2092	70,15,110,100,125,125,96,65,65,0,0,70,25,70,30,25,45,70,50,100,60,95,25,45,6,60,60,75,115,10,60,1,20,90,90,105,90,25,
Expert476	1	1007519	34060	3567	75,65,121,85,56,105,65,105,10,25,30,30,110,65,70,95,105,0,70,40,70,60,115,36,20,60,51,80,80,70,125,80,125,55,116,
Expert477	1	1009920	34213	3300	5,121,95,15,20,85,66,35,40,115,17,40,100,0,50,120,116,72,112,125,105,60,46,90,30,60,90,82,65,105,126,70,105,
Expert478	1	1017984	35788	3316	45,55,60,70,102,75,25,45,75,90,15,90,35,86,36,5,65,50,51,60,115,30,50,0,30,82,35,5,55,110,96,10,35,70,70,5,20,105,105,
Expert479	1	1029081	32497	5073	0,80,101,75,65,126,10,20,40,130,80,65,65,70,105,125,40,0,70,70,60,135,25,90,70,91,135,5,60,120,55,100,111,86,135,
Expert480	1	1012107	37037	1372	70,26,41,50,1,70,50,61,86,36,15,15,85,97,50,46,20,70,50,6,70,22,1,55,41,61,57,45,6,45,26,91,11,
Expert481	1	1008694	36194	6962	50,70,35,35,5,15,91,50,70,80,16,0,31,80,65,80,25,75,55,95,96,30,5,12,0,80,35,91,20,36,5,40,15,90,50,
Expert482	1	1038367	34422	69442	100,110,65,56,70,45,66,82,80,90,61,90,117,76,106,35,75,85,45,5,17,15,55,0,80,20,73,110,5,61,110,95,45,
Expert483	1	1020784	41973	7538	85,90,50,25,70,26,55,95,30,80,1,95,30,102,60,56,30,20,75,95,45,0,20,20,51,105,60,85,60,106,85,15,85,20,5,6,25,80,10,
Expert484	1	1016852	34893	17975	55,56,75,45,37,60,40,70,71,70,50,65,81,50,115,105,115,105,65,5,65,15,20,75,17,70,0,60,60,101,61,85,5,75,55,11,100,46,
Expert485	1	1011834	33911	5365	15,20,80,50,1,105,117,75,35,65,16,0,45,55,28,30,80,90,50,5,105,12,60,0,71,92,110,46,75,105,85,
Expert486	1	1019870	34698	26195	66,75,45,37,40,115,50,71,61,81,116,71,95,57,75,45,5,15,16,15,70,50,20,0,52,75,5,11,112,65,85,45,
Expert487	1	1019778	36014	4042	40,100,85,5,65,85,95,30,30,40,50,77,55,45,37,90,80,0,40,51,62,85,105,95,70,26,16,96,51,70,85,45,5,33,0,55,40,60,56,105,5,91,11,
Expert488	1	1038587	38714	3001	60,100,60,5,25,120,120,15,40,110,120,85,76,56,25,75,80,125,115,25,2,21,65,35,15,15,20,5,110,120,85,70,70,65,105,15,30,5,52,0,70,81,92,65,106,85,
Expert489	1	1013146	38115	1439	55,0,25,110,120,121,75,45,105,46,55,70,125,60,25,35,115,35,35,20,65,20,7,25,110,120,75,65,82,60,60,40,90,101,100,45,70,125,126,
Expert490	1	1036832	37644	1849	25,81,10,76,90,30,110,45,126,105,45,55,60,5,61,50,40,120,115,35,95,15,60,0,40,70,71,25,85,45,5,65,10,90,30,
Expert491	1	1024230	34126	2238	110,125,85,60,105,0,75,25,26,90,110,5,75,45,5,52,0,0,40,70,115,95,22,71,65,5,45,100,80,6,120,115,
Expert492	1	1025106	35332	19457	71,80,90,117,85,5,75,17,120,40,15,70,90,100,0,81,65,100,55,25,80,35,75,100,95,45,127,80,5,11,10,70,10,0,100,85,85,121,85,30,20,5,15,120,40,
Expert493	1	1006098	34950	12643	55,45,71,65,100,65,70,40,50,25,117,5,30,25,40,40,75,85,105,30,30,0,40,21,62,75,95,111,10,25,96,
Expert494	1	1016744	32483	2146	90,75,20,55,46,100,45,50,65,85,86,0,51,110,41,25,35,105,95,15,95,110,50,5,81,105,110,25,60,70,5,105,5,55,90,10,
Expert495	1	1023157	33717	4739	111,55,80,30,60,90,80,76,45,25,45,75,86,35,52,16,15,20,115,80,5,61,50,100,60,15,30,80,70,116,0,41,71,70,45,85,
Expert496	1	1014815	40847	8554	55,5,100,55,75,17,90,0,100,80,15,70,50,50,25,80,65,65,45,80,36,105,97,25,50,75,50,10,105,5,12,80,70,0,57,5,45,20,90,5,90,31,
Expert497	1	1012298	34200	2686	35,5,15,15,80,100,41,60,15,0,60,30,72,56,96,25,66,46,25,86,107,85,30,30,5,12,0,70,37,5,100,80,16,100,100,20,95,81,20,41,
Expert498	1	1009433	31898	14753	0,25,25,15,30,16,0,125,46,72,65,5,35,37,60,0,76,42,20,70,66,90,100,10,110,30,10,20,100,110,125,10,70,6,50,
Expert499	1	1011766	38005	2967	36,26,61,90,105,46,51,5,125,75,90,85,115,17,0,15,70,56,40,20,41,21,51,75,5,11,110,80,31,95,
Expert500	1	1020970	33461	6480	30,55,55,75,90,125,91,70,50,125,125,86,46,71,65,70,40,121,40,95,80,80,116,115,36,25,106,41,5,95,6,45,100,20,
Expert501	1	1022403	35747	13100	95,110,85,57,46,70,20,82,80,100,100,51,115,30,60,90,90,116,76,5,75,85,16,16,0,80,20,73,5,85,110,11,110,105,110,55,6,95,
Expert502	1	1023905	33066	10576	55,21,40,95,30,61,60,60,16,45,35,105,26,25,30,96,30,65,5,52,70,50,0,60,36,70,35,91,5,80,21,55,40,90,11,106,40,
Expert503	1	1026697	40716	2738	25,40,15,40,0,50,50,100,95,100,25,80,100,80,70,30,65,70,66,65,75,35,75,20,90,105,80,106,56,5,45,46,0,10,50,51,100,95,25,5,30,100,41,100,70,70,62,86,75,96,
Expert504	1	1017001	32905	4369	0,31,100,70,71,105,0,10,90,80,46,106,60,60,60,55,101,95,15,60,5,35,36,0,65,12,70,60,6,30,50,80,96,
Expert505	1	1027682	33213	5061	91,35,115,35,46,50,85,75,26,105,65,50,5,18,0,55,60,22,55,41,40,50,65,50,5,10,80,10,100,110,70,96,31,
Expert506	1	1024708	37217	2731	25,0,85,95,25,41,105,0,51,70,60,70,95,60,36,16,106,86,51,95,46,6,23,61,1,55,41,56,5,70,70,5,55,46,25,25,81,101,11,
Expert507	1	1026653	33722	13034	60,85,115,85,115,95,0,15,85,65,20,95,30,105,95,1,110,111,45,45,45,115,115,90,100,115,6,36,25,91,45,35,10,60,0,62,70,80,6,40,107,
Expert508	1	1022325	35216	5115	35,45,25,51,100,96,75,95,6,60,62,0,0,90,100,71,100,25,91,58,40,95,70,95,95,5,40,41,0,92,51,50,96,107,95,
Expert509	1	1023208	36036	9031	30,60,45,91,55,60,81,60,25,35,15,76,105,36,65,5,53,60,0,31,71,70,35,5,85,55,95,100,10,20,
Expert510	1	1030583	34774	12566	25,35,15,25,90,100,66,46,35,126,125,16,50,75,80,50,5,110,82,70,0,56,90,55,55,11,75,120,5,120,41,85,85,120,31,21,
Expert511	1	1015792	39745	5253	75,81,95,75,46,105,35,5,95,35,16,25,55,115,62,50,60,30,0,30,72,85,36,5,55,66,5,110,5,20,10,10,
Expert512	1	1010628	39449	2027	105,65,55,31,40,72,45,35,115,25,15,106,35,15,35,41,76,6,62,51,70,50,70,50,60,0,0,81,90,91,85,6,15,5,45,100,20,
Expert513	1	1022756	32443	2724	80,80,25,30,91,65,55,25,0,25,15,71,90,86,85,15,30,31,10,81,80,22,70,87,40,16,20,6,60,5,11,80,50,95,96,
Expert514	1	1028258	33134	11562	135,1,60,100,110,70,91,45,90,125,75,45,125,36,136,60,55,25,60,5,81,100,110,80,125,50,5,5,66,130,31,
Expert515	1	1017739	36468	4816	56,95,5,18,90,0,50,120,20,61,101,50,110,85,111,106,75,66,85,75,46,36,127,50,95,10,26,50,5,12,90,0,110,58,5,95,16,120,41,121,30,21,61,30,
Expert516	1	1012958	39807	4906	5,15,16,0,55,61,106,35,20,60,50,15,70,105,45,51,65,95,95,27,60,55,60,5,11,10,50,50,40,101,95,
Expert517	1	1011777	32199	5537	5,5,25,30,15,30,41,120,85,90,115,116,95,75,61,15,85,15,15,75,27,1,71,91,50,50,90,81,101,110,126,45,125,90,
Expert518	1	1028884	32853	6726	60,100,90,75,55,35,25,25,40,60,86,25,5,15,70,95,17,90,0,75,45,22,20,60,40,5,70,95,10,10,10,90,100,30,85,76,75,
Expert519	1	1041213	33148	22218	15,41,1,80,81,75,60,105,25,16,80,5,60,47,0,85,12,80,20,90,5,55,40,70,110,90,105,110,105,
Expert520	1	1018645	36094	10380	30,0,115,15,75,20,0,60,90,91,70,126,100,125,86,85,66,55,5,26,26,50,0,30,60,61,70,121,45,80,105,80,10,60,46,76,96,
Expert521	1	1051126	33332	5770	65,50,35,92,85,25,45,105,26,50,5,80,95,17,75,15,0,90,85,55,23,50,40,5,80,95,11,30,10,100,90,86,85,
Expert522	1	1032795	33778	8383	0,90,35,25,90,15,40,1,51,105,106,70,70,66,110,65,75,5,47,0,71,101,96,60,10,25,95,70,36,50,
Expert523	1	1024765	35745	11542	66,85,36,5,17,0,30,30,20,80,60,105,95,120,105,15,95,75,110,81,35,45,60,51,51,30,85,40,121,85,60,86,36,70,55,10,90,46,55,45,90,6,80,35,71,81,66,40,125,100,125,125,
Expert524	1	1122872	36304	17257	20,35,90,35,100,5,50,15,65,16,100,110,40,67,30,95,70,15,96,95,0,75,60,115,35,25,40,62,30,71,55,30,81,115,80,76,46,105,106,31,5,65,12,60,10,55,80,0,38,5,65,101,15,15,100,41,70,90,115,
Expert525	1	1137996	40853	9772	50,80,50,5,80,120,81,110,65,65,15,20,0,40,71,70,100,90,55,21,100,10,60,126,70,30,55,90,60,117,125,56,5,85,75,20,87,70,0,50,52,5,75,81,112,105,65,95,
Expert526	1	1015055	32433	7567	85,105,75,120,45,95,45,0,120,50,16,110,120,65,105,35,25,25,85,25,10,35,35,60,55,125,115,10,7,42,15,111,120,50,15,21,70,65,15,30,100,110,0,0,32,6,60,125,80,126,
Expert527	1	1032395	37146	4160	41,5,85,92,130,80,90,0,120,56,16,30,46,31,60,100,22,10,60,100,10,51,71,111,125,136,126,45,135,45,85,5,95,95,30,96,0,80,20,43,121,105,5,85,91,120,55,115,
Expert528	1	1064605	34234	4232	36,65,5,18,120,40,70,100,115,90,60,0,40,31,90,70,82,115,90,75,56,75,45,45,26,127,107,31,65,10,5,11,80,10,0,60,37,5,120,90,100,35,65,115,15,20,15,100,20,100,120,120,41,
Expert529	1	1032367	33822	2727	100,61,70,45,90,125,50,70,90,20,30,50,115,100,81,126,115,115,46,65,5,18,60,40,20,0,40,111,120,86,56,120,105,96,41,5,65,10,10,110,10,75,5,105,5,60,46,90,51,
Expert530	1	1085304	35013	26708	25,0,16,116,105,30,45,0,45,61,106,60,55,5,38,50,0,66,100,20,42,100,60,111,10,58,70,16,66,30,6,81,46,30,65,71,15,30,52,50,116,10,60,90,90,115,
Expert531	1	1079438	35531	5647	90,100,80,25,5,25,15,40,55,15,90,30,57,60,15,20,88,65,50,0,25,15,30,50,45,51,20,61,20,72,65,65,36,106,96,95,20,55,45,20,10,5,12,50,70,0,27,5,90,90,25,55,16,90,31,6,60,80,105,
Expert532	1	1052415	43742	9793	36,6,51,61,115,71,80,106,105,85,76,66,50,0,65,0,71,81,90,45,100,125,15,25,45,15,35,80,116,76,80,6,61,91,60,60,71,1,87,6,30,65,111,11,20,
Expert533	1	1075050	37657	11629	80,80,70,115,35,105,55,15,20,40,60,40,125,90,115,20,20,10,30,80,90,77,36,15,26,120,65,66,50,126,100,125,5,52,0,120,121,60,61,30,125,21,10,30,70,72,125,125,5,80,35,95,
Expert534	1	1066902	36008	9108	120,20,65,100,65,70,45,116,50,30,72,81,55,61,110,40,105,126,40,105,91,125,56,75,5,18,70,0,20,51,120,95,120,95,85,46,115,51,75,5,12,120,65,70,6,56,110,41,
Expert535	1	1050638	36320	14287	80,110,125,65,71,91,90,75,75,100,60,117,65,55,70,70,85,70,45,95,15,15,37,25,40,75,126,80,40,5,82,0,70,61,100,101,65,95,15,7,45,120,20,
Expert536	1	1094596	38211	12257	55,5,16,15,0,120,50,20,61,91,100,101,112,96,65,65,86,25,76,36,45,25,126,45,125,51,5,12,0,100,57,20,20,120,5,16,121,41,60,31,60,
Expert537	1	1053178	39248	17452	55,0,111,0,35,25,15,120,110,120,82,100,126,115,90,65,10,65,125,45,70,25,116,0,70,90,50,70,121,36,70,80,100,35,126,6,110,5,76,15,55,110,101,110,91,76,1,85,20,122,40,86,
Expert538	1	1015055	32538	9109	45,65,25,71,25,95,85,25,0,40,16,31,30,105,70,10,121,46,45,65,65,15,35,15,5,20,20,80,20,110,15,41,70,125,105,20,40,0,11,50,62,80,125,15,5,90,90,125,
Expert539	1	1022781	40366	2364	40,60,75,90,90,86,55,55,30,25,25,42,20,60,90,72,100,95,100,85,96,76,25,47,21,71,91,80,106,65,65,45,35,90,75,90,75,7,110,51,110,80,81,56,70,0,0,95,30,70,96,40,61,
Expert540	1	1014078	32307	3053	25,115,35,115,40,50,75,120,76,105,56,5,17,0,45,111,110,120,62,125,116,25,80,115,40,5,105,11,60,10,50,0,50,72,55,5,25,126,6,45,110,30,
Expert541	1	1033344	35199	12481	110,5,110,50,95,75,95,105,40,15,40,50,60,87,65,55,47,100,90,50,60,70,115,0,60,70,70,80,36,25,25,95,107,15,61,5,55,43,70,50,0,66,101,10,80,65,21,115,95,
Expert542	1	1051028	35868	6913	25,45,45,25,75,5,16,110,120,16,70,0,51,81,90,41,65,91,85,100,101,65,85,55,35,55,35,127,40,75,116,115,40,25,5,10,12,70,90,0,47,120,110,5,100,45,15,75,31,15,121,110,110,51,
Expert543	1	1030959	37484	8177	126,65,30,40,80,55,100,125,75,82,20,70,115,120,0,70,45,90,115,15,105,36,71,15,85,35,41,6,85,60,61,90,60,0,45,80,46,120,30,11,115,
Expert544	1	1034031	37051	4082	90,41,5,65,70,70,71,100,0,45,55,90,15,22,30,10,80,80,50,60,106,105,46,5,45,65,76,76,20,60,40,0,41,40,65,101,95,95,5,85,71,100,55,
Expert545	1	1036855	36088	7783	42,50,67,15,1,81,40,80,0,61,57,30,65,25,65,5,48,0,10,61,60,31,30,65,76,85,15,17,80,60,37,67,5,43,75,0,62,50,30,51,31,25,86,65,85,66,25,
Expert546	1	1054097	33401	5214	40,55,82,90,50,45,45,0,0,35,25,15,80,0,60,40,98,45,5,85,65,10,20,5,30,5,40,40,55,85,85,85,50,46,1,60,35,0,60,41,25,70,55,40,90,80,5,80,80,115,25,100,50,120,70,60,5,35,90,116,35,
Expert547	1	1164309	38908	33650	80,35,120,35,5,15,120,41,51,90,90,100,116,35,115,85,15,15,75,15,80,0,31,101,95,55,95,25,55,46,125,126,31,5,65,85,13,0,35,120,80,100,36,5,15,121,41,51,20,
Expert548	1	1056465	36581	30047	41,120,0,60,90,80,90,55,120,55,70,100,101,75,51,97,127,55,65,65,6,17,30,15,1,51,70,70,90,105,85,71,55,60,35,60,90,116,25,36,25,50,105,61,75,75,10,121,50,115,
Expert549	1	1178033	37942	24250	75,42,60,50,76,15,40,2,92,71,56,55,76,5,47,10,0,70,70,70,65,30,31,95,45,30,75,85,25,18,70,90,85,35,36,76,40,60,85,75,5,40,41,0,70,71,50,32,26,50,50,77,95,96,
Expert550	1	1023703	34029	1622	120,105,45,25,120,15,50,120,61,105,75,82,65,35,105,65,125,75,115,35,5,35,55,41,41,50,0,31,70,102,71,35,5,45,110,120,60,35,60,87,66,125,10,126,20,
Expert551	1	1016190	34499	5527	40,40,5,75,100,83,70,120,56,16,30,0,46,30,110,20,60,21,90,30,60,11,110,51,105,105,90,127,46,5,75,87,0,85,70,30,20,42,121,75,95,40,5,81,120,55,116,
Expert552	1	1008207	33832	7968	25,120,90,40,56,75,115,105,40,0,60,87,65,5,47,0,100,15,20,60,80,60,110,70,80,71,115,50,95,106,105,60,116,36,7,65,100,10,
Expert553	1	1061268	33868	11400	135,20,81,55,60,30,120,115,71,45,60,120,91,136,45,60,5,45,15,85,20,50,30,15,120,86,40,15,0,60,41,80,125,131,125,35,40,5,110,10,125,80,95,130,56,
Expert554	1	1030418	33656	7038	35,5,51,60,125,70,115,97,75,65,55,56,0,60,71,81,91,46,25,16,35,116,35,70,65,107,70,50,5,52,0,60,80,76,31,10,75,5,55,102,10,5,20,
Expert555	1	1076570	35474	12196	60,70,101,20,100,30,85,50,76,92,115,116,70,80,80,126,45,125,46,5,65,18,60,40,110,0,40,40,121,20,70,86,105,40,106,76,65,10,5,10,120,96,
Expert556	1	1065947	36599	16439	110,80,37,5,85,18,80,30,0,41,30,110,51,91,101,65,75,100,96,55,55,115,115,46,30,85,10,25,115,30,5,12,80,0,100,37,5,41,15,112,20,51,
Expert557	1	1077694	34892	8250	35,40,40,40,110,25,15,110,110,75,30,61,82,125,65,90,75,36,5,45,126,35,60,51,61,115,105,50,0,31,120,120,72,35,5,85,120,55,100,85,10,116,20,
Expert558	1	1079193	34388	7341	30,80,5,80,75,45,15,105,90,106,50,17,0,80,51,101,95,100,20,41,62,72,45,45,25,85,86,50,105,5,13,60,0,55,81,30,90,106,70,57,5,15,80,20,101,96,95,
Expert559	1	1076982	34148	7836	15,110,40,105,85,110,76,90,56,65,0,0,91,25,70,115,15,15,90,35,15,20,6,51,70,80,100,100,100,85,75,55,55,0,0,95,25,12,30,20,110,75,95,95,5,120,100,95,70,115,116,
Expert560	1	1050680	36088	20576	5,60,26,85,25,0,40,92,126,80,56,25,0,100,125,75,81,116,80,70,95,120,70,105,46,36,65,45,70,90,70,86,20,5,90,5,120,20,21,115,0,80,95,95,30,40,61,95,
Expert561	1	1115836	36798	20683	40,30,0,0,65,15,0,45,21,122,75,105,116,95,47,50,110,71,111,95,16,105,15,5,115,115,5,80,82,0,111,12,90,115,100,75,0,115,75,115,41,40,112,15,125,25,40,91,15,5,100,126,
Expert562	1	1054386	33186	3073	30,1,15,21,111,110,105,65,105,70,87,75,55,101,60,85,100,17,5,106,35,35,36,0,101,11,80,65,10,20,105,106,10,5,70,30,30,50,82,75,30,101,117,40,
Expert563	1	1059673	33317	17092	55,61,110,45,35,110,70,47,75,116,67,50,111,72,80,70,115,55,115,62,80,40,105,110,40,80,125,126,55,5,110,55,75,15,20,16,75,60,0,75,52,50,5,121,71,10,115,85,45,120,105,115,115,5,85,
Expert564	1	1027137	32666	2793	95,110,50,30,10,40,61,125,125,70,26,41,105,5,95,35,115,50,51,40,0,21,120,80,120,66,105,16,105,95,116,21,120,5,35,6,25,90,25,110,11,
Expert565	1	1048759	33739	4356	26,0,51,61,36,40,70,71,45,31,65,66,56,36,40,75,41,40,51,31,62,96,36,16,107,87,51,5,45,21,21,0,95,60,75,40,55,56,100,55,5,45,100,26,100,81,80,11,
Expert566	1	1039353	44369	2999	15,15,40,30,1,80,100,126,55,25,15,81,5,75,66,35,37,0,85,10,20,50,60,105,85,85,5,5,115,45,10,11,40,1,82,5,100,55,
Expert567	1	1045630	34269	8262	20,60,70,101,30,85,100,76,91,90,70,45,126,115,80,125,50,80,116,46,65,5,18,20,60,0,43,110,70,85,110,121,107,85,76,65,10,5,10,110,95,95,
Expert568	1	1082717	35290	3926	25,95,111,15,95,110,45,60,50,60,75,82,75,95,66,35,36,55,5,42,115,105,40,0,50,30,30,70,90,71,35,5,90,90,45,100,110,35,61,87,66,117,10,5,20,
Expert569	1	1112096	35166	9068	110,40,80,26,5,55,15,15,100,30,55,56,60,15,20,88,65,25,51,50,60,80,90,15,30,0,60,70,50,20,20,71,65,116,81,35,65,97,35,45,107,115,20,55,20,5,13,70,80,0,45,50,26,100,26,5,55,16,92,101,31,
Expert570	1	1065418	33366	7523	100,100,66,120,56,85,85,25,35,43,20,30,81,50,60,50,126,50,105,85,25,26,75,5,15,91,115,45,91,0,70,21,102,26,80,5,55,95,110,30,55,
Expert571	1	1135787	41751	5664	31,75,80,5,82,70,0,35,110,45,15,21,61,101,20,35,51,91,10,40,115,116,35,35,5,75,88,70,20,30,0,30,110,31,5,110,75,80,95,105,80,110,45,
Expert572	1	1014841	33830	6546	105,45,80,45,75,126,30,55,60,25,31,30,120,120,20,71,92,75,106,86,75,125,26,5,25,65,35,52,115,60,20,50,100,0,20,80,81,25,5,55,101,25,110,120,71,95,96,76,125,126,
Expert573	1	1096215	38981	13884	70,41,110,5,72,100,55,0,15,55,45,20,62,60,50,21,45,80,115,30,91,10,50,80,107,45,5,75,116,45,65,77,60,20,40,0,40,41,100,65,5,71,101,55,85,95,
Expert574	1	1040053	38247	6499	105,25,105,25,45,30,5,15,50,115,16,0,15,35,100,110,101,50,70,90,70,80,80,80,91,76,26,55,107,30,65,115,5,13,0,35,80,100,65,115,115,36,100,5,15,100,50,
Expert575	1	1043496	33002	2816	80,70,80,100,26,45,5,16,90,30,46,20,80,45,50,75,77,16,55,25,0,41,40,40,21,30,51,105,71,60,61,70,56,36,95,106,96,87,21,45,5,13,0,70,40,26,60,81,26,45,5,16,80,90,91,31,
Expert576	1	1026674	33513	6557	35,25,40,110,70,105,105,40,70,65,66,75,5,16,15,0,75,45,102,110,52,115,106,105,40,80,5,95,10,10,50,10,0,71,25,61,60,75,25,116,7,45,100,30,
Expert577	1	1042404	32945	3448	100,65,120,56,25,85,35,15,42,30,80,51,50,105,126,85,115,36,35,45,75,90,5,92,70,0,31,101,100,36,5,80,55,95,110,5,10,55,20,
Expert578	1	1040544	37387	9323	66,55,6,27,0,0,85,40,90,90,116,25,90,80,60,75,115,55,82,50,95,45,110,65,36,105,105,46,50,90,90,51,6,86,21,21,110,0,95,80,96,40,31,105,
Expert579	1	1039606	34027	4189	95,110,20,30,60,70,95,60,45,101,95,110,50,50,70,81,127,45,45,65,5,18,0,60,41,121,115,20,85,55,85,55,106,40,40,90,115,65,5,11,120,75,10,60,6,45,45,100,50,50,
Expert580	1	1047356	38553	3749	80,110,55,5,15,20,100,111,75,91,125,30,90,70,125,115,105,25,10,0,50,125,87,55,55,65,5,15,16,30,0,15,20,100,60,51,50,80,120,80,70,46,120,110,45,75,75,65,95,10,120,96,70,115,105,50,5,116,
Expert581	1	1042929	36198	7319	31,90,65,90,70,5,72,100,45,60,15,0,50,36,22,10,50,40,81,106,105,35,5,116,35,75,65,20,75,75,0,75,60,31,110,31,5,65,101,71,95,100,95,45,5,85,
Expert582	1	1097258	38049	7405	45,5,17,110,0,40,120,51,81,100,92,75,65,101,86,35,55,65,25,75,55,25,35,116,127,115,41,5,10,11,90,0,47,110,110,120,5,16,121,50,110,50,20,5,20,31,
Expert583	1	1084714	37382	9293	75,30,40,2,45,111,95,15,21,110,106,47,5,65,101,50,70,100,70,95,17,5,106,82,100,100,10,80,0,10,10,105,90,0,76,106,42,90,101,90,116,25,100,15,115,40,15,
Expert584	1	1142184	38691	13836	100,115,5,17,0,50,20,111,81,66,70,91,105,15,110,71,61,86,70,116,85,66,55,36,55,56,30,60,106,115,30,6,5,110,111,75,11,10,70,115,115,25,115,10,1,60,0,110,110,80,80,81,116,65,5,5,95,
Expert585	1	1121416	36252	12838	61,55,25,70,45,25,5,15,101,85,35,110,25,36,40,16,0,75,97,0,41,30,115,106,40,5,5,11,10,30,0,21,90,52,70,25,80,80,115,65,5,115,
Expert586	1	1038099	34573	4539	90,90,31,5,65,70,72,110,45,0,60,45,15,15,36,20,50,80,21,10,40,50,10,95,40,115,95,80,100,116,36,65,5,76,20,75,75,60,0,32,65,30,110,5,71,111,45,90,106,85,
Expert587	1	1022997	35313	4887	46,5,15,75,15,35,110,16,120,70,51,81,0,100,41,100,35,100,90,91,66,86,56,26,125,126,40,117,75,10,40,5,12,0,45,35,70,90,100,47,75,111,5,121,21,16,110,120,50,50,
Expert588	1	1049979	36754	2945	101,90,10,100,55,71,115,70,35,40,51,80,80,105,115,80,66,55,115,27,45,30,15,95,5,30,30,40,20,111,30,0,21,60,50,60,87,55,60,25,25,106,5,35,90,70,
Expert589	1	1025309	35106	7755	35,45,110,26,125,100,65,111,85,70,85,90,126,56,71,115,70,51,120,80,35,35,80,115,95,45,107,51,75,5,62,70,121,115,20,6,56,100,41,
Expert590	1	1021178	36157	2803	46,80,55,75,115,115,60,25,33,20,111,71,92,86,75,27,65,5,35,52,60,75,115,105,50,0,21,81,80,25,5,25,55,100,110,71,96,95,75,75,117,
Expert591	1	1067960	34912	6790	40,75,40,100,5,100,80,82,120,56,70,15,0,15,30,46,30,22,110,30,10,60,60,50,10,50,105,125,91,105,126,46,75,5,85,87,70,0,30,41,120,95,20,41,75,80,5,80,120,120,55,100,116,
Expert592	1	1047500	34855	8074	55,15,20,101,21,100,65,10,81,77,46,85,85,63,81,35,40,40,70,71,105,86,16,105,95,96,40,26,65,40,5,52,60,50,0,46,70,46,5,90,65,56,91,10,25,10,35,105,
Expert593	1	1030078	36605	12147	35,0,15,40,101,100,110,56,80,80,60,75,96,95,65,35,50,51,116,105,45,15,105,105,28,11,5,55,32,50,110,60,30,0,60,70,70,45,70,70,85,65,95,116,
Expert594	1	1077996	37402	15586	40,15,50,135,135,30,75,90,110,135,25,85,91,65,15,125,15,0,90,80,80,130,55,100,125,115,46,80,25,15,45,80,95,5,50,95,50,5,70,70,70,130,70,0,90,125,56,10,40,100,55,21,
Expert595	1	1081895	36338	10094	15,41,0,101,67,25,106,5,46,45,0,100,75,10,101,50,45,51,85,105,95,35,18,100,55,80,56,40,106,70,105,5,42,0,102,62,51,50,107,85,11,20,85,5,85,30,
Expert596	1	1247414	41557	11913	70,60,110,45,45,51,81,50,90,40,115,115,15,65,20,50,30,105,21,81,115,10,90,40,75,76,106,45,6,20,5,100,101,55,62,50,105,25,60,106,1,40,0,101,70,72,45,106,7,95,
Expert597	1	1229394	43234	15936	51,5,110,71,120,70,66,0,81,55,15,20,21,81,10,40,30,90,55,61,101,125,116,90,125,125,55,55,85,5,78,0,80,52,120,20,85,70,50,5,120,95,70,120,105,65,
Expert598	1	1047732	38678	10225	45,50,50,70,80,67,85,75,55,56,40,70,81,80,80,90,116,101,35,70,61,90,126,45,125,115,46,5,15,20,85,17,0,80,43,120,120,5,85,105,11,120,95,65,
Expert599	1	1023483	33313	17924	0,16,95,115,20,105,0,36,51,95,95,50,5,45,25,27,0,40,55,91,55,32,110,10,50,46,60,110,100,46,55,20,71,35,55,17,6,35,60,20,55,60,20,43,116,50,10,105,80,106,80,115,
Expert600	1	1060052	36718	3051	60,90,10,80,125,40,55,110,100,60,25,126,30,100,80,76,26,5,65,51,50,60,20,120,115,45,15,95,50,0,20,120,70,71,25,5,55,90,85,10,5,40,106,
Expert601	1	1057970	34330	8362	70,30,60,80,115,105,55,80,61,35,136,21,21,131,30,75,66,50,75,100,80,65,35,36,25,60,5,60,50,135,125,51,60,0,40,31,72,35,5,90,85,115,55,120,135,85,10,40,135,
Expert602	1	1054016	36081	2432	115,55,130,60,35,42,25,30,130,15,130,71,91,115,115,90,76,35,135,85,85,36,5,45,125,65,52,50,0,60,31,110,82,35,5,111,35,55,120,130,71,97,76,136,135,10,20,
Expert603	1	1037682	32931	4923	110,51,110,80,60,46,75,0,35,25,90,0,15,50,0,90,125,40,86,86,45,5,55,10,20,30,95,6,41,65,57,60,46,0,1,41,35,65,25,91,70,50,115,120,40,80,5,115,51,80,60,70,25,100,115,36,90,
Expert604	1	1038047	35121	5980	20,105,120,110,65,65,70,45,105,50,30,70,70,60,70,55,80,80,100,40,90,125,40,60,90,116,115,55,126,5,15,55,75,15,16,70,0,51,120,110,95,45,95,110,45,105,50,20,85,50,5,75,11,110,65,6,10,70,56,100,41,
Expert605	1	1072729	37157	11130	56,5,85,18,120,80,20,60,60,50,0,91,50,102,110,75,111,75,95,46,95,66,36,25,25,127,50,50,85,10,5,10,10,80,10,0,100,57,110,5,55,120,21,85,41,16,121,35,61,
Expert606	1	1079281	35134	17610	70,110,95,85,70,95,85,45,50,0,25,50,16,101,33,20,70,10,55,55,111,56,25,40,81,66,15,35,26,16,5,5,51,115,35,105,41,40,51,20,1,70,11,91,20,63,15,25,116,
Expert607	1	1103479	37888	11987	41,65,5,82,96,80,0,110,100,55,60,15,46,22,10,30,50,70,117,46,5,85,65,87,0,60,42,111,65,20,80,40,5,80,106,110,55,75,
Expert608	1	1135924	38674	7093	95,100,75,125,5,115,35,16,20,15,0,75,80,50,121,105,15,120,80,65,80,80,126,55,35,55,56,30,121,86,85,125,30,10,100,125,125,6,5,122,81,11,80,127,1,25,71,90,10,0,121,90,65,90,75,90,126,
Expert609	1	1089307	38302	22003	50,101,110,50,5,71,110,65,70,15,20,65,0,80,40,90,90,55,21,82,10,61,105,55,117,105,55,5,30,55,85,78,0,80,20,51,110,95,51,5,85,71,111,65,
Expert610	1	1011451	37166	2154	0,100,110,40,95,25,30,85,100,100,57,105,80,20,105,90,115,105,5,63,0,101,70,110,95,25,85,100,51,35,71,50,106,80,46,35,20,90,115,105,7,100,110,95,
Expert611	1	1028572	32992	2221	85,86,10,20,1,100,60,115,0,25,45,50,115,25,60,91,30,70,25,81,5,60,115,25,55,15,15,80,90,100,100,56,20,111,75,60,55,106,95,10,40,30,110,105,
Expert612	1	1036364	34252	3390	46,75,91,125,55,90,25,60,71,40,101,86,15,100,75,126,115,37,5,65,53,0,60,30,120,31,45,82,70,120,105,105,105,76,35,35,5,55,110,10,96,20,
Expert613	1	1040800	32753	7456	15,25,41,0,50,50,35,102,95,17,85,115,65,50,90,105,5,45,47,0,100,55,95,12,10,50,30,5,90,105,42,110,100,20,95,75,96,
Expert614	1	1034111	32687	2962	75,100,30,95,0,0,25,30,100,51,116,26,45,5,90,70,25,90,111,105,35,15,90,110,62,115,95,10,30,95,100,116,20,40,75,95,0,21,111,105,35,20,5,90,35,55,105,70,60,55,5,80,80,105,
Expert615	1	1058973	42058	8996	15,102,50,70,110,41,90,5,111,70,65,70,56,56,76,60,36,1,115,107,25,0,70,70,45,15,15,70,5,100,110,65,50,95,50,45,15,20,5,32,0,50,61,82,95,45,65,6,95,
Expert616	1	1038831	42261	9204	0,35,25,110,55,100,15,100,100,110,0,82,90,115,106,66,116,45,25,105,0,10,71,50,70,90,111,90,37,70,80,5,116,6,76,55,101,90,76,110,15,100,111,1,87,20,5,40,
Expert617	1	1052194	33669	4779	91,105,41,85,31,65,106,55,85,30,0,25,40,96,26,5,15,81,50,80,25,92,75,16,15,70,97,86,20,55,85,0,65,20,100,20,20,5,90,46,100,82,91,75,100,76,5,36,
Expert618	1	1058207	34630	12038	40,70,40,25,0,100,16,31,130,85,50,15,5,120,50,91,85,25,5,62,1,110,20,80,95,10,55,81,136,35,125,10,10,25,6,5,15,120,50,
Expert619	1	1137437	35673	16627	55,5,45,90,55,110,105,110,75,120,65,66,17,50,95,0,20,50,15,110,50,62,55,125,30,71,80,25,81,76,36,125,45,27,116,30,50,65,115,50,5,13,0,60,55,55,80,70,110,100,90,100,125,55,5,15,111,30,
Expert620	1	1163058	37117	19859	45,106,45,5,15,65,16,110,75,0,50,20,66,40,41,60,30,60,70,95,70,15,82,76,35,125,115,60,35,55,125,45,27,55,116,41,5,25,30,65,12,10,70,0,45,60,80,110,45,100,125,45,5,15,110,110,30,
Expert621	1	1200333	37545	11702	110,36,5,40,5,90,40,50,70,85,25,100,90,100,35,116,27,15,17,1,41,111,32,80,75,117,62,110,111,80,106,96,35,60,35,105,5,6,65,90,50,
Expert622	1	1345319	43768	6592	80,35,41,50,90,127,36,5,85,16,110,110,50,40,16,80,0,90,32,120,120,85,100,10,75,101,25,95,66,75,55,120,95,116,86,35,45,115,85,55,46,31,5,12,100,0,35,111,35,35,41,5,15,110,51,20,
Expert623	1	1137396	36474	34725	0,16,125,116,30,0,60,80,80,125,45,25,45,115,60,60,5,35,55,37,50,0,66,42,10,120,85,60,111,55,120,57,15,66,70,85,30,5,90,90,46,65,16,51,31,5,125,71,51,115,10,30,70,0,20,10,0,61,80,82,65,15,101,126,
Expert624	1	1136634	39824	11971	75,100,65,91,85,86,20,105,115,41,90,60,115,70,30,50,70,115,105,5,16,40,85,16,20,0,102,60,61,107,96,47,7,101,100,65,12,60,107,0,25,10,1,90,101,81,81,105,75,95,105,
Expert625	1	1027013	35070	3493	15,95,55,125,105,110,125,125,60,20,20,16,40,0,105,35,85,105,1,45,25,26,40,6,12,100,80,0,65,100,120,115,120,100,120,50,25,50,51,5,125,15,125,16,0,90,55,20,110,125,106,60,85,105,0,45,21,20,40,5,100,50,80,65,70,120,117,30,
